review_kind,case_id,review_tier,reviewer_decision,reviewer_family_name,reviewer_iso639_5,reviewer_notes,language_code,language_name,sources,iso639_2_t,n_languages,sample_languages,family_name_iso,family_name_glottolog,choice,category,chosen_family_name,rationale,json_iso639_5,json_family_name,raw_family_name,family_name_reconciled,glottolog_family,glottolog_validation_status,glottolog_changed_family,has_cldr_iso6395_hierarchy,coherence_issue,suggested_iso639_5,suggested_family_name,suggestion_confidence,suggestion_reason,json_rationale,analysis_family_name,analysis_mapping_action,analysis_review_status,analysis_mapping_reason,analysis_policy_source
json_fallback_language,json:bua,REVIEW_HIGH,revise,Mongolic-Khitan,xgn,,bua,Buriat,cldr|iso639_2,bua,,,,,,,,,xgn,Altaic languages,Altaic languages,Altaic languages,,No Glottolog match,False,True,contested-macrofamily,xgn,Mongolic-Khitan,medium,Altaic is rejected elsewhere in the reconciliation policy; rationale points to Mongolic.,Mongolic language of Siberia and Mongolia. ISO 639-5: xgn.,Altaic languages,row_level_reconciliation,reference_only,Contested macrofamily; assign affected languages to more specific families in the reconciliation review.,family_analysis_mapping_reviewed.csv
json_fallback_language,json:otk,REVIEW_HIGH,revise,Turkic,trk,,otk,Old Turkish,cldr,,,,,,,,,,trk,Altaic languages,Altaic languages,Altaic languages,Bookkeeping,Glottolog disagreed; reconciliation kept ISO/JSON family,False,True,contested-macrofamily,trk,Turkic,high,Altaic is rejected elsewhere in the reconciliation policy; rationale points to Turkic.,Earliest attested Turkic language (Orkhon inscriptions). ISO 639-5: trk.,Altaic languages,row_level_reconciliation,reference_only,Contested macrofamily; assign affected languages to more specific families in the reconciliation review.,family_analysis_mapping_reviewed.csv
json_fallback_language,json:ota,REVIEW_HIGH,revise,Turkic,trk,,ota,"Turkish, Ottoman (1500-1928)",loc_only,ota,,,,,,,,,trk,Altaic languages,Altaic languages,Altaic languages,,No Glottolog match,False,True,contested-macrofamily,trk,Turkic,high,Altaic is rejected elsewhere in the reconciliation policy; rationale points to Turkic.,Historical form of Turkish used in the Ottoman Empire. ISO 639-5: trk.,Altaic languages,row_level_reconciliation,reference_only,Contested macrofamily; assign affected languages to more specific families in the reconciliation review.,family_analysis_mapping_reviewed.csv
json_fallback_language,json:zap,REVIEW_HIGH,revise,Otomanguean,omq,,zap,Zapotec,cldr|iso639_2,zap,,,,,,,,,cai,Central American Indian languages,Central American Indian languages,Central American Indian languages,,No Glottolog match,False,True,geographic-grouping,omq,Otomanguean,medium,Central American Indian is geographic; rationale points to Zapotec/Oto-Manguean.,Oto-Manguean language family of Oaxaca. ISO 639-5: cai.,Central American Indian languages,row_level_reconciliation,reference_only,ISO 639-5 geographic cover label; assign affected languages to genealogical families in the reconciliation review.,family_analysis_mapping_reviewed.csv
json_fallback_language,json:frm,REVIEW_HIGH,revise,Indo-European languages,roa,,frm,Middle French,cldr|iso639_2,frm,,,,,,,,,gem,Indo-European languages,Indo-European languages,Indo-European languages,,No Glottolog match,False,True,incorrect-json-direct-family,roa,Indo-European languages,high,Middle French is Romance; JSON stores gem even though its rationale says to reassign to roa.,Historical stage of French (c.1340–1610). Reassigned below to roa.,Indo-European languages,preserve_reconciled,accepted,Preserves reconciled family label for analysis.,family_analysis_mapping_reviewed.csv
json_fallback_language,json:dnj,REVIEW_HIGH,revise,Mande,dmn,,dnj,Dan,cldr,,,,,,,,,,nic,Niger-Kordofanian languages,Niger-Kordofanian languages,Niger-Kordofanian languages,,No Glottolog match,False,True,abandoned-macrofamily,dmn,Mande,medium,Niger-Kordofanian is abandoned elsewhere; rationale points to Mande.,Mande Niger-Congo language of Côte d'Ivoire/Guinea. ISO 639-5: nic.,Niger-Kordofanian languages,row_level_reconciliation,reference_only,Legacy macrofamily label; assign affected languages to more specific Glottolog/SIL-informed families in the reconciliation review.,family_analysis_mapping_reviewed.csv
json_fallback_language,json:fat,REVIEW_HIGH,revise,Atlantic-Congo,alv,,fat,Fanti,loc_only,fat,,,,,,,,,nic,Niger-Kordofanian languages,Niger-Kordofanian languages,Niger-Kordofanian languages,,No Glottolog match,False,True,abandoned-macrofamily,alv,Atlantic-Congo,medium,Niger-Kordofanian is abandoned elsewhere; rationale points toward Atlantic-Congo/Niger-Congo branches.,Akan Kwa language of Ghana. ISO 639-5: nic.,Niger-Kordofanian languages,row_level_reconciliation,reference_only,Legacy macrofamily label; assign affected languages to more specific Glottolog/SIL-informed families in the reconciliation review.,family_analysis_mapping_reviewed.csv
json_fallback_language,json:gba,REVIEW_HIGH,revise,Atlantic-Congo,alv,,gba,Gbaya,cldr|iso639_2,gba,,,,,,,,,nic,Niger-Kordofanian languages,Niger-Kordofanian languages,Niger-Kordofanian languages,,No Glottolog match,False,True,abandoned-macrofamily,alv,Atlantic-Congo,medium,Niger-Kordofanian is abandoned elsewhere; rationale points toward Atlantic-Congo/Niger-Congo branches.,Ubangian Niger-Congo language of Central Africa. ISO 639-5: nic.,Niger-Kordofanian languages,row_level_reconciliation,reference_only,Legacy macrofamily label; assign affected languages to more specific Glottolog/SIL-informed families in the reconciliation review.,family_analysis_mapping_reviewed.csv
json_fallback_language,json:grb,REVIEW_HIGH,revise,Kru,kro,,grb,Grebo,cldr|iso639_2,grb,,,,,,,,,nic,Niger-Kordofanian languages,Niger-Kordofanian languages,Niger-Kordofanian languages,,No Glottolog match,False,True,abandoned-macrofamily,kro,Kru,medium,Niger-Kordofanian is abandoned elsewhere; rationale points to Kru.,Kru Niger-Congo language of Liberia/Côte d'Ivoire. ISO 639-5: nic.,Niger-Kordofanian languages,row_level_reconciliation,reference_only,Legacy macrofamily label; assign affected languages to more specific Glottolog/SIL-informed families in the reconciliation review.,family_analysis_mapping_reviewed.csv
json_fallback_language,json:kpe,REVIEW_HIGH,revise,Mande,dmn,,kpe,Kpelle,cldr|iso639_2,kpe,,,,,,,,,nic,Niger-Kordofanian languages,Niger-Kordofanian languages,Niger-Kordofanian languages,,No Glottolog match,False,True,abandoned-macrofamily,dmn,Mande,medium,Niger-Kordofanian is abandoned elsewhere; rationale points to Mande.,Mande Niger-Congo language of Guinea/Liberia. ISO 639-5: nic.,Niger-Kordofanian languages,row_level_reconciliation,reference_only,Legacy macrofamily label; assign affected languages to more specific Glottolog/SIL-informed families in the reconciliation review.,family_analysis_mapping_reviewed.csv
json_fallback_language,json:luy,REVIEW_HIGH,revise,Atlantic-Congo,alv,,luy,Luyia,cldr,,,,,,,,,,bnt,Niger-Kordofanian languages,Niger-Kordofanian languages,Niger-Kordofanian languages,,No Glottolog match,False,True,abandoned-macrofamily,alv,Atlantic-Congo,medium,Niger-Kordofanian is abandoned elsewhere; rationale points toward Atlantic-Congo/Niger-Congo branches.,Bantu language cluster of Kenya. ISO 639-5: bnt.,Niger-Kordofanian languages,row_level_reconciliation,reference_only,Legacy macrofamily label; assign affected languages to more specific Glottolog/SIL-informed families in the reconciliation review.,family_analysis_mapping_reviewed.csv
json_fallback_language,json:nqo,REVIEW_HIGH,revise,Mande,dmn,,nqo,N’Ko,cldr|iso639_2,nqo,,,,,,,,,nic,Niger-Kordofanian languages,Niger-Kordofanian languages,Niger-Kordofanian languages,Artificial Language,Glottolog disagreed; reconciliation kept ISO/JSON family,False,True,abandoned-macrofamily,dmn,Mande,medium,Niger-Kordofanian is abandoned elsewhere; rationale points to Mande.,Mande language (N'Ko script). ISO 639-5: nic.,Niger-Kordofanian languages,row_level_reconciliation,reference_only,Legacy macrofamily label; assign affected languages to more specific Glottolog/SIL-informed families in the reconciliation review.,family_analysis_mapping_reviewed.csv
json_fallback_language,json:nr,REVIEW_HIGH,revise,Atlantic-Congo,alv,,nr,South Ndebele,cldr|iso639_1|iso639_2|wikimedia,nbl,,,,,,,,,bnt,Niger-Kordofanian languages,Niger-Kordofanian languages,Niger-Kordofanian languages,,No Glottolog match,False,True,abandoned-macrofamily,alv,Atlantic-Congo,medium,Niger-Kordofanian is abandoned elsewhere; rationale points toward Atlantic-Congo/Niger-Congo branches.,"South Ndebele (isiNdebele yeSewula) is a Southern Bantu Nguni language of South Africa, distinct from North Ndebele. ISO 639-5: bnt (Bantu languages).",Niger-Kordofanian languages,row_level_reconciliation,reference_only,Legacy macrofamily label; assign affected languages to more specific Glottolog/SIL-informed families in the reconciliation review.,family_analysis_mapping_reviewed.csv
json_fallback_language,json:din,REVIEW_HIGH,revise,Nilotic,ssa,,din,Dinka,cldr|iso639_2,din,,,,,,,,,ssa,Nilo-Saharan languages,Nilo-Saharan languages,Nilo-Saharan languages,,No Glottolog match,False,True,contested-macrofamily,ssa,Nilotic,medium,Nilo-Saharan is treated as contested elsewhere; rationale points to Nilotic.,Nilotic language of South Sudan. ISO 639-5: ssa.,Nilo-Saharan languages,row_level_reconciliation,reference_only,Contested macrofamily; assign affected languages to more specific families in the reconciliation review.,family_analysis_mapping_reviewed.csv
json_fallback_language,json:kln,REVIEW_HIGH,revise,Nilotic,ssa,,kln,Kalenjin,cldr,,,,,,,,,,ssa,Nilo-Saharan languages,Nilo-Saharan languages,Nilo-Saharan languages,,No Glottolog match,False,True,contested-macrofamily,ssa,Nilotic,medium,Nilo-Saharan is treated as contested elsewhere; rationale points to Nilotic.,Nilotic language cluster of Kenya. ISO 639-5: ssa.,Nilo-Saharan languages,row_level_reconciliation,reference_only,Contested macrofamily; assign affected languages to more specific families in the reconciliation review.,family_analysis_mapping_reviewed.csv
json_fallback_language,json:del,REVIEW_HIGH,revise,Algic,alg,,del,Delaware,cldr|iso639_2,del,,,,,,,,,alg,North American Indian languages,North American Indian languages,North American Indian languages,,No Glottolog match,False,True,geographic-grouping,alg,Algic,high,North American Indian is geographic; rationale points to Algonquian/Algic.,Algonquian language of the Delaware people. ISO 639-5: alg.,North American Indian languages,row_level_reconciliation,reference_only,ISO 639-5 geographic cover label; assign affected languages to genealogical families in the reconciliation review.,family_analysis_mapping_reviewed.csv
json_fallback_language,json:den,REVIEW_HIGH,revise,Athabaskan-Eyak-Tlingit,ath,,den,Slave,cldr|iso639_2,den,,,,,,,,,nai,North American Indian languages,North American Indian languages,North American Indian languages,,No Glottolog match,False,True,geographic-grouping,ath,Athabaskan-Eyak-Tlingit,medium,North American Indian is geographic; rationale points to Athabaskan.,Athabaskan language of the Northwest Territories. ISO 639-5: nai.,North American Indian languages,row_level_reconciliation,reference_only,ISO 639-5 geographic cover label; assign affected languages to genealogical families in the reconciliation review.,family_analysis_mapping_reviewed.csv
json_fallback_language,json:gub,REVIEW_HIGH,revise,Tupian,tup,,gub,Guajajára,cldr,,,,,,,,,,sai,South American Indian languages,South American Indian languages,South American Indian languages,,No Glottolog match,False,True,geographic-grouping,tup,Tupian,medium,South American Indian is geographic; rationale points to Tupian.,"Tupian language of Maranhão, Brazil. ISO 639-5: sai.",South American Indian languages,row_level_reconciliation,reference_only,ISO 639-5 geographic cover label; assign affected languages to genealogical families in the reconciliation review.,family_analysis_mapping_reviewed.csv
json_fallback_language,json:lab,REVIEW_HIGH,revise,Undeciphered script,,,lab,Linear A,cldr,,,,,,,,,,,Undeciphered script,Undeciphered script,Undeciphered script,,No Glottolog match,False,False,special-non-family-category,,Undeciphered script,high,Linear A is an undeciphered writing system; keep as a special non-family category or exclude from family aggregation.,Undeciphered writing system of Minoan Crete. No ISO 639-5 code.,Exclude from family aggregation,exclude_special,accepted,Special non-family category; keep out of family-comparison charts.,family_analysis_mapping_reviewed.csv
json_fallback_language,json:jrb,REVIEW_MED,,Afro-Asiatic languages,,,jrb,Judeo-Arabic,cldr|iso639_2,jrb,,,,,,,,,sem,Afro-Asiatic languages,Afro-Asiatic languages,Afro-Asiatic languages,,No Glottolog match,False,True,no-external-validation,,Afro-Asiatic languages,low,No Glottolog match; broad family is plausible but not externally cross-validated in this pipeline.,Varieties of Arabic used by Jewish communities. ISO 639-5: sem.,Afro-Asiatic languages,preserve_reconciled,accepted,Preserves reconciled family label for analysis.,family_analysis_mapping_reviewed.csv
json_fallback_language,json:zg,REVIEW_MED,,Afro-Asiatic languages,,,zg,Moroccan Amazigh,wikimedia_only|iso639_1,,,,,,,,,,ber,Afro-Asiatic languages,Afro-Asiatic languages,Afro-Asiatic languages,,No Glottolog match,False,True,no-external-validation,,Afro-Asiatic languages,low,No Glottolog match; broad family is plausible but not externally cross-validated in this pipeline.,"Moroccan Amazigh (Tamazight) is a Berber language of the Afro-Asiatic family. ISO 639-5: ber (Berber languages), parent afa (Afro-Asiatic). Previous assessment incorrectly flagged the Wikimedia code as unrecognised.",Afro-Asiatic languages,preserve_reconciled,accepted,Preserves reconciled family label for analysis.,family_analysis_mapping_reviewed.csv
json_fallback_language,json:sam,REVIEW_MED,,Afro-Asiatic languages,,,sam,Samaritan Aramaic,cldr|iso639_2,sam,,,,,,,,,sem,Afro-Asiatic languages,Afro-Asiatic languages,Afro-Asiatic languages,,No Glottolog match,False,True,no-external-validation,,Afro-Asiatic languages,low,No Glottolog match; broad family is plausible but not externally cross-validated in this pipeline.,Aramaic variety of the Samaritan community. ISO 639-5: sem.,Afro-Asiatic languages,preserve_reconciled,accepted,Preserves reconciled family label for analysis.,family_analysis_mapping_reviewed.csv
json_fallback_language,json:zgh,REVIEW_MED,,Afro-Asiatic languages,,,zgh,Standard Moroccan Tamazight,cldr|iso639_2,zgh,,,,,,,,,ber,Afro-Asiatic languages,Afro-Asiatic languages,Afro-Asiatic languages,,No Glottolog match,False,True,no-external-validation,,Afro-Asiatic languages,low,No Glottolog match; broad family is plausible but not externally cross-validated in this pipeline.,Standardized Berber language of Morocco. ISO 639-5: ber.,Afro-Asiatic languages,preserve_reconciled,accepted,Preserves reconciled family label for analysis.,family_analysis_mapping_reviewed.csv
json_fallback_language,json:syr,REVIEW_MED,,Afro-Asiatic languages,,,syr,Syriac,cldr|iso639_2,syr,,,,,,,,,sem,Afro-Asiatic languages,Afro-Asiatic languages,Afro-Asiatic languages,,No Glottolog match,False,True,no-external-validation,,Afro-Asiatic languages,low,No Glottolog match; broad family is plausible but not externally cross-validated in this pipeline.,Aramaic Semitic language of the Middle East. ISO 639-5: sem.,Afro-Asiatic languages,preserve_reconciled,accepted,Preserves reconciled family label for analysis.,family_analysis_mapping_reviewed.csv
json_fallback_language,json:tmh,REVIEW_MED,,Afro-Asiatic languages,,,tmh,Tamashek,cldr|iso639_2,tmh,,,,,,,,,ber,Afro-Asiatic languages,Afro-Asiatic languages,Afro-Asiatic languages,,No Glottolog match,False,True,no-external-validation,,Afro-Asiatic languages,low,No Glottolog match; broad family is plausible but not externally cross-validated in this pipeline.,Tuareg Berber language of the Sahara. ISO 639-5: ber.,Afro-Asiatic languages,preserve_reconciled,accepted,Preserves reconciled family label for analysis.,family_analysis_mapping_reviewed.csv
json_fallback_language,json:wal,REVIEW_MED,,,,,wal,Wolaytta,cldr|iso639_2|wikimedia,wal,,,,,,,,,afa,Afro-Asiatic languages,Afro-Asiatic languages,Afro-Asiatic languages,Ta-Ne-Omotic,Glottolog disagreed; reconciliation kept ISO/JSON family,False,True,,,,,,"Wolaytta (Wolayta) is an Omotic language of Ethiopia. Omotic is traditionally classified as a branch of Afro-Asiatic, though some linguists treat it as a separate family. ISO 639-5: afa (Afro-Asiatic languages) used as the closest available approximation.",Afro-Asiatic languages,preserve_reconciled,accepted,Preserves reconciled family label for analysis.,family_analysis_mapping_reviewed.csv
json_fallback_language,json:aln,REVIEW_MED,,,,,aln,Gheg Albanian,cldr,,,,,,,,,,sqj,Indo-European languages,Albanian languages,Albanian languages,Indo-European,Glottolog disagreed; reconciliation kept ISO/JSON family,False,False,,,,,,Northern Albanian dialect group. ISO 639-5: sqj (Albanian languages).,Albanian languages,preserve_reconciled,accepted,Preserves reconciled family label for analysis.,family_analysis_mapping_reviewed.csv
json_fallback_language,json:lwl,REVIEW_MED,,,,,lwl,Eastern Lawa,cldr,,,,,,,,,,aav,Austro-Asiatic languages,Austro-Asiatic languages,Austro-Asiatic languages,Austroasiatic,Glottolog disagreed; reconciliation kept ISO/JSON family,False,True,,,,,,Austroasiatic (Palaungic) language of Thailand. ISO 639-5: aav.,Austro-Asiatic languages,preserve_reconciled,accepted,Preserves reconciled family label for analysis.,family_analysis_mapping_reviewed.csv
json_fallback_language,json:hoc,REVIEW_MED,,,,,hoc,Ho,cldr,,,,,,,,,,aav,Austro-Asiatic languages,Austro-Asiatic languages,Austro-Asiatic languages,Austroasiatic,Glottolog disagreed; reconciliation kept ISO/JSON family,False,True,,,,,,Austroasiatic (Munda) language of eastern India. ISO 639-5: aav.,Austro-Asiatic languages,preserve_reconciled,accepted,Preserves reconciled family label for analysis.,family_analysis_mapping_reviewed.csv
json_fallback_language,json:kha,REVIEW_MED,,,,,kha,Khasi,cldr|iso639_2,kha,,,,,,,,,aav,Austro-Asiatic languages,Austro-Asiatic languages,Austro-Asiatic languages,Austroasiatic,Glottolog disagreed; reconciliation kept ISO/JSON family,False,True,,,,,,Austroasiatic (Khasi-Pnar) language of Meghalaya. ISO 639-5: aav.,Austro-Asiatic languages,preserve_reconciled,accepted,Preserves reconciled family label for analysis.,family_analysis_mapping_reviewed.csv
json_fallback_language,json:kjg,REVIEW_MED,,,,,kjg,Khmu,cldr,,,,,,,,,,aav,Austro-Asiatic languages,Austro-Asiatic languages,Austro-Asiatic languages,Austroasiatic,Glottolog disagreed; reconciliation kept ISO/JSON family,False,True,,,,,,Austroasiatic (Khmuic) language of Laos and neighboring countries. ISO 639-5: aav.,Austro-Asiatic languages,preserve_reconciled,accepted,Preserves reconciled family label for analysis.,family_analysis_mapping_reviewed.csv
json_fallback_language,json:kdt,REVIEW_MED,,,,,kdt,Kuy,cldr,,,,,,,,,,aav,Austro-Asiatic languages,Austro-Asiatic languages,Austro-Asiatic languages,Austroasiatic,Glottolog disagreed; reconciliation kept ISO/JSON family,False,True,,,,,,Austroasiatic (Mon-Khmer) language of Thailand. ISO 639-5: aav.,Austro-Asiatic languages,preserve_reconciled,accepted,Preserves reconciled family label for analysis.,family_analysis_mapping_reviewed.csv
json_fallback_language,json:mnw,REVIEW_MED,,,,,mnw,Mon,cldr,,,,,,,,,,aav,Austro-Asiatic languages,Austro-Asiatic languages,Austro-Asiatic languages,Austroasiatic,Glottolog disagreed; reconciliation kept ISO/JSON family,False,True,,,,,,Austroasiatic (Mon-Khmer) language of Myanmar. ISO 639-5: aav.,Austro-Asiatic languages,preserve_reconciled,accepted,Preserves reconciled family label for analysis.,family_analysis_mapping_reviewed.csv
json_fallback_language,json:unx,REVIEW_MED,,,,,unx,Munda,cldr,,,,,,,,,,aav,Austro-Asiatic languages,Austro-Asiatic languages,Austro-Asiatic languages,Bookkeeping,Glottolog disagreed; reconciliation kept ISO/JSON family,False,True,,,,,,Austroasiatic (Munda) language. ISO 639-5: aav.,Austro-Asiatic languages,preserve_reconciled,accepted,Preserves reconciled family label for analysis.,family_analysis_mapping_reviewed.csv
json_fallback_language,json:unr,REVIEW_MED,,,,,unr,Mundari,cldr,,,,,,,,,,aav,Austro-Asiatic languages,Austro-Asiatic languages,Austro-Asiatic languages,Austroasiatic,Glottolog disagreed; reconciliation kept ISO/JSON family,False,True,,,,,,Austroasiatic (Munda) language of eastern India. ISO 639-5: aav.,Austro-Asiatic languages,preserve_reconciled,accepted,Preserves reconciled family label for analysis.,family_analysis_mapping_reviewed.csv
json_fallback_language,json:kxm,REVIEW_MED,,,,,kxm,Northern Khmer,cldr,,,,,,,,,,aav,Austro-Asiatic languages,Austro-Asiatic languages,Austro-Asiatic languages,Austroasiatic,Glottolog disagreed; reconciliation kept ISO/JSON family,False,True,,,,,,Austroasiatic (Mon-Khmer) language of northeastern Thailand. ISO 639-5: aav.,Austro-Asiatic languages,preserve_reconciled,accepted,Preserves reconciled family label for analysis.,family_analysis_mapping_reviewed.csv
json_fallback_language,json:sat,REVIEW_MED,,,,,sat,Santali,cldr|iso639_2,sat,,,,,,,,,aav,Austro-Asiatic languages,Austro-Asiatic languages,Austro-Asiatic languages,Austroasiatic,Glottolog disagreed; reconciliation kept ISO/JSON family,False,True,,,,,,Austroasiatic (Munda) language of eastern India. ISO 639-5: aav.,Austro-Asiatic languages,preserve_reconciled,accepted,Preserves reconciled family label for analysis.,family_analysis_mapping_reviewed.csv
json_fallback_language,json:srb,REVIEW_MED,,,,,srb,Sora,cldr,,,,,,,,,,aav,Austro-Asiatic languages,Austro-Asiatic languages,Austro-Asiatic languages,Austroasiatic,Glottolog disagreed; reconciliation kept ISO/JSON family,False,True,,,,,,Austroasiatic (Munda) language of Odisha. ISO 639-5: aav.,Austro-Asiatic languages,preserve_reconciled,accepted,Preserves reconciled family label for analysis.,family_analysis_mapping_reviewed.csv
json_fallback_language,json:lcp,REVIEW_MED,,,,,lcp,Western Lawa,cldr,,,,,,,,,,aav,Austro-Asiatic languages,Austro-Asiatic languages,Austro-Asiatic languages,Austroasiatic,Glottolog disagreed; reconciliation kept ISO/JSON family,False,True,,,,,,Austroasiatic (Palaungic) language of Thailand. ISO 639-5: aav.,Austro-Asiatic languages,preserve_reconciled,accepted,Preserves reconciled family label for analysis.,family_analysis_mapping_reviewed.csv
json_fallback_language,json:bik,REVIEW_MED,,Austronesian languages,,,bik,Bikol,cldr|iso639_2,bik,,,,,,,,,map,Austronesian languages,Austronesian languages,Austronesian languages,,No Glottolog match,False,True,no-external-validation,,Austronesian languages,low,No Glottolog match; broad family is plausible but not externally cross-validated in this pipeline.,"Malayo-Polynesian language of the Bicol Region, Philippines. ISO 639-5: map.",Austronesian languages,preserve_reconciled,accepted,Preserves reconciled family label for analysis.,family_analysis_mapping_reviewed.csv
json_fallback_language,json:ckt,REVIEW_MED,,,,,ckt,Chukot,cldr,,,,,,,,,,,Chukotko-Kamchatkan languages,Chukotko-Kamchatkan languages,Chukotko-Kamchatkan languages,Chukotko-Kamchatkan,Glottolog agreed,False,False,,,,,,"Chukotko-Kamchatkan language of Chukotka, Russia. No ISO 639-5 code.",Chukotko-Kamchatkan languages,preserve_reconciled,accepted,Preserves reconciled family label for analysis.,family_analysis_mapping_reviewed.csv
json_fallback_language,json:kpy,REVIEW_MED,,,,,kpy,Koryak,cldr,,,,,,,,,,,Chukotko-Kamchatkan languages,Chukotko-Kamchatkan languages,Chukotko-Kamchatkan languages,Chukotko-Kamchatkan,Glottolog agreed,False,False,,,,,,"Chukotko-Kamchatkan language of Kamchatka, Russia. No ISO 639-5 code.",Chukotko-Kamchatkan languages,preserve_reconciled,accepted,Preserves reconciled family label for analysis.,family_analysis_mapping_reviewed.csv
json_fallback_language,json:chn,REVIEW_MED,,,,,chn,Chinook Jargon,cldr|iso639_2,chn,,,,,,,,,crp,Creoles and pidgins,Creoles and pidgins,Creoles and pidgins,Chinookan,Glottolog disagreed; reconciliation kept ISO/JSON family,False,False,,,,,,Pidgin trade language of the Pacific Northwest. ISO 639-5: crp.,Creoles and pidgins,retain_special_category,accepted,Special comparison category retained as its own visible analysis label.,family_analysis_mapping_reviewed.csv
json_fallback_language,json:gcr,REVIEW_MED,,,,,gcr,Guianese Creole French,cldr,,,,,,,,,,crp,Creoles and pidgins,Creoles and pidgins,Creoles and pidgins,Indo-European,Glottolog disagreed; reconciliation kept ISO/JSON family,False,False,,,,,,French-based creole of French Guiana. ISO 639-5: crp.,Creoles and pidgins,retain_special_category,accepted,Special comparison category retained as its own visible analysis label.,family_analysis_mapping_reviewed.csv
json_fallback_language,json:ho,REVIEW_MED,,,,,ho,Hiri Motu,cldr|iso639_1|iso639_2|wikimedia,hmo,,,,,,,,,crp,Creoles and pidgins,Creoles and pidgins,Creoles and pidgins,Pidgin,Glottolog disagreed; reconciliation kept ISO/JSON family,False,False,,,,,,"Hiri Motu is a simplified pidgin/creole based on Motu (an Austronesian language), used as an administrative lingua franca in Papua New Guinea. ISO 639-5: crp (Creoles and pidgins).",Creoles and pidgins,retain_special_category,accepted,Special comparison category retained as its own visible analysis label.,family_analysis_mapping_reviewed.csv
json_fallback_language,json:jam,REVIEW_MED,,,,,jam,Jamaican Creole English,cldr,,,,,,,,,,crp,Creoles and pidgins,Creoles and pidgins,Creoles and pidgins,Indo-European,Glottolog disagreed; reconciliation kept ISO/JSON family,False,False,,,,,,English-based creole of Jamaica. ISO 639-5: crp.,Creoles and pidgins,retain_special_category,accepted,Special comparison category retained as its own visible analysis label.,family_analysis_mapping_reviewed.csv
json_fallback_language,json:kea,REVIEW_MED,,,,,kea,Kabuverdianu,cldr,,,,,,,,,,crp,Creoles and pidgins,Creoles and pidgins,Creoles and pidgins,Indo-European,Glottolog disagreed; reconciliation kept ISO/JSON family,False,False,,,,,,Portuguese-based creole of Cape Verde. ISO 639-5: crp.,Creoles and pidgins,retain_special_category,accepted,Special comparison category retained as its own visible analysis label.,family_analysis_mapping_reviewed.csv
json_fallback_language,json:kri,REVIEW_MED,,,,,kri,Krio,cldr,,,,,,,,,,crp,Creoles and pidgins,Creoles and pidgins,Creoles and pidgins,Indo-European,Glottolog disagreed; reconciliation kept ISO/JSON family,False,False,,,,,,English-based creole of Sierra Leone. ISO 639-5: crp.,Creoles and pidgins,retain_special_category,accepted,Special comparison category retained as its own visible analysis label.,family_analysis_mapping_reviewed.csv
json_fallback_language,json:mfe,REVIEW_MED,,,,,mfe,Morisyen,cldr,,,,,,,,,,crp,Creoles and pidgins,Creoles and pidgins,Creoles and pidgins,Indo-European,Glottolog disagreed; reconciliation kept ISO/JSON family,False,False,,,,,,French-based creole of Mauritius. ISO 639-5: crp.,Creoles and pidgins,retain_special_category,accepted,Special comparison category retained as its own visible analysis label.,family_analysis_mapping_reviewed.csv
json_fallback_language,json:pcm,REVIEW_MED,,,,,pcm,Nigerian Pidgin,cldr,,,,,,,,,,crp,Creoles and pidgins,Creoles and pidgins,Creoles and pidgins,Indo-European,Glottolog disagreed; reconciliation kept ISO/JSON family,False,False,,,,,,English-based pidgin/creole of Nigeria. ISO 639-5: crp.,Creoles and pidgins,retain_special_category,accepted,Special comparison category retained as its own visible analysis label.,family_analysis_mapping_reviewed.csv
json_fallback_language,json:pis,REVIEW_MED,,,,,pis,Pijin,cldr,,,,,,,,,,crp,Creoles and pidgins,Creoles and pidgins,Creoles and pidgins,Indo-European,Glottolog disagreed; reconciliation kept ISO/JSON family,False,False,,,,,,English-based creole of the Solomon Islands. ISO 639-5: crp.,Creoles and pidgins,retain_special_category,accepted,Special comparison category retained as its own visible analysis label.,family_analysis_mapping_reviewed.csv
json_fallback_language,json:rcf,REVIEW_MED,,,,,rcf,Réunion Creole French,cldr,,,,,,,,,,crp,Creoles and pidgins,Creoles and pidgins,Creoles and pidgins,Indo-European,Glottolog disagreed; reconciliation kept ISO/JSON family,False,False,,,,,,French-based creole of Réunion. ISO 639-5: crp.,Creoles and pidgins,retain_special_category,accepted,Special comparison category retained as its own visible analysis label.,family_analysis_mapping_reviewed.csv
json_fallback_language,json:crs,REVIEW_MED,,,,,crs,Seselwa Creole French,cldr,,,,,,,,,,crp,Creoles and pidgins,Creoles and pidgins,Creoles and pidgins,Indo-European,Glottolog disagreed; reconciliation kept ISO/JSON family,False,False,,,,,,French-based creole of Seychelles. ISO 639-5: crp.,Creoles and pidgins,retain_special_category,accepted,Special comparison category retained as its own visible analysis label.,family_analysis_mapping_reviewed.csv
json_fallback_language,json:srn,REVIEW_MED,,,,,srn,Sranan Tongo,cldr|iso639_2,srn,,,,,,,,,crp,Creoles and pidgins,Creoles and pidgins,Creoles and pidgins,Indo-European,Glottolog disagreed; reconciliation kept ISO/JSON family,False,False,,,,,,English-based creole of Suriname. ISO 639-5: crp.,Creoles and pidgins,retain_special_category,accepted,Special comparison category retained as its own visible analysis label.,family_analysis_mapping_reviewed.csv
json_fallback_language,json:vic,REVIEW_MED,,,,,vic,Virgin Islands Creole English,cldr,,,,,,,,,,crp,Creoles and pidgins,Creoles and pidgins,Creoles and pidgins,Indo-European,Glottolog disagreed; reconciliation kept ISO/JSON family,False,False,,,,,,English-based creole of the US Virgin Islands. ISO 639-5: crp.,Creoles and pidgins,retain_special_category,accepted,Special comparison category retained as its own visible analysis label.,family_analysis_mapping_reviewed.csv
json_fallback_language,json:gon,REVIEW_MED,,Dravidian languages,,,gon,Gondi,cldr|iso639_2,gon,,,,,,,,,dra,Dravidian languages,Dravidian languages,Dravidian languages,,No Glottolog match,False,True,no-external-validation,,Dravidian languages,low,No Glottolog match; broad family is plausible but not externally cross-validated in this pipeline.,Central Dravidian language of central India. ISO 639-5: dra.,Dravidian languages,preserve_reconciled,accepted,Preserves reconciled family label for analysis.,family_analysis_mapping_reviewed.csv
json_fallback_language,json:hmn,REVIEW_MED,,Hmong-Mien languages,,,hmn,Hmong,cldr|iso639_2,hmn,,,,,,,,,hmx,Hmong-Mien languages,Hmong-Mien languages,Hmong-Mien languages,,No Glottolog match,False,True,no-external-validation,,Hmong-Mien languages,low,No Glottolog match; broad family is plausible but not externally cross-validated in this pipeline.,Hmong-Mien language spoken across Southeast Asia and diaspora. ISO 639-5: hmx.,Hmong-Mien languages,preserve_reconciled,accepted,Preserves reconciled family label for analysis.,family_analysis_mapping_reviewed.csv
json_fallback_language,json:bal,REVIEW_MED,,Indo-European languages,,,bal,Baluchi,cldr|iso639_2,bal,,,,,,,,,ira,Indo-European languages,Indo-European languages,Indo-European languages,,No Glottolog match,False,True,no-external-validation,,Indo-European languages,low,No Glottolog match; broad family is plausible but not externally cross-validated in this pipeline.,Northwestern Iranian language spoken in Balochistan. ISO 639-5: ira.,Indo-European languages,preserve_reconciled,accepted,Preserves reconciled family label for analysis.,family_analysis_mapping_reviewed.csv
json_fallback_language,json:bh,REVIEW_MED,,Indo-European languages,,,bh,Bihari,wikimedia_only|iso639_1,,,,,,,,,,inc,Indo-European languages,Indo-European languages,Indo-European languages,,No Glottolog match,False,True,no-external-validation,,Indo-European languages,low,No Glottolog match; broad family is plausible but not externally cross-validated in this pipeline.,"ISO 639-1 code 'bh' is a collective code for Bihari languages (Bhojpuri, Maithili, Magahi), all Eastern Indo-Aryan languages of Bihar. ISO 639-5: inc (Indic languages).",Indo-European languages,preserve_reconciled,accepted,Preserves reconciled family label for analysis.,family_analysis_mapping_reviewed.csv
json_fallback_language,json:dcc,REVIEW_MED,,Indo-European languages,,,dcc,Deccan,cldr,,,,,,,,,,inc,Indo-European languages,Indo-European languages,Indo-European languages,,No Glottolog match,False,True,no-external-validation,,Indo-European languages,low,No Glottolog match; broad family is plausible but not externally cross-validated in this pipeline.,Indo-Aryan (Hindustani) dialect of the Deccan Plateau. ISO 639-5: inc.,Indo-European languages,preserve_reconciled,accepted,Preserves reconciled family label for analysis.,family_analysis_mapping_reviewed.csv
json_fallback_language,json:doi,REVIEW_MED,,Indo-European languages,,,doi,Dogri,cldr|iso639_2,doi,,,,,,,,,inc,Indo-European languages,Indo-European languages,Indo-European languages,,No Glottolog match,False,True,no-external-validation,,Indo-European languages,low,No Glottolog match; broad family is plausible but not externally cross-validated in this pipeline.,Indo-Aryan language of Jammu and Kashmir. ISO 639-5: inc.,Indo-European languages,preserve_reconciled,accepted,Preserves reconciled family label for analysis.,family_analysis_mapping_reviewed.csv
json_fallback_language,json:mga,REVIEW_MED,,Indo-European languages,,,mga,"Irish, Middle (900-1200)",loc_only,mga,,,,,,,,,cel,Indo-European languages,Indo-European languages,Indo-European languages,,No Glottolog match,False,True,no-external-validation,,Indo-European languages,low,No Glottolog match; broad family is plausible but not externally cross-validated in this pipeline.,Historical stage of the Irish language (900–1200 CE). ISO 639-5: cel.,Indo-European languages,preserve_reconciled,accepted,Preserves reconciled family label for analysis.,family_analysis_mapping_reviewed.csv
json_fallback_language,json:kok,REVIEW_MED,,Indo-European languages,,,kok,Konkani,cldr|iso639_2,kok,,,,,,,,,inc,Indo-European languages,Indo-European languages,Indo-European languages,,No Glottolog match,False,True,no-external-validation,,Indo-European languages,low,No Glottolog match; broad family is plausible but not externally cross-validated in this pipeline.,Indo-Aryan language of the Konkan coast. ISO 639-5: inc.,Indo-European languages,preserve_reconciled,accepted,Preserves reconciled family label for analysis.,family_analysis_mapping_reviewed.csv
json_fallback_language,json:ltg,REVIEW_MED,,Indo-European languages,,,ltg,Latgalian,cldr,,,,,,,,,,bat,Indo-European languages,Indo-European languages,Indo-European languages,,No Glottolog match,False,True,no-external-validation,,Indo-European languages,low,No Glottolog match; broad family is plausible but not externally cross-validated in this pipeline.,Baltic Indo-European language of eastern Latvia. ISO 639-5: bat.,Indo-European languages,preserve_reconciled,accepted,Preserves reconciled family label for analysis.,family_analysis_mapping_reviewed.csv
json_fallback_language,json:xmn,REVIEW_MED,,Indo-European languages,,,xmn,Manichaean Middle Persian,cldr,,,,,,,,,,ira,Indo-European languages,Indo-European languages,Indo-European languages,,No Glottolog match,False,True,no-external-validation,,Indo-European languages,low,No Glottolog match; broad family is plausible but not externally cross-validated in this pipeline.,Middle Iranian language attested in Manichaean texts. ISO 639-5: ira.,Indo-European languages,preserve_reconciled,accepted,Preserves reconciled family label for analysis.,family_analysis_mapping_reviewed.csv
json_fallback_language,json:mwr,REVIEW_MED,,Indo-European languages,,,mwr,Marwari,cldr|iso639_2,mwr,,,,,,,,,inc,Indo-European languages,Indo-European languages,Indo-European languages,,No Glottolog match,False,True,no-external-validation,,Indo-European languages,low,No Glottolog match; broad family is plausible but not externally cross-validated in this pipeline.,Rajasthani Indo-Aryan language of western Rajasthan. ISO 639-5: inc.,Indo-European languages,preserve_reconciled,accepted,Preserves reconciled family label for analysis.,family_analysis_mapping_reviewed.csv
json_fallback_language,json:mo,REVIEW_MED,,Indo-European languages,,,mo,Moldovan,wikimedia_only|iso639_1,,,,,,,,,,roa,Indo-European languages,Indo-European languages,Indo-European languages,,No Glottolog match,False,True,no-external-validation,,Indo-European languages,low,No Glottolog match; broad family is plausible but not externally cross-validated in this pipeline.,"Moldovan is a Romanian dialect used in Moldova. The ISO 639-1 code 'mo' is deprecated in favour of 'ro', but the Wikimedia language code persists for the distinct Wikipedia. ISO 639-5: roa (Romance languages).",Indo-European languages,preserve_reconciled,accepted,Preserves reconciled family label for analysis.,family_analysis_mapping_reviewed.csv
json_fallback_language,json:cnr,REVIEW_MED,,Indo-European languages,,,cnr,Montenegrin,loc_only,cnr,,,,,,,,,sla,Indo-European languages,Indo-European languages,Indo-European languages,,No Glottolog match,False,True,no-external-validation,,Indo-European languages,low,No Glottolog match; broad family is plausible but not externally cross-validated in this pipeline.,"South Slavic language, a standardized variety of Serbo-Croatian. ISO 639-5: sla.",Indo-European languages,preserve_reconciled,accepted,Preserves reconciled family label for analysis.,family_analysis_mapping_reviewed.csv
json_fallback_language,json:or,REVIEW_MED,,Indo-European languages,,,or,Odia,cldr|iso639_1|iso639_2|wikimedia,ori,,,,,,,,,inc,Indo-European languages,Indo-European languages,Indo-European languages,,No Glottolog match,False,True,no-external-validation,,Indo-European languages,low,No Glottolog match; broad family is plausible but not externally cross-validated in this pipeline.,"Odia (Oriya) is an Eastern Indo-Aryan language of Odisha state, one of the classical languages of India. ISO 639-5: inc (Indic languages).",Indo-European languages,preserve_reconciled,accepted,Preserves reconciled family label for analysis.,family_analysis_mapping_reviewed.csv
json_fallback_language,json:prd,REVIEW_MED,,,,,prd,Parsi-Dari,cldr,,,,,,,,,,ira,Indo-European languages,Indo-European languages,Indo-European languages,Bookkeeping,Glottolog disagreed; reconciliation kept ISO/JSON family,False,True,,,,,,Iranian variety spoken by Zoroastrians in Yazd and Kerman. ISO 639-5: ira.,Indo-European languages,preserve_reconciled,accepted,Preserves reconciled family label for analysis.,family_analysis_mapping_reviewed.csv
json_fallback_language,json:raj,REVIEW_MED,,Indo-European languages,,,raj,Rajasthani,cldr|iso639_2,raj,,,,,,,,,inc,Indo-European languages,Indo-European languages,Indo-European languages,,No Glottolog match,False,True,no-external-validation,,Indo-European languages,low,No Glottolog match; broad family is plausible but not externally cross-validated in this pipeline.,Indo-Aryan language group of Rajasthan. ISO 639-5: inc.,Indo-European languages,preserve_reconciled,accepted,Preserves reconciled family label for analysis.,family_analysis_mapping_reviewed.csv
json_fallback_language,json:rom,REVIEW_MED,,Indo-European languages,,,rom,Romany,cldr|iso639_2,rom,,,,,,,,,inc,Indo-European languages,Indo-European languages,Indo-European languages,,No Glottolog match,False,True,no-external-validation,,Indo-European languages,low,No Glottolog match; broad family is plausible but not externally cross-validated in this pipeline.,Indo-Aryan language of the Romani people. ISO 639-5: inc.,Indo-European languages,preserve_reconciled,accepted,Preserves reconciled family label for analysis.,family_analysis_mapping_reviewed.csv
json_fallback_language,json:sgs,REVIEW_MED,,Indo-European languages,,,sgs,Samogitian,cldr,,,,,,,,,,bat,Indo-European languages,Indo-European languages,Indo-European languages,,No Glottolog match,False,True,no-external-validation,,Indo-European languages,low,No Glottolog match; broad family is plausible but not externally cross-validated in this pipeline.,Baltic Indo-European dialect of Lithuania. ISO 639-5: bat.,Indo-European languages,preserve_reconciled,accepted,Preserves reconciled family label for analysis.,family_analysis_mapping_reviewed.csv
json_fallback_language,json:rmu,REVIEW_MED,,,,,rmu,Tavringer Romani,cldr,,,,,,,,,,inc,Indo-European languages,Indo-European languages,Indo-European languages,Speech Register,Glottolog disagreed; reconciliation kept ISO/JSON family,False,True,,,,,,Indo-Aryan (Romani) language of Scandinavia. ISO 639-5: inc.,Indo-European languages,preserve_reconciled,accepted,Preserves reconciled family label for analysis.,family_analysis_mapping_reviewed.csv
json_fallback_language,json:lah,REVIEW_MED,,Indo-European languages,,,lah,Western Panjabi,cldr|iso639_2,lah,,,,,,,,,inc,Indo-European languages,Indo-European languages,Indo-European languages,,No Glottolog match,False,True,no-external-validation,,Indo-European languages,low,No Glottolog match; broad family is plausible but not externally cross-validated in this pipeline.,Indo-Aryan language of Pakistan (Lahnda group). ISO 639-5: inc.,Indo-European languages,preserve_reconciled,accepted,Preserves reconciled family label for analysis.,family_analysis_mapping_reviewed.csv
json_fallback_language,json:zza,REVIEW_MED,,Indo-European languages,,,zza,Zaza,cldr|iso639_2,zza,,,,,,,,,ira,Indo-European languages,Indo-European languages,Indo-European languages,,No Glottolog match,False,True,no-external-validation,,Indo-European languages,low,No Glottolog match; broad family is plausible but not externally cross-validated in this pipeline.,Northwestern Iranian (Zaza-Gorani) language of eastern Turkey. ISO 639-5: ira.,Indo-European languages,preserve_reconciled,accepted,Preserves reconciled family label for analysis.,family_analysis_mapping_reviewed.csv
json_fallback_language,json:ain,REVIEW_MED,,,,,ain,Ainu,cldr|iso639_2,ain,,,,,,,,,,Language isolate,Language isolate,Language isolate,Ainu,Glottolog disagreed; reconciliation kept ISO/JSON family,False,False,,,,,,"Language isolate of Hokkaido, Japan. No ISO 639-5 code; Ainu has no established relatives.",Language isolate,retain_special_category,accepted,Special comparison category retained as its own visible analysis label.,family_analysis_mapping_reviewed.csv
json_fallback_language,json:elx,REVIEW_MED,,,,,elx,Elamite,loc_only,elx,,,,,,,,,,Language isolate,Language isolate,Language isolate,,Glottolog disagreed; reconciliation kept ISO/JSON family,False,False,,,,,,Ancient language of Elam; considered a language isolate or unclassified. No ISO 639-5 code.,Language isolate,retain_special_category,accepted,Special comparison category retained as its own visible analysis label.,family_analysis_mapping_reviewed.csv
json_fallback_language,json:ett,REVIEW_MED,,,,,ett,Etruscan,cldr,,,,,,,,,,,Language isolate,Language isolate,Language isolate,,Glottolog disagreed; reconciliation kept ISO/JSON family,False,False,,,,,,Language isolate of ancient Italy. No ISO 639-5 code.,Language isolate,retain_special_category,accepted,Special comparison category retained as its own visible analysis label.,family_analysis_mapping_reviewed.csv
json_fallback_language,json:hai,REVIEW_MED,,Language isolate,,,hai,Haida,cldr|iso639_2,hai,,,,,,,,,,Language isolate,Language isolate,Language isolate,,No Glottolog match,False,False,no-external-validation,,Language isolate,low,No Glottolog match; broad family is plausible but not externally cross-validated in this pipeline.,"Language isolate of Haida Gwaii, Canada. No ISO 639-5 code.",Language isolate,retain_special_category,accepted,Special comparison category retained as its own visible analysis label.,family_analysis_mapping_reviewed.csv
json_fallback_language,json:kut,REVIEW_MED,,,,,kut,Kutenai,cldr|iso639_2,kut,,,,,,,,,,Language isolate,Language isolate,Language isolate,,Glottolog disagreed; reconciliation kept ISO/JSON family,False,False,,,,,,Language isolate of the Kootenai people (BC/Idaho/Montana). No ISO 639-5 code.,Language isolate,retain_special_category,accepted,Special comparison category retained as its own visible analysis label.,family_analysis_mapping_reviewed.csv
json_fallback_language,json:xmr,REVIEW_MED,,,,,xmr,Meroitic,cldr,,,,,,,,,,,Language isolate,Language isolate,Language isolate,,Glottolog disagreed; reconciliation kept ISO/JSON family,False,False,,,,,,"Language of ancient Nubia; affiliation disputed, treated as isolate. No ISO 639-5 code.",Language isolate,retain_special_category,accepted,Special comparison category retained as its own visible analysis label.,family_analysis_mapping_reviewed.csv
json_fallback_language,json:sad,REVIEW_MED,,,,,sad,Sandawe,cldr|iso639_2,sad,,,,,,,,,,Language isolate,Language isolate,Language isolate,,Glottolog disagreed; reconciliation kept ISO/JSON family,False,False,,,,,,Language isolate (proposed Khoisan link unconfirmed) of Tanzania. No ISO 639-5 code.,Language isolate,retain_special_category,accepted,Special comparison category retained as its own visible analysis label.,family_analysis_mapping_reviewed.csv
json_fallback_language,json:sei,REVIEW_MED,,,,,sei,Seri,cldr,,,,,,,,,,,Language isolate,Language isolate,Language isolate,,Glottolog disagreed; reconciliation kept ISO/JSON family,False,False,,,,,,"Language isolate of coastal Sonora, Mexico. No ISO 639-5 code.",Language isolate,retain_special_category,accepted,Special comparison category retained as its own visible analysis label.,family_analysis_mapping_reviewed.csv
json_fallback_language,json:sux,REVIEW_MED,,,,,sux,Sumerian,loc_only,sux,,,,,,,,,,Language isolate,Language isolate,Language isolate,,Glottolog disagreed; reconciliation kept ISO/JSON family,False,False,,,,,,Language isolate of ancient Mesopotamia. No ISO 639-5 code.,Language isolate,retain_special_category,accepted,Special comparison category retained as its own visible analysis label.,family_analysis_mapping_reviewed.csv
json_fallback_language,json:was,REVIEW_MED,,,,,was,Washo,cldr|iso639_2,was,,,,,,,,,,Language isolate,Language isolate,Language isolate,,Glottolog disagreed; reconciliation kept ISO/JSON family,False,False,,,,,,Language isolate of the Great Basin. No ISO 639-5 code.,Language isolate,retain_special_category,accepted,Special comparison category retained as its own visible analysis label.,family_analysis_mapping_reviewed.csv
json_fallback_language,json:zun,REVIEW_MED,,,,,zun,Zuni,cldr|iso639_2,zun,,,,,,,,,,Language isolate,Language isolate,Language isolate,,Glottolog disagreed; reconciliation kept ISO/JSON family,False,False,,,,,,Language isolate of New Mexico. No ISO 639-5 code.,Language isolate,retain_special_category,accepted,Special comparison category retained as its own visible analysis label.,family_analysis_mapping_reviewed.csv
json_fallback_language,json:nwc,REVIEW_MED,,Sino-Tibetan languages,,,nwc,Classical Newari,loc_only,nwc,,,,,,,,,sit,Sino-Tibetan languages,Sino-Tibetan languages,Sino-Tibetan languages,,No Glottolog match,False,True,no-external-validation,,Sino-Tibetan languages,low,No Glottolog match; broad family is plausible but not externally cross-validated in this pipeline.,"Classical form of Newari, a Tibeto-Burman language. ISO 639-5: sit.",Sino-Tibetan languages,preserve_reconciled,accepted,Preserves reconciled family label for analysis.,family_analysis_mapping_reviewed.csv
json_fallback_language,json:za,REVIEW_MED,,Tai-Kadai languages,,,za,Zhuang,cldr|iso639_1|iso639_2|wikimedia,zha,,,,,,,,,tai,Tai languages,Tai-Kadai languages,Tai-Kadai languages,,No Glottolog match,False,True,no-external-validation,,Tai-Kadai languages,low,No Glottolog match; broad family is plausible but not externally cross-validated in this pipeline.,"Zhuang (Standard Zhuang/Sawndip) is a Kra-Dai (Tai-Kadai) language of southern China, not Sino-Tibetan. Misclassified as Sino-Tibetan in earlier reference data; corrected here. ISO 639-5: tai (Tai languages).",Tai-Kadai languages,preserve_reconciled,accepted,Preserves reconciled family label for analysis.,family_analysis_mapping_reviewed.csv
json_fallback_language,json:chm,REVIEW_MED,,Uralic languages,,,chm,Mari,cldr|iso639_2,chm,,,,,,,,,fiu,Uralic languages,Uralic languages,Uralic languages,,No Glottolog match,False,True,no-external-validation,,Uralic languages,low,No Glottolog match; broad family is plausible but not externally cross-validated in this pipeline.,Finno-Ugric (Mari) language of Russia. ISO 639-5: fiu.,Uralic languages,preserve_reconciled,accepted,Preserves reconciled family label for analysis.,family_analysis_mapping_reviewed.csv
iso_glottolog_pair,pair:60,REFERENCE_ONLY,glottolog,Khoe-Kwadi,,,,,,,1,Nama,Khoisan languages,Khoe-Kwadi,glottolog,abandoned-macrofamily,Khoe-Kwadi,"""Khoisan"" is no longer accepted as a unified family. Khoe-Kwadi is the actual family.",,,,,,,,,,,,,,,,,,,
iso_glottolog_pair,pair:0,REFERENCE_ONLY,glottolog,Atlantic-Congo,,,,,,,134,Abron; Adangme; Aghem; Akan; Akoose; Amo; Anii; Asu; ...,Niger-Kordofanian languages,Atlantic-Congo,glottolog,abandoned-macrofamily,Atlantic-Congo,"Glottolog 5.3 abandons ""Niger-Kordofanian"" as a unified family because the evidence for unity is insufficient. Atlantic-Congo is the established sub-family.",,,,,,,,,,,,,,,,,,,
iso_glottolog_pair,pair:6,REFERENCE_ONLY,glottolog,Mande,,,,,,,9,Bambara; Dyula; Kita Maninkakan; Koro; Mende; Soninke; Susu; Vai; ...,Niger-Kordofanian languages,Mande,glottolog,abandoned-macrofamily,Mande,"Glottolog 5.3 abandons ""Niger-Kordofanian"" as a unified family because the evidence for unity is insufficient. Mande is the established sub-family.",,,,,,,,,,,,,,,,,,,
iso_glottolog_pair,pair:65,REFERENCE_ONLY,glottolog,Kru,,,,,,,1,Bassa,Niger-Kordofanian languages,Kru,glottolog,abandoned-macrofamily,Kru,"Glottolog 5.3 abandons ""Niger-Kordofanian"" as a unified family because the evidence for unity is insufficient. Kru is the established sub-family.",,,,,,,,,,,,,,,,,,,
iso_glottolog_pair,pair:1,REFERENCE_ONLY,glottolog,Turkic,,,,,,,21,Balkan Gagauz Turkish; Bashkir; Chagatai; Chuvash; Crimean Tatar; Gagauz; Kara-Kalpak; Karachay-Balkar; ...,Altaic languages,Turkic,glottolog,contested-macrofamily,Turkic,"""Altaic"" is widely rejected by contemporary linguists; the constituent families (Turkic, Mongolic, Tungusic) are independent. Turkic is the accepted classification.",,,,,,,,,,,,,,,,,,,
iso_glottolog_pair,pair:12,REFERENCE_ONLY,glottolog,Tungusic,,,,,,,4,Evenki; Manchu; Nanai; Udihe,Altaic languages,Tungusic,glottolog,contested-macrofamily,Tungusic,"""Altaic"" is widely rejected by contemporary linguists; the constituent families (Turkic, Mongolic, Tungusic) are independent. Tungusic is the accepted classification.",,,,,,,,,,,,,,,,,,,
iso_glottolog_pair,pair:23,REFERENCE_ONLY,glottolog,Mongolic-Khitan,,,,,,,2,Buriat (Russia); Kalmyk,Altaic languages,Mongolic-Khitan,glottolog,contested-macrofamily,Mongolic-Khitan,"""Altaic"" is widely rejected by contemporary linguists; the constituent families (Turkic, Mongolic, Tungusic) are independent. Mongolic-Khitan is the accepted classification.",,,,,,,,,,,,,,,,,,,
iso_glottolog_pair,pair:8,REFERENCE_ONLY,glottolog,Nilotic,,,,,,,8,Acoli; Lango (Uganda); Luo; Masai; Nuer; Pökoot; Samburu; Teso,Nilo-Saharan languages,Nilotic,glottolog,contested-macrofamily,Nilotic,"""Nilo-Saharan"" remains a hypothesis without strong genetic evidence; constituent families are independently classified. Nilotic is more defensible.",,,,,,,,,,,,,,,,,,,
iso_glottolog_pair,pair:15,REFERENCE_ONLY,glottolog,Songhay,,,,,,,4,Koyra Chiini; Koyraboro Senni; Tasawaq; Zarma,Nilo-Saharan languages,Songhay,glottolog,contested-macrofamily,Songhay,"""Nilo-Saharan"" remains a hypothesis without strong genetic evidence; constituent families are independently classified. Songhay is more defensible.",,,,,,,,,,,,,,,,,,,
iso_glottolog_pair,pair:19,REFERENCE_ONLY,glottolog,Saharan,,,,,,,3,Dazaga; Kanembu; Zaghawa,Nilo-Saharan languages,Saharan,glottolog,contested-macrofamily,Saharan,"""Nilo-Saharan"" remains a hypothesis without strong genetic evidence; constituent families are independently classified. Saharan is more defensible.",,,,,,,,,,,,,,,,,,,
iso_glottolog_pair,pair:20,REFERENCE_ONLY,glottolog,Atlantic-Congo,,,,,,,3,Lango; Mundang; Sango,Nilo-Saharan languages,Atlantic-Congo,glottolog,contested-macrofamily,Atlantic-Congo,"""Nilo-Saharan"" remains a hypothesis without strong genetic evidence; constituent families are independently classified. Atlantic-Congo is more defensible.",,,,,,,,,,,,,,,,,,,
iso_glottolog_pair,pair:22,REFERENCE_ONLY,glottolog,Mande,,,,,,,2,Jenaama Bozo; Kɛlɛngaxo Bozo,Nilo-Saharan languages,Mande,glottolog,contested-macrofamily,Mande,"""Nilo-Saharan"" remains a hypothesis without strong genetic evidence; constituent families are independently classified. Mande is more defensible.",,,,,,,,,,,,,,,,,,,
iso_glottolog_pair,pair:26,REFERENCE_ONLY,glottolog,Maban,,,,,,,2,Maba; Masalit,Nilo-Saharan languages,Maban,glottolog,contested-macrofamily,Maban,"""Nilo-Saharan"" remains a hypothesis without strong genetic evidence; constituent families are independently classified. Maban is more defensible.",,,,,,,,,,,,,,,,,,,
iso_glottolog_pair,pair:31,REFERENCE_ONLY,glottolog,Nubian,,,,,,,1,Nobiin,Nilo-Saharan languages,Nubian,glottolog,contested-macrofamily,Nubian,"""Nilo-Saharan"" remains a hypothesis without strong genetic evidence; constituent families are independently classified. Nubian is more defensible.",,,,,,,,,,,,,,,,,,,
iso_glottolog_pair,pair:41,REFERENCE_ONLY,glottolog,Furan,,,,,,,1,Fur,Nilo-Saharan languages,Furan,glottolog,contested-macrofamily,Furan,"""Nilo-Saharan"" remains a hypothesis without strong genetic evidence; constituent families are independently classified. Furan is more defensible.",,,,,,,,,,,,,,,,,,,
iso_glottolog_pair,pair:55,REFERENCE_ONLY,glottolog,Dogon,,,,,,,1,Tomo Kan Dogon,Nilo-Saharan languages,Dogon,glottolog,contested-macrofamily,Dogon,"""Nilo-Saharan"" remains a hypothesis without strong genetic evidence; constituent families are independently classified. Dogon is more defensible.",,,,,,,,,,,,,,,,,,,
iso_glottolog_pair,pair:66,REFERENCE_ONLY,glottolog,Central Sudanic,,,,,,,1,Ngambay,Nilo-Saharan languages,Central Sudanic,glottolog,contested-macrofamily,Central Sudanic,"""Nilo-Saharan"" remains a hypothesis without strong genetic evidence; constituent families are independently classified. Central Sudanic is more defensible.",,,,,,,,,,,,,,,,,,,
iso_glottolog_pair,pair:46,REFERENCE_ONLY,glottolog,Pama-Nyungan,,,,,,,1,Warlpiri,Australian languages,Pama-Nyungan,glottolog,geographic→linguistic,Pama-Nyungan,"""Australian languages"" in ISO 639-5 is a geographic grouping; the actual family is Pama-Nyungan. Glottolog (Pama-Nyungan) is correct.",,,,,,,,,,,,,,,,,,,
iso_glottolog_pair,pair:7,REFERENCE_ONLY,glottolog,Nakh-Daghestanian,,,,,,,8,Avaric; Chechen; Dargwa; Ingush; Lak; Lezghian; Tabassaran; Tsakhur,Caucasian languages,Nakh-Daghestanian,glottolog,geographic→linguistic,Nakh-Daghestanian,"""Caucasian"" is a geographic, not a linguistic, grouping; the actual families are Nakh-Daghestanian, Kartvelian, and Abkhaz-Adyge. Glottolog (Nakh-Daghestanian) is correct.",,,,,,,,,,,,,,,,,,,
iso_glottolog_pair,pair:11,REFERENCE_ONLY,glottolog,Abkhaz-Adyge,,,,,,,4,Abaza; Abkhazian; Adyghe; Kabardian,Caucasian languages,Abkhaz-Adyge,glottolog,geographic→linguistic,Abkhaz-Adyge,"""Caucasian"" is a geographic, not a linguistic, grouping; the actual families are Nakh-Daghestanian, Kartvelian, and Abkhaz-Adyge. Glottolog (Abkhaz-Adyge) is correct.",,,,,,,,,,,,,,,,,,,
iso_glottolog_pair,pair:17,REFERENCE_ONLY,glottolog,Kartvelian,,,,,,,3,Georgian; Laz; Mingrelian,Caucasian languages,Kartvelian,glottolog,geographic→linguistic,Kartvelian,"""Caucasian"" is a geographic, not a linguistic, grouping; the actual families are Nakh-Daghestanian, Kartvelian, and Abkhaz-Adyge. Glottolog (Kartvelian) is correct.",,,,,,,,,,,,,,,,,,,
iso_glottolog_pair,pair:25,REFERENCE_ONLY,glottolog,Mayan,,,,,,,2,Kʼicheʼ; Yucateco,Central American Indian languages,Mayan,glottolog,geographic→linguistic,Mayan,"""Central American Indian languages"" is a geographic grouping in ISO 639-5, not a linguistic family. Glottolog uses the actual family (Mayan).",,,,,,,,,,,,,,,,,,,
iso_glottolog_pair,pair:49,REFERENCE_ONLY,glottolog,Chibchan,,,,,,,1,Chibcha,Central American Indian languages,Chibchan,glottolog,geographic→linguistic,Chibchan,"""Central American Indian languages"" is a geographic grouping in ISO 639-5, not a linguistic family. Glottolog uses the actual family (Chibchan).",,,,,,,,,,,,,,,,,,,
iso_glottolog_pair,pair:50,REFERENCE_ONLY,glottolog,Misumalpan,,,,,,,1,Cacaopera,Central American Indian languages,Misumalpan,glottolog,geographic→linguistic,Misumalpan,"""Central American Indian languages"" is a geographic grouping in ISO 639-5, not a linguistic family. Glottolog uses the actual family (Misumalpan).",,,,,,,,,,,,,,,,,,,
iso_glottolog_pair,pair:51,REFERENCE_ONLY,glottolog,Otomanguean,,,,,,,1,Central Mazahua,Central American Indian languages,Otomanguean,glottolog,geographic→linguistic,Otomanguean,"""Central American Indian languages"" is a geographic grouping in ISO 639-5, not a linguistic family. Glottolog uses the actual family (Otomanguean).",,,,,,,,,,,,,,,,,,,
iso_glottolog_pair,pair:2,REFERENCE_ONLY,glottolog,Algic,,,,,,,20,Arapaho; Atikamekw; Central Ojibwa; Cheyenne; Eastern Ojibwa; Innu-aimun; Maliseet-Passamaquoddy; Mi'kmaw; ...,North American Indian languages,Algic,glottolog,geographic→linguistic,Algic,"""North American Indian languages"" is a geographic grouping in ISO 639-5, not a linguistic family. Glottolog uses the actual family (Algic).",,,,,,,,,,,,,,,,,,,
iso_glottolog_pair,pair:5,REFERENCE_ONLY,glottolog,Athabaskan-Eyak-Tlingit,,,,,,,12,Chilcotin; Chipewyan; Dogrib; Gwichʼin; Hupa; Navajo; North Slavey; Northern Tutchone; ...,North American Indian languages,Athabaskan-Eyak-Tlingit,glottolog,geographic→linguistic,Athabaskan-Eyak-Tlingit,"""North American Indian languages"" is a geographic grouping in ISO 639-5, not a linguistic family. Glottolog uses the actual family (Athabaskan-Eyak-Tlingit).",,,,,,,,,,,,,,,,,,,
iso_glottolog_pair,pair:9,REFERENCE_ONLY,glottolog,Salishan,,,,,,,6,Halkomelem; Lillooet; Lushootseed; Okanagan; Southern Lushootseed; Straits Salish,North American Indian languages,Salishan,glottolog,geographic→linguistic,Salishan,"""North American Indian languages"" is a geographic grouping in ISO 639-5, not a linguistic family. Glottolog uses the actual family (Salishan).",,,,,,,,,,,,,,,,,,,
iso_glottolog_pair,pair:10,REFERENCE_ONLY,glottolog,Uto-Aztecan,,,,,,,6,Central Huasteca Nahuatl; Eastern Huasteca Nahuatl; Hopi; Luiseno; Pipil; Western Huasteca Nahuatl,North American Indian languages,Uto-Aztecan,glottolog,geographic→linguistic,Uto-Aztecan,"""North American Indian languages"" is a geographic grouping in ISO 639-5, not a linguistic family. Glottolog uses the actual family (Uto-Aztecan).",,,,,,,,,,,,,,,,,,,
iso_glottolog_pair,pair:13,REFERENCE_ONLY,glottolog,Iroquoian,,,,,,,4,Cayuga; Cherokee; Mohawk; Seneca,North American Indian languages,Iroquoian,glottolog,geographic→linguistic,Iroquoian,"""North American Indian languages"" is a geographic grouping in ISO 639-5, not a linguistic family. Glottolog uses the actual family (Iroquoian).",,,,,,,,,,,,,,,,,,,
iso_glottolog_pair,pair:14,REFERENCE_ONLY,glottolog,Muskogean,,,,,,,4,Alabama; Chickasaw; Choctaw; Muscogee,North American Indian languages,Muskogean,glottolog,geographic→linguistic,Muskogean,"""North American Indian languages"" is a geographic grouping in ISO 639-5, not a linguistic family. Glottolog uses the actual family (Muskogean).",,,,,,,,,,,,,,,,,,,
iso_glottolog_pair,pair:16,REFERENCE_ONLY,glottolog,Siouan,,,,,,,3,Dakota; Lakota; Osage,North American Indian languages,Siouan,glottolog,geographic→linguistic,Siouan,"""North American Indian languages"" is a geographic grouping in ISO 639-5, not a linguistic family. Glottolog uses the actual family (Siouan).",,,,,,,,,,,,,,,,,,,
iso_glottolog_pair,pair:27,REFERENCE_ONLY,glottolog,Tsimshian,,,,,,,1,Tsimshian,North American Indian languages,Tsimshian,glottolog,geographic→linguistic,Tsimshian,"""North American Indian languages"" is a geographic grouping in ISO 639-5, not a linguistic family. Glottolog uses the actual family (Tsimshian).",,,,,,,,,,,,,,,,,,,
iso_glottolog_pair,pair:35,REFERENCE_ONLY,glottolog,Caddoan,,,,,,,1,Caddo,North American Indian languages,Caddoan,glottolog,geographic→linguistic,Caddoan,"""North American Indian languages"" is a geographic grouping in ISO 639-5, not a linguistic family. Glottolog uses the actual family (Caddoan).",,,,,,,,,,,,,,,,,,,
iso_glottolog_pair,pair:36,REFERENCE_ONLY,glottolog,Eskimo-Aleut,,,,,,,1,Kalaallisut,North American Indian languages,Eskimo-Aleut,glottolog,geographic→linguistic,Eskimo-Aleut,"""North American Indian languages"" is a geographic grouping in ISO 639-5, not a linguistic family. Glottolog uses the actual family (Eskimo-Aleut).",,,,,,,,,,,,,,,,,,,
iso_glottolog_pair,pair:38,REFERENCE_ONLY,glottolog,Wakashan,,,,,,,1,Kwakʼwala,North American Indian languages,Wakashan,glottolog,geographic→linguistic,Wakashan,"""North American Indian languages"" is a geographic grouping in ISO 639-5, not a linguistic family. Glottolog uses the actual family (Wakashan).",,,,,,,,,,,,,,,,,,,
iso_glottolog_pair,pair:18,REFERENCE_ONLY,glottolog,Arawakan,,,,,,,3,Arawak; Tereno; Wayuu,South American Indian languages,Arawakan,glottolog,geographic→linguistic,Arawakan,"""South American Indian languages"" is a geographic grouping in ISO 639-5, not a linguistic family. Glottolog uses the actual family (Arawakan).",,,,,,,,,,,,,,,,,,,
iso_glottolog_pair,pair:24,REFERENCE_ONLY,glottolog,Nuclear-Macro-Je,,,,,,,2,Kaingang; Xavánte,South American Indian languages,Nuclear-Macro-Je,glottolog,geographic→linguistic,Nuclear-Macro-Je,"""South American Indian languages"" is a geographic grouping in ISO 639-5, not a linguistic family. Glottolog uses the actual family (Nuclear-Macro-Je).",,,,,,,,,,,,,,,,,,,
iso_glottolog_pair,pair:28,REFERENCE_ONLY,glottolog,Cariban,,,,,,,1,Carib,South American Indian languages,Cariban,glottolog,geographic→linguistic,Cariban,"""South American Indian languages"" is a geographic grouping in ISO 639-5, not a linguistic family. Glottolog uses the actual family (Cariban).",,,,,,,,,,,,,,,,,,,
iso_glottolog_pair,pair:29,REFERENCE_ONLY,glottolog,Quechuan,,,,,,,1,Chimborazo Highland Quichua,South American Indian languages,Quechuan,glottolog,geographic→linguistic,Quechuan,"""South American Indian languages"" is a geographic grouping in ISO 639-5, not a linguistic family. Glottolog uses the actual family (Quechuan).",,,,,,,,,,,,,,,,,,,
iso_glottolog_pair,pair:30,REFERENCE_ONLY,glottolog,Pano-Tacanan,,,,,,,1,Araona,South American Indian languages,Pano-Tacanan,glottolog,geographic→linguistic,Pano-Tacanan,"""South American Indian languages"" is a geographic grouping in ISO 639-5, not a linguistic family. Glottolog uses the actual family (Pano-Tacanan).",,,,,,,,,,,,,,,,,,,
iso_glottolog_pair,pair:33,REFERENCE_ONLY,glottolog,Araucanian,,,,,,,1,Mapuche,South American Indian languages,Araucanian,glottolog,geographic→linguistic,Araucanian,"""South American Indian languages"" is a geographic grouping in ISO 639-5, not a linguistic family. Glottolog uses the actual family (Araucanian).",,,,,,,,,,,,,,,,,,,
iso_glottolog_pair,pair:67,REFERENCE_ONLY,glottolog,Tupian,,,,,,,1,Nheengatu,South American Indian languages,Tupian,glottolog,geographic→linguistic,Tupian,"""South American Indian languages"" is a geographic grouping in ISO 639-5, not a linguistic family. Glottolog uses the actual family (Tupian).",,,,,,,,,,,,,,,,,,,
iso_glottolog_pair,pair:39,REFERENCE_ONLY,ours,Afro-Asiatic languages,,,,,,,1,Wolaytta,Afro-Asiatic languages,Ta-Ne-Omotic,ours,granularity,Afro-Asiatic languages,Ta-Ne-Omotic is a branch within Afro-Asiatic. Our top-level grouping is broader and more useful for downstream aggregation.,,,,,,,,,,,,,,,,,,,
iso_glottolog_pair,pair:64,REFERENCE_ONLY,ours,Albanian languages,,,,,,,1,Gheg Albanian,Albanian languages,Indo-European,ours,granularity,Albanian languages,"""Albanian languages"" represents the sub-branch within Indo-European; ours is more granular and preserves analytic distinction. Both are technically correct.",,,,,,,,,,,,,,,,,,,
iso_glottolog_pair,pair:44,REFERENCE_ONLY,ours,Armenian languages,,,,,,,1,Armenian,Armenian languages,Indo-European,ours,granularity,Armenian languages,"""Armenian languages"" represents the sub-branch within Indo-European; ours is more granular and preserves analytic distinction. Both are technically correct.",,,,,,,,,,,,,,,,,,,
iso_glottolog_pair,pair:21,REFERENCE_ONLY,ours,Language isolate,,,,,,,2,Northern Haida; Southern Haida,Language isolate,Haida,ours,isolate-naming,Language isolate,"Glottolog catalogs isolates as one-language families with the language name (Haida); our ""Language isolate"" label is more semantically informative.",,,,,,,,,,,,,,,,,,,
iso_glottolog_pair,pair:61,REFERENCE_ONLY,ours,Language isolate,,,,,,,1,Ainu,Language isolate,Ainu,ours,isolate-naming,Language isolate,"Glottolog catalogs isolates as one-language families with the language name (Ainu); our ""Language isolate"" label is more semantically informative.",,,,,,,,,,,,,,,,,,,
iso_glottolog_pair,pair:62,REFERENCE_ONLY,ours,Language isolate,,,,,,,1,Korean,Language isolate,Koreanic,ours,isolate-naming,Language isolate,"Glottolog catalogs isolates as one-language families with the language name (Koreanic); our ""Language isolate"" label is more semantically informative.",,,,,,,,,,,,,,,,,,,
iso_glottolog_pair,pair:43,REFERENCE_ONLY,ours,Altaic languages,,,,,,,1,Old Turkish,Altaic languages,Bookkeeping,ours,metadata,Altaic languages,"Glottolog tags this as a metadata category (""Bookkeeping""), not a real linguistic family. Keep ISO 639-5.",,,,,,,,,,,,,,,,,,,
iso_glottolog_pair,pair:47,REFERENCE_ONLY,ours,Austro-Asiatic languages,,,,,,,1,Munda,Austro-Asiatic languages,Bookkeeping,ours,metadata,Austro-Asiatic languages,"Glottolog tags this as a metadata category (""Bookkeeping""), not a real linguistic family. Keep ISO 639-5.",,,,,,,,,,,,,,,,,,,
iso_glottolog_pair,pair:53,REFERENCE_ONLY,ours,Creoles and pidgins,,,,,,,1,Hiri Motu,Creoles and pidgins,Pidgin,ours,metadata,Creoles and pidgins,"Glottolog tags this as a metadata category (""Pidgin""), not a real linguistic family. Keep ISO 639-5.",,,,,,,,,,,,,,,,,,,
iso_glottolog_pair,pair:54,REFERENCE_ONLY,ours,Indo-European languages,,,,,,,1,Parsi-Dari,Indo-European languages,Bookkeeping,ours,metadata,Indo-European languages,"Glottolog tags this as a metadata category (""Bookkeeping""), not a real linguistic family. Keep ISO 639-5.",,,,,,,,,,,,,,,,,,,
iso_glottolog_pair,pair:57,REFERENCE_ONLY,ours,Indo-European languages,,,,,,,1,Tavringer Romani,Indo-European languages,Speech Register,ours,metadata,Indo-European languages,"Glottolog tags this as a metadata category (""Speech Register""), not a real linguistic family. Keep ISO 639-5.",,,,,,,,,,,,,,,,,,,
iso_glottolog_pair,pair:58,REFERENCE_ONLY,ours,Indo-European languages,,,,,,,1,Eteocypriot,Indo-European languages,Unclassifiable,ours,metadata,Indo-European languages,"Glottolog tags this as a metadata category (""Unclassifiable""), not a real linguistic family. Keep ISO 639-5.",,,,,,,,,,,,,,,,,,,
iso_glottolog_pair,pair:63,REFERENCE_ONLY,ours,Niger-Kordofanian languages,,,,,,,1,N’Ko,Niger-Kordofanian languages,Artificial Language,ours,metadata,Niger-Kordofanian languages,"Glottolog tags this as a metadata category (""Artificial Language""), not a real linguistic family. Keep ISO 639-5.",,,,,,,,,,,,,,,,,,,
iso_glottolog_pair,pair:4,REFERENCE_ONLY,ours,Austro-Asiatic languages,,,,,,,13,Eastern Lawa; Ho; Khasi; Khmer; Khmu; Kuy; Mon; Mundari; ...,Austro-Asiatic languages,Austroasiatic,ours,naming-variant,Austro-Asiatic languages,"Identical family, just hyphenation difference. Keep ours for stability across notebooks.",,,,,,,,,,,,,,,,,,,
iso_glottolog_pair,pair:45,REFERENCE_ONLY,glottolog,Afro-Asiatic,,,,,,,1,Samaritan,Artificial languages,Afro-Asiatic,glottolog,single-language-flag,Afro-Asiatic,Single-language disagreement — likely a coding error in one of the two sources. Inspect the specific language to determine which is correct.,,,,,,,,,,,,,,,,,,,
iso_glottolog_pair,pair:48,REFERENCE_ONLY,custom,Creoles and pidgins,,,,,,,1,Bislama,Austronesian languages,Indo-European,custom,single-language-flag,Creoles and pidgins,Single-language disagreement — likely a coding error in one of the two sources. Inspect the specific language to determine which is correct.,,,,,,,,,,,,,,,,,,,
iso_glottolog_pair,pair:42,REFERENCE_ONLY,ours,Indo-European languages,,,,,,,1,Norman,Indo-European languages,Austronesian,ours,single-language-flag,Indo-European languages,Single-language disagreement — likely a coding error in one of the two sources. Inspect the specific language to determine which is correct.,,,,,,,,,,,,,,,,,,,
iso_glottolog_pair,pair:56,REFERENCE_ONLY,glottolog,Dravidian,,,,,,,1,Waddar,Indo-European languages,Dravidian,glottolog,single-language-flag,Dravidian,Single-language disagreement — likely a coding error in one of the two sources. Inspect the specific language to determine which is correct.,,,,,,,,,,,,,,,,,,,
iso_glottolog_pair,pair:59,REFERENCE_ONLY,ours,Indo-European languages,,,,,,,1,Montenegrin,Indo-European languages,Uto-Aztecan,ours,single-language-flag,Indo-European languages,Single-language disagreement — likely a coding error in one of the two sources. Inspect the specific language to determine which is correct.,,,,,,,,,,,,,,,,,,,
iso_glottolog_pair,pair:40,REFERENCE_ONLY,glottolog,Austronesian,,,,,,,1,Bushi,Niger-Kordofanian languages,Austronesian,glottolog,single-language-flag,Austronesian,Single-language disagreement — likely a coding error in one of the two sources. Inspect the specific language to determine which is correct.,,,,,,,,,,,,,,,,,,,
iso_glottolog_pair,pair:32,REFERENCE_ONLY,glottolog,Tai-Kadai,,,,,,,1,Khamti,Sino-Tibetan languages,Tai-Kadai,glottolog,single-language-flag,Tai-Kadai,Single-language disagreement — likely a coding error in one of the two sources. Inspect the specific language to determine which is correct.,,,,,,,,,,,,,,,,,,,
iso_glottolog_pair,pair:34,REFERENCE_ONLY,glottolog,Indo-European,,,,,,,1,Chakma,Sino-Tibetan languages,Indo-European,glottolog,single-language-flag,Indo-European,Single-language disagreement — likely a coding error in one of the two sources. Inspect the specific language to determine which is correct.,,,,,,,,,,,,,,,,,,,
iso_glottolog_pair,pair:37,REFERENCE_ONLY,glottolog,Austroasiatic,,,,,,,1,Samtao,Sino-Tibetan languages,Austroasiatic,glottolog,single-language-flag,Austroasiatic,Single-language disagreement — likely a coding error in one of the two sources. Inspect the specific language to determine which is correct.,,,,,,,,,,,,,,,,,,,
iso_glottolog_pair,pair:3,REFERENCE_ONLY,ours,Creoles and pidgins,,,,,,,15,Guianese Creole French; Jamaican Creole English; Kabuverdianu; Krio; Louisiana Creole; Morisyen; Nigerian Pidgin; Norfolk; ...,Creoles and pidgins,Indo-European,ours,sociolinguistic,Creoles and pidgins,Creoles are technically classifiable by lexifier (often Indo-European) but the sociolinguistic category captures something analytically distinct.,,,,,,,,,,,,,,,,,,,
iso_glottolog_pair,pair:52,REFERENCE_ONLY,ours,Creoles and pidgins,,,,,,,1,Chinook Jargon,Creoles and pidgins,Chinookan,ours,sociolinguistic,Creoles and pidgins,Creoles are technically classifiable by lexifier (often Indo-European) but the sociolinguistic category captures something analytically distinct.,,,,,,,,,,,,,,,,,,,
json_fallback_language,json:abq,REFERENCE_ONLY,,,,,abq,Abaza,cldr,,,,,,,,,,ccn,Caucasian languages,Caucasian languages,Abkhaz-Adyge,Abkhaz-Adyge,Glottolog reclassified,True,True,,,,,,Northwest Caucasian language of Karachay-Cherkessia. ISO 639-5: ccn.,Abkhaz-Adyge,preserve_reconciled,accepted,Preserves reconciled family label for analysis.,family_analysis_mapping_reviewed.csv
json_fallback_language,json:ady,REFERENCE_ONLY,,,,,ady,Adyghe,cldr|iso639_2,ady,,,,,,,,,ccn,Caucasian languages,Caucasian languages,Abkhaz-Adyge,Abkhaz-Adyge,Glottolog reclassified,True,True,,,,,,Northwest Caucasian language of the Western Circassian group. ISO 639-5: ccn.,Abkhaz-Adyge,preserve_reconciled,accepted,Preserves reconciled family label for analysis.,family_analysis_mapping_reviewed.csv
json_fallback_language,json:kbd,REFERENCE_ONLY,,,,,kbd,Kabardian,cldr|iso639_2,kbd,,,,,,,,,ccn,Caucasian languages,Caucasian languages,Abkhaz-Adyge,Abkhaz-Adyge,Glottolog reclassified,True,True,,,,,,Northwest Caucasian (East Circassian) language. ISO 639-5: ccn.,Abkhaz-Adyge,preserve_reconciled,accepted,Preserves reconciled family label for analysis.,family_analysis_mapping_reviewed.csv
json_fallback_language,json:smp,REFERENCE_ONLY,,Afro-Asiatic languages,,,smp,Samaritan,cldr,,,,,,,,,,art,Artificial languages,Artificial languages,Afro-Asiatic,Afro-Asiatic,Glottolog reclassified,True,True,,,,,,Not a spoken language per se; Samaritan script tradition. ISO 639-5: art.,Afro-Asiatic languages,normalize_variant,accepted,Normalizes variant spelling to existing label: Afro-Asiatic languages.,family_analysis_mapping_reviewed.csv
json_fallback_language,json:aa,REFERENCE_ONLY,,,,,aa,Afar,cldr|iso639_1|iso639_2|wikimedia,aar,,,,,,,,,cus,Afro-Asiatic languages,Afro-Asiatic languages,Afro-Asiatic languages,Afro-Asiatic,Glottolog agreed,False,True,,,,,,"Afar (Qafar af) is a Cushitic Afro-Asiatic language spoken in Djibouti, Ethiopia, and Eritrea. ISO 639-5: cus (Cushitic languages) under afa (Afro-Asiatic languages).",Afro-Asiatic languages,preserve_reconciled,accepted,Preserves reconciled family label for analysis.,family_analysis_mapping_reviewed.csv
json_fallback_language,json:akk,REFERENCE_ONLY,,,,,akk,Akkadian,cldr|iso639_2,akk,,,,,,,,,sem,Afro-Asiatic languages,Afro-Asiatic languages,Afro-Asiatic languages,Afro-Asiatic,Glottolog agreed,False,True,,,,,,Extinct East Semitic language of ancient Mesopotamia. ISO 639-5: sem.,Afro-Asiatic languages,preserve_reconciled,accepted,Preserves reconciled family label for analysis.,family_analysis_mapping_reviewed.csv
json_fallback_language,json:arq,REFERENCE_ONLY,,,,,arq,Algerian Arabic,cldr,,,,,,,,,,sem,Afro-Asiatic languages,Afro-Asiatic languages,Afro-Asiatic languages,Afro-Asiatic,Glottolog agreed,False,True,,,,,,Maghrebi Arabic variety of Algeria. ISO 639-5: sem.,Afro-Asiatic languages,preserve_reconciled,accepted,Preserves reconciled family label for analysis.,family_analysis_mapping_reviewed.csv
json_fallback_language,json:egy,REFERENCE_ONLY,,,,,egy,Ancient Egyptian,cldr|iso639_2,egy,,,,,,,,,afa,Afro-Asiatic languages,Afro-Asiatic languages,Afro-Asiatic languages,Afro-Asiatic,Glottolog agreed,False,True,,,,,,"Afro-Asiatic language of ancient Egypt, unclassified within sub-branch. ISO 639-5: afa.",Afro-Asiatic languages,preserve_reconciled,accepted,Preserves reconciled family label for analysis.,family_analysis_mapping_reviewed.csv
json_fallback_language,json:xna,REFERENCE_ONLY,,,,,xna,Ancient North Arabian,cldr,,,,,,,,,,sem,Afro-Asiatic languages,Afro-Asiatic languages,Afro-Asiatic languages,Afro-Asiatic,Glottolog agreed,False,True,,,,,,Extinct North Arabian Semitic language group. ISO 639-5: sem.,Afro-Asiatic languages,preserve_reconciled,accepted,Preserves reconciled family label for analysis.,family_analysis_mapping_reviewed.csv
json_fallback_language,json:aii,REFERENCE_ONLY,,,,,aii,Assyrian Neo-Aramaic,cldr,,,,,,,,,,sem,Afro-Asiatic languages,Afro-Asiatic languages,Afro-Asiatic languages,Afro-Asiatic,Glottolog agreed,False,True,,,,,,Semitic language of the Assyrian community. ISO 639-5: sem.,Afro-Asiatic languages,preserve_reconciled,accepted,Preserves reconciled family label for analysis.,family_analysis_mapping_reviewed.csv
json_fallback_language,json:bej,REFERENCE_ONLY,,,,,bej,Beja,cldr|iso639_2,bej,,,,,,,,,cus,Afro-Asiatic languages,Afro-Asiatic languages,Afro-Asiatic languages,Afro-Asiatic,Glottolog agreed,False,True,,,,,,Cushitic language of northeast Africa. ISO 639-5: cus.,Afro-Asiatic languages,preserve_reconciled,accepted,Preserves reconciled family label for analysis.,family_analysis_mapping_reviewed.csv
json_fallback_language,json:byn,REFERENCE_ONLY,,,,,byn,Blin,cldr|iso639_2,byn,,,,,,,,,cus,Afro-Asiatic languages,Afro-Asiatic languages,Afro-Asiatic languages,Afro-Asiatic,Glottolog agreed,False,True,,,,,,Cushitic (Agaw) language of Eritrea. ISO 639-5: cus.,Afro-Asiatic languages,preserve_reconciled,accepted,Preserves reconciled family label for analysis.,family_analysis_mapping_reviewed.csv
json_fallback_language,json:tzm,REFERENCE_ONLY,,,,,tzm,Central Atlas Tamazight,cldr,,,,,,,,,,ber,Afro-Asiatic languages,Afro-Asiatic languages,Afro-Asiatic languages,Afro-Asiatic,Glottolog agreed,False,True,,,,,,Berber language of the central High Atlas. ISO 639-5: ber.,Afro-Asiatic languages,preserve_reconciled,accepted,Preserves reconciled family label for analysis.,family_analysis_mapping_reviewed.csv
json_fallback_language,json:myz,REFERENCE_ONLY,,,,,myz,Classical Mandaic,cldr,,,,,,,,,,sem,Afro-Asiatic languages,Afro-Asiatic languages,Afro-Asiatic languages,Afro-Asiatic,Glottolog agreed,False,True,,,,,,Eastern Aramaic Semitic language. ISO 639-5: sem.,Afro-Asiatic languages,preserve_reconciled,accepted,Preserves reconciled family label for analysis.,family_analysis_mapping_reviewed.csv
json_fallback_language,json:syc,REFERENCE_ONLY,,,,,syc,Classical Syriac,loc_only,syc,,,,,,,,,sem,Afro-Asiatic languages,Afro-Asiatic languages,Afro-Asiatic languages,Afro-Asiatic,Glottolog agreed,False,True,,,,,,Literary Aramaic Semitic language. ISO 639-5: sem.,Afro-Asiatic languages,preserve_reconciled,accepted,Preserves reconciled family label for analysis.,family_analysis_mapping_reviewed.csv
json_fallback_language,json:cop,REFERENCE_ONLY,,,,,cop,Coptic,cldr|iso639_2,cop,,,,,,,,,afa,Afro-Asiatic languages,Afro-Asiatic languages,Afro-Asiatic languages,Afro-Asiatic,Glottolog agreed,False,True,,,,,,Afro-Asiatic language descended from Ancient Egyptian. ISO 639-5: afa.,Afro-Asiatic languages,preserve_reconciled,accepted,Preserves reconciled family label for analysis.,family_analysis_mapping_reviewed.csv
json_fallback_language,json:gez,REFERENCE_ONLY,,,,,gez,Geez,cldr|iso639_2,gez,,,,,,,,,sem,Afro-Asiatic languages,Afro-Asiatic languages,Afro-Asiatic languages,Afro-Asiatic,Glottolog agreed,False,True,,,,,,Semitic liturgical language of Ethiopia/Eritrea. ISO 639-5: sem.,Afro-Asiatic languages,preserve_reconciled,accepted,Preserves reconciled family label for analysis.,family_analysis_mapping_reviewed.csv
json_fallback_language,json:apc,REFERENCE_ONLY,,,,,apc,Levantine Arabic,cldr,,,,,,,,,,sem,Afro-Asiatic languages,Afro-Asiatic languages,Afro-Asiatic languages,Afro-Asiatic,Glottolog agreed,False,True,,,,,,North Levantine Arabic variety. ISO 639-5: sem.,Afro-Asiatic languages,preserve_reconciled,accepted,Preserves reconciled family label for analysis.,family_analysis_mapping_reviewed.csv
json_fallback_language,json:maf,REFERENCE_ONLY,,,,,maf,Mafa,cldr,,,,,,,,,,cdc,Afro-Asiatic languages,Afro-Asiatic languages,Afro-Asiatic languages,Afro-Asiatic,Glottolog agreed,False,True,,,,,,Chadic Afro-Asiatic language of northern Cameroon/Nigeria. ISO 639-5: cdc.,Afro-Asiatic languages,preserve_reconciled,accepted,Preserves reconciled family label for analysis.,family_analysis_mapping_reviewed.csv
json_fallback_language,json:ary,REFERENCE_ONLY,,,,,ary,Moroccan Arabic,cldr,,,,,,,,,,sem,Afro-Asiatic languages,Afro-Asiatic languages,Afro-Asiatic languages,Afro-Asiatic,Glottolog agreed,False,True,,,,,,Maghrebi Arabic variety of Morocco. ISO 639-5: sem.,Afro-Asiatic languages,preserve_reconciled,accepted,Preserves reconciled family label for analysis.,family_analysis_mapping_reviewed.csv
json_fallback_language,json:ars,REFERENCE_ONLY,,,,,ars,Najdi Arabic,cldr,,,,,,,,,,sem,Afro-Asiatic languages,Afro-Asiatic languages,Afro-Asiatic languages,Afro-Asiatic,Glottolog agreed,False,True,,,,,,Central Arabian dialect. ISO 639-5: sem.,Afro-Asiatic languages,preserve_reconciled,accepted,Preserves reconciled family label for analysis.,family_analysis_mapping_reviewed.csv
json_fallback_language,json:phn,REFERENCE_ONLY,,,,,phn,Phoenician,cldr|iso639_2,phn,,,,,,,,,sem,Afro-Asiatic languages,Afro-Asiatic languages,Afro-Asiatic languages,Afro-Asiatic,Glottolog agreed,False,True,,,,,,Extinct Northwest Semitic language of the ancient Levant. ISO 639-5: sem.,Afro-Asiatic languages,preserve_reconciled,accepted,Preserves reconciled family label for analysis.,family_analysis_mapping_reviewed.csv
json_fallback_language,json:rif,REFERENCE_ONLY,,,,,rif,Riffian,cldr,,,,,,,,,,ber,Afro-Asiatic languages,Afro-Asiatic languages,Afro-Asiatic languages,Afro-Asiatic,Glottolog agreed,False,True,,,,,,Berber language of northern Morocco. ISO 639-5: ber.,Afro-Asiatic languages,preserve_reconciled,accepted,Preserves reconciled family label for analysis.,family_analysis_mapping_reviewed.csv
json_fallback_language,json:xsa,REFERENCE_ONLY,,,,,xsa,Sabaean,cldr,,,,,,,,,,sem,Afro-Asiatic languages,Afro-Asiatic languages,Afro-Asiatic languages,Afro-Asiatic,Glottolog agreed,False,True,,,,,,Extinct South Semitic language of ancient Yemen. ISO 639-5: sem.,Afro-Asiatic languages,preserve_reconciled,accepted,Preserves reconciled family label for analysis.,family_analysis_mapping_reviewed.csv
json_fallback_language,json:ssy,REFERENCE_ONLY,,,,,ssy,Saho,cldr,,,,,,,,,,cus,Afro-Asiatic languages,Afro-Asiatic languages,Afro-Asiatic languages,Afro-Asiatic,Glottolog agreed,False,True,,,,,,Cushitic language of Eritrea/Ethiopia. ISO 639-5: cus.,Afro-Asiatic languages,preserve_reconciled,accepted,Preserves reconciled family label for analysis.,family_analysis_mapping_reviewed.csv
json_fallback_language,json:sid,REFERENCE_ONLY,,,,,sid,Sidamo,cldr|iso639_2,sid,,,,,,,,,cus,Afro-Asiatic languages,Afro-Asiatic languages,Afro-Asiatic languages,Afro-Asiatic,Glottolog agreed,False,True,,,,,,Highland East Cushitic language of Ethiopia. ISO 639-5: cus.,Afro-Asiatic languages,preserve_reconciled,accepted,Preserves reconciled family label for analysis.,family_analysis_mapping_reviewed.csv
json_fallback_language,json:shi,REFERENCE_ONLY,,,,,shi,Tachelhit,cldr,,,,,,,,,,ber,Afro-Asiatic languages,Afro-Asiatic languages,Afro-Asiatic languages,Afro-Asiatic,Glottolog agreed,False,True,,,,,,Berber language of the Souss-Massa region. ISO 639-5: ber.,Afro-Asiatic languages,preserve_reconciled,accepted,Preserves reconciled family label for analysis.,family_analysis_mapping_reviewed.csv
json_fallback_language,json:tig,REFERENCE_ONLY,,,,,tig,Tigre,cldr|iso639_2,tig,,,,,,,,,sem,Afro-Asiatic languages,Afro-Asiatic languages,Afro-Asiatic languages,Afro-Asiatic,Glottolog agreed,False,True,,,,,,Semitic language of Eritrea. ISO 639-5: sem.,Afro-Asiatic languages,preserve_reconciled,accepted,Preserves reconciled family label for analysis.,family_analysis_mapping_reviewed.csv
json_fallback_language,json:aeb,REFERENCE_ONLY,,,,,aeb,Tunisian Arabic,cldr,,,,,,,,,,sem,Afro-Asiatic languages,Afro-Asiatic languages,Afro-Asiatic languages,Afro-Asiatic,Glottolog agreed,False,True,,,,,,Maghrebi Arabic variety of Tunisia. ISO 639-5: sem.,Afro-Asiatic languages,preserve_reconciled,accepted,Preserves reconciled family label for analysis.,family_analysis_mapping_reviewed.csv
json_fallback_language,json:tru,REFERENCE_ONLY,,,,,tru,Turoyo,cldr,,,,,,,,,,sem,Afro-Asiatic languages,Afro-Asiatic languages,Afro-Asiatic languages,Afro-Asiatic,Glottolog agreed,False,True,,,,,,Eastern Aramaic Semitic language of southeastern Turkey. ISO 639-5: sem.,Afro-Asiatic languages,preserve_reconciled,accepted,Preserves reconciled family label for analysis.,family_analysis_mapping_reviewed.csv
json_fallback_language,json:uga,REFERENCE_ONLY,,,,,uga,Ugaritic,cldr|iso639_2,uga,,,,,,,,,sem,Afro-Asiatic languages,Afro-Asiatic languages,Afro-Asiatic languages,Afro-Asiatic,Glottolog agreed,False,True,,,,,,Extinct Northwest Semitic language of ancient Ugarit. ISO 639-5: sem.,Afro-Asiatic languages,preserve_reconciled,accepted,Preserves reconciled family label for analysis.,family_analysis_mapping_reviewed.csv
json_fallback_language,json:zen,REFERENCE_ONLY,,,,,zen,Zenaga,cldr|iso639_2,zen,,,,,,,,,ber,Afro-Asiatic languages,Afro-Asiatic languages,Afro-Asiatic languages,Afro-Asiatic,Glottolog agreed,False,True,,,,,,Berber language of Mauritania. ISO 639-5: ber.,Afro-Asiatic languages,preserve_reconciled,accepted,Preserves reconciled family label for analysis.,family_analysis_mapping_reviewed.csv
json_fallback_language,json:arp,REFERENCE_ONLY,,,,,arp,Arapaho,cldr|iso639_2,arp,,,,,,,,,alg,North American Indian languages,North American Indian languages,Algic,Algic,Glottolog reclassified,True,True,,,,,,Algonquian language of the Great Plains. ISO 639-5: alg.,Algic,preserve_reconciled,accepted,Preserves reconciled family label for analysis.,family_analysis_mapping_reviewed.csv
json_fallback_language,json:atj,REFERENCE_ONLY,,,,,atj,Atikamekw,cldr,,,,,,,,,,alg,North American Indian languages,North American Indian languages,Algic,Algic,Glottolog reclassified,True,True,,,,,,Algonquian language of Quebec. ISO 639-5: alg.,Algic,preserve_reconciled,accepted,Preserves reconciled family label for analysis.,family_analysis_mapping_reviewed.csv
json_fallback_language,json:moe,REFERENCE_ONLY,,,,,moe,Innu-aimun,cldr,,,,,,,,,,alg,North American Indian languages,North American Indian languages,Algic,Algic,Glottolog reclassified,True,True,,,,,,Algonquian language of Quebec/Labrador. ISO 639-5: alg.,Algic,preserve_reconciled,accepted,Preserves reconciled family label for analysis.,family_analysis_mapping_reviewed.csv
json_fallback_language,json:pqm,REFERENCE_ONLY,,,,,pqm,Maliseet-Passamaquoddy,cldr,,,,,,,,,,alg,North American Indian languages,North American Indian languages,Algic,Algic,Glottolog reclassified,True,True,,,,,,Algonquian language of New Brunswick/Maine. ISO 639-5: alg.,Algic,preserve_reconciled,accepted,Preserves reconciled family label for analysis.,family_analysis_mapping_reviewed.csv
json_fallback_language,json:mic,REFERENCE_ONLY,,,,,mic,Mi'kmaw,cldr|iso639_2,mic,,,,,,,,,alg,North American Indian languages,North American Indian languages,Algic,Algic,Glottolog reclassified,True,True,,,,,,Algonquian language of the Maritime provinces. ISO 639-5: alg.,Algic,preserve_reconciled,accepted,Preserves reconciled family label for analysis.,family_analysis_mapping_reviewed.csv
json_fallback_language,json:crg,REFERENCE_ONLY,,,,,crg,Michif,cldr,,,,,,,,,,alg,North American Indian languages,North American Indian languages,Algic,Algic,Glottolog reclassified,True,True,,,,,,Mixed Cree-French language of the Métis (crp also applicable). ISO 639-5: alg.,Algic,preserve_reconciled,accepted,Preserves reconciled family label for analysis.,family_analysis_mapping_reviewed.csv
json_fallback_language,json:crm,REFERENCE_ONLY,,,,,crm,Moose Cree,cldr,,,,,,,,,,alg,North American Indian languages,North American Indian languages,Algic,Algic,Glottolog reclassified,True,True,,,,,,Algonquian language of Ontario. ISO 639-5: alg.,Algic,preserve_reconciled,accepted,Preserves reconciled family label for analysis.,family_analysis_mapping_reviewed.csv
json_fallback_language,json:nsk,REFERENCE_ONLY,,,,,nsk,Naskapi,cldr,,,,,,,,,,alg,North American Indian languages,North American Indian languages,Algic,Algic,Glottolog reclassified,True,True,,,,,,Algonquian language of Quebec/Labrador. ISO 639-5: alg.,Algic,preserve_reconciled,accepted,Preserves reconciled family label for analysis.,family_analysis_mapping_reviewed.csv
json_fallback_language,json:crl,REFERENCE_ONLY,,,,,crl,Northern East Cree,cldr,,,,,,,,,,alg,North American Indian languages,North American Indian languages,Algic,Algic,Glottolog reclassified,True,True,,,,,,Algonquian language of Quebec. ISO 639-5: alg.,Algic,preserve_reconciled,accepted,Preserves reconciled family label for analysis.,family_analysis_mapping_reviewed.csv
json_fallback_language,json:ojs,REFERENCE_ONLY,,,,,ojs,Oji-Cree,cldr,,,,,,,,,,alg,North American Indian languages,North American Indian languages,Algic,Algic,Glottolog reclassified,True,True,,,,,,Mixed Oji-Cree Algonquian language. ISO 639-5: alg.,Algic,preserve_reconciled,accepted,Preserves reconciled family label for analysis.,family_analysis_mapping_reviewed.csv
json_fallback_language,json:crk,REFERENCE_ONLY,,,,,crk,Plains Cree,cldr,,,,,,,,,,alg,North American Indian languages,North American Indian languages,Algic,Algic,Glottolog reclassified,True,True,,,,,,Algonquian language of the Canadian Plains. ISO 639-5: alg.,Algic,preserve_reconciled,accepted,Preserves reconciled family label for analysis.,family_analysis_mapping_reviewed.csv
json_fallback_language,json:bla,REFERENCE_ONLY,,,,,bla,Siksiká,cldr|iso639_2,bla,,,,,,,,,alg,North American Indian languages,North American Indian languages,Algic,Algic,Glottolog reclassified,True,True,,,,,,Algonquian (Blackfoot) language of Canada. ISO 639-5: alg.,Algic,preserve_reconciled,accepted,Preserves reconciled family label for analysis.,family_analysis_mapping_reviewed.csv
json_fallback_language,json:crj,REFERENCE_ONLY,,,,,crj,Southern East Cree,cldr,,,,,,,,,,alg,North American Indian languages,North American Indian languages,Algic,Algic,Glottolog reclassified,True,True,,,,,,Algonquian (Cree) language of Quebec. ISO 639-5: alg.,Algic,preserve_reconciled,accepted,Preserves reconciled family label for analysis.,family_analysis_mapping_reviewed.csv
json_fallback_language,json:csw,REFERENCE_ONLY,,,,,csw,Swampy Cree,cldr,,,,,,,,,,alg,North American Indian languages,North American Indian languages,Algic,Algic,Glottolog reclassified,True,True,,,,,,Algonquian language of the Hudson Bay Lowlands. ISO 639-5: alg.,Algic,preserve_reconciled,accepted,Preserves reconciled family label for analysis.,family_analysis_mapping_reviewed.csv
json_fallback_language,json:ojw,REFERENCE_ONLY,,,,,ojw,Western Ojibwa,cldr,,,,,,,,,,alg,North American Indian languages,North American Indian languages,Algic,Algic,Glottolog reclassified,True,True,,,,,,Algonquian language of Manitoba. ISO 639-5: alg.,Algic,preserve_reconciled,accepted,Preserves reconciled family label for analysis.,family_analysis_mapping_reviewed.csv
json_fallback_language,json:arn,REFERENCE_ONLY,,,,,arn,Mapuche,cldr|iso639_2,arn,,,,,,,,,sai,South American Indian languages,South American Indian languages,Araucanian,Araucanian,Glottolog reclassified,True,True,,,,,,Language isolate of Chile/Argentina. ISO 639-5: sai.,Araucanian,preserve_reconciled,accepted,Preserves reconciled family label for analysis.,family_analysis_mapping_reviewed.csv
json_fallback_language,json:arw,REFERENCE_ONLY,,,,,arw,Arawak,cldr|iso639_2,arw,,,,,,,,,sai,South American Indian languages,South American Indian languages,Arawakan,Arawakan,Glottolog reclassified,True,True,,,,,,Arawakan language of Venezuela/Suriname. ISO 639-5: sai.,Arawakan,preserve_reconciled,accepted,Preserves reconciled family label for analysis.,family_analysis_mapping_reviewed.csv
json_fallback_language,json:ter,REFERENCE_ONLY,,,,,ter,Tereno,cldr|iso639_2,ter,,,,,,,,,sai,South American Indian languages,South American Indian languages,Arawakan,Arawakan,Glottolog reclassified,True,True,,,,,,"Arawakan language of Mato Grosso do Sul, Brazil. ISO 639-5: sai.",Arawakan,preserve_reconciled,accepted,Preserves reconciled family label for analysis.,family_analysis_mapping_reviewed.csv
json_fallback_language,json:guc,REFERENCE_ONLY,,,,,guc,Wayuu,cldr,,,,,,,,,,sai,South American Indian languages,South American Indian languages,Arawakan,Arawakan,Glottolog reclassified,True,True,,,,,,Arawakan language of Colombia/Venezuela. ISO 639-5: sai.,Arawakan,preserve_reconciled,accepted,Preserves reconciled family label for analysis.,family_analysis_mapping_reviewed.csv
json_fallback_language,json:afh,REFERENCE_ONLY,,,,,afh,Afrihili,loc_only,afh,,,,,,,,,art,Artificial languages,Artificial languages,Artificial languages,Artificial Language,Glottolog agreed,False,True,,,,,,Constructed pan-African auxiliary language. ISO 639-5: art.,Artificial languages,retain_special_category,accepted,Special comparison category retained as its own visible analysis label.,family_analysis_mapping_reviewed.csv
json_fallback_language,json:zbl,REFERENCE_ONLY,,,,,zbl,Blissymbols,loc_only,zbl,,,,,,,,,art,Artificial languages,Artificial languages,Artificial languages,Artificial Language,Glottolog agreed,False,True,,,,,,Graphical symbol-based communication system. ISO 639-5: art.,Artificial languages,retain_special_category,accepted,Special comparison category retained as its own visible analysis label.,family_analysis_mapping_reviewed.csv
json_fallback_language,json:avk,REFERENCE_ONLY,,,,,avk,Kotava,cldr,,,,,,,,,,art,Artificial languages,Artificial languages,Artificial languages,Artificial Language,Glottolog agreed,False,True,,,,,,Constructed international auxiliary language. ISO 639-5: art.,Artificial languages,retain_special_category,accepted,Special comparison category retained as its own visible analysis label.,family_analysis_mapping_reviewed.csv
json_fallback_language,json:lfn,REFERENCE_ONLY,,,,,lfn,Lingua Franca Nova,cldr,,,,,,,,,,art,Artificial languages,Artificial languages,Artificial languages,Artificial Language,Glottolog agreed,False,True,,,,,,Constructed Romance-based auxiliary language. ISO 639-5: art.,Artificial languages,retain_special_category,accepted,Special comparison category retained as its own visible analysis label.,family_analysis_mapping_reviewed.csv
json_fallback_language,json:nov,REFERENCE_ONLY,,,,,nov,Novial,cldr,,,,,,,,,,art,Artificial languages,Artificial languages,Artificial languages,Artificial Language,Glottolog agreed,False,True,,,,,,Constructed international auxiliary language by Otto Jespersen. ISO 639-5: art.,Artificial languages,retain_special_category,accepted,Special comparison category retained as its own visible analysis label.,family_analysis_mapping_reviewed.csv
json_fallback_language,json:tok,REFERENCE_ONLY,,,,,tok,Toki Pona,cldr,,,,,,,,,,art,Artificial languages,Artificial languages,Artificial languages,Artificial Language,Glottolog agreed,False,True,,,,,,Constructed minimalist language. ISO 639-5: art.,Artificial languages,retain_special_category,accepted,Special comparison category retained as its own visible analysis label.,family_analysis_mapping_reviewed.csv
json_fallback_language,json:clc,REFERENCE_ONLY,,,,,clc,Chilcotin,cldr,,,,,,,,,,nai,North American Indian languages,North American Indian languages,Athabaskan-Eyak-Tlingit,Athabaskan-Eyak-Tlingit,Glottolog reclassified,True,True,,,,,,Athabaskan language of British Columbia. ISO 639-5: nai.,Athabaskan-Eyak-Tlingit,preserve_reconciled,accepted,Preserves reconciled family label for analysis.,family_analysis_mapping_reviewed.csv
json_fallback_language,json:chp,REFERENCE_ONLY,,,,,chp,Chipewyan,cldr|iso639_2,chp,,,,,,,,,nai,North American Indian languages,North American Indian languages,Athabaskan-Eyak-Tlingit,Athabaskan-Eyak-Tlingit,Glottolog reclassified,True,True,,,,,,Athabaskan language of the Northwest Territories. ISO 639-5: nai.,Athabaskan-Eyak-Tlingit,preserve_reconciled,accepted,Preserves reconciled family label for analysis.,family_analysis_mapping_reviewed.csv
json_fallback_language,json:dgr,REFERENCE_ONLY,,,,,dgr,Dogrib,cldr|iso639_2,dgr,,,,,,,,,nai,North American Indian languages,North American Indian languages,Athabaskan-Eyak-Tlingit,Athabaskan-Eyak-Tlingit,Glottolog reclassified,True,True,,,,,,Athabaskan language of the Northwest Territories. ISO 639-5: nai.,Athabaskan-Eyak-Tlingit,preserve_reconciled,accepted,Preserves reconciled family label for analysis.,family_analysis_mapping_reviewed.csv
json_fallback_language,json:gwi,REFERENCE_ONLY,,,,,gwi,Gwichʼin,cldr|iso639_2,gwi,,,,,,,,,nai,North American Indian languages,North American Indian languages,Athabaskan-Eyak-Tlingit,Athabaskan-Eyak-Tlingit,Glottolog reclassified,True,True,,,,,,Athabaskan language of the Yukon/Alaska. ISO 639-5: nai.,Athabaskan-Eyak-Tlingit,preserve_reconciled,accepted,Preserves reconciled family label for analysis.,family_analysis_mapping_reviewed.csv
json_fallback_language,json:hup,REFERENCE_ONLY,,,,,hup,Hupa,cldr|iso639_2,hup,,,,,,,,,nai,North American Indian languages,North American Indian languages,Athabaskan-Eyak-Tlingit,Athabaskan-Eyak-Tlingit,Glottolog reclassified,True,True,,,,,,Athabaskan language of northwestern California. ISO 639-5: nai.,Athabaskan-Eyak-Tlingit,preserve_reconciled,accepted,Preserves reconciled family label for analysis.,family_analysis_mapping_reviewed.csv
json_fallback_language,json:scs,REFERENCE_ONLY,,,,,scs,North Slavey,cldr,,,,,,,,,,nai,North American Indian languages,North American Indian languages,Athabaskan-Eyak-Tlingit,Athabaskan-Eyak-Tlingit,Glottolog reclassified,True,True,,,,,,Athabaskan language of the Northwest Territories. ISO 639-5: nai.,Athabaskan-Eyak-Tlingit,preserve_reconciled,accepted,Preserves reconciled family label for analysis.,family_analysis_mapping_reviewed.csv
json_fallback_language,json:tli,REFERENCE_ONLY,,,,,tli,Tlingit,cldr|iso639_2,tli,,,,,,,,,nai,North American Indian languages,North American Indian languages,Athabaskan-Eyak-Tlingit,Athabaskan-Eyak-Tlingit,Glottolog reclassified,True,True,,,,,,Na-Dene language of Alaska/Yukon. ISO 639-5: nai.,Athabaskan-Eyak-Tlingit,preserve_reconciled,accepted,Preserves reconciled family label for analysis.,family_analysis_mapping_reviewed.csv
json_fallback_language,json:abr,REFERENCE_ONLY,,,,,abr,Abron,cldr,,,,,,,,,,nic,Niger-Kordofanian languages,Niger-Kordofanian languages,Atlantic-Congo,Atlantic-Congo,Glottolog reclassified,True,True,,,,,,Kwa (Niger-Congo) language of Ghana/Côte d'Ivoire. ISO 639-5: nic.,Atlantic-Congo,preserve_reconciled,accepted,Preserves reconciled family label for analysis.,family_analysis_mapping_reviewed.csv
json_fallback_language,json:ada,REFERENCE_ONLY,,,,,ada,Adangme,cldr|iso639_2,ada,,,,,,,,,nic,Niger-Kordofanian languages,Niger-Kordofanian languages,Atlantic-Congo,Atlantic-Congo,Glottolog reclassified,True,True,,,,,,Kwa (Niger-Congo) language of Ghana. ISO 639-5: nic.,Atlantic-Congo,preserve_reconciled,accepted,Preserves reconciled family label for analysis.,family_analysis_mapping_reviewed.csv
json_fallback_language,json:agq,REFERENCE_ONLY,,,,,agq,Aghem,cldr,,,,,,,,,,nic,Niger-Kordofanian languages,Niger-Kordofanian languages,Atlantic-Congo,Atlantic-Congo,Glottolog reclassified,True,True,,,,,,Grassfields Bantu language of Cameroon. ISO 639-5: nic.,Atlantic-Congo,preserve_reconciled,accepted,Preserves reconciled family label for analysis.,family_analysis_mapping_reviewed.csv
json_fallback_language,json:bss,REFERENCE_ONLY,,,,,bss,Akoose,cldr,,,,,,,,,,nic,Niger-Kordofanian languages,Niger-Kordofanian languages,Atlantic-Congo,Atlantic-Congo,Glottolog reclassified,True,True,,,,,,Bantu language of Cameroon. ISO 639-5: bnt.,Atlantic-Congo,preserve_reconciled,accepted,Preserves reconciled family label for analysis.,family_analysis_mapping_reviewed.csv
json_fallback_language,json:amo,REFERENCE_ONLY,,,,,amo,Amo,cldr,,,,,,,,,,nic,Niger-Kordofanian languages,Niger-Kordofanian languages,Atlantic-Congo,Atlantic-Congo,Glottolog reclassified,True,True,,,,,,Plateau Niger-Congo language of Nigeria. ISO 639-5: nic.,Atlantic-Congo,preserve_reconciled,accepted,Preserves reconciled family label for analysis.,family_analysis_mapping_reviewed.csv
json_fallback_language,json:blo,REFERENCE_ONLY,,,,,blo,Anii,cldr,,,,,,,,,,nic,Niger-Kordofanian languages,Niger-Kordofanian languages,Atlantic-Congo,Atlantic-Congo,Glottolog reclassified,True,True,,,,,,Kwa (Niger-Congo) language of Togo/Benin. ISO 639-5: nic.,Atlantic-Congo,preserve_reconciled,accepted,Preserves reconciled family label for analysis.,family_analysis_mapping_reviewed.csv
json_fallback_language,json:asa,REFERENCE_ONLY,,,,,asa,Asu,cldr,,,,,,,,,,bnt,Niger-Kordofanian languages,Niger-Kordofanian languages,Atlantic-Congo,Atlantic-Congo,Glottolog reclassified,True,True,,,,,,Bantu language of Tanzania. ISO 639-5: bnt.,Atlantic-Congo,preserve_reconciled,accepted,Preserves reconciled family label for analysis.,family_analysis_mapping_reviewed.csv
json_fallback_language,json:cch,REFERENCE_ONLY,,,,,cch,Atsam,cldr,,,,,,,,,,nic,Niger-Kordofanian languages,Niger-Kordofanian languages,Atlantic-Congo,Atlantic-Congo,Glottolog reclassified,True,True,,,,,,Plateau Niger-Congo language of Nigeria. ISO 639-5: nic.,Atlantic-Congo,preserve_reconciled,accepted,Preserves reconciled family label for analysis.,family_analysis_mapping_reviewed.csv
json_fallback_language,json:ksf,REFERENCE_ONLY,,,,,ksf,Bafia,cldr,,,,,,,,,,nic,Niger-Kordofanian languages,Niger-Kordofanian languages,Atlantic-Congo,Atlantic-Congo,Glottolog reclassified,True,True,,,,,,Bantu language of Cameroon. ISO 639-5: bnt.,Atlantic-Congo,preserve_reconciled,accepted,Preserves reconciled family label for analysis.,family_analysis_mapping_reviewed.csv
json_fallback_language,json:bfd,REFERENCE_ONLY,,,,,bfd,Bafut,cldr,,,,,,,,,,nic,Niger-Kordofanian languages,Niger-Kordofanian languages,Atlantic-Congo,Atlantic-Congo,Glottolog reclassified,True,True,,,,,,Grassfields Bantu language of Cameroon. ISO 639-5: nic.,Atlantic-Congo,preserve_reconciled,accepted,Preserves reconciled family label for analysis.,family_analysis_mapping_reviewed.csv
json_fallback_language,json:bax,REFERENCE_ONLY,,,,,bax,Bamun,cldr,,,,,,,,,,nic,Niger-Kordofanian languages,Niger-Kordofanian languages,Atlantic-Congo,Atlantic-Congo,Glottolog reclassified,True,True,,,,,,Grassfields Bantu language of Cameroon. ISO 639-5: nic.,Atlantic-Congo,preserve_reconciled,accepted,Preserves reconciled family label for analysis.,family_analysis_mapping_reviewed.csv
json_fallback_language,json:bci,REFERENCE_ONLY,,,,,bci,Baoulé,cldr,,,,,,,,,,nic,Niger-Kordofanian languages,Niger-Kordofanian languages,Atlantic-Congo,Atlantic-Congo,Glottolog reclassified,True,True,,,,,,Kwa (Niger-Congo) language of Côte d'Ivoire. ISO 639-5: nic.,Atlantic-Congo,preserve_reconciled,accepted,Preserves reconciled family label for analysis.,family_analysis_mapping_reviewed.csv
json_fallback_language,json:bas,REFERENCE_ONLY,,,,,bas,Basaa,cldr|iso639_2,bas,,,,,,,,,bnt,Niger-Kordofanian languages,Niger-Kordofanian languages,Atlantic-Congo,Atlantic-Congo,Glottolog reclassified,True,True,,,,,,Bantu language of Cameroon. ISO 639-5: bnt.,Atlantic-Congo,preserve_reconciled,accepted,Preserves reconciled family label for analysis.,family_analysis_mapping_reviewed.csv
json_fallback_language,json:bem,REFERENCE_ONLY,,,,,bem,Bemba,cldr|iso639_2,bem,,,,,,,,,bnt,Niger-Kordofanian languages,Niger-Kordofanian languages,Atlantic-Congo,Atlantic-Congo,Glottolog reclassified,True,True,,,,,,Bantu language of Zambia. ISO 639-5: bnt.,Atlantic-Congo,preserve_reconciled,accepted,Preserves reconciled family label for analysis.,family_analysis_mapping_reviewed.csv
json_fallback_language,json:bez,REFERENCE_ONLY,,,,,bez,Bena,cldr,,,,,,,,,,bnt,Niger-Kordofanian languages,Niger-Kordofanian languages,Atlantic-Congo,Atlantic-Congo,Glottolog reclassified,True,True,,,,,,Bantu language of Tanzania. ISO 639-5: bnt.,Atlantic-Congo,preserve_reconciled,accepted,Preserves reconciled family label for analysis.,family_analysis_mapping_reviewed.csv
json_fallback_language,json:bin,REFERENCE_ONLY,,,,,bin,Bini,cldr|iso639_2,bin,,,,,,,,,nic,Niger-Kordofanian languages,Niger-Kordofanian languages,Atlantic-Congo,Atlantic-Congo,Glottolog reclassified,True,True,,,,,,Edoid Niger-Congo language of Nigeria. ISO 639-5: nic.,Atlantic-Congo,preserve_reconciled,accepted,Preserves reconciled family label for analysis.,family_analysis_mapping_reviewed.csv
json_fallback_language,json:bmq,REFERENCE_ONLY,,,,,bmq,Bomu,cldr,,,,,,,,,,nic,Niger-Kordofanian languages,Niger-Kordofanian languages,Atlantic-Congo,Atlantic-Congo,Glottolog reclassified,True,True,,,,,,Gur (Voltaic) Niger-Congo language of Mali/Burkina Faso. ISO 639-5: nic.,Atlantic-Congo,preserve_reconciled,accepted,Preserves reconciled family label for analysis.,family_analysis_mapping_reviewed.csv
json_fallback_language,json:bvb,REFERENCE_ONLY,,,,,bvb,Bube,cldr,,,,,,,,,,bnt,Niger-Kordofanian languages,Niger-Kordofanian languages,Atlantic-Congo,Atlantic-Congo,Glottolog reclassified,True,True,,,,,,"Bantu language of Bioko Island, Equatorial Guinea. ISO 639-5: bnt.",Atlantic-Congo,preserve_reconciled,accepted,Preserves reconciled family label for analysis.,family_analysis_mapping_reviewed.csv
json_fallback_language,json:bum,REFERENCE_ONLY,,,,,bum,Bulu,cldr,,,,,,,,,,bnt,Niger-Kordofanian languages,Niger-Kordofanian languages,Atlantic-Congo,Atlantic-Congo,Glottolog reclassified,True,True,,,,,,Bantu language of Cameroon. ISO 639-5: bnt.,Atlantic-Congo,preserve_reconciled,accepted,Preserves reconciled family label for analysis.,family_analysis_mapping_reviewed.csv
json_fallback_language,json:sef,REFERENCE_ONLY,,,,,sef,Cebaara Senoufo,cldr,,,,,,,,,,nic,Niger-Kordofanian languages,Niger-Kordofanian languages,Atlantic-Congo,Atlantic-Congo,Glottolog reclassified,True,True,,,,,,Gur (Senufo) Niger-Congo language of Côte d'Ivoire. ISO 639-5: nic.,Atlantic-Congo,preserve_reconciled,accepted,Preserves reconciled family label for analysis.,family_analysis_mapping_reviewed.csv
json_fallback_language,json:fuq,REFERENCE_ONLY,,,,,fuq,Central-Eastern Niger Fulfulde,cldr,,,,,,,,,,nic,Niger-Kordofanian languages,Niger-Kordofanian languages,Atlantic-Congo,Atlantic-Congo,Glottolog reclassified,True,True,,,,,,Atlantic Niger-Congo language of Niger. ISO 639-5: nic.,Atlantic-Congo,preserve_reconciled,accepted,Preserves reconciled family label for analysis.,family_analysis_mapping_reviewed.csv
json_fallback_language,json:cgg,REFERENCE_ONLY,,,,,cgg,Chiga,cldr,,,,,,,,,,bnt,Niger-Kordofanian languages,Niger-Kordofanian languages,Atlantic-Congo,Atlantic-Congo,Glottolog reclassified,True,True,,,,,,Bantu language of Uganda. ISO 639-5: bnt.,Atlantic-Congo,preserve_reconciled,accepted,Preserves reconciled family label for analysis.,family_analysis_mapping_reviewed.csv
json_fallback_language,json:swb,REFERENCE_ONLY,,,,,swb,Comorian,cldr,,,,,,,,,,bnt,Niger-Kordofanian languages,Niger-Kordofanian languages,Atlantic-Congo,Atlantic-Congo,Glottolog reclassified,True,True,,,,,,Bantu language of the Comoros. ISO 639-5: bnt.,Atlantic-Congo,preserve_reconciled,accepted,Preserves reconciled family label for analysis.,family_analysis_mapping_reviewed.csv
json_fallback_language,json:dua,REFERENCE_ONLY,,,,,dua,Duala,cldr|iso639_2,dua,,,,,,,,,bnt,Niger-Kordofanian languages,Niger-Kordofanian languages,Atlantic-Congo,Atlantic-Congo,Glottolog reclassified,True,True,,,,,,Bantu language of Cameroon. ISO 639-5: bnt.,Atlantic-Congo,preserve_reconciled,accepted,Preserves reconciled family label for analysis.,family_analysis_mapping_reviewed.csv
json_fallback_language,json:efi,REFERENCE_ONLY,,,,,efi,Efik,cldr|iso639_2,efi,,,,,,,,,nic,Niger-Kordofanian languages,Niger-Kordofanian languages,Atlantic-Congo,Atlantic-Congo,Glottolog reclassified,True,True,,,,,,Cross River Niger-Congo language of Nigeria. ISO 639-5: nic.,Atlantic-Congo,preserve_reconciled,accepted,Preserves reconciled family label for analysis.,family_analysis_mapping_reviewed.csv
json_fallback_language,json:eka,REFERENCE_ONLY,,,,,eka,Ekajuk,cldr|iso639_2,eka,,,,,,,,,nic,Niger-Kordofanian languages,Niger-Kordofanian languages,Atlantic-Congo,Atlantic-Congo,Glottolog reclassified,True,True,,,,,,Cross River Niger-Congo language of Nigeria/Cameroon. ISO 639-5: nic.,Atlantic-Congo,preserve_reconciled,accepted,Preserves reconciled family label for analysis.,family_analysis_mapping_reviewed.csv
json_fallback_language,json:ebu,REFERENCE_ONLY,,,,,ebu,Embu,cldr,,,,,,,,,,bnt,Niger-Kordofanian languages,Niger-Kordofanian languages,Atlantic-Congo,Atlantic-Congo,Glottolog reclassified,True,True,,,,,,Bantu language of Kenya. ISO 639-5: bnt.,Atlantic-Congo,preserve_reconciled,accepted,Preserves reconciled family label for analysis.,family_analysis_mapping_reviewed.csv
json_fallback_language,json:ewo,REFERENCE_ONLY,,,,,ewo,Ewondo,cldr|iso639_2,ewo,,,,,,,,,nic,Niger-Kordofanian languages,Niger-Kordofanian languages,Atlantic-Congo,Atlantic-Congo,Glottolog reclassified,True,True,,,,,,Bantu language of Cameroon. ISO 639-5: bnt.,Atlantic-Congo,preserve_reconciled,accepted,Preserves reconciled family label for analysis.,family_analysis_mapping_reviewed.csv
json_fallback_language,json:fan,REFERENCE_ONLY,,,,,fan,Fang,cldr|iso639_2,fan,,,,,,,,,nic,Niger-Kordofanian languages,Niger-Kordofanian languages,Atlantic-Congo,Atlantic-Congo,Glottolog reclassified,True,True,,,,,,Bantu language of Cameroon/Gabon/Equatorial Guinea. ISO 639-5: bnt.,Atlantic-Congo,preserve_reconciled,accepted,Preserves reconciled family label for analysis.,family_analysis_mapping_reviewed.csv
json_fallback_language,json:fon,REFERENCE_ONLY,,,,,fon,Fon,cldr|iso639_2,fon,,,,,,,,,nic,Niger-Kordofanian languages,Niger-Kordofanian languages,Atlantic-Congo,Atlantic-Congo,Glottolog reclassified,True,True,,,,,,Gbe Kwa language of Benin. ISO 639-5: nic.,Atlantic-Congo,preserve_reconciled,accepted,Preserves reconciled family label for analysis.,family_analysis_mapping_reviewed.csv
json_fallback_language,json:gur,REFERENCE_ONLY,,,,,gur,Frafra,cldr,,,,,,,,,,nic,Niger-Kordofanian languages,Niger-Kordofanian languages,Atlantic-Congo,Atlantic-Congo,Glottolog reclassified,True,True,,,,,,Gur (Moore-Grussi) Niger-Congo language of Ghana/Burkina Faso. ISO 639-5: nic.,Atlantic-Congo,preserve_reconciled,accepted,Preserves reconciled family label for analysis.,family_analysis_mapping_reviewed.csv
json_fallback_language,json:gaa,REFERENCE_ONLY,,,,,gaa,Ga,cldr|iso639_2,gaa,,,,,,,,,nic,Niger-Kordofanian languages,Niger-Kordofanian languages,Atlantic-Congo,Atlantic-Congo,Glottolog reclassified,True,True,,,,,,Kwa Niger-Congo language of Ghana. ISO 639-5: nic.,Atlantic-Congo,preserve_reconciled,accepted,Preserves reconciled family label for analysis.,family_analysis_mapping_reviewed.csv
json_fallback_language,json:bbj,REFERENCE_ONLY,,,,,bbj,Ghomala,cldr,,,,,,,,,,nic,Niger-Kordofanian languages,Niger-Kordofanian languages,Atlantic-Congo,Atlantic-Congo,Glottolog reclassified,True,True,,,,,,Grassfields Bantu language of Cameroon. ISO 639-5: nic.,Atlantic-Congo,preserve_reconciled,accepted,Preserves reconciled family label for analysis.,family_analysis_mapping_reviewed.csv
json_fallback_language,json:guz,REFERENCE_ONLY,,,,,guz,Gusii,cldr,,,,,,,,,,bnt,Niger-Kordofanian languages,Niger-Kordofanian languages,Atlantic-Congo,Atlantic-Congo,Glottolog reclassified,True,True,,,,,,Bantu language of western Kenya. ISO 639-5: bnt.,Atlantic-Congo,preserve_reconciled,accepted,Preserves reconciled family label for analysis.,family_analysis_mapping_reviewed.csv
json_fallback_language,json:hz,REFERENCE_ONLY,,,,,hz,Herero,cldr|iso639_1|iso639_2|wikimedia,her,,,,,,,,,bnt,Niger-Kordofanian languages,Niger-Kordofanian languages,Atlantic-Congo,Atlantic-Congo,Glottolog reclassified,True,True,,,,,,"Herero (Otjiherero) is a Southern Bantu language of the Otjiherero-Himba group, spoken in Namibia and Botswana. ISO 639-5: bnt (Bantu languages) under nic (Niger-Kordofanian).",Atlantic-Congo,preserve_reconciled,accepted,Preserves reconciled family label for analysis.,family_analysis_mapping_reviewed.csv
json_fallback_language,json:ibb,REFERENCE_ONLY,,,,,ibb,Ibibio,cldr,,,,,,,,,,nic,Niger-Kordofanian languages,Niger-Kordofanian languages,Atlantic-Congo,Atlantic-Congo,Glottolog reclassified,True,True,,,,,,Cross River Niger-Congo language of Nigeria. ISO 639-5: nic.,Atlantic-Congo,preserve_reconciled,accepted,Preserves reconciled family label for analysis.,family_analysis_mapping_reviewed.csv
json_fallback_language,json:ife,REFERENCE_ONLY,,,,,ife,Ifè,cldr,,,,,,,,,,nic,Niger-Kordofanian languages,Niger-Kordofanian languages,Atlantic-Congo,Atlantic-Congo,Glottolog reclassified,True,True,,,,,,Yoruboid Kwa language of Togo/Benin. ISO 639-5: nic.,Atlantic-Congo,preserve_reconciled,accepted,Preserves reconciled family label for analysis.,family_analysis_mapping_reviewed.csv
json_fallback_language,json:kaj,REFERENCE_ONLY,,,,,kaj,Jju,cldr,,,,,,,,,,nic,Niger-Kordofanian languages,Niger-Kordofanian languages,Atlantic-Congo,Atlantic-Congo,Glottolog reclassified,True,True,,,,,,Plateau Niger-Congo language of Nigeria. ISO 639-5: nic.,Atlantic-Congo,preserve_reconciled,accepted,Preserves reconciled family label for analysis.,family_analysis_mapping_reviewed.csv
json_fallback_language,json:dyo,REFERENCE_ONLY,,,,,dyo,Jola-Fonyi,cldr,,,,,,,,,,nic,Niger-Kordofanian languages,Niger-Kordofanian languages,Atlantic-Congo,Atlantic-Congo,Glottolog reclassified,True,True,,,,,,Atlantic Niger-Congo language of Senegal. ISO 639-5: nic.,Atlantic-Congo,preserve_reconciled,accepted,Preserves reconciled family label for analysis.,family_analysis_mapping_reviewed.csv
json_fallback_language,json:kkj,REFERENCE_ONLY,,,,,kkj,Kako,cldr,,,,,,,,,,bnt,Niger-Kordofanian languages,Niger-Kordofanian languages,Atlantic-Congo,Atlantic-Congo,Glottolog reclassified,True,True,,,,,,Bantu language of Cameroon. ISO 639-5: bnt.,Atlantic-Congo,preserve_reconciled,accepted,Preserves reconciled family label for analysis.,family_analysis_mapping_reviewed.csv
json_fallback_language,json:kck,REFERENCE_ONLY,,,,,kck,Kalanga,cldr,,,,,,,,,,nic,Niger-Kordofanian languages,Niger-Kordofanian languages,Atlantic-Congo,Atlantic-Congo,Glottolog reclassified,True,True,,,,,,Bantu language of Zimbabwe/Botswana. ISO 639-5: bnt.,Atlantic-Congo,preserve_reconciled,accepted,Preserves reconciled family label for analysis.,family_analysis_mapping_reviewed.csv
json_fallback_language,json:kam,REFERENCE_ONLY,,,,,kam,Kamba,cldr|iso639_2,kam,,,,,,,,,bnt,Niger-Kordofanian languages,Niger-Kordofanian languages,Atlantic-Congo,Atlantic-Congo,Glottolog reclassified,True,True,,,,,,Bantu language of Kenya. ISO 639-5: bnt.,Atlantic-Congo,preserve_reconciled,accepted,Preserves reconciled family label for analysis.,family_analysis_mapping_reviewed.csv
json_fallback_language,json:ken,REFERENCE_ONLY,,,,,ken,Kenyang,cldr,,,,,,,,,,nic,Niger-Kordofanian languages,Niger-Kordofanian languages,Atlantic-Congo,Atlantic-Congo,Glottolog reclassified,True,True,,,,,,Bantu language of Cameroon. ISO 639-5: bnt.,Atlantic-Congo,preserve_reconciled,accepted,Preserves reconciled family label for analysis.,family_analysis_mapping_reviewed.csv
json_fallback_language,json:ki,REFERENCE_ONLY,,,,,ki,Kikuyu,cldr|iso639_1|iso639_2|wikimedia,kik,,,,,,,,,bnt,Niger-Kordofanian languages,Niger-Kordofanian languages,Atlantic-Congo,Atlantic-Congo,Glottolog reclassified,True,True,,,,,,"Kikuyu (Gĩkũyũ) is a Bantu language of the Central Kenya Bantu branch, the most widely spoken Bantu language in Kenya. ISO 639-5: bnt (Bantu languages).",Atlantic-Congo,preserve_reconciled,accepted,Preserves reconciled family label for analysis.,family_analysis_mapping_reviewed.csv
json_fallback_language,json:kmb,REFERENCE_ONLY,,,,,kmb,Kimbundu,cldr|iso639_2,kmb,,,,,,,,,bnt,Niger-Kordofanian languages,Niger-Kordofanian languages,Atlantic-Congo,Atlantic-Congo,Glottolog reclassified,True,True,,,,,,Bantu language of Angola. ISO 639-5: bnt.,Atlantic-Congo,preserve_reconciled,accepted,Preserves reconciled family label for analysis.,family_analysis_mapping_reviewed.csv
json_fallback_language,json:bkm,REFERENCE_ONLY,,,,,bkm,Kom,cldr,,,,,,,,,,nic,Niger-Kordofanian languages,Niger-Kordofanian languages,Atlantic-Congo,Atlantic-Congo,Glottolog reclassified,True,True,,,,,,Grassfields Bantu language of Cameroon. ISO 639-5: nic.,Atlantic-Congo,preserve_reconciled,accepted,Preserves reconciled family label for analysis.,family_analysis_mapping_reviewed.csv
json_fallback_language,json:bqv,REFERENCE_ONLY,,,,,bqv,Koro Wachi,cldr,,,,,,,,,,nic,Niger-Kordofanian languages,Niger-Kordofanian languages,Atlantic-Congo,Atlantic-Congo,Glottolog reclassified,True,True,,,,,,Niger-Congo language of Nigeria. ISO 639-5: nic.,Atlantic-Congo,preserve_reconciled,accepted,Preserves reconciled family label for analysis.,family_analysis_mapping_reviewed.csv
json_fallback_language,json:kj,REFERENCE_ONLY,,,,,kj,Kuanyama,cldr|iso639_1|iso639_2|wikimedia,kua,,,,,,,,,bnt,Niger-Kordofanian languages,Niger-Kordofanian languages,Atlantic-Congo,Atlantic-Congo,Glottolog reclassified,True,True,,,,,,"Kuanyama (Oshikwanyama) is a dialect of Oshiwambo, a Southern Bantu language spoken in Namibia and Angola. ISO 639-5: bnt (Bantu languages).",Atlantic-Congo,preserve_reconciled,accepted,Preserves reconciled family label for analysis.,family_analysis_mapping_reviewed.csv
json_fallback_language,json:nmg,REFERENCE_ONLY,,,,,nmg,Kwasio,cldr,,,,,,,,,,bnt,Niger-Kordofanian languages,Niger-Kordofanian languages,Atlantic-Congo,Atlantic-Congo,Glottolog reclassified,True,True,,,,,,Bantu language of Cameroon. ISO 639-5: bnt.,Atlantic-Congo,preserve_reconciled,accepted,Preserves reconciled family label for analysis.,family_analysis_mapping_reviewed.csv
json_fallback_language,json:lam,REFERENCE_ONLY,,,,,lam,Lamba,cldr|iso639_2,lam,,,,,,,,,bnt,Niger-Kordofanian languages,Niger-Kordofanian languages,Atlantic-Congo,Atlantic-Congo,Glottolog reclassified,True,True,,,,,,Bantu language of Zambia. ISO 639-5: bnt.,Atlantic-Congo,preserve_reconciled,accepted,Preserves reconciled family label for analysis.,family_analysis_mapping_reviewed.csv
json_fallback_language,json:lag,REFERENCE_ONLY,,,,,lag,Langi,cldr,,,,,,,,,,bnt,Niger-Kordofanian languages,Niger-Kordofanian languages,Atlantic-Congo,Atlantic-Congo,Glottolog reclassified,True,True,,,,,,Bantu language of Tanzania. ISO 639-5: bnt.,Atlantic-Congo,preserve_reconciled,accepted,Preserves reconciled family label for analysis.,family_analysis_mapping_reviewed.csv
json_fallback_language,json:lan,REFERENCE_ONLY,,,,,lan,Lango,wikimedia_only,,,,,,,,,,ssa,Nilo-Saharan languages,Nilo-Saharan languages,Atlantic-Congo,Atlantic-Congo,Glottolog reclassified,True,True,,,,,,Nilotic language of Uganda. ISO 639-5: ssa.,Atlantic-Congo,preserve_reconciled,accepted,Preserves reconciled family label for analysis.,family_analysis_mapping_reviewed.csv
json_fallback_language,json:ngl,REFERENCE_ONLY,,,,,ngl,Lomwe,cldr,,,,,,,,,,bnt,Niger-Kordofanian languages,Niger-Kordofanian languages,Atlantic-Congo,Atlantic-Congo,Glottolog reclassified,True,True,,,,,,Bantu language of Mozambique/Malawi. ISO 639-5: bnt.,Atlantic-Congo,preserve_reconciled,accepted,Preserves reconciled family label for analysis.,family_analysis_mapping_reviewed.csv
json_fallback_language,json:loz,REFERENCE_ONLY,,,,,loz,Lozi,cldr|iso639_2,loz,,,,,,,,,bnt,Niger-Kordofanian languages,Niger-Kordofanian languages,Atlantic-Congo,Atlantic-Congo,Glottolog reclassified,True,True,,,,,,Bantu language of Zambia. ISO 639-5: bnt.,Atlantic-Congo,preserve_reconciled,accepted,Preserves reconciled family label for analysis.,family_analysis_mapping_reviewed.csv
json_fallback_language,json:lu,REFERENCE_ONLY,,,,,lu,Luba-Katanga,cldr|iso639_1|iso639_2,lub,,,,,,,,,bnt,Niger-Kordofanian languages,Niger-Kordofanian languages,Atlantic-Congo,Atlantic-Congo,Glottolog reclassified,True,True,,,,,,"Luba-Katanga (Kiluba) is a Central Bantu language of the Benue-Congo branch, spoken in Katanga province of the DRC. ISO 639-5: bnt (Bantu languages).",Atlantic-Congo,preserve_reconciled,accepted,Preserves reconciled family label for analysis.,family_analysis_mapping_reviewed.csv
json_fallback_language,json:lua,REFERENCE_ONLY,,,,,lua,Luba-Lulua,cldr|iso639_2,lua,,,,,,,,,bnt,Niger-Kordofanian languages,Niger-Kordofanian languages,Atlantic-Congo,Atlantic-Congo,Glottolog reclassified,True,True,,,,,,Bantu language of the DRC. ISO 639-5: bnt.,Atlantic-Congo,preserve_reconciled,accepted,Preserves reconciled family label for analysis.,family_analysis_mapping_reviewed.csv
json_fallback_language,json:lun,REFERENCE_ONLY,,,,,lun,Lunda,cldr|iso639_2,lun,,,,,,,,,bnt,Niger-Kordofanian languages,Niger-Kordofanian languages,Atlantic-Congo,Atlantic-Congo,Glottolog reclassified,True,True,,,,,,Bantu language of Zambia/DRC. ISO 639-5: bnt.,Atlantic-Congo,preserve_reconciled,accepted,Preserves reconciled family label for analysis.,family_analysis_mapping_reviewed.csv
json_fallback_language,json:ffm,REFERENCE_ONLY,,,,,ffm,Maasina Fulfulde,cldr,,,,,,,,,,nic,Niger-Kordofanian languages,Niger-Kordofanian languages,Atlantic-Congo,Atlantic-Congo,Glottolog reclassified,True,True,,,,,,Atlantic Niger-Congo (Fula) language of Mali. ISO 639-5: nic.,Atlantic-Congo,preserve_reconciled,accepted,Preserves reconciled family label for analysis.,family_analysis_mapping_reviewed.csv
json_fallback_language,json:jmc,REFERENCE_ONLY,,,,,jmc,Machame,cldr,,,,,,,,,,bnt,Niger-Kordofanian languages,Niger-Kordofanian languages,Atlantic-Congo,Atlantic-Congo,Glottolog reclassified,True,True,,,,,,Bantu language of Tanzania. ISO 639-5: bnt.,Atlantic-Congo,preserve_reconciled,accepted,Preserves reconciled family label for analysis.,family_analysis_mapping_reviewed.csv
json_fallback_language,json:vmw,REFERENCE_ONLY,,,,,vmw,Makhuwa,cldr,,,,,,,,,,bnt,Niger-Kordofanian languages,Niger-Kordofanian languages,Atlantic-Congo,Atlantic-Congo,Glottolog reclassified,True,True,,,,,,Bantu language of Mozambique. ISO 639-5: bnt.,Atlantic-Congo,preserve_reconciled,accepted,Preserves reconciled family label for analysis.,family_analysis_mapping_reviewed.csv
json_fallback_language,json:mgh,REFERENCE_ONLY,,,,,mgh,Makhuwa-Meetto,cldr,,,,,,,,,,bnt,Niger-Kordofanian languages,Niger-Kordofanian languages,Atlantic-Congo,Atlantic-Congo,Glottolog reclassified,True,True,,,,,,Bantu language of Mozambique. ISO 639-5: bnt.,Atlantic-Congo,preserve_reconciled,accepted,Preserves reconciled family label for analysis.,family_analysis_mapping_reviewed.csv
json_fallback_language,json:kde,REFERENCE_ONLY,,,,,kde,Makonde,cldr,,,,,,,,,,bnt,Niger-Kordofanian languages,Niger-Kordofanian languages,Atlantic-Congo,Atlantic-Congo,Glottolog reclassified,True,True,,,,,,Bantu language of Tanzania and Mozambique. ISO 639-5: bnt.,Atlantic-Congo,preserve_reconciled,accepted,Preserves reconciled family label for analysis.,family_analysis_mapping_reviewed.csv
json_fallback_language,json:mxc,REFERENCE_ONLY,,,,,mxc,Manyika,cldr,,,,,,,,,,bnt,Niger-Kordofanian languages,Niger-Kordofanian languages,Atlantic-Congo,Atlantic-Congo,Glottolog reclassified,True,True,,,,,,Bantu language of Zimbabwe. ISO 639-5: bnt.,Atlantic-Congo,preserve_reconciled,accepted,Preserves reconciled family label for analysis.,family_analysis_mapping_reviewed.csv
json_fallback_language,json:myx,REFERENCE_ONLY,,,,,myx,Masaaba,cldr,,,,,,,,,,bnt,Niger-Kordofanian languages,Niger-Kordofanian languages,Atlantic-Congo,Atlantic-Congo,Glottolog reclassified,True,True,,,,,,Bantu language of Uganda. ISO 639-5: bnt.,Atlantic-Congo,preserve_reconciled,accepted,Preserves reconciled family label for analysis.,family_analysis_mapping_reviewed.csv
json_fallback_language,json:mdt,REFERENCE_ONLY,,,,,mdt,Mbere,cldr,,,,,,,,,,bnt,Niger-Kordofanian languages,Niger-Kordofanian languages,Atlantic-Congo,Atlantic-Congo,Glottolog reclassified,True,True,,,,,,Bantu language of Cameroon. ISO 639-5: bnt.,Atlantic-Congo,preserve_reconciled,accepted,Preserves reconciled family label for analysis.,family_analysis_mapping_reviewed.csv
json_fallback_language,json:mgy,REFERENCE_ONLY,,,,,mgy,Mbunga,cldr,,,,,,,,,,bnt,Niger-Kordofanian languages,Niger-Kordofanian languages,Atlantic-Congo,Atlantic-Congo,Glottolog reclassified,True,True,,,,,,Bantu language of Tanzania. ISO 639-5: bnt.,Atlantic-Congo,preserve_reconciled,accepted,Preserves reconciled family label for analysis.,family_analysis_mapping_reviewed.csv
json_fallback_language,json:byv,REFERENCE_ONLY,,,,,byv,Medumba,cldr,,,,,,,,,,bnt,Niger-Kordofanian languages,Niger-Kordofanian languages,Atlantic-Congo,Atlantic-Congo,Glottolog reclassified,True,True,,,,,,Bantu language of Cameroon. ISO 639-5: bnt.,Atlantic-Congo,preserve_reconciled,accepted,Preserves reconciled family label for analysis.,family_analysis_mapping_reviewed.csv
json_fallback_language,json:mer,REFERENCE_ONLY,,,,,mer,Meru,cldr,,,,,,,,,,bnt,Niger-Kordofanian languages,Niger-Kordofanian languages,Atlantic-Congo,Atlantic-Congo,Glottolog reclassified,True,True,,,,,,Bantu language of Kenya. ISO 639-5: bnt.,Atlantic-Congo,preserve_reconciled,accepted,Preserves reconciled family label for analysis.,family_analysis_mapping_reviewed.csv
json_fallback_language,json:mgo,REFERENCE_ONLY,,,,,mgo,Metaʼ,cldr,,,,,,,,,,bnt,Niger-Kordofanian languages,Niger-Kordofanian languages,Atlantic-Congo,Atlantic-Congo,Glottolog reclassified,True,True,,,,,,Bantu language of Cameroon. ISO 639-5: bnt.,Atlantic-Congo,preserve_reconciled,accepted,Preserves reconciled family label for analysis.,family_analysis_mapping_reviewed.csv
json_fallback_language,json:lol,REFERENCE_ONLY,,,,,lol,Mongo,cldr|iso639_2,lol,,,,,,,,,bnt,Niger-Kordofanian languages,Niger-Kordofanian languages,Atlantic-Congo,Atlantic-Congo,Glottolog reclassified,True,True,,,,,,Bantu language of the DRC. ISO 639-5: bnt.,Atlantic-Congo,preserve_reconciled,accepted,Preserves reconciled family label for analysis.,family_analysis_mapping_reviewed.csv
json_fallback_language,json:mos,REFERENCE_ONLY,,,,,mos,Mossi,cldr|iso639_2,mos,,,,,,,,,nic,Niger-Kordofanian languages,Niger-Kordofanian languages,Atlantic-Congo,Atlantic-Congo,Glottolog reclassified,True,True,,,,,,Gur (Oti-Volta) Niger-Congo language of Burkina Faso. ISO 639-5: nic.,Atlantic-Congo,preserve_reconciled,accepted,Preserves reconciled family label for analysis.,family_analysis_mapping_reviewed.csv
json_fallback_language,json:mua,REFERENCE_ONLY,,,,,mua,Mundang,cldr,,,,,,,,,,ssa,Nilo-Saharan languages,Nilo-Saharan languages,Atlantic-Congo,Atlantic-Congo,Glottolog reclassified,True,True,,,,,,Central Sudanic Nilo-Saharan language of Chad/Cameroon. ISO 639-5: ssa.,Atlantic-Congo,preserve_reconciled,accepted,Preserves reconciled family label for analysis.,family_analysis_mapping_reviewed.csv
json_fallback_language,json:ndc,REFERENCE_ONLY,,,,,ndc,Ndau,cldr,,,,,,,,,,bnt,Niger-Kordofanian languages,Niger-Kordofanian languages,Atlantic-Congo,Atlantic-Congo,Glottolog reclassified,True,True,,,,,,Bantu language of Zimbabwe/Mozambique. ISO 639-5: bnt.,Atlantic-Congo,preserve_reconciled,accepted,Preserves reconciled family label for analysis.,family_analysis_mapping_reviewed.csv
json_fallback_language,json:ng,REFERENCE_ONLY,,,,,ng,Ndonga,cldr|iso639_1|iso639_2|wikimedia,ndo,,,,,,,,,bnt,Niger-Kordofanian languages,Niger-Kordofanian languages,Atlantic-Congo,Atlantic-Congo,Glottolog reclassified,True,True,,,,,,"Ndonga (Oshindonga) is a dialect of Oshiwambo, a Southern Bantu language spoken in Namibia. ISO 639-5: bnt (Bantu languages).",Atlantic-Congo,preserve_reconciled,accepted,Preserves reconciled family label for analysis.,family_analysis_mapping_reviewed.csv
json_fallback_language,json:wni,REFERENCE_ONLY,,,,,wni,Ndzwani Comorian,cldr,,,,,,,,,,bnt,Niger-Kordofanian languages,Niger-Kordofanian languages,Atlantic-Congo,Atlantic-Congo,Glottolog reclassified,True,True,,,,,,"Bantu language of Anjouan, Comoros. ISO 639-5: bnt.",Atlantic-Congo,preserve_reconciled,accepted,Preserves reconciled family label for analysis.,family_analysis_mapping_reviewed.csv
json_fallback_language,json:zdj,REFERENCE_ONLY,,,,,zdj,Ngazidja Comorian,cldr,,,,,,,,,,bnt,Niger-Kordofanian languages,Niger-Kordofanian languages,Atlantic-Congo,Atlantic-Congo,Glottolog reclassified,True,True,,,,,,Bantu language of Grande Comore. ISO 639-5: bnt.,Atlantic-Congo,preserve_reconciled,accepted,Preserves reconciled family label for analysis.,family_analysis_mapping_reviewed.csv
json_fallback_language,json:nnh,REFERENCE_ONLY,,,,,nnh,Ngiemboon,cldr,,,,,,,,,,bnt,Niger-Kordofanian languages,Niger-Kordofanian languages,Atlantic-Congo,Atlantic-Congo,Glottolog reclassified,True,True,,,,,,Bantu language of Cameroon. ISO 639-5: bnt.,Atlantic-Congo,preserve_reconciled,accepted,Preserves reconciled family label for analysis.,family_analysis_mapping_reviewed.csv
json_fallback_language,json:jgo,REFERENCE_ONLY,,,,,jgo,Ngomba,cldr,,,,,,,,,,bnt,Niger-Kordofanian languages,Niger-Kordofanian languages,Atlantic-Congo,Atlantic-Congo,Glottolog reclassified,True,True,,,,,,Bantu language of Cameroon. ISO 639-5: bnt.,Atlantic-Congo,preserve_reconciled,accepted,Preserves reconciled family label for analysis.,family_analysis_mapping_reviewed.csv
json_fallback_language,json:fuv,REFERENCE_ONLY,,,,,fuv,Nigerian Fulfulde,cldr,,,,,,,,,,nic,Niger-Kordofanian languages,Niger-Kordofanian languages,Atlantic-Congo,Atlantic-Congo,Glottolog reclassified,True,True,,,,,,Atlantic Niger-Congo language of Nigeria. ISO 639-5: nic.,Atlantic-Congo,preserve_reconciled,accepted,Preserves reconciled family label for analysis.,family_analysis_mapping_reviewed.csv
json_fallback_language,json:nd,REFERENCE_ONLY,,,,,nd,North Ndebele,cldr|iso639_1|iso639_2|wikimedia,nde,,,,,,,,,bnt,Niger-Kordofanian languages,Niger-Kordofanian languages,Atlantic-Congo,Atlantic-Congo,Glottolog reclassified,True,True,,,,,,"North Ndebele (isiNdebele) is a Southern Bantu Nguni language of Zimbabwe, closely related to Zulu. ISO 639-5: bnt (Bantu languages).",Atlantic-Congo,preserve_reconciled,accepted,Preserves reconciled family label for analysis.,family_analysis_mapping_reviewed.csv
json_fallback_language,json:nym,REFERENCE_ONLY,,,,,nym,Nyamwezi,cldr|iso639_2,nym,,,,,,,,,bnt,Niger-Kordofanian languages,Niger-Kordofanian languages,Atlantic-Congo,Atlantic-Congo,Glottolog reclassified,True,True,,,,,,Bantu language of Tanzania. ISO 639-5: bnt.,Atlantic-Congo,preserve_reconciled,accepted,Preserves reconciled family label for analysis.,family_analysis_mapping_reviewed.csv
json_fallback_language,json:nyn,REFERENCE_ONLY,,,,,nyn,Nyankole,cldr|iso639_2,nyn,,,,,,,,,bnt,Niger-Kordofanian languages,Niger-Kordofanian languages,Atlantic-Congo,Atlantic-Congo,Glottolog reclassified,True,True,,,,,,Bantu language of Uganda. ISO 639-5: bnt.,Atlantic-Congo,preserve_reconciled,accepted,Preserves reconciled family label for analysis.,family_analysis_mapping_reviewed.csv
json_fallback_language,json:tog,REFERENCE_ONLY,,,,,tog,Nyasa Tonga,cldr|iso639_2,tog,,,,,,,,,bnt,Niger-Kordofanian languages,Niger-Kordofanian languages,Atlantic-Congo,Atlantic-Congo,Glottolog reclassified,True,True,,,,,,Bantu language of Malawi/Mozambique. ISO 639-5: bnt.,Atlantic-Congo,preserve_reconciled,accepted,Preserves reconciled family label for analysis.,family_analysis_mapping_reviewed.csv
json_fallback_language,json:nyo,REFERENCE_ONLY,,,,,nyo,Nyoro,cldr|iso639_2,nyo,,,,,,,,,bnt,Niger-Kordofanian languages,Niger-Kordofanian languages,Atlantic-Congo,Atlantic-Congo,Glottolog reclassified,True,True,,,,,,Bantu language of Uganda. ISO 639-5: bnt.,Atlantic-Congo,preserve_reconciled,accepted,Preserves reconciled family label for analysis.,family_analysis_mapping_reviewed.csv
json_fallback_language,json:nzi,REFERENCE_ONLY,,,,,nzi,Nzima,cldr|iso639_2,nzi,,,,,,,,,nic,Niger-Kordofanian languages,Niger-Kordofanian languages,Atlantic-Congo,Atlantic-Congo,Glottolog reclassified,True,True,,,,,,Kwa Niger-Congo language of Ghana/Côte d'Ivoire. ISO 639-5: nic.,Atlantic-Congo,preserve_reconciled,accepted,Preserves reconciled family label for analysis.,family_analysis_mapping_reviewed.csv
json_fallback_language,json:ann,REFERENCE_ONLY,,,,,ann,Obolo,cldr,,,,,,,,,,nic,Niger-Kordofanian languages,Niger-Kordofanian languages,Atlantic-Congo,Atlantic-Congo,Glottolog reclassified,True,True,,,,,,Cross River Niger-Congo language of Nigeria. ISO 639-5: nic.,Atlantic-Congo,preserve_reconciled,accepted,Preserves reconciled family label for analysis.,family_analysis_mapping_reviewed.csv
json_fallback_language,json:puu,REFERENCE_ONLY,,,,,puu,Punu,cldr,,,,,,,,,,bnt,Niger-Kordofanian languages,Niger-Kordofanian languages,Atlantic-Congo,Atlantic-Congo,Glottolog reclassified,True,True,,,,,,Bantu language of Gabon. ISO 639-5: bnt.,Atlantic-Congo,preserve_reconciled,accepted,Preserves reconciled family label for analysis.,family_analysis_mapping_reviewed.csv
json_fallback_language,json:rof,REFERENCE_ONLY,,,,,rof,Rombo,cldr,,,,,,,,,,bnt,Niger-Kordofanian languages,Niger-Kordofanian languages,Atlantic-Congo,Atlantic-Congo,Glottolog reclassified,True,True,,,,,,Bantu language of Tanzania. ISO 639-5: bnt.,Atlantic-Congo,preserve_reconciled,accepted,Preserves reconciled family label for analysis.,family_analysis_mapping_reviewed.csv
json_fallback_language,json:rng,REFERENCE_ONLY,,,,,rng,Ronga,cldr,,,,,,,,,,bnt,Niger-Kordofanian languages,Niger-Kordofanian languages,Atlantic-Congo,Atlantic-Congo,Glottolog reclassified,True,True,,,,,,Bantu language of Mozambique. ISO 639-5: bnt.,Atlantic-Congo,preserve_reconciled,accepted,Preserves reconciled family label for analysis.,family_analysis_mapping_reviewed.csv
json_fallback_language,json:rwk,REFERENCE_ONLY,,,,,rwk,Rwa,cldr,,,,,,,,,,bnt,Niger-Kordofanian languages,Niger-Kordofanian languages,Atlantic-Congo,Atlantic-Congo,Glottolog reclassified,True,True,,,,,,Bantu language of Tanzania. ISO 639-5: bnt.,Atlantic-Congo,preserve_reconciled,accepted,Preserves reconciled family label for analysis.,family_analysis_mapping_reviewed.csv
json_fallback_language,json:saf,REFERENCE_ONLY,,,,,saf,Safaliba,cldr,,,,,,,,,,nic,Niger-Kordofanian languages,Niger-Kordofanian languages,Atlantic-Congo,Atlantic-Congo,Glottolog reclassified,True,True,,,,,,Gur Niger-Congo language of Ghana. ISO 639-5: nic.,Atlantic-Congo,preserve_reconciled,accepted,Preserves reconciled family label for analysis.,family_analysis_mapping_reviewed.csv
json_fallback_language,json:sbp,REFERENCE_ONLY,,,,,sbp,Sangu,cldr,,,,,,,,,,bnt,Niger-Kordofanian languages,Niger-Kordofanian languages,Atlantic-Congo,Atlantic-Congo,Glottolog reclassified,True,True,,,,,,Bantu language of Tanzania. ISO 639-5: bnt.,Atlantic-Congo,preserve_reconciled,accepted,Preserves reconciled family label for analysis.,family_analysis_mapping_reviewed.csv
json_fallback_language,json:syi,REFERENCE_ONLY,,,,,syi,Seki,cldr,,,,,,,,,,nic,Niger-Kordofanian languages,Niger-Kordofanian languages,Atlantic-Congo,Atlantic-Congo,Glottolog reclassified,True,True,,,,,,Bantu language of Cameroon/Gabon. ISO 639-5: bnt.,Atlantic-Congo,preserve_reconciled,accepted,Preserves reconciled family label for analysis.,family_analysis_mapping_reviewed.csv
json_fallback_language,json:seh,REFERENCE_ONLY,,,,,seh,Sena,cldr,,,,,,,,,,bnt,Niger-Kordofanian languages,Niger-Kordofanian languages,Atlantic-Congo,Atlantic-Congo,Glottolog reclassified,True,True,,,,,,Bantu language of Mozambique. ISO 639-5: bnt.,Atlantic-Congo,preserve_reconciled,accepted,Preserves reconciled family label for analysis.,family_analysis_mapping_reviewed.csv
json_fallback_language,json:srr,REFERENCE_ONLY,,,,,srr,Serer,cldr|iso639_2,srr,,,,,,,,,nic,Niger-Kordofanian languages,Niger-Kordofanian languages,Atlantic-Congo,Atlantic-Congo,Glottolog reclassified,True,True,,,,,,Atlantic Niger-Congo language of Senegal/Gambia. ISO 639-5: nic.,Atlantic-Congo,preserve_reconciled,accepted,Preserves reconciled family label for analysis.,family_analysis_mapping_reviewed.csv
json_fallback_language,json:ksb,REFERENCE_ONLY,,,,,ksb,Shambala,cldr,,,,,,,,,,bnt,Niger-Kordofanian languages,Niger-Kordofanian languages,Atlantic-Congo,Atlantic-Congo,Glottolog reclassified,True,True,,,,,,Bantu language of Tanzania. ISO 639-5: bnt.,Atlantic-Congo,preserve_reconciled,accepted,Preserves reconciled family label for analysis.,family_analysis_mapping_reviewed.csv
json_fallback_language,json:xog,REFERENCE_ONLY,,,,,xog,Soga,cldr,,,,,,,,,,bnt,Niger-Kordofanian languages,Niger-Kordofanian languages,Atlantic-Congo,Atlantic-Congo,Glottolog reclassified,True,True,,,,,,Bantu language of Uganda. ISO 639-5: bnt.,Atlantic-Congo,preserve_reconciled,accepted,Preserves reconciled family label for analysis.,family_analysis_mapping_reviewed.csv
json_fallback_language,json:suk,REFERENCE_ONLY,,,,,suk,Sukuma,cldr|iso639_2,suk,,,,,,,,,bnt,Niger-Kordofanian languages,Niger-Kordofanian languages,Atlantic-Congo,Atlantic-Congo,Glottolog reclassified,True,True,,,,,,Bantu language of Tanzania. ISO 639-5: bnt.,Atlantic-Congo,preserve_reconciled,accepted,Preserves reconciled family label for analysis.,family_analysis_mapping_reviewed.csv
json_fallback_language,json:dav,REFERENCE_ONLY,,,,,dav,Taita,cldr,,,,,,,,,,bnt,Niger-Kordofanian languages,Niger-Kordofanian languages,Atlantic-Congo,Atlantic-Congo,Glottolog reclassified,True,True,,,,,,Bantu language of Kenya. ISO 639-5: bnt.,Atlantic-Congo,preserve_reconciled,accepted,Preserves reconciled family label for analysis.,family_analysis_mapping_reviewed.csv
json_fallback_language,json:tem,REFERENCE_ONLY,,,,,tem,Timne,cldr|iso639_2,tem,,,,,,,,,nic,Niger-Kordofanian languages,Niger-Kordofanian languages,Atlantic-Congo,Atlantic-Congo,Glottolog reclassified,True,True,,,,,,Atlantic Niger-Congo language of Sierra Leone. ISO 639-5: nic.,Atlantic-Congo,preserve_reconciled,accepted,Preserves reconciled family label for analysis.,family_analysis_mapping_reviewed.csv
json_fallback_language,json:tiv,REFERENCE_ONLY,,,,,tiv,Tiv,cldr|iso639_2,tiv,,,,,,,,,nic,Niger-Kordofanian languages,Niger-Kordofanian languages,Atlantic-Congo,Atlantic-Congo,Glottolog reclassified,True,True,,,,,,Benue-Congo Niger-Congo language of Nigeria/Cameroon. ISO 639-5: nic.,Atlantic-Congo,preserve_reconciled,accepted,Preserves reconciled family label for analysis.,family_analysis_mapping_reviewed.csv
json_fallback_language,json:ttj,REFERENCE_ONLY,,,,,ttj,Tooro,cldr,,,,,,,,,,bnt,Niger-Kordofanian languages,Niger-Kordofanian languages,Atlantic-Congo,Atlantic-Congo,Glottolog reclassified,True,True,,,,,,Bantu language of Uganda. ISO 639-5: bnt.,Atlantic-Congo,preserve_reconciled,accepted,Preserves reconciled family label for analysis.,family_analysis_mapping_reviewed.csv
json_fallback_language,json:kcg,REFERENCE_ONLY,,,,,kcg,Tyap,cldr,,,,,,,,,,nic,Niger-Kordofanian languages,Niger-Kordofanian languages,Atlantic-Congo,Atlantic-Congo,Glottolog reclassified,True,True,,,,,,Plateau Niger-Congo language of Nigeria. ISO 639-5: nic.,Atlantic-Congo,preserve_reconciled,accepted,Preserves reconciled family label for analysis.,family_analysis_mapping_reviewed.csv
json_fallback_language,json:umb,REFERENCE_ONLY,,,,,umb,Umbundu,cldr|iso639_2,umb,,,,,,,,,bnt,Niger-Kordofanian languages,Niger-Kordofanian languages,Atlantic-Congo,Atlantic-Congo,Glottolog reclassified,True,True,,,,,,Bantu language of Angola. ISO 639-5: bnt.,Atlantic-Congo,preserve_reconciled,accepted,Preserves reconciled family label for analysis.,family_analysis_mapping_reviewed.csv
json_fallback_language,json:vun,REFERENCE_ONLY,,,,,vun,Vunjo,cldr,,,,,,,,,,bnt,Niger-Kordofanian languages,Niger-Kordofanian languages,Atlantic-Congo,Atlantic-Congo,Glottolog reclassified,True,True,,,,,,Bantu language of Tanzania. ISO 639-5: bnt.,Atlantic-Congo,preserve_reconciled,accepted,Preserves reconciled family label for analysis.,family_analysis_mapping_reviewed.csv
json_fallback_language,json:wo,REFERENCE_ONLY,,,,,wo,Wolof,cldr|iso639_1|iso639_2|wikimedia,wol,,,,,,,,,nic,Niger-Kordofanian languages,Niger-Kordofanian languages,Atlantic-Congo,Atlantic-Congo,Glottolog reclassified,True,True,,,,,,"Wolof is a Niger-Congo language of the Atlantic-Congo (Senegambian) branch, spoken primarily in Senegal, Gambia, and Mauritania. ISO 639-5: nic (Niger-Kordofanian languages).",Atlantic-Congo,preserve_reconciled,accepted,Preserves reconciled family label for analysis.,family_analysis_mapping_reviewed.csv
json_fallback_language,json:yav,REFERENCE_ONLY,,,,,yav,Yangben,cldr,,,,,,,,,,bnt,Niger-Kordofanian languages,Niger-Kordofanian languages,Atlantic-Congo,Atlantic-Congo,Glottolog reclassified,True,True,,,,,,Bantu language of Cameroon. ISO 639-5: bnt.,Atlantic-Congo,preserve_reconciled,accepted,Preserves reconciled family label for analysis.,family_analysis_mapping_reviewed.csv
json_fallback_language,json:yao,REFERENCE_ONLY,,,,,yao,Yao,cldr|iso639_2,yao,,,,,,,,,bnt,Niger-Kordofanian languages,Niger-Kordofanian languages,Atlantic-Congo,Atlantic-Congo,Glottolog reclassified,True,True,,,,,,Bantu language of Malawi/Mozambique/Tanzania. ISO 639-5: bnt.,Atlantic-Congo,preserve_reconciled,accepted,Preserves reconciled family label for analysis.,family_analysis_mapping_reviewed.csv
json_fallback_language,json:ybb,REFERENCE_ONLY,,,,,ybb,Yemba,cldr,,,,,,,,,,bnt,Niger-Kordofanian languages,Niger-Kordofanian languages,Atlantic-Congo,Atlantic-Congo,Glottolog reclassified,True,True,,,,,,Bantu language of Cameroon. ISO 639-5: bnt.,Atlantic-Congo,preserve_reconciled,accepted,Preserves reconciled family label for analysis.,family_analysis_mapping_reviewed.csv
json_fallback_language,json:buc,REFERENCE_ONLY,,Austronesian languages,,,buc,Bushi,cldr,,,,,,,,,,bnt,Niger-Kordofanian languages,Niger-Kordofanian languages,Austronesian,Austronesian,Glottolog reclassified,True,True,,,,,,Bantu language of Mayotte. ISO 639-5: bnt.,Austronesian languages,normalize_variant,accepted,Normalizes variant spelling to existing label: Austronesian languages.,family_analysis_mapping_reviewed.csv
json_fallback_language,json:ace,REFERENCE_ONLY,,,,,ace,Acehnese,cldr|iso639_2,ace,,,,,,,,,map,Austronesian languages,Austronesian languages,Austronesian languages,Austronesian,Glottolog agreed,False,True,,,,,,Malayo-Polynesian language of northern Sumatra. ISO 639-5: map.,Austronesian languages,preserve_reconciled,accepted,Preserves reconciled family label for analysis.,family_analysis_mapping_reviewed.csv
json_fallback_language,json:ban,REFERENCE_ONLY,,,,,ban,Balinese,cldr|iso639_2,ban,,,,,,,,,map,Austronesian languages,Austronesian languages,Austronesian languages,Austronesian,Glottolog agreed,False,True,,,,,,Malayo-Polynesian language of Bali. ISO 639-5: map.,Austronesian languages,preserve_reconciled,accepted,Preserves reconciled family label for analysis.,family_analysis_mapping_reviewed.csv
json_fallback_language,json:bjn,REFERENCE_ONLY,,,,,bjn,Banjar,cldr,,,,,,,,,,map,Austronesian languages,Austronesian languages,Austronesian languages,Austronesian,Glottolog agreed,False,True,,,,,,Malayo-Polynesian language of South Kalimantan. ISO 639-5: map.,Austronesian languages,preserve_reconciled,accepted,Preserves reconciled family label for analysis.,family_analysis_mapping_reviewed.csv
json_fallback_language,json:bbc,REFERENCE_ONLY,,,,,bbc,Batak Toba,cldr,,,,,,,,,,map,Austronesian languages,Austronesian languages,Austronesian languages,Austronesian,Glottolog agreed,False,True,,,,,,Malayo-Polynesian language of North Sumatra. ISO 639-5: map.,Austronesian languages,preserve_reconciled,accepted,Preserves reconciled family label for analysis.,family_analysis_mapping_reviewed.csv
json_fallback_language,json:bew,REFERENCE_ONLY,,,,,bew,Betawi,cldr,,,,,,,,,,map,Austronesian languages,Austronesian languages,Austronesian languages,Austronesian,Glottolog agreed,False,True,,,,,,Malayo-Polynesian creole/dialect of Jakarta. ISO 639-5: map.,Austronesian languages,preserve_reconciled,accepted,Preserves reconciled family label for analysis.,family_analysis_mapping_reviewed.csv
json_fallback_language,json:bku,REFERENCE_ONLY,,,,,bku,Buhid,cldr,,,,,,,,,,map,Austronesian languages,Austronesian languages,Austronesian languages,Austronesian,Glottolog agreed,False,True,,,,,,Philippine language of Mindoro. ISO 639-5: map.,Austronesian languages,preserve_reconciled,accepted,Preserves reconciled family label for analysis.,family_analysis_mapping_reviewed.csv
json_fallback_language,json:cps,REFERENCE_ONLY,,,,,cps,Capiznon,cldr,,,,,,,,,,map,Austronesian languages,Austronesian languages,Austronesian languages,Austronesian,Glottolog agreed,False,True,,,,,,Philippine language of Capiz province. ISO 639-5: map.,Austronesian languages,preserve_reconciled,accepted,Preserves reconciled family label for analysis.,family_analysis_mapping_reviewed.csv
json_fallback_language,json:dtp,REFERENCE_ONLY,,,,,dtp,Central Dusun,cldr,,,,,,,,,,map,Austronesian languages,Austronesian languages,Austronesian languages,Austronesian,Glottolog agreed,False,True,,,,,,"Austronesian language of Sabah, Malaysia. ISO 639-5: map.",Austronesian languages,preserve_reconciled,accepted,Preserves reconciled family label for analysis.,family_analysis_mapping_reviewed.csv
json_fallback_language,json:chk,REFERENCE_ONLY,,,,,chk,Chuukese,cldr|iso639_2,chk,,,,,,,,,map,Austronesian languages,Austronesian languages,Austronesian languages,Austronesian,Glottolog agreed,False,True,,,,,,"Oceanic Austronesian language of Chuuk, Micronesia. ISO 639-5: map.",Austronesian languages,preserve_reconciled,accepted,Preserves reconciled family label for analysis.,family_analysis_mapping_reviewed.csv
json_fallback_language,json:fud,REFERENCE_ONLY,,,,,fud,East Futuna,cldr,,,,,,,,,,map,Austronesian languages,Austronesian languages,Austronesian languages,Austronesian,Glottolog agreed,False,True,,,,,,Polynesian language of Wallis and Futuna. ISO 639-5: map.,Austronesian languages,preserve_reconciled,accepted,Preserves reconciled family label for analysis.,family_analysis_mapping_reviewed.csv
json_fallback_language,json:cjm,REFERENCE_ONLY,,,,,cjm,Eastern Cham,cldr,,,,,,,,,,map,Austronesian languages,Austronesian languages,Austronesian languages,Austronesian,Glottolog agreed,False,True,,,,,,Malayo-Polynesian language of Vietnam. ISO 639-5: map.,Austronesian languages,preserve_reconciled,accepted,Preserves reconciled family label for analysis.,family_analysis_mapping_reviewed.csv
json_fallback_language,json:fil,REFERENCE_ONLY,,,,,fil,Filipino,cldr|iso639_2,fil,,,,,,,,,map,Austronesian languages,Austronesian languages,Austronesian languages,Austronesian,Glottolog agreed,False,True,,,,,,Standardized register of Tagalog; Philippine language. ISO 639-5: map.,Austronesian languages,preserve_reconciled,accepted,Preserves reconciled family label for analysis.,family_analysis_mapping_reviewed.csv
json_fallback_language,json:gay,REFERENCE_ONLY,,,,,gay,Gayo,cldr|iso639_2,gay,,,,,,,,,map,Austronesian languages,Austronesian languages,Austronesian languages,Austronesian,Glottolog agreed,False,True,,,,,,Austronesian language of northern Sumatra. ISO 639-5: map.,Austronesian languages,preserve_reconciled,accepted,Preserves reconciled family label for analysis.,family_analysis_mapping_reviewed.csv
json_fallback_language,json:gor,REFERENCE_ONLY,,,,,gor,Gorontalo,cldr|iso639_2,gor,,,,,,,,,map,Austronesian languages,Austronesian languages,Austronesian languages,Austronesian,Glottolog agreed,False,True,,,,,,Austronesian language of Sulawesi. ISO 639-5: map.,Austronesian languages,preserve_reconciled,accepted,Preserves reconciled family label for analysis.,family_analysis_mapping_reviewed.csv
json_fallback_language,json:hnn,REFERENCE_ONLY,,,,,hnn,Hanunoo,cldr,,,,,,,,,,map,Austronesian languages,Austronesian languages,Austronesian languages,Austronesian,Glottolog agreed,False,True,,,,,,Philippine language of Mindoro. ISO 639-5: map.,Austronesian languages,preserve_reconciled,accepted,Preserves reconciled family label for analysis.,family_analysis_mapping_reviewed.csv
json_fallback_language,json:hil,REFERENCE_ONLY,,,,,hil,Hiligaynon,cldr|iso639_2,hil,,,,,,,,,map,Austronesian languages,Austronesian languages,Austronesian languages,Austronesian,Glottolog agreed,False,True,,,,,,Philippine language of the Western Visayas. ISO 639-5: map.,Austronesian languages,preserve_reconciled,accepted,Preserves reconciled family label for analysis.,family_analysis_mapping_reviewed.csv
json_fallback_language,json:iba,REFERENCE_ONLY,,,,,iba,Iban,cldr|iso639_2,iba,,,,,,,,,map,Austronesian languages,Austronesian languages,Austronesian languages,Austronesian,Glottolog agreed,False,True,,,,,,Malayo-Polynesian language of Sarawak/Kalimantan. ISO 639-5: map.,Austronesian languages,preserve_reconciled,accepted,Preserves reconciled family label for analysis.,family_analysis_mapping_reviewed.csv
json_fallback_language,json:kaw,REFERENCE_ONLY,,,,,kaw,Kawi,cldr|iso639_2,kaw,,,,,,,,,map,Austronesian languages,Austronesian languages,Austronesian languages,Austronesian,Glottolog agreed,False,True,,,,,,"Old Javanese, an Austronesian literary language of Java. ISO 639-5: map.",Austronesian languages,preserve_reconciled,accepted,Preserves reconciled family label for analysis.,family_analysis_mapping_reviewed.csv
json_fallback_language,json:kvr,REFERENCE_ONLY,,,,,kvr,Kerinci,cldr,,,,,,,,,,map,Austronesian languages,Austronesian languages,Austronesian languages,Austronesian,Glottolog agreed,False,True,,,,,,Malayo-Polynesian language of Sumatra. ISO 639-5: map.,Austronesian languages,preserve_reconciled,accepted,Preserves reconciled family label for analysis.,family_analysis_mapping_reviewed.csv
json_fallback_language,json:krj,REFERENCE_ONLY,,,,,krj,Kinaray-a,cldr,,,,,,,,,,map,Austronesian languages,Austronesian languages,Austronesian languages,Austronesian,Glottolog agreed,False,True,,,,,,Philippine language of Antique province. ISO 639-5: map.,Austronesian languages,preserve_reconciled,accepted,Preserves reconciled family label for analysis.,family_analysis_mapping_reviewed.csv
json_fallback_language,json:kge,REFERENCE_ONLY,,,,,kge,Komering,cldr,,,,,,,,,,map,Austronesian languages,Austronesian languages,Austronesian languages,Austronesian,Glottolog agreed,False,True,,,,,,Austronesian language of South Sumatra. ISO 639-5: map.,Austronesian languages,preserve_reconciled,accepted,Preserves reconciled family label for analysis.,family_analysis_mapping_reviewed.csv
json_fallback_language,json:kos,REFERENCE_ONLY,,,,,kos,Kosraean,cldr|iso639_2,kos,,,,,,,,,map,Austronesian languages,Austronesian languages,Austronesian languages,Austronesian,Glottolog agreed,False,True,,,,,,"Oceanic Austronesian language of Kosrae, Micronesia. ISO 639-5: map.",Austronesian languages,preserve_reconciled,accepted,Preserves reconciled family label for analysis.,family_analysis_mapping_reviewed.csv
json_fallback_language,json:ljp,REFERENCE_ONLY,,,,,ljp,Lampung Api,cldr,,,,,,,,,,map,Austronesian languages,Austronesian languages,Austronesian languages,Austronesian,Glottolog agreed,False,True,,,,,,"Malayo-Polynesian language of Lampung, Sumatra. ISO 639-5: map.",Austronesian languages,preserve_reconciled,accepted,Preserves reconciled family label for analysis.,family_analysis_mapping_reviewed.csv
json_fallback_language,json:mad,REFERENCE_ONLY,,,,,mad,Madurese,cldr|iso639_2,mad,,,,,,,,,map,Austronesian languages,Austronesian languages,Austronesian languages,Austronesian,Glottolog agreed,False,True,,,,,,Malayo-Polynesian language of Madura Island. ISO 639-5: map.,Austronesian languages,preserve_reconciled,accepted,Preserves reconciled family label for analysis.,family_analysis_mapping_reviewed.csv
json_fallback_language,json:mdh,REFERENCE_ONLY,,,,,mdh,Maguindanaon,cldr,,,,,,,,,,map,Austronesian languages,Austronesian languages,Austronesian languages,Austronesian,Glottolog agreed,False,True,,,,,,Philippine language of Mindanao. ISO 639-5: map.,Austronesian languages,preserve_reconciled,accepted,Preserves reconciled family label for analysis.,family_analysis_mapping_reviewed.csv
json_fallback_language,json:mak,REFERENCE_ONLY,,,,,mak,Makasar,cldr|iso639_2,mak,,,,,,,,,map,Austronesian languages,Austronesian languages,Austronesian languages,Austronesian,Glottolog agreed,False,True,,,,,,Malayo-Polynesian language of South Sulawesi. ISO 639-5: map.,Austronesian languages,preserve_reconciled,accepted,Preserves reconciled family label for analysis.,family_analysis_mapping_reviewed.csv
json_fallback_language,json:mdr,REFERENCE_ONLY,,,,,mdr,Mandar,cldr|iso639_2,mdr,,,,,,,,,map,Austronesian languages,Austronesian languages,Austronesian languages,Austronesian,Glottolog agreed,False,True,,,,,,Malayo-Polynesian language of West Sulawesi. ISO 639-5: map.,Austronesian languages,preserve_reconciled,accepted,Preserves reconciled family label for analysis.,family_analysis_mapping_reviewed.csv
json_fallback_language,json:mwv,REFERENCE_ONLY,,,,,mwv,Mentawai,cldr,,,,,,,,,,map,Austronesian languages,Austronesian languages,Austronesian languages,Austronesian,Glottolog agreed,False,True,,,,,,Malayo-Polynesian language of the Mentawai Islands. ISO 639-5: map.,Austronesian languages,preserve_reconciled,accepted,Preserves reconciled family label for analysis.,family_analysis_mapping_reviewed.csv
json_fallback_language,json:zmi,REFERENCE_ONLY,,,,,zmi,Negeri Sembilan Malay,cldr,,,,,,,,,,map,Austronesian languages,Austronesian languages,Austronesian languages,Austronesian,Glottolog agreed,False,True,,,,,,"Austronesian language of Negeri Sembilan, Malaysia. ISO 639-5: map.",Austronesian languages,preserve_reconciled,accepted,Preserves reconciled family label for analysis.,family_analysis_mapping_reviewed.csv
json_fallback_language,json:nij,REFERENCE_ONLY,,,,,nij,Ngaju,cldr,,,,,,,,,,map,Austronesian languages,Austronesian languages,Austronesian languages,Austronesian,Glottolog agreed,False,True,,,,,,Malayo-Polynesian language of Central Kalimantan. ISO 639-5: map.,Austronesian languages,preserve_reconciled,accepted,Preserves reconciled family label for analysis.,family_analysis_mapping_reviewed.csv
json_fallback_language,json:nia,REFERENCE_ONLY,,,,,nia,Nias,cldr|iso639_2,nia,,,,,,,,,map,Austronesian languages,Austronesian languages,Austronesian languages,Austronesian,Glottolog agreed,False,True,,,,,,Malayo-Polynesian language of North Sumatra. ISO 639-5: map.,Austronesian languages,preserve_reconciled,accepted,Preserves reconciled family label for analysis.,family_analysis_mapping_reviewed.csv
json_fallback_language,json:niu,REFERENCE_ONLY,,,,,niu,Niuean,cldr|iso639_2,niu,,,,,,,,,map,Austronesian languages,Austronesian languages,Austronesian languages,Austronesian,Glottolog agreed,False,True,,,,,,Polynesian language of Niue. ISO 639-5: map.,Austronesian languages,preserve_reconciled,accepted,Preserves reconciled family label for analysis.,family_analysis_mapping_reviewed.csv
json_fallback_language,json:pau,REFERENCE_ONLY,,,,,pau,Palauan,cldr|iso639_2,pau,,,,,,,,,map,Austronesian languages,Austronesian languages,Austronesian languages,Austronesian,Glottolog agreed,False,True,,,,,,Malayo-Polynesian language of Palau. ISO 639-5: map.,Austronesian languages,preserve_reconciled,accepted,Preserves reconciled family label for analysis.,family_analysis_mapping_reviewed.csv
json_fallback_language,json:mfa,REFERENCE_ONLY,,,,,mfa,Pattani Malay,cldr,,,,,,,,,,map,Austronesian languages,Austronesian languages,Austronesian languages,Austronesian,Glottolog agreed,False,True,,,,,,Malayo-Polynesian language of southern Thailand. ISO 639-5: map.,Austronesian languages,preserve_reconciled,accepted,Preserves reconciled family label for analysis.,family_analysis_mapping_reviewed.csv
json_fallback_language,json:pon,REFERENCE_ONLY,,,,,pon,Pohnpeian,cldr|iso639_2,pon,,,,,,,,,map,Austronesian languages,Austronesian languages,Austronesian languages,Austronesian,Glottolog agreed,False,True,,,,,,"Oceanic Austronesian language of Pohnpei, Micronesia. ISO 639-5: map.",Austronesian languages,preserve_reconciled,accepted,Preserves reconciled family label for analysis.,family_analysis_mapping_reviewed.csv
json_fallback_language,json:rap,REFERENCE_ONLY,,,,,rap,Rapanui,cldr|iso639_2,rap,,,,,,,,,map,Austronesian languages,Austronesian languages,Austronesian languages,Austronesian,Glottolog agreed,False,True,,,,,,Polynesian language (reassigned above to map).,Austronesian languages,preserve_reconciled,accepted,Preserves reconciled family label for analysis.,family_analysis_mapping_reviewed.csv
json_fallback_language,json:rar,REFERENCE_ONLY,,,,,rar,Rarotongan,cldr|iso639_2,rar,,,,,,,,,map,Austronesian languages,Austronesian languages,Austronesian languages,Austronesian,Glottolog agreed,False,True,,,,,,Polynesian language of the Cook Islands. ISO 639-5: map.,Austronesian languages,preserve_reconciled,accepted,Preserves reconciled family label for analysis.,family_analysis_mapping_reviewed.csv
json_fallback_language,json:rej,REFERENCE_ONLY,,,,,rej,Rejang,cldr,,,,,,,,,,map,Austronesian languages,Austronesian languages,Austronesian languages,Austronesian,Glottolog agreed,False,True,,,,,,"Malayo-Polynesian language of Bengkulu, Sumatra. ISO 639-5: map.",Austronesian languages,preserve_reconciled,accepted,Preserves reconciled family label for analysis.,family_analysis_mapping_reviewed.csv
json_fallback_language,json:bto,REFERENCE_ONLY,,,,,bto,Rinconada Bikol,cldr,,,,,,,,,,map,Austronesian languages,Austronesian languages,Austronesian languages,Austronesian,Glottolog agreed,False,True,,,,,,Philippine language of the Bikol group. ISO 639-5: map.,Austronesian languages,preserve_reconciled,accepted,Preserves reconciled family label for analysis.,family_analysis_mapping_reviewed.csv
json_fallback_language,json:rtm,REFERENCE_ONLY,,,,,rtm,Rotuman,cldr,,,,,,,,,,map,Austronesian languages,Austronesian languages,Austronesian languages,Austronesian,Glottolog agreed,False,True,,,,,,"Polynesian language of Rotuma Island, Fiji. ISO 639-5: map.",Austronesian languages,preserve_reconciled,accepted,Preserves reconciled family label for analysis.,family_analysis_mapping_reviewed.csv
json_fallback_language,json:rug,REFERENCE_ONLY,,,,,rug,Roviana,cldr,,,,,,,,,,map,Austronesian languages,Austronesian languages,Austronesian languages,Austronesian,Glottolog agreed,False,True,,,,,,Oceanic Austronesian language of the Solomon Islands. ISO 639-5: map.,Austronesian languages,preserve_reconciled,accepted,Preserves reconciled family label for analysis.,family_analysis_mapping_reviewed.csv
json_fallback_language,json:sxn,REFERENCE_ONLY,,,,,sxn,Sangir,cldr,,,,,,,,,,map,Austronesian languages,Austronesian languages,Austronesian languages,Austronesian,Glottolog agreed,False,True,,,,,,Malayo-Polynesian language of Sangihe Islands. ISO 639-5: map.,Austronesian languages,preserve_reconciled,accepted,Preserves reconciled family label for analysis.,family_analysis_mapping_reviewed.csv
json_fallback_language,json:sas,REFERENCE_ONLY,,,,,sas,Sasak,cldr|iso639_2,sas,,,,,,,,,map,Austronesian languages,Austronesian languages,Austronesian languages,Austronesian,Glottolog agreed,False,True,,,,,,Malayo-Polynesian language of Lombok. ISO 639-5: map.,Austronesian languages,preserve_reconciled,accepted,Preserves reconciled family label for analysis.,family_analysis_mapping_reviewed.csv
json_fallback_language,json:sly,REFERENCE_ONLY,,,,,sly,Selayar,cldr,,,,,,,,,,map,Austronesian languages,Austronesian languages,Austronesian languages,Austronesian,Glottolog agreed,False,True,,,,,,Malayo-Polynesian language of Selayar Island. ISO 639-5: map.,Austronesian languages,preserve_reconciled,accepted,Preserves reconciled family label for analysis.,family_analysis_mapping_reviewed.csv
json_fallback_language,json:rob,REFERENCE_ONLY,,,,,rob,Tae',cldr,,,,,,,,,,map,Austronesian languages,Austronesian languages,Austronesian languages,Austronesian,Glottolog agreed,False,True,,,,,,Malayo-Polynesian language of South Sulawesi. ISO 639-5: map.,Austronesian languages,preserve_reconciled,accepted,Preserves reconciled family label for analysis.,family_analysis_mapping_reviewed.csv
json_fallback_language,json:tbw,REFERENCE_ONLY,,,,,tbw,Tagbanwa,cldr,,,,,,,,,,map,Austronesian languages,Austronesian languages,Austronesian languages,Austronesian,Glottolog agreed,False,True,,,,,,Philippine language of Palawan. ISO 639-5: map.,Austronesian languages,preserve_reconciled,accepted,Preserves reconciled family label for analysis.,family_analysis_mapping_reviewed.csv
json_fallback_language,json:trv,REFERENCE_ONLY,,,,,trv,Taroko,cldr,,,,,,,,,,map,Austronesian languages,Austronesian languages,Austronesian languages,Austronesian,Glottolog agreed,False,True,,,,,,Formosan Austronesian language of Taiwan. ISO 639-5: map.,Austronesian languages,preserve_reconciled,accepted,Preserves reconciled family label for analysis.,family_analysis_mapping_reviewed.csv
json_fallback_language,json:tsg,REFERENCE_ONLY,,,,,tsg,Tausug,cldr,,,,,,,,,,map,Austronesian languages,Austronesian languages,Austronesian languages,Austronesian,Glottolog agreed,False,True,,,,,,Philippine language of the Sulu Archipelago. ISO 639-5: map.,Austronesian languages,preserve_reconciled,accepted,Preserves reconciled family label for analysis.,family_analysis_mapping_reviewed.csv
json_fallback_language,json:tkl,REFERENCE_ONLY,,,,,tkl,Tokelauan,cldr|iso639_2,tkl,,,,,,,,,map,Austronesian languages,Austronesian languages,Austronesian languages,Austronesian,Glottolog agreed,False,True,,,,,,Polynesian language of Tokelau. ISO 639-5: map.,Austronesian languages,preserve_reconciled,accepted,Preserves reconciled family label for analysis.,family_analysis_mapping_reviewed.csv
json_fallback_language,json:lbw,REFERENCE_ONLY,,,,,lbw,Tolaki,cldr,,,,,,,,,,map,Austronesian languages,Austronesian languages,Austronesian languages,Austronesian,Glottolog agreed,False,True,,,,,,Austronesian language of Southeast Sulawesi. ISO 639-5: map.,Austronesian languages,preserve_reconciled,accepted,Preserves reconciled family label for analysis.,family_analysis_mapping_reviewed.csv
json_fallback_language,json:tvl,REFERENCE_ONLY,,,,,tvl,Tuvalu,cldr|iso639_2,tvl,,,,,,,,,map,Austronesian languages,Austronesian languages,Austronesian languages,Austronesian,Glottolog agreed,False,True,,,,,,Polynesian language of Tuvalu. ISO 639-5: map.,Austronesian languages,preserve_reconciled,accepted,Preserves reconciled family label for analysis.,family_analysis_mapping_reviewed.csv
json_fallback_language,json:aoz,REFERENCE_ONLY,,,,,aoz,Uab Meto,cldr,,,,,,,,,,map,Austronesian languages,Austronesian languages,Austronesian languages,Austronesian,Glottolog agreed,False,True,,,,,,Austronesian language of West Timor. ISO 639-5: map.,Austronesian languages,preserve_reconciled,accepted,Preserves reconciled family label for analysis.,family_analysis_mapping_reviewed.csv
json_fallback_language,json:uli,REFERENCE_ONLY,,,,,uli,Ulithian,cldr,,,,,,,,,,map,Austronesian languages,Austronesian languages,Austronesian languages,Austronesian,Glottolog agreed,False,True,,,,,,"Oceanic Austronesian language of Yap, Micronesia. ISO 639-5: map.",Austronesian languages,preserve_reconciled,accepted,Preserves reconciled family label for analysis.,family_analysis_mapping_reviewed.csv
json_fallback_language,json:wls,REFERENCE_ONLY,,,,,wls,Wallisian,cldr,,,,,,,,,,map,Austronesian languages,Austronesian languages,Austronesian languages,Austronesian,Glottolog agreed,False,True,,,,,,Polynesian language of Wallis Island. ISO 639-5: map.,Austronesian languages,preserve_reconciled,accepted,Preserves reconciled family label for analysis.,family_analysis_mapping_reviewed.csv
json_fallback_language,json:cja,REFERENCE_ONLY,,,,,cja,Western Cham,cldr,,,,,,,,,,map,Austronesian languages,Austronesian languages,Austronesian languages,Austronesian,Glottolog agreed,False,True,,,,,,Malayo-Polynesian language of Cambodia. ISO 639-5: map.,Austronesian languages,preserve_reconciled,accepted,Preserves reconciled family label for analysis.,family_analysis_mapping_reviewed.csv
json_fallback_language,json:yap,REFERENCE_ONLY,,,,,yap,Yapese,cldr|iso639_2,yap,,,,,,,,,map,Austronesian languages,Austronesian languages,Austronesian languages,Austronesian,Glottolog agreed,False,True,,,,,,"Austronesian language of Yap, Micronesia. ISO 639-5: map.",Austronesian languages,preserve_reconciled,accepted,Preserves reconciled family label for analysis.,family_analysis_mapping_reviewed.csv
json_fallback_language,json:cad,REFERENCE_ONLY,,,,,cad,Caddo,cldr|iso639_2,cad,,,,,,,,,nai,North American Indian languages,North American Indian languages,Caddoan,Caddoan,Glottolog reclassified,True,True,,,,,,Caddoan language isolate of Texas/Oklahoma. ISO 639-5: nai.,Caddoan,preserve_reconciled,accepted,Preserves reconciled family label for analysis.,family_analysis_mapping_reviewed.csv
json_fallback_language,json:car,REFERENCE_ONLY,,,,,car,Carib,cldr|iso639_2,car,,,,,,,,,sai,South American Indian languages,South American Indian languages,Cariban,Cariban,Glottolog reclassified,True,True,,,,,,Cariban language of South America. ISO 639-5: sai.,Cariban,preserve_reconciled,accepted,Preserves reconciled family label for analysis.,family_analysis_mapping_reviewed.csv
json_fallback_language,json:chb,REFERENCE_ONLY,,,,,chb,Chibcha,loc_only,chb,,,,,,,,,cai,Central American Indian languages,Central American Indian languages,Chibchan,Chibchan,Glottolog reclassified,True,True,,,,,,Extinct Chibchan language of Colombia. ISO 639-5: cai.,Chibchan,preserve_reconciled,accepted,Preserves reconciled family label for analysis.,family_analysis_mapping_reviewed.csv
json_fallback_language,json:dtm,REFERENCE_ONLY,,,,,dtm,Tomo Kan Dogon,cldr,,,,,,,,,,ssa,Nilo-Saharan languages,Nilo-Saharan languages,Dogon,Dogon,Glottolog reclassified,True,True,,,,,,Dogon language of Mali. Dogon placement varies; ssa used. ISO 639-5: ssa.,Dogon,preserve_reconciled,accepted,Preserves reconciled family label for analysis.,family_analysis_mapping_reviewed.csv
json_fallback_language,json:wbq,REFERENCE_ONLY,,Dravidian languages,,,wbq,Waddar,cldr,,,,,,,,,,inc,Indo-European languages,Indo-European languages,Dravidian,Dravidian,Glottolog reclassified,True,True,,,,,,Indo-Aryan language of Andhra Pradesh. ISO 639-5: inc.,Dravidian languages,normalize_variant,accepted,Normalizes variant spelling to existing label: Dravidian languages.,family_analysis_mapping_reviewed.csv
json_fallback_language,json:bfq,REFERENCE_ONLY,,,,,bfq,Badaga,cldr,,,,,,,,,,dra,Dravidian languages,Dravidian languages,Dravidian languages,Dravidian,Glottolog agreed,False,True,,,,,,Dravidian language of Tamil Nadu. ISO 639-5: dra.,Dravidian languages,preserve_reconciled,accepted,Preserves reconciled family label for analysis.,family_analysis_mapping_reviewed.csv
json_fallback_language,json:brh,REFERENCE_ONLY,,,,,brh,Brahui,cldr,,,,,,,,,,dra,Dravidian languages,Dravidian languages,Dravidian languages,Dravidian,Glottolog agreed,False,True,,,,,,Northern Dravidian language of Balochistan. ISO 639-5: dra.,Dravidian languages,preserve_reconciled,accepted,Preserves reconciled family label for analysis.,family_analysis_mapping_reviewed.csv
json_fallback_language,json:kru,REFERENCE_ONLY,,,,,kru,Kurukh,cldr|iso639_2,kru,,,,,,,,,dra,Dravidian languages,Dravidian languages,Dravidian languages,Dravidian,Glottolog agreed,False,True,,,,,,Northern Dravidian language of eastern India. ISO 639-5: dra.,Dravidian languages,preserve_reconciled,accepted,Preserves reconciled family label for analysis.,family_analysis_mapping_reviewed.csv
json_fallback_language,json:kxv,REFERENCE_ONLY,,,,,kxv,Kuvi,cldr,,,,,,,,,,dra,Dravidian languages,Dravidian languages,Dravidian languages,Dravidian,Glottolog agreed,False,True,,,,,,Central Dravidian language of Odisha. ISO 639-5: dra.,Dravidian languages,preserve_reconciled,accepted,Preserves reconciled family label for analysis.,family_analysis_mapping_reviewed.csv
json_fallback_language,json:tcy,REFERENCE_ONLY,,,,,tcy,Tulu,cldr,,,,,,,,,,dra,Dravidian languages,Dravidian languages,Dravidian languages,Dravidian,Glottolog agreed,False,True,,,,,,Dravidian language of coastal Karnataka. ISO 639-5: dra.,Dravidian languages,preserve_reconciled,accepted,Preserves reconciled family label for analysis.,family_analysis_mapping_reviewed.csv
json_fallback_language,json:ale,REFERENCE_ONLY,,,,,ale,Aleut,cldr|iso639_2,ale,,,,,,,,,esx,Eskimo-Aleut languages,Eskimo-Aleut languages,Eskimo-Aleut languages,Eskimo-Aleut,Glottolog agreed,False,True,,,,,,Eskimo-Aleut language of the Aleutian Islands. ISO 639-5: esx.,Eskimo-Aleut languages,preserve_reconciled,accepted,Preserves reconciled family label for analysis.,family_analysis_mapping_reviewed.csv
json_fallback_language,json:esu,REFERENCE_ONLY,,,,,esu,Central Yupik,cldr,,,,,,,,,,esx,Eskimo-Aleut languages,Eskimo-Aleut languages,Eskimo-Aleut languages,Eskimo-Aleut,Glottolog agreed,False,True,,,,,,Eskimo-Aleut language of western Alaska. ISO 639-5: esx.,Eskimo-Aleut languages,preserve_reconciled,accepted,Preserves reconciled family label for analysis.,family_analysis_mapping_reviewed.csv
json_fallback_language,json:ikt,REFERENCE_ONLY,,,,,ikt,Western Canadian Inuktitut,cldr,,,,,,,,,,esx,Eskimo-Aleut languages,Eskimo-Aleut languages,Eskimo-Aleut languages,Eskimo-Aleut,Glottolog agreed,False,True,,,,,,Eskimo-Aleut language of western Canada. ISO 639-5: esx.,Eskimo-Aleut languages,preserve_reconciled,accepted,Preserves reconciled family label for analysis.,family_analysis_mapping_reviewed.csv
json_fallback_language,json:fvr,REFERENCE_ONLY,,,,,fvr,Fur,cldr,,,,,,,,,,ssa,Nilo-Saharan languages,Nilo-Saharan languages,Furan,Furan,Glottolog reclassified,True,True,,,,,,Nilo-Saharan language of Sudan/Chad. ISO 639-5: ssa.,Furan,preserve_reconciled,accepted,Preserves reconciled family label for analysis.,family_analysis_mapping_reviewed.csv
json_fallback_language,json:hnj,REFERENCE_ONLY,,,,,hnj,Hmong Njua,cldr,,,,,,,,,,hmx,Hmong-Mien languages,Hmong-Mien languages,Hmong-Mien languages,Hmong-Mien,Glottolog agreed,False,True,,,,,,"Hmong-Mien language, also known as Blue Hmong. ISO 639-5: hmx.",Hmong-Mien languages,preserve_reconciled,accepted,Preserves reconciled family label for analysis.,family_analysis_mapping_reviewed.csv
json_fallback_language,json:hmd,REFERENCE_ONLY,,,,,hmd,Large Flowery Miao,cldr,,,,,,,,,,hmx,Hmong-Mien languages,Hmong-Mien languages,Hmong-Mien languages,Hmong-Mien,Glottolog agreed,False,True,,,,,,Hmong-Mien language of southwestern China. ISO 639-5: hmx.,Hmong-Mien languages,preserve_reconciled,accepted,Preserves reconciled family label for analysis.,family_analysis_mapping_reviewed.csv
json_fallback_language,json:ccp,REFERENCE_ONLY,,Indo-European languages,,,ccp,Chakma,cldr,,,,,,,,,,sit,Sino-Tibetan languages,Sino-Tibetan languages,Indo-European,Indo-European,Glottolog reclassified,True,True,,,,,,Tibeto-Burman language of the Chittagong Hill Tracts. ISO 639-5: sit.,Indo-European languages,normalize_variant,accepted,Normalizes variant spelling to existing label: Indo-European languages.,family_analysis_mapping_reviewed.csv
json_fallback_language,json:grc,REFERENCE_ONLY,,,,,grc,Ancient Greek,cldr|iso639_2,grc,,,,,,,,,grk,Indo-European languages,Indo-European languages,Indo-European languages,Indo-European,Glottolog agreed,False,True,,,,,,Ancient stage of the Greek language (classical period). ISO 639-5: grk.,Indo-European languages,preserve_reconciled,accepted,Preserves reconciled family label for analysis.,family_analysis_mapping_reviewed.csv
json_fallback_language,json:anp,REFERENCE_ONLY,,,,,anp,Angika,cldr|iso639_2,anp,,,,,,,,,inc,Indo-European languages,Indo-European languages,Indo-European languages,Indo-European,Glottolog agreed,False,True,,,,,,Eastern Indo-Aryan language of Bihar and Jharkhand. ISO 639-5: inc.,Indo-European languages,preserve_reconciled,accepted,Preserves reconciled family label for analysis.,family_analysis_mapping_reviewed.csv
json_fallback_language,json:rup,REFERENCE_ONLY,,,,,rup,Aromanian,cldr|iso639_2,rup,,,,,,,,,roa,Indo-European languages,Indo-European languages,Indo-European languages,Indo-European,Glottolog agreed,False,True,,,,,,Eastern Romance language spoken in the Balkans. ISO 639-5: roa.,Indo-European languages,preserve_reconciled,accepted,Preserves reconciled family label for analysis.,family_analysis_mapping_reviewed.csv
json_fallback_language,json:ast,REFERENCE_ONLY,,,,,ast,Asturian,cldr|iso639_2|wikimedia,ast,,,,,,,,,roa,Indo-European languages,Indo-European languages,Indo-European languages,Indo-European,Glottolog agreed,False,True,,,,,,Asturian (Asturian-Leonese) is an Ibero-Romance language of the West Iberian group. ISO 639-5: roa (Romance languages) under ine (Indo-European).,Indo-European languages,preserve_reconciled,accepted,Preserves reconciled family label for analysis.,family_analysis_mapping_reviewed.csv
json_fallback_language,json:ae,REFERENCE_ONLY,,,,,ae,Avestan,cldr|iso639_1|iso639_2,ave,,,,,,,,,ira,Indo-European languages,Indo-European languages,Indo-European languages,Indo-European,Glottolog agreed,False,True,,,,,,Avestan is an ancient Eastern Iranian language used in Zoroastrian Avesta scripture. No longer spoken natively; included for completeness. ISO 639-5: ira (Iranian languages).,Indo-European languages,preserve_reconciled,accepted,Preserves reconciled family label for analysis.,family_analysis_mapping_reviewed.csv
json_fallback_language,json:bfy,REFERENCE_ONLY,,,,,bfy,Bagheli,cldr,,,,,,,,,,inc,Indo-European languages,Indo-European languages,Indo-European languages,Indo-European,Glottolog agreed,False,True,,,,,,Eastern Hindi dialect of Madhya Pradesh and UP. ISO 639-5: inc.,Indo-European languages,preserve_reconciled,accepted,Preserves reconciled family label for analysis.,family_analysis_mapping_reviewed.csv
json_fallback_language,json:bqi,REFERENCE_ONLY,,,,,bqi,Bakhtiari,cldr,,,,,,,,,,ira,Indo-European languages,Indo-European languages,Indo-European languages,Indo-European,Glottolog agreed,False,True,,,,,,Southwest Iranian language of the Bakhtiari people. ISO 639-5: ira.,Indo-European languages,preserve_reconciled,accepted,Preserves reconciled family label for analysis.,family_analysis_mapping_reviewed.csv
json_fallback_language,json:btv,REFERENCE_ONLY,,,,,btv,Bateri,cldr,,,,,,,,,,ira,Indo-European languages,Indo-European languages,Indo-European languages,Indo-European,Glottolog agreed,False,True,,,,,,Dardic Indo-Aryan language of Pakistan. ISO 639-5: ira (dardic branch).,Indo-European languages,preserve_reconciled,accepted,Preserves reconciled family label for analysis.,family_analysis_mapping_reviewed.csv
json_fallback_language,json:bhi,REFERENCE_ONLY,,,,,bhi,Bhilali,cldr,,,,,,,,,,inc,Indo-European languages,Indo-European languages,Indo-European languages,Indo-European,Glottolog agreed,False,True,,,,,,Indo-Aryan language closely related to Bhili. ISO 639-5: inc.,Indo-European languages,preserve_reconciled,accepted,Preserves reconciled family label for analysis.,family_analysis_mapping_reviewed.csv
json_fallback_language,json:bhb,REFERENCE_ONLY,,,,,bhb,Bhili,cldr,,,,,,,,,,inc,Indo-European languages,Indo-European languages,Indo-European languages,Indo-European,Glottolog agreed,False,True,,,,,,Indo-Aryan language of western India. ISO 639-5: inc.,Indo-European languages,preserve_reconciled,accepted,Preserves reconciled family label for analysis.,family_analysis_mapping_reviewed.csv
json_fallback_language,json:bra,REFERENCE_ONLY,,,,,bra,Braj,cldr|iso639_2,bra,,,,,,,,,inc,Indo-European languages,Indo-European languages,Indo-European languages,Indo-European,Glottolog agreed,False,True,,,,,,Western Hindi dialect historically significant in Braj Bhasha literature. ISO 639-5: inc.,Indo-European languages,preserve_reconciled,accepted,Preserves reconciled family label for analysis.,family_analysis_mapping_reviewed.csv
json_fallback_language,json:frc,REFERENCE_ONLY,,,,,frc,Cajun French,cldr,,,,,,,,,,roa,Indo-European languages,Indo-European languages,Indo-European languages,Indo-European,Glottolog agreed,False,True,,,,,,French dialect of Louisiana Cajun communities. ISO 639-5: roa.,Indo-European languages,preserve_reconciled,accepted,Preserves reconciled family label for analysis.,family_analysis_mapping_reviewed.csv
json_fallback_language,json:xcr,REFERENCE_ONLY,,,,,xcr,Carian,cldr,,,,,,,,,,ine,Indo-European languages,Indo-European languages,Indo-European languages,Indo-European,Glottolog agreed,False,True,,,,,,Extinct Anatolian Indo-European language of southwest Anatolia. ISO 639-5: ine.,Indo-European languages,preserve_reconciled,accepted,Preserves reconciled family label for analysis.,family_analysis_mapping_reviewed.csv
json_fallback_language,json:hne,REFERENCE_ONLY,,,,,hne,Chhattisgarhi,cldr,,,,,,,,,,inc,Indo-European languages,Indo-European languages,Indo-European languages,Indo-European,Glottolog agreed,False,True,,,,,,Eastern Hindi dialect of Chhattisgarh. ISO 639-5: inc.,Indo-European languages,preserve_reconciled,accepted,Preserves reconciled family label for analysis.,family_analysis_mapping_reviewed.csv
json_fallback_language,json:thl,REFERENCE_ONLY,,,,,thl,Dangaura Tharu,cldr,,,,,,,,,,inc,Indo-European languages,Indo-European languages,Indo-European languages,Indo-European,Glottolog agreed,False,True,,,,,,Indo-Aryan language of Nepal's Terai. ISO 639-5: inc.,Indo-European languages,preserve_reconciled,accepted,Preserves reconciled family label for analysis.,family_analysis_mapping_reviewed.csv
json_fallback_language,json:dv,REFERENCE_ONLY,,,,,dv,Divehi,cldr|iso639_1|iso639_2|wikimedia,div,,,,,,,,,inc,Indo-European languages,Indo-European languages,Indo-European languages,Indo-European,Glottolog agreed,False,True,,,,,,"Dhivehi (Maldivian/Divehi) is an Indo-Aryan language of the Maldives and Lakshadweep, most closely related to Sinhala. ISO 639-5: inc (Indic languages).",Indo-European languages,preserve_reconciled,accepted,Preserves reconciled family label for analysis.,family_analysis_mapping_reviewed.csv
json_fallback_language,json:rmt,REFERENCE_ONLY,,,,,rmt,Domari,cldr,,,,,,,,,,ira,Indo-European languages,Indo-European languages,Indo-European languages,Indo-European,Glottolog agreed,False,True,,,,,,Indo-Aryan language of the Dom people (Middle East). ISO 639-5: ira (some debate; inc also used).,Indo-European languages,preserve_reconciled,accepted,Preserves reconciled family label for analysis.,family_analysis_mapping_reviewed.csv
json_fallback_language,json:dty,REFERENCE_ONLY,,,,,dty,Dotyali,cldr,,,,,,,,,,inc,Indo-European languages,Indo-European languages,Indo-European languages,Indo-European,Glottolog agreed,False,True,,,,,,Indo-Aryan language of western Nepal. ISO 639-5: inc.,Indo-European languages,preserve_reconciled,accepted,Preserves reconciled family label for analysis.,family_analysis_mapping_reviewed.csv
json_fallback_language,json:frs,REFERENCE_ONLY,,,,,frs,Eastern Frisian,cldr|iso639_2,frs,,,,,,,,,gem,Indo-European languages,Indo-European languages,Indo-European languages,Indo-European,Glottolog agreed,False,True,,,,,,"Saterland Frisian, a West Germanic language. ISO 639-5: gem.",Indo-European languages,preserve_reconciled,accepted,Preserves reconciled family label for analysis.,family_analysis_mapping_reviewed.csv
json_fallback_language,json:egl,REFERENCE_ONLY,,,,,egl,Emilian,cldr,,,,,,,,,,roa,Indo-European languages,Indo-European languages,Indo-European languages,Indo-European,Glottolog agreed,False,True,,,,,,Gallo-Italic Romance language of Emilia-Romagna. ISO 639-5: roa.,Indo-European languages,preserve_reconciled,accepted,Preserves reconciled family label for analysis.,family_analysis_mapping_reviewed.csv
json_fallback_language,json:fo,REFERENCE_ONLY,,,,,fo,Faroese,cldr|iso639_1|iso639_2|wikimedia,fao,,,,,,,,,gem,Indo-European languages,Indo-European languages,Indo-European languages,Indo-European,Glottolog agreed,False,True,,,,,,"Faroese is a North Germanic language spoken in the Faroe Islands, closely related to Icelandic and Old Norse. ISO 639-5: gem (Germanic languages).",Indo-European languages,preserve_reconciled,accepted,Preserves reconciled family label for analysis.,family_analysis_mapping_reviewed.csv
json_fallback_language,json:hif,REFERENCE_ONLY,,,,,hif,Fiji Hindi,cldr,,,,,,,,,,inc,Indo-European languages,Indo-European languages,Indo-European languages,Indo-European,Glottolog agreed,False,True,,,,,,Indo-Aryan language derived from Bhojpuri spoken in Fiji. ISO 639-5: inc.,Indo-European languages,preserve_reconciled,accepted,Preserves reconciled family label for analysis.,family_analysis_mapping_reviewed.csv
json_fallback_language,json:gos,REFERENCE_ONLY,,,,,gos,Gronings,cldr,,,,,,,,,,gem,Indo-European languages,Indo-European languages,Indo-European languages,Indo-European,Glottolog agreed,False,True,,,,,,Low Saxon dialect of the Groningen province. ISO 639-5: gem.,Indo-European languages,preserve_reconciled,accepted,Preserves reconciled family label for analysis.,family_analysis_mapping_reviewed.csv
json_fallback_language,json:gju,REFERENCE_ONLY,,,,,gju,Gujari,cldr,,,,,,,,,,inc,Indo-European languages,Indo-European languages,Indo-European languages,Indo-European,Glottolog agreed,False,True,,,,,,Indo-Aryan language spoken by the Gujjar community. ISO 639-5: inc.,Indo-European languages,preserve_reconciled,accepted,Preserves reconciled family label for analysis.,family_analysis_mapping_reviewed.csv
json_fallback_language,json:hoj,REFERENCE_ONLY,,,,,hoj,Hadothi,cldr,,,,,,,,,,inc,Indo-European languages,Indo-European languages,Indo-European languages,Indo-European,Glottolog agreed,False,True,,,,,,Rajasthani Indo-Aryan dialect of Rajasthan. ISO 639-5: inc.,Indo-European languages,preserve_reconciled,accepted,Preserves reconciled family label for analysis.,family_analysis_mapping_reviewed.csv
json_fallback_language,json:bgc,REFERENCE_ONLY,,,,,bgc,Haryanvi,cldr,,,,,,,,,,inc,Indo-European languages,Indo-European languages,Indo-European languages,Indo-European,Glottolog agreed,False,True,,,,,,Western Hindi dialect of Haryana. ISO 639-5: inc.,Indo-European languages,preserve_reconciled,accepted,Preserves reconciled family label for analysis.,family_analysis_mapping_reviewed.csv
json_fallback_language,json:haz,REFERENCE_ONLY,,,,,haz,Hazaragi,cldr,,,,,,,,,,inc,Indo-European languages,Indo-European languages,Indo-European languages,Indo-European,Glottolog agreed,False,True,,,,,,Indo-Aryan (Eastern Iranian-influenced) language of the Hazara. ISO 639-5: inc.,Indo-European languages,preserve_reconciled,accepted,Preserves reconciled family label for analysis.,family_analysis_mapping_reviewed.csv
json_fallback_language,json:hit,REFERENCE_ONLY,,,,,hit,Hittite,cldr|iso639_2,hit,,,,,,,,,ine,Indo-European languages,Indo-European languages,Indo-European languages,Indo-European,Glottolog agreed,False,True,,,,,,Extinct Anatolian Indo-European language of the Hittite Empire. ISO 639-5: ine.,Indo-European languages,preserve_reconciled,accepted,Preserves reconciled family label for analysis.,family_analysis_mapping_reviewed.csv
json_fallback_language,json:mvy,REFERENCE_ONLY,,,,,mvy,Indus Kohistani,cldr,,,,,,,,,,inc,Indo-European languages,Indo-European languages,Indo-European languages,Indo-European,Glottolog agreed,False,True,,,,,,Dardic Indo-Aryan language of Kohistan. ISO 639-5: inc.,Indo-European languages,preserve_reconciled,accepted,Preserves reconciled family label for analysis.,family_analysis_mapping_reviewed.csv
json_fallback_language,json:jpr,REFERENCE_ONLY,,,,,jpr,Judeo-Persian,cldr|iso639_2,jpr,,,,,,,,,inc,Indo-European languages,Indo-European languages,Indo-European languages,Indo-European,Glottolog agreed,False,True,,,,,,Variety of Persian written in Hebrew script by Iranian Jews. ISO 639-5: inc (Ira).,Indo-European languages,preserve_reconciled,accepted,Preserves reconciled family label for analysis.,family_analysis_mapping_reviewed.csv
json_fallback_language,json:jml,REFERENCE_ONLY,,,,,jml,Jumli,cldr,,,,,,,,,,inc,Indo-European languages,Indo-European languages,Indo-European languages,Indo-European,Glottolog agreed,False,True,,,,,,"Indo-Aryan language of Jumla district, Nepal. ISO 639-5: inc.",Indo-European languages,preserve_reconciled,accepted,Preserves reconciled family label for analysis.,family_analysis_mapping_reviewed.csv
json_fallback_language,json:jut,REFERENCE_ONLY,,,,,jut,Jutish,cldr,,,,,,,,,,gem,Indo-European languages,Indo-European languages,Indo-European languages,Indo-European,Glottolog agreed,False,True,,,,,,Extinct Low German dialect of Jutland. ISO 639-5: gem.,Indo-European languages,preserve_reconciled,accepted,Preserves reconciled family label for analysis.,family_analysis_mapping_reviewed.csv
json_fallback_language,json:kfr,REFERENCE_ONLY,,,,,kfr,Kachhi,cldr,,,,,,,,,,inc,Indo-European languages,Indo-European languages,Indo-European languages,Indo-European,Glottolog agreed,False,True,,,,,,Indo-Aryan language of Balochistan/Sindh. ISO 639-5: inc.,Indo-European languages,preserve_reconciled,accepted,Preserves reconciled family label for analysis.,family_analysis_mapping_reviewed.csv
json_fallback_language,json:gjk,REFERENCE_ONLY,,,,,gjk,Kachi Koli,cldr,,,,,,,,,,inc,Indo-European languages,Indo-European languages,Indo-European languages,Indo-European,Glottolog agreed,False,True,,,,,,Indo-Aryan language of Gujarat/Sindh. ISO 639-5: inc.,Indo-European languages,preserve_reconciled,accepted,Preserves reconciled family label for analysis.,family_analysis_mapping_reviewed.csv
json_fallback_language,json:rmf,REFERENCE_ONLY,,,,,rmf,Kalo Finnish Romani,cldr,,,,,,,,,,inc,Indo-European languages,Indo-European languages,Indo-European languages,Indo-European,Glottolog agreed,False,True,,,,,,Indo-Aryan (Romani) language spoken in Finland. ISO 639-5: inc.,Indo-European languages,preserve_reconciled,accepted,Preserves reconciled family label for analysis.,family_analysis_mapping_reviewed.csv
json_fallback_language,json:bjj,REFERENCE_ONLY,,,,,bjj,Kanauji,cldr,,,,,,,,,,inc,Indo-European languages,Indo-European languages,Indo-European languages,Indo-European,Glottolog agreed,False,True,,,,,,Indo-Aryan language of the Central Hindi belt. ISO 639-5: inc.,Indo-European languages,preserve_reconciled,accepted,Preserves reconciled family label for analysis.,family_analysis_mapping_reviewed.csv
json_fallback_language,json:xnr,REFERENCE_ONLY,,,,,xnr,Kangri,cldr,,,,,,,,,,inc,Indo-European languages,Indo-European languages,Indo-European languages,Indo-European,Glottolog agreed,False,True,,,,,,Pahari Indo-Aryan language of Himachal Pradesh. ISO 639-5: inc.,Indo-European languages,preserve_reconciled,accepted,Preserves reconciled family label for analysis.,family_analysis_mapping_reviewed.csv
json_fallback_language,json:ks,REFERENCE_ONLY,,,,,ks,Kashmiri,cldr|iso639_1|iso639_2|wikimedia,kas,,,,,,,,,inc,Indo-European languages,Indo-European languages,Indo-European languages,Indo-European,Glottolog agreed,False,True,,,,,,"Kashmiri is a Dardic language within the Indo-Aryan branch, spoken in the Kashmir Valley. ISO 639-5: inc (Indic languages).",Indo-European languages,preserve_reconciled,accepted,Preserves reconciled family label for analysis.,family_analysis_mapping_reviewed.csv
json_fallback_language,json:tkt,REFERENCE_ONLY,,,,,tkt,Kathoriya Tharu,cldr,,,,,,,,,,inc,Indo-European languages,Indo-European languages,Indo-European languages,Indo-European,Glottolog agreed,False,True,,,,,,Indo-Aryan language of Nepal's Terai. ISO 639-5: inc.,Indo-European languages,preserve_reconciled,accepted,Preserves reconciled family label for analysis.,family_analysis_mapping_reviewed.csv
json_fallback_language,json:khn,REFERENCE_ONLY,,,,,khn,Khandesi,cldr,,,,,,,,,,inc,Indo-European languages,Indo-European languages,Indo-European languages,Indo-European,Glottolog agreed,False,True,,,,,,Indo-Aryan language of the Khandesh region. ISO 639-5: inc.,Indo-European languages,preserve_reconciled,accepted,Preserves reconciled family label for analysis.,family_analysis_mapping_reviewed.csv
json_fallback_language,json:kho,REFERENCE_ONLY,,,,,kho,Khotanese,loc_only,kho,,,,,,,,,ira,Indo-European languages,Indo-European languages,Indo-European languages,Indo-European,Glottolog agreed,False,True,,,,,,Eastern Middle Iranian language of ancient Khotan. ISO 639-5: ira.,Indo-European languages,preserve_reconciled,accepted,Preserves reconciled family label for analysis.,family_analysis_mapping_reviewed.csv
json_fallback_language,json:kiu,REFERENCE_ONLY,,,,,kiu,Kirmanjki,cldr,,,,,,,,,,ira,Indo-European languages,Indo-European languages,Indo-European languages,Indo-European,Glottolog agreed,False,True,,,,,,Northwestern Iranian (Zaza-Gorani group) language of Turkey. ISO 639-5: ira.,Indo-European languages,preserve_reconciled,accepted,Preserves reconciled family label for analysis.,family_analysis_mapping_reviewed.csv
json_fallback_language,json:thq,REFERENCE_ONLY,,,,,thq,Kochila Tharu,cldr,,,,,,,,,,inc,Indo-European languages,Indo-European languages,Indo-European languages,Indo-European,Glottolog agreed,False,True,,,,,,Indo-Aryan language of Nepal's Terai. ISO 639-5: inc.,Indo-European languages,preserve_reconciled,accepted,Preserves reconciled family label for analysis.,family_analysis_mapping_reviewed.csv
json_fallback_language,json:kfy,REFERENCE_ONLY,,,,,kfy,Kumaoni,cldr,,,,,,,,,,inc,Indo-European languages,Indo-European languages,Indo-European languages,Indo-European,Glottolog agreed,False,True,,,,,,Pahari Indo-Aryan language of Uttarakhand. ISO 639-5: inc.,Indo-European languages,preserve_reconciled,accepted,Preserves reconciled family label for analysis.,family_analysis_mapping_reviewed.csv
json_fallback_language,json:lki,REFERENCE_ONLY,,,,,lki,Laki,cldr,,,,,,,,,,ira,Indo-European languages,Indo-European languages,Indo-European languages,Indo-European,Glottolog agreed,False,True,,,,,,Southern Kurdish dialect / Laki language of western Iran. ISO 639-5: ira.,Indo-European languages,preserve_reconciled,accepted,Preserves reconciled family label for analysis.,family_analysis_mapping_reviewed.csv
json_fallback_language,json:lmn,REFERENCE_ONLY,,,,,lmn,Lambadi,cldr,,,,,,,,,,inc,Indo-European languages,Indo-European languages,Indo-European languages,Indo-European,Glottolog agreed,False,True,,,,,,Indo-Aryan language of the Banjara community. ISO 639-5: inc.,Indo-European languages,preserve_reconciled,accepted,Preserves reconciled family label for analysis.,family_analysis_mapping_reviewed.csv
json_fallback_language,json:li,REFERENCE_ONLY,,,,,li,Limburgish,cldr|iso639_1|iso639_2|wikimedia,lim,,,,,,,,,gem,Indo-European languages,Indo-European languages,Indo-European languages,Indo-European,Glottolog agreed,False,True,,,,,,Limburgish (Limburgan/Limburgs) is a Low Franconian Germanic language spoken in the Limburg region. Misclassified as Romance in earlier reference data; corrected here. ISO 639-5: gem (Germanic languages).,Indo-European languages,preserve_reconciled,accepted,Preserves reconciled family label for analysis.,family_analysis_mapping_reviewed.csv
json_fallback_language,json:sli,REFERENCE_ONLY,,,,,sli,Lower Silesian,cldr,,,,,,,,,,gem,Indo-European languages,Indo-European languages,Indo-European languages,Indo-European,Glottolog agreed,False,True,,,,,,Central German dialect historically spoken in Silesia. ISO 639-5: gem.,Indo-European languages,preserve_reconciled,accepted,Preserves reconciled family label for analysis.,family_analysis_mapping_reviewed.csv
json_fallback_language,json:xlc,REFERENCE_ONLY,,,,,xlc,Lycian,cldr,,,,,,,,,,ine,Indo-European languages,Indo-European languages,Indo-European languages,Indo-European,Glottolog agreed,False,True,,,,,,Extinct Anatolian Indo-European language of Lycia. ISO 639-5: ine.,Indo-European languages,preserve_reconciled,accepted,Preserves reconciled family label for analysis.,family_analysis_mapping_reviewed.csv
json_fallback_language,json:xld,REFERENCE_ONLY,,,,,xld,Lydian,cldr,,,,,,,,,,ine,Indo-European languages,Indo-European languages,Indo-European languages,Indo-European,Glottolog agreed,False,True,,,,,,Extinct Anatolian Indo-European language of Lydia. ISO 639-5: ine.,Indo-European languages,preserve_reconciled,accepted,Preserves reconciled family label for analysis.,family_analysis_mapping_reviewed.csv
json_fallback_language,json:mag,REFERENCE_ONLY,,,,,mag,Magahi,cldr|iso639_2,mag,,,,,,,,,inc,Indo-European languages,Indo-European languages,Indo-European languages,Indo-European,Glottolog agreed,False,True,,,,,,Eastern Indo-Aryan language of Bihar. ISO 639-5: inc.,Indo-European languages,preserve_reconciled,accepted,Preserves reconciled family label for analysis.,family_analysis_mapping_reviewed.csv
json_fallback_language,json:vmf,REFERENCE_ONLY,,,,,vmf,Main-Franconian,cldr,,,,,,,,,,gem,Indo-European languages,Indo-European languages,Indo-European languages,Indo-European,Glottolog agreed,False,True,,,,,,Central German dialect group of the Main river region. ISO 639-5: gem.,Indo-European languages,preserve_reconciled,accepted,Preserves reconciled family label for analysis.,family_analysis_mapping_reviewed.csv
json_fallback_language,json:mai,REFERENCE_ONLY,,,,,mai,Maithili,cldr|iso639_2,mai,,,,,,,,,inc,Indo-European languages,Indo-European languages,Indo-European languages,Indo-European,Glottolog agreed,False,True,,,,,,Eastern Indo-Aryan language of Bihar and Nepal. ISO 639-5: inc.,Indo-European languages,preserve_reconciled,accepted,Preserves reconciled family label for analysis.,family_analysis_mapping_reviewed.csv
json_fallback_language,json:mtr,REFERENCE_ONLY,,,,,mtr,Mewari,cldr,,,,,,,,,,inc,Indo-European languages,Indo-European languages,Indo-European languages,Indo-European,Glottolog agreed,False,True,,,,,,Rajasthani dialect of Mewar region. ISO 639-5: inc.,Indo-European languages,preserve_reconciled,accepted,Preserves reconciled family label for analysis.,family_analysis_mapping_reviewed.csv
json_fallback_language,json:wtm,REFERENCE_ONLY,,,,,wtm,Mewati,cldr,,,,,,,,,,inc,Indo-European languages,Indo-European languages,Indo-European languages,Indo-European,Glottolog agreed,False,True,,,,,,Western Hindi dialect of Mewat region. ISO 639-5: inc.,Indo-European languages,preserve_reconciled,accepted,Preserves reconciled family label for analysis.,family_analysis_mapping_reviewed.csv
json_fallback_language,json:dum,REFERENCE_ONLY,,,,,dum,Middle Dutch,cldr|iso639_2,dum,,,,,,,,,gem,Indo-European languages,Indo-European languages,Indo-European languages,Indo-European,Glottolog agreed,False,True,,,,,,Historical West Germanic language ancestor of modern Dutch. ISO 639-5: gem.,Indo-European languages,preserve_reconciled,accepted,Preserves reconciled family label for analysis.,family_analysis_mapping_reviewed.csv
json_fallback_language,json:enm,REFERENCE_ONLY,,,,,enm,Middle English,cldr|iso639_2,enm,,,,,,,,,gem,Indo-European languages,Indo-European languages,Indo-European languages,Indo-European,Glottolog agreed,False,True,,,,,,Historical stage of English from c.1100–1500. ISO 639-5: gem.,Indo-European languages,preserve_reconciled,accepted,Preserves reconciled family label for analysis.,family_analysis_mapping_reviewed.csv
json_fallback_language,json:gmh,REFERENCE_ONLY,,,,,gmh,Middle High German,cldr|iso639_2,gmh,,,,,,,,,gem,Indo-European languages,Indo-European languages,Indo-European languages,Indo-European,Glottolog agreed,False,True,,,,,,Historical High German (c.1050–1350). ISO 639-5: gem.,Indo-European languages,preserve_reconciled,accepted,Preserves reconciled family label for analysis.,family_analysis_mapping_reviewed.csv
json_fallback_language,json:ttt,REFERENCE_ONLY,,,,,ttt,Muslim Tat,cldr,,,,,,,,,,ira,Indo-European languages,Indo-European languages,Indo-European languages,Indo-European,Glottolog agreed,False,True,,,,,,Southwest Iranian language of Azerbaijan/Dagestan. ISO 639-5: ira.,Indo-European languages,preserve_reconciled,accepted,Preserves reconciled family label for analysis.,family_analysis_mapping_reviewed.csv
json_fallback_language,json:noe,REFERENCE_ONLY,,,,,noe,Nimadi,cldr,,,,,,,,,,inc,Indo-European languages,Indo-European languages,Indo-European languages,Indo-European,Glottolog agreed,False,True,,,,,,Indo-Aryan language of Madhya Pradesh/Rajasthan. ISO 639-5: inc.,Indo-European languages,preserve_reconciled,accepted,Preserves reconciled family label for analysis.,family_analysis_mapping_reviewed.csv
json_fallback_language,json:frr,REFERENCE_ONLY,,,,,frr,Northern Frisian,cldr|iso639_2,frr,,,,,,,,,gem,Indo-European languages,Indo-European languages,Indo-European languages,Indo-European,Glottolog agreed,False,True,,,,,,West Germanic language of the North Frisian Islands. ISO 639-5: gem.,Indo-European languages,preserve_reconciled,accepted,Preserves reconciled family label for analysis.,family_analysis_mapping_reviewed.csv
json_fallback_language,json:hno,REFERENCE_ONLY,,,,,hno,Northern Hindko,cldr,,,,,,,,,,inc,Indo-European languages,Indo-European languages,Indo-European languages,Indo-European,Glottolog agreed,False,True,,,,,,"Indo-Aryan language of the Hazara division, Pakistan. ISO 639-5: inc.",Indo-European languages,preserve_reconciled,accepted,Preserves reconciled family label for analysis.,family_analysis_mapping_reviewed.csv
json_fallback_language,json:lrc,REFERENCE_ONLY,,,,,lrc,Northern Luri,cldr,,,,,,,,,,ira,Indo-European languages,Indo-European languages,Indo-European languages,Indo-European,Glottolog agreed,False,True,,,,,,"Northwestern Iranian language spoken in Lurestan, Iran. ISO 639-5: ira.",Indo-European languages,preserve_reconciled,accepted,Preserves reconciled family label for analysis.,family_analysis_mapping_reviewed.csv
json_fallback_language,json:fro,REFERENCE_ONLY,,,,,fro,Old French,cldr|iso639_2,fro,,,,,,,,,gem,Indo-European languages,Indo-European languages,Indo-European languages,Indo-European,Glottolog agreed,False,True,,,,,,Historical stage of French (c.842–1340). Reassigned below to roa.,Indo-European languages,preserve_reconciled,accepted,Preserves reconciled family label for analysis.,family_analysis_mapping_reviewed.csv
json_fallback_language,json:goh,REFERENCE_ONLY,,,,,goh,Old High German,cldr|iso639_2,goh,,,,,,,,,gem,Indo-European languages,Indo-European languages,Indo-European languages,Indo-European,Glottolog agreed,False,True,,,,,,Historical High German (c.750–1050). ISO 639-5: gem.,Indo-European languages,preserve_reconciled,accepted,Preserves reconciled family label for analysis.,family_analysis_mapping_reviewed.csv
json_fallback_language,json:sga,REFERENCE_ONLY,,,,,sga,Old Irish,cldr|iso639_2,sga,,,,,,,,,cel,Indo-European languages,Indo-European languages,Indo-European languages,Indo-European,Glottolog agreed,False,True,,,,,,Earliest attested form of the Irish language (600–900 CE). ISO 639-5: cel.,Indo-European languages,preserve_reconciled,accepted,Preserves reconciled family label for analysis.,family_analysis_mapping_reviewed.csv
json_fallback_language,json:non,REFERENCE_ONLY,,,,,non,Old Norse,cldr|iso639_2,non,,,,,,,,,gem,Indo-European languages,Indo-European languages,Indo-European languages,Indo-European,Glottolog agreed,False,True,,,,,,North Germanic language of the Viking Age. ISO 639-5: gem.,Indo-European languages,preserve_reconciled,accepted,Preserves reconciled family label for analysis.,family_analysis_mapping_reviewed.csv
json_fallback_language,json:peo,REFERENCE_ONLY,,,,,peo,Old Persian,cldr|iso639_2,peo,,,,,,,,,ira,Indo-European languages,Indo-European languages,Indo-European languages,Indo-European,Glottolog agreed,False,True,,,,,,Ancient Southwest Iranian language of the Achaemenid Empire. ISO 639-5: ira.,Indo-European languages,preserve_reconciled,accepted,Preserves reconciled family label for analysis.,family_analysis_mapping_reviewed.csv
json_fallback_language,json:pro,REFERENCE_ONLY,,,,,pro,Old Provençal,cldr|iso639_2,pro,,,,,,,,,roa,Indo-European languages,Indo-European languages,Indo-European languages,Indo-European,Glottolog agreed,False,True,,,,,,Medieval Occitan language of southern France. ISO 639-5: roa.,Indo-European languages,preserve_reconciled,accepted,Preserves reconciled family label for analysis.,family_analysis_mapping_reviewed.csv
json_fallback_language,json:osc,REFERENCE_ONLY,,,,,osc,Oscan,cldr,,,,,,,,,,ine,Indo-European languages,Indo-European languages,Indo-European languages,Indo-European,Glottolog agreed,False,True,,,,,,Extinct Italic Indo-European language of ancient Italy. ISO 639-5: ine.,Indo-European languages,preserve_reconciled,accepted,Preserves reconciled family label for analysis.,family_analysis_mapping_reviewed.csv
json_fallback_language,json:pal,REFERENCE_ONLY,,,,,pal,Pahlavi,cldr|iso639_2,pal,,,,,,,,,ira,Indo-European languages,Indo-European languages,Indo-European languages,Indo-European,Glottolog agreed,False,True,,,,,,Middle Iranian language; liturgical language of Zoroastrianism. ISO 639-5: ira.,Indo-European languages,preserve_reconciled,accepted,Preserves reconciled family label for analysis.,family_analysis_mapping_reviewed.csv
json_fallback_language,json:pfl,REFERENCE_ONLY,,,,,pfl,Palatine German,cldr,,,,,,,,,,gem,Indo-European languages,Indo-European languages,Indo-European languages,Indo-European,Glottolog agreed,False,True,,,,,,Central German dialect of the Palatinate region. ISO 639-5: gem.,Indo-European languages,preserve_reconciled,accepted,Preserves reconciled family label for analysis.,family_analysis_mapping_reviewed.csv
json_fallback_language,json:pi,REFERENCE_ONLY,,,,,pi,Pali,cldr|iso639_1|iso639_2|wikimedia,pli,,,,,,,,,inc,Indo-European languages,Indo-European languages,Indo-European languages,Indo-European,Glottolog agreed,False,True,,,,,,Pali is a Middle Indo-Aryan liturgical language and the canonical scriptural language of Theravada Buddhism. No longer a spoken vernacular. ISO 639-5: inc (Indic languages).,Indo-European languages,preserve_reconciled,accepted,Preserves reconciled family label for analysis.,family_analysis_mapping_reviewed.csv
json_fallback_language,json:kvx,REFERENCE_ONLY,,,,,kvx,Parkari Koli,cldr,,,,,,,,,,inc,Indo-European languages,Indo-European languages,Indo-European languages,Indo-European,Glottolog agreed,False,True,,,,,,Indo-Aryan language of Sindh. ISO 639-5: inc.,Indo-European languages,preserve_reconciled,accepted,Preserves reconciled family label for analysis.,family_analysis_mapping_reviewed.csv
json_fallback_language,json:xpr,REFERENCE_ONLY,,,,,xpr,Parthian,cldr,,,,,,,,,,ira,Indo-European languages,Indo-European languages,Indo-European languages,Indo-European,Glottolog agreed,False,True,,,,,,Extinct Northwest Iranian language of the Parthian Empire. ISO 639-5: ira.,Indo-European languages,preserve_reconciled,accepted,Preserves reconciled family label for analysis.,family_analysis_mapping_reviewed.csv
json_fallback_language,json:pcd,REFERENCE_ONLY,,,,,pcd,Picard,cldr,,,,,,,,,,roa,Indo-European languages,Indo-European languages,Indo-European languages,Indo-European,Glottolog agreed,False,True,,,,,,Oïl Romance language of northern France and Belgium. ISO 639-5: roa.,Indo-European languages,preserve_reconciled,accepted,Preserves reconciled family label for analysis.,family_analysis_mapping_reviewed.csv
json_fallback_language,json:pdt,REFERENCE_ONLY,,,,,pdt,Plautdietsch,cldr,,,,,,,,,,gem,Indo-European languages,Indo-European languages,Indo-European languages,Indo-European,Glottolog agreed,False,True,,,,,,Low German dialect spoken by Mennonites. ISO 639-5: gem.,Indo-European languages,preserve_reconciled,accepted,Preserves reconciled family label for analysis.,family_analysis_mapping_reviewed.csv
json_fallback_language,json:pnt,REFERENCE_ONLY,,,,,pnt,Pontic,cldr,,,,,,,,,,grk,Indo-European languages,Indo-European languages,Indo-European languages,Indo-European,Glottolog agreed,False,True,,,,,,Greek dialect of the Pontus region (Black Sea coast). ISO 639-5: grk.,Indo-European languages,preserve_reconciled,accepted,Preserves reconciled family label for analysis.,family_analysis_mapping_reviewed.csv
json_fallback_language,json:prg,REFERENCE_ONLY,,,,,prg,Prussian,cldr,,,,,,,,,,bat,Indo-European languages,Indo-European languages,Indo-European languages,Indo-European,Glottolog agreed,False,True,,,,,,Extinct Baltic IE language of Old Prussia. ISO 639-5: bat.,Indo-European languages,preserve_reconciled,accepted,Preserves reconciled family label for analysis.,family_analysis_mapping_reviewed.csv
json_fallback_language,json:rjs,REFERENCE_ONLY,,,,,rjs,Rajbanshi,cldr,,,,,,,,,,inc,Indo-European languages,Indo-European languages,Indo-European languages,Indo-European,Glottolog agreed,False,True,,,,,,Indo-Aryan language of the Terai. ISO 639-5: inc.,Indo-European languages,preserve_reconciled,accepted,Preserves reconciled family label for analysis.,family_analysis_mapping_reviewed.csv
json_fallback_language,json:thr,REFERENCE_ONLY,,,,,thr,Rana Tharu,cldr,,,,,,,,,,inc,Indo-European languages,Indo-European languages,Indo-European languages,Indo-European,Glottolog agreed,False,True,,,,,,Indo-Aryan language of Nepal's Terai. ISO 639-5: inc.,Indo-European languages,preserve_reconciled,accepted,Preserves reconciled family label for analysis.,family_analysis_mapping_reviewed.csv
json_fallback_language,json:rkt,REFERENCE_ONLY,,,,,rkt,Rangpuri,cldr,,,,,,,,,,inc,Indo-European languages,Indo-European languages,Indo-European languages,Indo-European,Glottolog agreed,False,True,,,,,,Indo-Aryan language of West Bengal and Bangladesh. ISO 639-5: inc.,Indo-European languages,preserve_reconciled,accepted,Preserves reconciled family label for analysis.,family_analysis_mapping_reviewed.csv
json_fallback_language,json:rhg,REFERENCE_ONLY,,,,,rhg,Rohingya,cldr,,,,,,,,,,inc,Indo-European languages,Indo-European languages,Indo-European languages,Indo-European,Glottolog agreed,False,True,,,,,,Indo-Aryan language of the Rohingya people. ISO 639-5: inc.,Indo-European languages,preserve_reconciled,accepted,Preserves reconciled family label for analysis.,family_analysis_mapping_reviewed.csv
json_fallback_language,json:rgn,REFERENCE_ONLY,,,,,rgn,Romagnol,cldr,,,,,,,,,,roa,Indo-European languages,Indo-European languages,Indo-European languages,Indo-European,Glottolog agreed,False,True,,,,,,Gallo-Italic Romance language of Romagna. ISO 639-5: roa.,Indo-European languages,preserve_reconciled,accepted,Preserves reconciled family label for analysis.,family_analysis_mapping_reviewed.csv
json_fallback_language,json:rmy,REFERENCE_ONLY,,,,,rmy,Romani,wikimedia_only,,,,,,,,,,inc,Indo-European languages,Indo-European languages,Indo-European languages,Indo-European,Glottolog agreed,False,True,,,,,,"Romani is a Central Indo-Aryan language originating in the Indian subcontinent, spoken by Romani peoples across Europe and beyond. ISO 639-5: inc (Indic languages).",Indo-European languages,preserve_reconciled,accepted,Preserves reconciled family label for analysis.,family_analysis_mapping_reviewed.csv
json_fallback_language,json:rm,REFERENCE_ONLY,,,,,rm,Romansh,cldr|iso639_1|iso639_2|wikimedia,roh,,,,,,,,,roa,Indo-European languages,Indo-European languages,Indo-European languages,Indo-European,Glottolog agreed,False,True,,,,,,Romansh (Rumantsch) is a Rhaeto-Romance language of the Swiss canton of Graubünden. ISO 639-5: roa (Romance languages).,Indo-European languages,preserve_reconciled,accepted,Preserves reconciled family label for analysis.,family_analysis_mapping_reviewed.csv
json_fallback_language,json:rue,REFERENCE_ONLY,,,,,rue,Rusyn,cldr,,,,,,,,,,sla,Indo-European languages,Indo-European languages,Indo-European languages,Indo-European,Glottolog agreed,False,True,,,,,,East Slavic language of the Carpathian region. ISO 639-5: sla.,Indo-European languages,preserve_reconciled,accepted,Preserves reconciled family label for analysis.,family_analysis_mapping_reviewed.csv
json_fallback_language,json:sck,REFERENCE_ONLY,,,,,sck,Sadri,cldr,,,,,,,,,,inc,Indo-European languages,Indo-European languages,Indo-European languages,Indo-European,Glottolog agreed,False,True,,,,,,Eastern Indo-Aryan language of Jharkhand. ISO 639-5: inc.,Indo-European languages,preserve_reconciled,accepted,Preserves reconciled family label for analysis.,family_analysis_mapping_reviewed.csv
json_fallback_language,json:sa,REFERENCE_ONLY,,,,,sa,Sanskrit,cldr|iso639_1|iso639_2|wikimedia,san,,,,,,,,,inc,Indo-European languages,Indo-European languages,Indo-European languages,Indo-European,Glottolog agreed,False,True,,,,,,"Sanskrit is the classical Old Indo-Aryan language and liturgical language of Hinduism, Buddhism, and Jainism. Still used in scholarship and ritual. ISO 639-5: inc (Indic languages).",Indo-European languages,preserve_reconciled,accepted,Preserves reconciled family label for analysis.,family_analysis_mapping_reviewed.csv
json_fallback_language,json:skr,REFERENCE_ONLY,,,,,skr,Saraiki,cldr,,,,,,,,,,inc,Indo-European languages,Indo-European languages,Indo-European languages,Indo-European,Glottolog agreed,False,True,,,,,,"Indo-Aryan language of southern Punjab, Pakistan. ISO 639-5: inc.",Indo-European languages,preserve_reconciled,accepted,Preserves reconciled family label for analysis.,family_analysis_mapping_reviewed.csv
json_fallback_language,json:sdc,REFERENCE_ONLY,,,,,sdc,Sassarese Sardinian,cldr,,,,,,,,,,roa,Indo-European languages,Indo-European languages,Indo-European languages,Indo-European,Glottolog agreed,False,True,,,,,,Sardinian Romance language of northern Sardinia. ISO 639-5: roa.,Indo-European languages,preserve_reconciled,accepted,Preserves reconciled family label for analysis.,family_analysis_mapping_reviewed.csv
json_fallback_language,json:stq,REFERENCE_ONLY,,,,,stq,Saterland Frisian,cldr,,,,,,,,,,gem,Indo-European languages,Indo-European languages,Indo-European languages,Indo-European,Glottolog agreed,False,True,,,,,,West Germanic Frisian language of Lower Saxony. ISO 639-5: gem.,Indo-European languages,preserve_reconciled,accepted,Preserves reconciled family label for analysis.,family_analysis_mapping_reviewed.csv
json_fallback_language,json:swv,REFERENCE_ONLY,,,,,swv,Shekhawati,cldr,,,,,,,,,,inc,Indo-European languages,Indo-European languages,Indo-European languages,Indo-European,Glottolog agreed,False,True,,,,,,Rajasthani dialect of Shekhawati region. ISO 639-5: inc.,Indo-European languages,preserve_reconciled,accepted,Preserves reconciled family label for analysis.,family_analysis_mapping_reviewed.csv
json_fallback_language,json:szl,REFERENCE_ONLY,,,,,szl,Silesian,cldr,,,,,,,,,,sla,Indo-European languages,Indo-European languages,Indo-European languages,Indo-European,Glottolog agreed,False,True,,,,,,West Slavic language of Upper Silesia (reassigned below to sla).,Indo-European languages,preserve_reconciled,accepted,Preserves reconciled family label for analysis.,family_analysis_mapping_reviewed.csv
json_fallback_language,json:sd,REFERENCE_ONLY,,,,,sd,Sindhi,cldr|iso639_1|iso639_2|wikimedia,snd,,,,,,,,,inc,Indo-European languages,Indo-European languages,Indo-European languages,Indo-European,Glottolog agreed,False,True,,,,,,Sindhi is a Northwestern Indo-Aryan language spoken primarily in Sindh (Pakistan) and parts of India. ISO 639-5: inc (Indic languages).,Indo-European languages,preserve_reconciled,accepted,Preserves reconciled family label for analysis.,family_analysis_mapping_reviewed.csv
json_fallback_language,json:rmo,REFERENCE_ONLY,,,,,rmo,Sinte Romani,cldr,,,,,,,,,,inc,Indo-European languages,Indo-European languages,Indo-European languages,Indo-European,Glottolog agreed,False,True,,,,,,Indo-Aryan (Romani) language. ISO 639-5: inc.,Indo-European languages,preserve_reconciled,accepted,Preserves reconciled family label for analysis.,family_analysis_mapping_reviewed.csv
json_fallback_language,json:srx,REFERENCE_ONLY,,,,,srx,Sirmauri,cldr,,,,,,,,,,inc,Indo-European languages,Indo-European languages,Indo-European languages,Indo-European,Glottolog agreed,False,True,,,,,,Pahari Indo-Aryan language of Himachal Pradesh. ISO 639-5: inc.,Indo-European languages,preserve_reconciled,accepted,Preserves reconciled family label for analysis.,family_analysis_mapping_reviewed.csv
json_fallback_language,json:sog,REFERENCE_ONLY,,,,,sog,Sogdian,loc_only,sog,,,,,,,,,ira,Indo-European languages,Indo-European languages,Indo-European languages,Indo-European,Glottolog agreed,False,True,,,,,,Ancient Eastern Middle Iranian language of Sogdia. ISO 639-5: ira.,Indo-European languages,preserve_reconciled,accepted,Preserves reconciled family label for analysis.,family_analysis_mapping_reviewed.csv
json_fallback_language,json:saz,REFERENCE_ONLY,,,,,saz,Sourashtra,cldr,,,,,,,,,,inc,Indo-European languages,Indo-European languages,Indo-European languages,Indo-European,Glottolog agreed,False,True,,,,,,Indo-Aryan language of Gujarat/Tamil Nadu. ISO 639-5: inc.,Indo-European languages,preserve_reconciled,accepted,Preserves reconciled family label for analysis.,family_analysis_mapping_reviewed.csv
json_fallback_language,json:hnd,REFERENCE_ONLY,,,,,hnd,Southern Hindko,cldr,,,,,,,,,,inc,Indo-European languages,Indo-European languages,Indo-European languages,Indo-European,Glottolog agreed,False,True,,,,,,Indo-Aryan language of northwestern Pakistan. ISO 639-5: inc.,Indo-European languages,preserve_reconciled,accepted,Preserves reconciled family label for analysis.,family_analysis_mapping_reviewed.csv
json_fallback_language,json:sdh,REFERENCE_ONLY,,,,,sdh,Southern Kurdish,cldr,,,,,,,,,,ira,Indo-European languages,Indo-European languages,Indo-European languages,Indo-European,Glottolog agreed,False,True,,,,,,"Southern branch of Kurdish, a Northwestern Iranian language. ISO 639-5: ira.",Indo-European languages,preserve_reconciled,accepted,Preserves reconciled family label for analysis.,family_analysis_mapping_reviewed.csv
json_fallback_language,json:luz,REFERENCE_ONLY,,,,,luz,Southern Luri,cldr,,,,,,,,,,ira,Indo-European languages,Indo-European languages,Indo-European languages,Indo-European,Glottolog agreed,False,True,,,,,,Southwestern Iranian language of the Luri dialect continuum. ISO 639-5: ira.,Indo-European languages,preserve_reconciled,accepted,Preserves reconciled family label for analysis.,family_analysis_mapping_reviewed.csv
json_fallback_language,json:swg,REFERENCE_ONLY,,,,,swg,Swabian,cldr,,,,,,,,,,gem,Indo-European languages,Indo-European languages,Indo-European languages,Indo-European,Glottolog agreed,False,True,,,,,,Alemannic German dialect of Swabia. ISO 639-5: gem.,Indo-European languages,preserve_reconciled,accepted,Preserves reconciled family label for analysis.,family_analysis_mapping_reviewed.csv
json_fallback_language,json:gsw,REFERENCE_ONLY,,,,,gsw,Swiss German,cldr|iso639_2,gsw,,,,,,,,,gem,Indo-European languages,Indo-European languages,Indo-European languages,Indo-European,Glottolog agreed,False,True,,,,,,Alemannic German dialects of Switzerland. ISO 639-5: gem.,Indo-European languages,preserve_reconciled,accepted,Preserves reconciled family label for analysis.,family_analysis_mapping_reviewed.csv
json_fallback_language,json:syl,REFERENCE_ONLY,,,,,syl,Sylheti,cldr,,,,,,,,,,inc,Indo-European languages,Indo-European languages,Indo-European languages,Indo-European,Glottolog agreed,False,True,,,,,,Eastern Indo-Aryan language of the Sylhet region. ISO 639-5: inc.,Indo-European languages,preserve_reconciled,accepted,Preserves reconciled family label for analysis.,family_analysis_mapping_reviewed.csv
json_fallback_language,json:tly,REFERENCE_ONLY,,,,,tly,Talysh,cldr,,,,,,,,,,ira,Indo-European languages,Indo-European languages,Indo-European languages,Indo-European,Glottolog agreed,False,True,,,,,,Northwestern Iranian language of the South Caucasus / northern Iran. ISO 639-5: ira.,Indo-European languages,preserve_reconciled,accepted,Preserves reconciled family label for analysis.,family_analysis_mapping_reviewed.csv
json_fallback_language,json:trw,REFERENCE_ONLY,,,,,trw,Torwali,cldr,,,,,,,,,,inc,Indo-European languages,Indo-European languages,Indo-European languages,Indo-European,Glottolog agreed,False,True,,,,,,Dardic Indo-Aryan language of the Swat Valley. ISO 639-5: inc.,Indo-European languages,preserve_reconciled,accepted,Preserves reconciled family label for analysis.,family_analysis_mapping_reviewed.csv
json_fallback_language,json:tsd,REFERENCE_ONLY,,,,,tsd,Tsakonian,cldr,,,,,,,,,,grk,Indo-European languages,Indo-European languages,Indo-European languages,Indo-European,Glottolog agreed,False,True,,,,,,Greek dialect isolate descending from Doric Greek. ISO 639-5: grk.,Indo-European languages,preserve_reconciled,accepted,Preserves reconciled family label for analysis.,family_analysis_mapping_reviewed.csv
json_fallback_language,json:xum,REFERENCE_ONLY,,,,,xum,Umbrian,cldr,,,,,,,,,,ine,Indo-European languages,Indo-European languages,Indo-European languages,Indo-European,Glottolog agreed,False,True,,,,,,Extinct Italic Indo-European language of ancient Umbria. ISO 639-5: ine.,Indo-European languages,preserve_reconciled,accepted,Preserves reconciled family label for analysis.,family_analysis_mapping_reviewed.csv
json_fallback_language,json:hsb,REFERENCE_ONLY,,,,,hsb,Upper Sorbian,cldr|iso639_2,hsb,,,,,,,,,gem,Indo-European languages,Indo-European languages,Indo-European languages,Indo-European,Glottolog agreed,False,True,,,,,,West Slavic language (reassigned below to sla).,Indo-European languages,preserve_reconciled,accepted,Preserves reconciled family label for analysis.,family_analysis_mapping_reviewed.csv
json_fallback_language,json:kxp,REFERENCE_ONLY,,,,,kxp,Wadiyara Koli,cldr,,,,,,,,,,inc,Indo-European languages,Indo-European languages,Indo-European languages,Indo-European,Glottolog agreed,False,True,,,,,,Indo-Aryan language of Gujarat. ISO 639-5: inc.,Indo-European languages,preserve_reconciled,accepted,Preserves reconciled family label for analysis.,family_analysis_mapping_reviewed.csv
json_fallback_language,json:wbr,REFERENCE_ONLY,,,,,wbr,Wagdi,cldr,,,,,,,,,,inc,Indo-European languages,Indo-European languages,Indo-European languages,Indo-European,Glottolog agreed,False,True,,,,,,Rajasthani dialect spoken in Gujarat/Rajasthan border areas. ISO 639-5: inc.,Indo-European languages,preserve_reconciled,accepted,Preserves reconciled family label for analysis.,family_analysis_mapping_reviewed.csv
json_fallback_language,json:wae,REFERENCE_ONLY,,,,,wae,Walser,cldr,,,,,,,,,,gem,Indo-European languages,Indo-European languages,Indo-European languages,Indo-European,Glottolog agreed,False,True,,,,,,Alemannic German dialect of the Walser settlements. ISO 639-5: gem.,Indo-European languages,preserve_reconciled,accepted,Preserves reconciled family label for analysis.,family_analysis_mapping_reviewed.csv
json_fallback_language,json:bgn,REFERENCE_ONLY,,,,,bgn,Western Balochi,cldr,,,,,,,,,,ira,Indo-European languages,Indo-European languages,Indo-European languages,Indo-European,Glottolog agreed,False,True,,,,,,"Western dialect of Balochi, a Northwestern Iranian language. ISO 639-5: ira.",Indo-European languages,preserve_reconciled,accepted,Preserves reconciled family label for analysis.,family_analysis_mapping_reviewed.csv
json_fallback_language,json:zea,REFERENCE_ONLY,,,,,zea,Zeelandic,cldr,,,,,,,,,,gem,Indo-European languages,Indo-European languages,Indo-European languages,Indo-European,Glottolog agreed,False,True,,,,,,Low Franconian Germanic dialect of Zeeland. ISO 639-5: gem.,Indo-European languages,preserve_reconciled,accepted,Preserves reconciled family label for analysis.,family_analysis_mapping_reviewed.csv
json_fallback_language,json:gbz,REFERENCE_ONLY,,,,,gbz,Zoroastrian Dari,cldr,,,,,,,,,,ira,Indo-European languages,Indo-European languages,Indo-European languages,Indo-European,Glottolog agreed,False,True,,,,,,Iranian language spoken by Zoroastrian communities; a variety of Modern Persian. ISO 639-5: ira.,Indo-European languages,preserve_reconciled,accepted,Preserves reconciled family label for analysis.,family_analysis_mapping_reviewed.csv
json_fallback_language,json:cay,REFERENCE_ONLY,,,,,cay,Cayuga,cldr,,,,,,,,,,nai,North American Indian languages,North American Indian languages,Iroquoian,Iroquoian,Glottolog reclassified,True,True,,,,,,Iroquoian language of the Six Nations. ISO 639-5: nai.,Iroquoian,preserve_reconciled,accepted,Preserves reconciled family label for analysis.,family_analysis_mapping_reviewed.csv
json_fallback_language,json:moh,REFERENCE_ONLY,,,,,moh,Mohawk,cldr|iso639_2,moh,,,,,,,,,nai,North American Indian languages,North American Indian languages,Iroquoian,Iroquoian,Glottolog reclassified,True,True,,,,,,Iroquoian language of the Six Nations. ISO 639-5: nai.,Iroquoian,preserve_reconciled,accepted,Preserves reconciled family label for analysis.,family_analysis_mapping_reviewed.csv
json_fallback_language,json:see,REFERENCE_ONLY,,,,,see,Seneca,cldr,,,,,,,,,,nai,North American Indian languages,North American Indian languages,Iroquoian,Iroquoian,Glottolog reclassified,True,True,,,,,,Iroquoian language of New York. ISO 639-5: nai.,Iroquoian,preserve_reconciled,accepted,Preserves reconciled family label for analysis.,family_analysis_mapping_reviewed.csv
json_fallback_language,json:ryu,REFERENCE_ONLY,,,,,ryu,Central Okinawan,cldr,,,,,,,,,,jpx,Japonic languages,Japonic languages,Japonic languages,Japonic,Glottolog agreed,False,True,,,,,,Central Okinawan (Ryukyuan) is a Japonic language closely related to Japanese. ISO 639-5: jpx. Standardised to Japonic languages to match Japanese (ja).,Japonic languages,preserve_reconciled,accepted,Preserves reconciled family label for analysis.,family_analysis_mapping_reviewed.csv
json_fallback_language,json:naq,REFERENCE_ONLY,,,,,naq,Nama,cldr,,,,,,,,,,khi,Khoisan languages,Khoisan languages,Khoe-Kwadi,Khoe-Kwadi,Glottolog reclassified,True,True,,,,,,Khoe-Kwadi Khoisan language of Namibia/South Africa. ISO 639-5: khi.,Khoe-Kwadi,preserve_reconciled,accepted,Preserves reconciled family label for analysis.,family_analysis_mapping_reviewed.csv
json_fallback_language,json:mls,REFERENCE_ONLY,,,,,mls,Masalit,cldr,,,,,,,,,,ssa,Nilo-Saharan languages,Nilo-Saharan languages,Maban,Maban,Glottolog reclassified,True,True,,,,,,Maban Nilo-Saharan language of Sudan/Chad. ISO 639-5: ssa.,Maban,preserve_reconciled,accepted,Preserves reconciled family label for analysis.,family_analysis_mapping_reviewed.csv
json_fallback_language,json:dyu,REFERENCE_ONLY,,,,,dyu,Dyula,cldr|iso639_2,dyu,,,,,,,,,nic,Niger-Kordofanian languages,Niger-Kordofanian languages,Mande,Mande,Glottolog reclassified,True,True,,,,,,Mande Niger-Congo language of Burkina Faso/Côte d'Ivoire. ISO 639-5: nic.,Mande,preserve_reconciled,accepted,Preserves reconciled family label for analysis.,family_analysis_mapping_reviewed.csv
json_fallback_language,json:bze,REFERENCE_ONLY,,,,,bze,Jenaama Bozo,cldr,,,,,,,,,,ssa,Nilo-Saharan languages,Nilo-Saharan languages,Mande,Mande,Glottolog reclassified,True,True,,,,,,Nilo-Saharan language of Mali. ISO 639-5: ssa.,Mande,preserve_reconciled,accepted,Preserves reconciled family label for analysis.,family_analysis_mapping_reviewed.csv
json_fallback_language,json:mwk,REFERENCE_ONLY,,,,,mwk,Kita Maninkakan,cldr,,,,,,,,,,nic,Niger-Kordofanian languages,Niger-Kordofanian languages,Mande,Mande,Glottolog reclassified,True,True,,,,,,Mande Niger-Congo language of Mali. ISO 639-5: nic.,Mande,preserve_reconciled,accepted,Preserves reconciled family label for analysis.,family_analysis_mapping_reviewed.csv
json_fallback_language,json:kfo,REFERENCE_ONLY,,,,,kfo,Koro,cldr,,,,,,,,,,nic,Niger-Kordofanian languages,Niger-Kordofanian languages,Mande,Mande,Glottolog reclassified,True,True,,,,,,Mande Niger-Congo language of Côte d'Ivoire. ISO 639-5: nic.,Mande,preserve_reconciled,accepted,Preserves reconciled family label for analysis.,family_analysis_mapping_reviewed.csv
json_fallback_language,json:bzx,REFERENCE_ONLY,,,,,bzx,Kɛlɛngaxo Bozo,cldr,,,,,,,,,,ssa,Nilo-Saharan languages,Nilo-Saharan languages,Mande,Mande,Glottolog reclassified,True,True,,,,,,Nilo-Saharan language of Mali. ISO 639-5: ssa.,Mande,preserve_reconciled,accepted,Preserves reconciled family label for analysis.,family_analysis_mapping_reviewed.csv
json_fallback_language,json:men,REFERENCE_ONLY,,,,,men,Mende,cldr|iso639_2,men,,,,,,,,,nic,Niger-Kordofanian languages,Niger-Kordofanian languages,Mande,Mande,Glottolog reclassified,True,True,,,,,,Mande Niger-Congo language of Sierra Leone. ISO 639-5: nic.,Mande,preserve_reconciled,accepted,Preserves reconciled family label for analysis.,family_analysis_mapping_reviewed.csv
json_fallback_language,json:snk,REFERENCE_ONLY,,,,,snk,Soninke,cldr|iso639_2,snk,,,,,,,,,nic,Niger-Kordofanian languages,Niger-Kordofanian languages,Mande,Mande,Glottolog reclassified,True,True,,,,,,Mande Niger-Congo language of West Africa. ISO 639-5: nic.,Mande,preserve_reconciled,accepted,Preserves reconciled family label for analysis.,family_analysis_mapping_reviewed.csv
json_fallback_language,json:sus,REFERENCE_ONLY,,,,,sus,Susu,cldr|iso639_2,sus,,,,,,,,,nic,Niger-Kordofanian languages,Niger-Kordofanian languages,Mande,Mande,Glottolog reclassified,True,True,,,,,,Mande Niger-Congo language of Guinea. ISO 639-5: nic.,Mande,preserve_reconciled,accepted,Preserves reconciled family label for analysis.,family_analysis_mapping_reviewed.csv
json_fallback_language,json:vai,REFERENCE_ONLY,,,,,vai,Vai,cldr|iso639_2,vai,,,,,,,,,nic,Niger-Kordofanian languages,Niger-Kordofanian languages,Mande,Mande,Glottolog reclassified,True,True,,,,,,Mande Niger-Congo language of Liberia/Sierra Leone. ISO 639-5: nic.,Mande,preserve_reconciled,accepted,Preserves reconciled family label for analysis.,family_analysis_mapping_reviewed.csv
json_fallback_language,json:kao,REFERENCE_ONLY,,,,,kao,Xaasongaxango,cldr,,,,,,,,,,nic,Niger-Kordofanian languages,Niger-Kordofanian languages,Mande,Mande,Glottolog reclassified,True,True,,,,,,Mande Niger-Congo language of Senegal/Mali. ISO 639-5: nic.,Mande,preserve_reconciled,accepted,Preserves reconciled family label for analysis.,family_analysis_mapping_reviewed.csv
json_fallback_language,json:quc,REFERENCE_ONLY,,,,,quc,Kʼicheʼ,cldr,,,,,,,,,,cai,Central American Indian languages,Central American Indian languages,Mayan,Mayan,Glottolog reclassified,True,True,,,,,,Mayan language of Guatemala. ISO 639-5: cai.,Mayan,preserve_reconciled,accepted,Preserves reconciled family label for analysis.,family_analysis_mapping_reviewed.csv
json_fallback_language,json:yua,REFERENCE_ONLY,,,,,yua,Yucateco,cldr,,,,,,,,,,cai,Central American Indian languages,Central American Indian languages,Mayan,Mayan,Glottolog reclassified,True,True,,,,,,Mayan language of the Yucatán Peninsula. ISO 639-5: cai.,Mayan,preserve_reconciled,accepted,Preserves reconciled family label for analysis.,family_analysis_mapping_reviewed.csv
json_fallback_language,json:akz,REFERENCE_ONLY,,,,,akz,Alabama,cldr,,,,,,,,,,nai,North American Indian languages,North American Indian languages,Muskogean,Muskogean,Glottolog reclassified,True,True,,,,,,Muskogean language of Texas/Alabama. ISO 639-5: nai.,Muskogean,preserve_reconciled,accepted,Preserves reconciled family label for analysis.,family_analysis_mapping_reviewed.csv
json_fallback_language,json:cic,REFERENCE_ONLY,,,,,cic,Chickasaw,cldr,,,,,,,,,,nai,North American Indian languages,North American Indian languages,Muskogean,Muskogean,Glottolog reclassified,True,True,,,,,,Muskogean language of Oklahoma. ISO 639-5: nai.,Muskogean,preserve_reconciled,accepted,Preserves reconciled family label for analysis.,family_analysis_mapping_reviewed.csv
json_fallback_language,json:dar,REFERENCE_ONLY,,,,,dar,Dargwa,cldr|iso639_2,dar,,,,,,,,,ccn,Caucasian languages,Caucasian languages,Nakh-Daghestanian,Nakh-Daghestanian,Glottolog reclassified,True,True,,,,,,Northeast Caucasian language of Dagestan. ISO 639-5: ccn.,Nakh-Daghestanian,preserve_reconciled,accepted,Preserves reconciled family label for analysis.,family_analysis_mapping_reviewed.csv
json_fallback_language,json:lbe,REFERENCE_ONLY,,,,,lbe,Lak,cldr,,,,,,,,,,ccn,Caucasian languages,Caucasian languages,Nakh-Daghestanian,Nakh-Daghestanian,Glottolog reclassified,True,True,,,,,,Northeast Caucasian (Nakh-Dagestanian) language of Dagestan. ISO 639-5: ccn.,Nakh-Daghestanian,preserve_reconciled,accepted,Preserves reconciled family label for analysis.,family_analysis_mapping_reviewed.csv
json_fallback_language,json:lez,REFERENCE_ONLY,,,,,lez,Lezghian,cldr|iso639_2,lez,,,,,,,,,ccn,Caucasian languages,Caucasian languages,Nakh-Daghestanian,Nakh-Daghestanian,Glottolog reclassified,True,True,,,,,,Northeast Caucasian (Lezgic) language of Dagestan/Azerbaijan. ISO 639-5: ccn.,Nakh-Daghestanian,preserve_reconciled,accepted,Preserves reconciled family label for analysis.,family_analysis_mapping_reviewed.csv
json_fallback_language,json:tab,REFERENCE_ONLY,,,,,tab,Tabassaran,cldr,,,,,,,,,,ccn,Caucasian languages,Caucasian languages,Nakh-Daghestanian,Nakh-Daghestanian,Glottolog reclassified,True,True,,,,,,Northeast Caucasian (Lezgic) language of Dagestan. ISO 639-5: ccn.,Nakh-Daghestanian,preserve_reconciled,accepted,Preserves reconciled family label for analysis.,family_analysis_mapping_reviewed.csv
json_fallback_language,json:tkr,REFERENCE_ONLY,,,,,tkr,Tsakhur,cldr,,,,,,,,,,ccn,Caucasian languages,Caucasian languages,Nakh-Daghestanian,Nakh-Daghestanian,Glottolog reclassified,True,True,,,,,,Northeast Caucasian (Lezgic) language. ISO 639-5: ccn.,Nakh-Daghestanian,preserve_reconciled,accepted,Preserves reconciled family label for analysis.,family_analysis_mapping_reviewed.csv
json_fallback_language,json:ach,REFERENCE_ONLY,,,,,ach,Acoli,cldr|iso639_2,ach,,,,,,,,,ssa,Nilo-Saharan languages,Nilo-Saharan languages,Nilotic,Nilotic,Glottolog reclassified,True,True,,,,,,Nilotic (Luo) language of Uganda. ISO 639-5: ssa.,Nilotic,preserve_reconciled,accepted,Preserves reconciled family label for analysis.,family_analysis_mapping_reviewed.csv
json_fallback_language,json:laj,REFERENCE_ONLY,,,,,laj,Lango (Uganda),cldr,,,,,,,,,,ssa,Nilo-Saharan languages,Nilo-Saharan languages,Nilotic,Nilotic,Glottolog reclassified,True,True,,,,,,Nilotic language of northern Uganda. ISO 639-5: ssa.,Nilotic,preserve_reconciled,accepted,Preserves reconciled family label for analysis.,family_analysis_mapping_reviewed.csv
json_fallback_language,json:luo,REFERENCE_ONLY,,,,,luo,Luo,cldr|iso639_2,luo,,,,,,,,,ssa,Nilo-Saharan languages,Nilo-Saharan languages,Nilotic,Nilotic,Glottolog reclassified,True,True,,,,,,Nilotic language of Kenya/Tanzania. ISO 639-5: ssa.,Nilotic,preserve_reconciled,accepted,Preserves reconciled family label for analysis.,family_analysis_mapping_reviewed.csv
json_fallback_language,json:mas,REFERENCE_ONLY,,,,,mas,Masai,cldr|iso639_2,mas,,,,,,,,,ssa,Nilo-Saharan languages,Nilo-Saharan languages,Nilotic,Nilotic,Glottolog reclassified,True,True,,,,,,Nilotic language of Kenya/Tanzania. ISO 639-5: ssa.,Nilotic,preserve_reconciled,accepted,Preserves reconciled family label for analysis.,family_analysis_mapping_reviewed.csv
json_fallback_language,json:nus,REFERENCE_ONLY,,,,,nus,Nuer,cldr,,,,,,,,,,ssa,Nilo-Saharan languages,Nilo-Saharan languages,Nilotic,Nilotic,Glottolog reclassified,True,True,,,,,,Nilotic language of South Sudan. ISO 639-5: ssa.,Nilotic,preserve_reconciled,accepted,Preserves reconciled family label for analysis.,family_analysis_mapping_reviewed.csv
json_fallback_language,json:pko,REFERENCE_ONLY,,,,,pko,Pökoot,cldr,,,,,,,,,,ssa,Nilo-Saharan languages,Nilo-Saharan languages,Nilotic,Nilotic,Glottolog reclassified,True,True,,,,,,Nilotic language of Kenya/Uganda. ISO 639-5: ssa.,Nilotic,preserve_reconciled,accepted,Preserves reconciled family label for analysis.,family_analysis_mapping_reviewed.csv
json_fallback_language,json:saq,REFERENCE_ONLY,,,,,saq,Samburu,cldr,,,,,,,,,,ssa,Nilo-Saharan languages,Nilo-Saharan languages,Nilotic,Nilotic,Glottolog reclassified,True,True,,,,,,Nilotic language of Kenya. ISO 639-5: ssa.,Nilotic,preserve_reconciled,accepted,Preserves reconciled family label for analysis.,family_analysis_mapping_reviewed.csv
json_fallback_language,json:teo,REFERENCE_ONLY,,,,,teo,Teso,cldr,,,,,,,,,,ssa,Nilo-Saharan languages,Nilo-Saharan languages,Nilotic,Nilotic,Glottolog reclassified,True,True,,,,,,Nilotic language of Uganda/Kenya. ISO 639-5: ssa.,Nilotic,preserve_reconciled,accepted,Preserves reconciled family label for analysis.,family_analysis_mapping_reviewed.csv
json_fallback_language,json:fia,REFERENCE_ONLY,,,,,fia,Nobiin,cldr,,,,,,,,,,ssa,Nilo-Saharan languages,Nilo-Saharan languages,Nubian,Nubian,Glottolog reclassified,True,True,,,,,,Nilo-Saharan language of Sudan/Egypt. ISO 639-5: ssa.,Nubian,preserve_reconciled,accepted,Preserves reconciled family label for analysis.,family_analysis_mapping_reviewed.csv
json_fallback_language,json:kgp,REFERENCE_ONLY,,,,,kgp,Kaingang,cldr,,,,,,,,,,sai,South American Indian languages,South American Indian languages,Nuclear-Macro-Je,Nuclear-Macro-Je,Glottolog reclassified,True,True,,,,,,Macro-Jê language of southern Brazil. ISO 639-5: sai.,Nuclear-Macro-Je,preserve_reconciled,accepted,Preserves reconciled family label for analysis.,family_analysis_mapping_reviewed.csv
json_fallback_language,json:xav,REFERENCE_ONLY,,,,,xav,Xavánte,cldr,,,,,,,,,,sai,South American Indian languages,South American Indian languages,Nuclear-Macro-Je,Nuclear-Macro-Je,Glottolog reclassified,True,True,,,,,,"Macro-Jê (Jêan) language of Mato Grosso, Brazil. ISO 639-5: sai.",Nuclear-Macro-Je,preserve_reconciled,accepted,Preserves reconciled family label for analysis.,family_analysis_mapping_reviewed.csv
json_fallback_language,json:maz,REFERENCE_ONLY,,,,,maz,Central Mazahua,cldr,,,,,,,,,,cai,Central American Indian languages,Central American Indian languages,Otomanguean,Otomanguean,Glottolog reclassified,True,True,,,,,,Oto-Manguean language of Mexico. ISO 639-5: cai.,Otomanguean,preserve_reconciled,accepted,Preserves reconciled family label for analysis.,family_analysis_mapping_reviewed.csv
json_fallback_language,json:wbp,REFERENCE_ONLY,,,,,wbp,Warlpiri,cldr,,,,,,,,,,aus,Australian languages,Australian languages,Pama-Nyungan,Pama-Nyungan,Glottolog reclassified,True,True,,,,,,Australian language of the Ngarrka branch. ISO 639-5: aus.,Pama-Nyungan,preserve_reconciled,accepted,Preserves reconciled family label for analysis.,family_analysis_mapping_reviewed.csv
json_fallback_language,json:aro,REFERENCE_ONLY,,,,,aro,Araona,cldr,,,,,,,,,,sai,South American Indian languages,South American Indian languages,Pano-Tacanan,Pano-Tacanan,Glottolog reclassified,True,True,,,,,,Tacanan language of Bolivia. ISO 639-5: sai.,Pano-Tacanan,preserve_reconciled,accepted,Preserves reconciled family label for analysis.,family_analysis_mapping_reviewed.csv
json_fallback_language,json:qug,REFERENCE_ONLY,,,,,qug,Chimborazo Highland Quichua,cldr,,,,,,,,,,sai,South American Indian languages,South American Indian languages,Quechuan,Quechuan,Glottolog reclassified,True,True,,,,,,Quechuan language of Ecuador. ISO 639-5: sai.,Quechuan,preserve_reconciled,accepted,Preserves reconciled family label for analysis.,family_analysis_mapping_reviewed.csv
json_fallback_language,json:zag,REFERENCE_ONLY,,,,,zag,Zaghawa,cldr,,,,,,,,,,ssa,Nilo-Saharan languages,Nilo-Saharan languages,Saharan,Saharan,Glottolog reclassified,True,True,,,,,,Saharan Nilo-Saharan language of Sudan/Chad. ISO 639-5: ssa.,Saharan,preserve_reconciled,accepted,Preserves reconciled family label for analysis.,family_analysis_mapping_reviewed.csv
json_fallback_language,json:hur,REFERENCE_ONLY,,,,,hur,Halkomelem,cldr,,,,,,,,,,nai,North American Indian languages,North American Indian languages,Salishan,Salishan,Glottolog reclassified,True,True,,,,,,Salishan language of the Fraser Valley. ISO 639-5: nai.,Salishan,preserve_reconciled,accepted,Preserves reconciled family label for analysis.,family_analysis_mapping_reviewed.csv
json_fallback_language,json:lil,REFERENCE_ONLY,,,,,lil,Lillooet,cldr,,,,,,,,,,nai,North American Indian languages,North American Indian languages,Salishan,Salishan,Glottolog reclassified,True,True,,,,,,Salishan language of British Columbia. ISO 639-5: nai.,Salishan,preserve_reconciled,accepted,Preserves reconciled family label for analysis.,family_analysis_mapping_reviewed.csv
json_fallback_language,json:lut,REFERENCE_ONLY,,,,,lut,Lushootseed,cldr,,,,,,,,,,nai,North American Indian languages,North American Indian languages,Salishan,Salishan,Glottolog reclassified,True,True,,,,,,Salishan language of the Puget Sound area. ISO 639-5: nai.,Salishan,preserve_reconciled,accepted,Preserves reconciled family label for analysis.,family_analysis_mapping_reviewed.csv
json_fallback_language,json:oka,REFERENCE_ONLY,,,,,oka,Okanagan,cldr,,,,,,,,,,nai,North American Indian languages,North American Indian languages,Salishan,Salishan,Glottolog reclassified,True,True,,,,,,Salishan language of the Okanagan Valley. ISO 639-5: nai.,Salishan,preserve_reconciled,accepted,Preserves reconciled family label for analysis.,family_analysis_mapping_reviewed.csv
json_fallback_language,json:njo,REFERENCE_ONLY,,,,,njo,Ao Naga,cldr,,,,,,,,,,sit,Sino-Tibetan languages,Sino-Tibetan languages,Sino-Tibetan languages,Sino-Tibetan,Glottolog agreed,False,True,,,,,,"Tibeto-Burman language of Nagaland, India. ISO 639-5: sit.",Sino-Tibetan languages,preserve_reconciled,accepted,Preserves reconciled family label for analysis.,family_analysis_mapping_reviewed.csv
json_fallback_language,json:bft,REFERENCE_ONLY,,,,,bft,Balti,cldr,,,,,,,,,,sit,Sino-Tibetan languages,Sino-Tibetan languages,Sino-Tibetan languages,Sino-Tibetan,Glottolog agreed,False,True,,,,,,Tibeto-Burman language of Baltistan (Ladakhi group). ISO 639-5: sit.,Sino-Tibetan languages,preserve_reconciled,accepted,Preserves reconciled family label for analysis.,family_analysis_mapping_reviewed.csv
json_fallback_language,json:bap,REFERENCE_ONLY,,,,,bap,Bantawa,cldr,,,,,,,,,,sit,Sino-Tibetan languages,Sino-Tibetan languages,Sino-Tibetan languages,Sino-Tibetan,Glottolog agreed,False,True,,,,,,Kiranti Tibeto-Burman language of Nepal. ISO 639-5: sit.,Sino-Tibetan languages,preserve_reconciled,accepted,Preserves reconciled family label for analysis.,family_analysis_mapping_reviewed.csv
json_fallback_language,json:dng,REFERENCE_ONLY,,,,,dng,Dungan,cldr,,,,,,,,,,sit,Sino-Tibetan languages,Sino-Tibetan languages,Sino-Tibetan languages,Sino-Tibetan,Glottolog agreed,False,True,,,,,,Sinitic (Mandarin-based) language of Central Asia. ISO 639-5: sit.,Sino-Tibetan languages,preserve_reconciled,accepted,Preserves reconciled family label for analysis.,family_analysis_mapping_reviewed.csv
json_fallback_language,json:eky,REFERENCE_ONLY,,,,,eky,Eastern Kayah,cldr,,,,,,,,,,sit,Sino-Tibetan languages,Sino-Tibetan languages,Sino-Tibetan languages,Sino-Tibetan,Glottolog agreed,False,True,,,,,,Tibeto-Burman (Kayah) language of Myanmar. ISO 639-5: sit.,Sino-Tibetan languages,preserve_reconciled,accepted,Preserves reconciled family label for analysis.,family_analysis_mapping_reviewed.csv
json_fallback_language,json:mgp,REFERENCE_ONLY,,,,,mgp,Eastern Magar,cldr,,,,,,,,,,sit,Sino-Tibetan languages,Sino-Tibetan languages,Sino-Tibetan languages,Sino-Tibetan,Glottolog agreed,False,True,,,,,,Tibeto-Burman language of Nepal. ISO 639-5: sit.,Sino-Tibetan languages,preserve_reconciled,accepted,Preserves reconciled family label for analysis.,family_analysis_mapping_reviewed.csv
json_fallback_language,json:taj,REFERENCE_ONLY,,,,,taj,Eastern Tamang,cldr,,,,,,,,,,sit,Sino-Tibetan languages,Sino-Tibetan languages,Sino-Tibetan languages,Sino-Tibetan,Glottolog agreed,False,True,,,,,,Tibeto-Burman language of Nepal. ISO 639-5: sit.,Sino-Tibetan languages,preserve_reconciled,accepted,Preserves reconciled family label for analysis.,family_analysis_mapping_reviewed.csv
json_fallback_language,json:grt,REFERENCE_ONLY,,,,,grt,Garo,cldr,,,,,,,,,,sit,Sino-Tibetan languages,Sino-Tibetan languages,Sino-Tibetan languages,Sino-Tibetan,Glottolog agreed,False,True,,,,,,"Tibeto-Burman language of Meghalaya, India. ISO 639-5: sit.",Sino-Tibetan languages,preserve_reconciled,accepted,Preserves reconciled family label for analysis.,family_analysis_mapping_reviewed.csv
json_fallback_language,json:gvr,REFERENCE_ONLY,,,,,gvr,Gurung,cldr,,,,,,,,,,sit,Sino-Tibetan languages,Sino-Tibetan languages,Sino-Tibetan languages,Sino-Tibetan,Glottolog agreed,False,True,,,,,,Tibeto-Burman language of Nepal. ISO 639-5: sit.,Sino-Tibetan languages,preserve_reconciled,accepted,Preserves reconciled family label for analysis.,family_analysis_mapping_reviewed.csv
json_fallback_language,json:kac,REFERENCE_ONLY,,,,,kac,Kachin,cldr|iso639_2,kac,,,,,,,,,sit,Sino-Tibetan languages,Sino-Tibetan languages,Sino-Tibetan languages,Sino-Tibetan,Glottolog agreed,False,True,,,,,,Tibeto-Burman language of Myanmar/Yunnan. ISO 639-5: sit.,Sino-Tibetan languages,preserve_reconciled,accepted,Preserves reconciled family label for analysis.,family_analysis_mapping_reviewed.csv
json_fallback_language,json:lep,REFERENCE_ONLY,,,,,lep,Lepcha,cldr,,,,,,,,,,sit,Sino-Tibetan languages,Sino-Tibetan languages,Sino-Tibetan languages,Sino-Tibetan,Glottolog agreed,False,True,,,,,,Tibeto-Burman language of Sikkim. ISO 639-5: sit.,Sino-Tibetan languages,preserve_reconciled,accepted,Preserves reconciled family label for analysis.,family_analysis_mapping_reviewed.csv
json_fallback_language,json:lif,REFERENCE_ONLY,,,,,lif,Limbu,cldr,,,,,,,,,,sit,Sino-Tibetan languages,Sino-Tibetan languages,Sino-Tibetan languages,Sino-Tibetan,Glottolog agreed,False,True,,,,,,Tibeto-Burman (Kiranti) language of the Himalayas. ISO 639-5: sit.,Sino-Tibetan languages,preserve_reconciled,accepted,Preserves reconciled family label for analysis.,family_analysis_mapping_reviewed.csv
json_fallback_language,json:lis,REFERENCE_ONLY,,,,,lis,Lisu,cldr,,,,,,,,,,sit,Sino-Tibetan languages,Sino-Tibetan languages,Sino-Tibetan languages,Sino-Tibetan,Glottolog agreed,False,True,,,,,,Tibeto-Burman (Ngwi) language of southwestern China. ISO 639-5: sit.,Sino-Tibetan languages,preserve_reconciled,accepted,Preserves reconciled family label for analysis.,family_analysis_mapping_reviewed.csv
json_fallback_language,json:lzh,REFERENCE_ONLY,,,,,lzh,Literary Chinese,cldr,,,,,,,,,,sit,Sino-Tibetan languages,Sino-Tibetan languages,Sino-Tibetan languages,Sino-Tibetan,Glottolog agreed,False,True,,,,,,Classical written form of Chinese. ISO 639-5: sit.,Sino-Tibetan languages,preserve_reconciled,accepted,Preserves reconciled family label for analysis.,family_analysis_mapping_reviewed.csv
json_fallback_language,json:mni,REFERENCE_ONLY,,,,,mni,Manipuri,cldr|iso639_2,mni,,,,,,,,,sit,Sino-Tibetan languages,Sino-Tibetan languages,Sino-Tibetan languages,Sino-Tibetan,Glottolog agreed,False,True,,,,,,"Tibeto-Burman language of Manipur, India. ISO 639-5: sit.",Sino-Tibetan languages,preserve_reconciled,accepted,Preserves reconciled family label for analysis.,family_analysis_mapping_reviewed.csv
json_fallback_language,json:lus,REFERENCE_ONLY,,,,,lus,Mizo,cldr|iso639_2,lus,,,,,,,,,sit,Sino-Tibetan languages,Sino-Tibetan languages,Sino-Tibetan languages,Sino-Tibetan,Glottolog agreed,False,True,,,,,,"Tibeto-Burman (Kuki-Chin) language of Mizoram, India. ISO 639-5: sit.",Sino-Tibetan languages,preserve_reconciled,accepted,Preserves reconciled family label for analysis.,family_analysis_mapping_reviewed.csv
json_fallback_language,json:mro,REFERENCE_ONLY,,,,,mro,Mru,cldr,,,,,,,,,,sit,Sino-Tibetan languages,Sino-Tibetan languages,Sino-Tibetan languages,Sino-Tibetan,Glottolog agreed,False,True,,,,,,Tibeto-Burman language of the Chittagong Hill Tracts. ISO 639-5: sit.,Sino-Tibetan languages,preserve_reconciled,accepted,Preserves reconciled family label for analysis.,family_analysis_mapping_reviewed.csv
json_fallback_language,json:nxq,REFERENCE_ONLY,,,,,nxq,Naxi,cldr,,,,,,,,,,sit,Sino-Tibetan languages,Sino-Tibetan languages,Sino-Tibetan languages,Sino-Tibetan,Glottolog agreed,False,True,,,,,,Tibeto-Burman language of Yunnan. ISO 639-5: sit.,Sino-Tibetan languages,preserve_reconciled,accepted,Preserves reconciled family label for analysis.,family_analysis_mapping_reviewed.csv
json_fallback_language,json:new,REFERENCE_ONLY,,,,,new,Newari,cldr|iso639_2|wikimedia,new,,,,,,,,,sit,Sino-Tibetan languages,Sino-Tibetan languages,Sino-Tibetan languages,Sino-Tibetan,Glottolog agreed,False,True,,,,,,"Newari (Nepal Bhasa) is a Sino-Tibetan language of the Tibeto-Burman branch, spoken in the Kathmandu Valley by the Newar people. ISO 639-5: sit (Sino-Tibetan languages).",Sino-Tibetan languages,preserve_reconciled,accepted,Preserves reconciled family label for analysis.,family_analysis_mapping_reviewed.csv
json_fallback_language,json:ria,REFERENCE_ONLY,,,,,ria,Riang (India),cldr,,,,,,,,,,sit,Sino-Tibetan languages,Sino-Tibetan languages,Sino-Tibetan languages,Sino-Tibetan,Glottolog agreed,False,True,,,,,,Tibeto-Burman language of Tripura/Assam. ISO 639-5: sit.,Sino-Tibetan languages,preserve_reconciled,accepted,Preserves reconciled family label for analysis.,family_analysis_mapping_reviewed.csv
json_fallback_language,json:xsr,REFERENCE_ONLY,,,,,xsr,Sherpa,cldr,,,,,,,,,,sit,Sino-Tibetan languages,Sino-Tibetan languages,Sino-Tibetan languages,Sino-Tibetan,Glottolog agreed,False,True,,,,,,Tibeto-Burman language of Nepal/Tibet. ISO 639-5: sit.,Sino-Tibetan languages,preserve_reconciled,accepted,Preserves reconciled family label for analysis.,family_analysis_mapping_reviewed.csv
json_fallback_language,json:ii,REFERENCE_ONLY,,,,,ii,Sichuan Yi,cldr|iso639_1|iso639_2|wikimedia,iii,,,,,,,,,sit,Sino-Tibetan languages,Sino-Tibetan languages,Sino-Tibetan languages,Sino-Tibetan,Glottolog agreed,False,True,,,,,,"Sichuan Yi (Nuosu) is a Tibeto-Burman language of the Loloish (Ngwi) branch, spoken in Sichuan and Yunnan. ISO 639-5: sit (Sino-Tibetan languages).",Sino-Tibetan languages,preserve_reconciled,accepted,Preserves reconciled family label for analysis.,family_analysis_mapping_reviewed.csv
json_fallback_language,json:ctd,REFERENCE_ONLY,,,,,ctd,Tedim Chin,cldr,,,,,,,,,,sit,Sino-Tibetan languages,Sino-Tibetan languages,Sino-Tibetan languages,Sino-Tibetan,Glottolog agreed,False,True,,,,,,Tibeto-Burman (Kuki-Chin) language of Myanmar/India. ISO 639-5: sit.,Sino-Tibetan languages,preserve_reconciled,accepted,Preserves reconciled family label for analysis.,family_analysis_mapping_reviewed.csv
json_fallback_language,json:tdh,REFERENCE_ONLY,,,,,tdh,Thulung,cldr,,,,,,,,,,sit,Sino-Tibetan languages,Sino-Tibetan languages,Sino-Tibetan languages,Sino-Tibetan,Glottolog agreed,False,True,,,,,,Kiranti Tibeto-Burman language of Nepal. ISO 639-5: sit.,Sino-Tibetan languages,preserve_reconciled,accepted,Preserves reconciled family label for analysis.,family_analysis_mapping_reviewed.csv
json_fallback_language,json:tsj,REFERENCE_ONLY,,,,,tsj,Tshangla,cldr,,,,,,,,,,sit,Sino-Tibetan languages,Sino-Tibetan languages,Sino-Tibetan languages,Sino-Tibetan,Glottolog agreed,False,True,,,,,,Tibeto-Burman language of eastern Bhutan. ISO 639-5: sit.,Sino-Tibetan languages,preserve_reconciled,accepted,Preserves reconciled family label for analysis.,family_analysis_mapping_reviewed.csv
json_fallback_language,json:kyu,REFERENCE_ONLY,,,,,kyu,Western Kayah,cldr,,,,,,,,,,sit,Sino-Tibetan languages,Sino-Tibetan languages,Sino-Tibetan languages,Sino-Tibetan,Glottolog agreed,False,True,,,,,,Tibeto-Burman (Kayah) language of Myanmar. ISO 639-5: sit.,Sino-Tibetan languages,preserve_reconciled,accepted,Preserves reconciled family label for analysis.,family_analysis_mapping_reviewed.csv
json_fallback_language,json:mrd,REFERENCE_ONLY,,,,,mrd,Western Magar,cldr,,,,,,,,,,sit,Sino-Tibetan languages,Sino-Tibetan languages,Sino-Tibetan languages,Sino-Tibetan,Glottolog agreed,False,True,,,,,,Tibeto-Burman language of Nepal. ISO 639-5: sit.,Sino-Tibetan languages,preserve_reconciled,accepted,Preserves reconciled family label for analysis.,family_analysis_mapping_reviewed.csv
json_fallback_language,json:tdg,REFERENCE_ONLY,,,,,tdg,Western Tamang,cldr,,,,,,,,,,sit,Sino-Tibetan languages,Sino-Tibetan languages,Sino-Tibetan languages,Sino-Tibetan,Glottolog agreed,False,True,,,,,,Tibeto-Burman language of Nepal. ISO 639-5: sit.,Sino-Tibetan languages,preserve_reconciled,accepted,Preserves reconciled family label for analysis.,family_analysis_mapping_reviewed.csv
json_fallback_language,json:hsn,REFERENCE_ONLY,,,,,hsn,Xiang Chinese,cldr,,,,,,,,,,sit,Sino-Tibetan languages,Sino-Tibetan languages,Sino-Tibetan languages,Sino-Tibetan,Glottolog agreed,False,True,,,,,,Sinitic language of Hunan. ISO 639-5: sit.,Sino-Tibetan languages,preserve_reconciled,accepted,Preserves reconciled family label for analysis.,family_analysis_mapping_reviewed.csv
json_fallback_language,json:dak,REFERENCE_ONLY,,,,,dak,Dakota,cldr|iso639_2,dak,,,,,,,,,nai,North American Indian languages,North American Indian languages,Siouan,Siouan,Glottolog reclassified,True,True,,,,,,Siouan language of the northern Great Plains. ISO 639-5: nai.,Siouan,preserve_reconciled,accepted,Preserves reconciled family label for analysis.,family_analysis_mapping_reviewed.csv
json_fallback_language,json:lkt,REFERENCE_ONLY,,,,,lkt,Lakota,cldr,,,,,,,,,,nai,North American Indian languages,North American Indian languages,Siouan,Siouan,Glottolog reclassified,True,True,,,,,,Siouan language of the Lakota people. ISO 639-5: nai.,Siouan,preserve_reconciled,accepted,Preserves reconciled family label for analysis.,family_analysis_mapping_reviewed.csv
json_fallback_language,json:osa,REFERENCE_ONLY,,,,,osa,Osage,cldr|iso639_2,osa,,,,,,,,,nai,North American Indian languages,North American Indian languages,Siouan,Siouan,Glottolog reclassified,True,True,,,,,,Siouan language of Oklahoma. ISO 639-5: nai.,Siouan,preserve_reconciled,accepted,Preserves reconciled family label for analysis.,family_analysis_mapping_reviewed.csv
json_fallback_language,json:khq,REFERENCE_ONLY,,,,,khq,Koyra Chiini,cldr,,,,,,,,,,ssa,Nilo-Saharan languages,Nilo-Saharan languages,Songhay,Songhay,Glottolog reclassified,True,True,,,,,,Songhay Nilo-Saharan language of Mali. ISO 639-5: ssa.,Songhay,preserve_reconciled,accepted,Preserves reconciled family label for analysis.,family_analysis_mapping_reviewed.csv
json_fallback_language,json:ses,REFERENCE_ONLY,,,,,ses,Koyraboro Senni,cldr,,,,,,,,,,ssa,Nilo-Saharan languages,Nilo-Saharan languages,Songhay,Songhay,Glottolog reclassified,True,True,,,,,,Songhay Nilo-Saharan language of Mali. ISO 639-5: ssa.,Songhay,preserve_reconciled,accepted,Preserves reconciled family label for analysis.,family_analysis_mapping_reviewed.csv
json_fallback_language,json:twq,REFERENCE_ONLY,,,,,twq,Tasawaq,cldr,,,,,,,,,,ssa,Nilo-Saharan languages,Nilo-Saharan languages,Songhay,Songhay,Glottolog reclassified,True,True,,,,,,Songhay Nilo-Saharan language of Niger. ISO 639-5: ssa.,Songhay,preserve_reconciled,accepted,Preserves reconciled family label for analysis.,family_analysis_mapping_reviewed.csv
json_fallback_language,json:dje,REFERENCE_ONLY,,,,,dje,Zarma,cldr,,,,,,,,,,ssa,Nilo-Saharan languages,Nilo-Saharan languages,Songhay,Songhay,Glottolog reclassified,True,True,,,,,,Songhay Nilo-Saharan language of Niger. ISO 639-5: ssa.,Songhay,preserve_reconciled,accepted,Preserves reconciled family label for analysis.,family_analysis_mapping_reviewed.csv
json_fallback_language,json:kht,REFERENCE_ONLY,,Tai-Kadai languages,,,kht,Khamti,cldr,,,,,,,,,,sit,Sino-Tibetan languages,Sino-Tibetan languages,Tai-Kadai,Tai-Kadai,Glottolog reclassified,True,True,,,,,,Tai-Kadai language (tai) of Myanmar. ISO 639-5: tai.,Tai-Kadai languages,normalize_variant,accepted,Normalizes variant spelling to existing label: Tai-Kadai languages.,family_analysis_mapping_reviewed.csv
json_fallback_language,json:khb,REFERENCE_ONLY,,,,,khb,Lü,cldr,,,,,,,,,,tai,Tai languages,Tai-Kadai languages,Tai-Kadai languages,Tai-Kadai,Glottolog agreed,False,True,,,,,,Tai-Kadai language of southern Yunnan and neighboring countries. ISO 639-5: tai.,Tai-Kadai languages,preserve_reconciled,accepted,Preserves reconciled family label for analysis.,family_analysis_mapping_reviewed.csv
json_fallback_language,json:tts,REFERENCE_ONLY,,,,,tts,Northeastern Thai,cldr,,,,,,,,,,tai,Tai languages,Tai-Kadai languages,Tai-Kadai languages,Tai-Kadai,Glottolog agreed,False,True,,,,,,Tai-Kadai language (Isan/Lao) of northeastern Thailand. ISO 639-5: tai.,Tai-Kadai languages,preserve_reconciled,accepted,Preserves reconciled family label for analysis.,family_analysis_mapping_reviewed.csv
json_fallback_language,json:nod,REFERENCE_ONLY,,,,,nod,Northern Thai,cldr,,,,,,,,,,tai,Tai languages,Tai-Kadai languages,Tai-Kadai languages,Tai-Kadai,Glottolog agreed,False,True,,,,,,Tai-Kadai language of northern Thailand (Kham Mueang). ISO 639-5: tai.,Tai-Kadai languages,preserve_reconciled,accepted,Preserves reconciled family label for analysis.,family_analysis_mapping_reviewed.csv
json_fallback_language,json:shn,REFERENCE_ONLY,,,,,shn,Shan,cldr|iso639_2,shn,,,,,,,,,tai,Tai languages,Tai-Kadai languages,Tai-Kadai languages,Tai-Kadai,Glottolog agreed,False,True,,,,,,Tai-Kadai language of Myanmar and Yunnan. ISO 639-5: tai.,Tai-Kadai languages,preserve_reconciled,accepted,Preserves reconciled family label for analysis.,family_analysis_mapping_reviewed.csv
json_fallback_language,json:sou,REFERENCE_ONLY,,,,,sou,Southern Thai,cldr,,,,,,,,,,tai,Tai languages,Tai-Kadai languages,Tai-Kadai languages,Tai-Kadai,Glottolog agreed,False,True,,,,,,Tai-Kadai language of peninsular Thailand. ISO 639-5: tai.,Tai-Kadai languages,preserve_reconciled,accepted,Preserves reconciled family label for analysis.,family_analysis_mapping_reviewed.csv
json_fallback_language,json:blt,REFERENCE_ONLY,,,,,blt,Tai Dam,cldr,,,,,,,,,,tai,Tai languages,Tai-Kadai languages,Tai-Kadai languages,Tai-Kadai,Glottolog agreed,False,True,,,,,,"Tai-Kadai language spoken in Vietnam, Laos, and Yunnan. ISO 639-5: tai.",Tai-Kadai languages,preserve_reconciled,accepted,Preserves reconciled family label for analysis.,family_analysis_mapping_reviewed.csv
json_fallback_language,json:tdd,REFERENCE_ONLY,,,,,tdd,Tai Nüa,cldr,,,,,,,,,,tai,Tai languages,Tai-Kadai languages,Tai-Kadai languages,Tai-Kadai,Glottolog agreed,False,True,,,,,,Tai-Kadai language of Yunnan and Myanmar. ISO 639-5: tai.,Tai-Kadai languages,preserve_reconciled,accepted,Preserves reconciled family label for analysis.,family_analysis_mapping_reviewed.csv
json_fallback_language,json:tsi,REFERENCE_ONLY,,,,,tsi,Tsimshian,cldr|iso639_2,tsi,,,,,,,,,nai,North American Indian languages,North American Indian languages,Tsimshian,Tsimshian,Glottolog reclassified,True,True,,,,,,Tsimshianic language of British Columbia. ISO 639-5: nai.,Tsimshian,preserve_reconciled,accepted,Preserves reconciled family label for analysis.,family_analysis_mapping_reviewed.csv
json_fallback_language,json:evn,REFERENCE_ONLY,,,,,evn,Evenki,cldr,,,,,,,,,,tut,Altaic languages,Altaic languages,Tungusic,Tungusic,Glottolog reclassified,True,True,,,,,,Tungusic language of Siberia. ISO 639-5: tut.,Tungusic,preserve_reconciled,accepted,Preserves reconciled family label for analysis.,family_analysis_mapping_reviewed.csv
json_fallback_language,json:mnc,REFERENCE_ONLY,,,,,mnc,Manchu,cldr|iso639_2,mnc,,,,,,,,,tut,Altaic languages,Altaic languages,Tungusic,Tungusic,Glottolog reclassified,True,True,,,,,,Tungusic language of Manchuria. ISO 639-5: tut.,Tungusic,preserve_reconciled,accepted,Preserves reconciled family label for analysis.,family_analysis_mapping_reviewed.csv
json_fallback_language,json:gld,REFERENCE_ONLY,,,,,gld,Nanai,cldr,,,,,,,,,,tut,Altaic languages,Altaic languages,Tungusic,Tungusic,Glottolog reclassified,True,True,,,,,,Tungusic language of the Russian Far East. ISO 639-5: tut.,Tungusic,preserve_reconciled,accepted,Preserves reconciled family label for analysis.,family_analysis_mapping_reviewed.csv
json_fallback_language,json:ude,REFERENCE_ONLY,,,,,ude,Udihe,cldr,,,,,,,,,,tut,Altaic languages,Altaic languages,Tungusic,Tungusic,Glottolog reclassified,True,True,,,,,,Tungusic language of the Russian Far East. ISO 639-5: tut.,Tungusic,preserve_reconciled,accepted,Preserves reconciled family label for analysis.,family_analysis_mapping_reviewed.csv
json_fallback_language,json:yrl,REFERENCE_ONLY,,,,,yrl,Nheengatu,cldr,,,,,,,,,,sai,South American Indian languages,South American Indian languages,Tupian,Tupian,Glottolog reclassified,True,True,,,,,,Tupian lingua franca of the Amazon basin. ISO 639-5: sai.,Tupian,preserve_reconciled,accepted,Preserves reconciled family label for analysis.,family_analysis_mapping_reviewed.csv
json_fallback_language,json:bgx,REFERENCE_ONLY,,,,,bgx,Balkan Gagauz Turkish,cldr,,,,,,,,,,trk,Altaic languages,Altaic languages,Turkic,Turkic,Glottolog reclassified,True,True,,,,,,Oghuz Turkic language of the Balkans. ISO 639-5: trk.,Turkic,preserve_reconciled,accepted,Preserves reconciled family label for analysis.,family_analysis_mapping_reviewed.csv
json_fallback_language,json:chg,REFERENCE_ONLY,,,,,chg,Chagatai,loc_only,chg,,,,,,,,,trk,Altaic languages,Altaic languages,Turkic,Turkic,Glottolog reclassified,True,True,,,,,,Medieval Chagatai Turkic language. ISO 639-5: trk.,Turkic,preserve_reconciled,accepted,Preserves reconciled family label for analysis.,family_analysis_mapping_reviewed.csv
json_fallback_language,json:crh,REFERENCE_ONLY,,,,,crh,Crimean Tatar,cldr|iso639_2,crh,,,,,,,,,trk,Altaic languages,Altaic languages,Turkic,Turkic,Glottolog reclassified,True,True,,,,,,Oghuz Turkic language of Crimea. ISO 639-5: trk.,Turkic,preserve_reconciled,accepted,Preserves reconciled family label for analysis.,family_analysis_mapping_reviewed.csv
json_fallback_language,json:gag,REFERENCE_ONLY,,,,,gag,Gagauz,cldr,,,,,,,,,,trk,Altaic languages,Altaic languages,Turkic,Turkic,Glottolog reclassified,True,True,,,,,,Oghuz Turkic language of Moldova/Bulgaria. ISO 639-5: trk.,Turkic,preserve_reconciled,accepted,Preserves reconciled family label for analysis.,family_analysis_mapping_reviewed.csv
json_fallback_language,json:kaa,REFERENCE_ONLY,,,,,kaa,Kara-Kalpak,cldr|iso639_2,kaa,,,,,,,,,trk,Altaic languages,Altaic languages,Turkic,Turkic,Glottolog reclassified,True,True,,,,,,Kypchak Turkic language of Karakalpakstan. ISO 639-5: trk.,Turkic,preserve_reconciled,accepted,Preserves reconciled family label for analysis.,family_analysis_mapping_reviewed.csv
json_fallback_language,json:krc,REFERENCE_ONLY,,,,,krc,Karachay-Balkar,cldr|iso639_2,krc,,,,,,,,,trk,Altaic languages,Altaic languages,Turkic,Turkic,Glottolog reclassified,True,True,,,,,,Turkic language of the North Caucasus. ISO 639-5: trk.,Turkic,preserve_reconciled,accepted,Preserves reconciled family label for analysis.,family_analysis_mapping_reviewed.csv
json_fallback_language,json:kjh,REFERENCE_ONLY,,,,,kjh,Khakas,cldr,,,,,,,,,,trk,Altaic languages,Altaic languages,Turkic,Turkic,Glottolog reclassified,True,True,,,,,,Siberian Turkic language of the Republic of Khakassia. ISO 639-5: trk.,Turkic,preserve_reconciled,accepted,Preserves reconciled family label for analysis.,family_analysis_mapping_reviewed.csv
json_fallback_language,json:kum,REFERENCE_ONLY,,,,,kum,Kumyk,cldr|iso639_2,kum,,,,,,,,,trk,Altaic languages,Altaic languages,Turkic,Turkic,Glottolog reclassified,True,True,,,,,,Kypchak Turkic language of Dagestan. ISO 639-5: trk.,Turkic,preserve_reconciled,accepted,Preserves reconciled family label for analysis.,family_analysis_mapping_reviewed.csv
json_fallback_language,json:nog,REFERENCE_ONLY,,,,,nog,Nogai,cldr|iso639_2,nog,,,,,,,,,trk,Altaic languages,Altaic languages,Turkic,Turkic,Glottolog reclassified,True,True,,,,,,Kypchak Turkic language of the North Caucasus steppe. ISO 639-5: trk.,Turkic,preserve_reconciled,accepted,Preserves reconciled family label for analysis.,family_analysis_mapping_reviewed.csv
json_fallback_language,json:cjs,REFERENCE_ONLY,,,,,cjs,Shor,cldr,,,,,,,,,,trk,Altaic languages,Altaic languages,Turkic,Turkic,Glottolog reclassified,True,True,,,,,,Siberian Turkic language of the Kemerovo region. ISO 639-5: trk.,Turkic,preserve_reconciled,accepted,Preserves reconciled family label for analysis.,family_analysis_mapping_reviewed.csv
json_fallback_language,json:alt,REFERENCE_ONLY,,,,,alt,Southern Altai,cldr|iso639_2,alt,,,,,,,,,trk,Altaic languages,Altaic languages,Turkic,Turkic,Glottolog reclassified,True,True,,,,,,Siberian Turkic language of the Altai Republic. ISO 639-5: trk.,Turkic,preserve_reconciled,accepted,Preserves reconciled family label for analysis.,family_analysis_mapping_reviewed.csv
json_fallback_language,json:tyv,REFERENCE_ONLY,,,,,tyv,Tuvinian,cldr|iso639_2,tyv,,,,,,,,,trk,Altaic languages,Altaic languages,Turkic,Turkic,Glottolog reclassified,True,True,,,,,,Siberian Turkic language of the Republic of Tuva. ISO 639-5: trk.,Turkic,preserve_reconciled,accepted,Preserves reconciled family label for analysis.,family_analysis_mapping_reviewed.csv
json_fallback_language,json:sah,REFERENCE_ONLY,,,,,sah,Yakut,cldr|iso639_2,sah,,,,,,,,,trk,Altaic languages,Altaic languages,Turkic,Turkic,Glottolog reclassified,True,True,,,,,,Siberian Turkic language of the Sakha Republic. ISO 639-5: trk.,Turkic,preserve_reconciled,accepted,Preserves reconciled family label for analysis.,family_analysis_mapping_reviewed.csv
json_fallback_language,json:myv,REFERENCE_ONLY,,,,,myv,Erzya,cldr|iso639_2,myv,,,,,,,,,fiu,Uralic languages,Uralic languages,Uralic languages,Uralic,Glottolog agreed,False,True,,,,,,Mordvinic Uralic language of Russia. ISO 639-5: fiu.,Uralic languages,preserve_reconciled,accepted,Preserves reconciled family label for analysis.,family_analysis_mapping_reviewed.csv
json_fallback_language,json:smn,REFERENCE_ONLY,,,,,smn,Inari Sami,cldr|iso639_2,smn,,,,,,,,,smi,Uralic languages,Uralic languages,Uralic languages,Uralic,Glottolog agreed,False,True,,,,,,"Sami language of the Inari region, Finland. ISO 639-5: smi.",Uralic languages,preserve_reconciled,accepted,Preserves reconciled family label for analysis.,family_analysis_mapping_reviewed.csv
json_fallback_language,json:izh,REFERENCE_ONLY,,,,,izh,Ingrian,cldr,,,,,,,,,,fiu,Uralic languages,Uralic languages,Uralic languages,Uralic,Glottolog agreed,False,True,,,,,,Finnic Uralic language of Ingria (Russia). ISO 639-5: fiu.,Uralic languages,preserve_reconciled,accepted,Preserves reconciled family label for analysis.,family_analysis_mapping_reviewed.csv
json_fallback_language,json:krl,REFERENCE_ONLY,,,,,krl,Karelian,cldr|iso639_2,krl,,,,,,,,,fiu,Uralic languages,Uralic languages,Uralic languages,Uralic,Glottolog agreed,False,True,,,,,,Finnic Uralic language of Karelia. ISO 639-5: fiu.,Uralic languages,preserve_reconciled,accepted,Preserves reconciled family label for analysis.,family_analysis_mapping_reviewed.csv
json_fallback_language,json:kca,REFERENCE_ONLY,,,,,kca,Khanty,cldr,,,,,,,,,,fiu,Uralic languages,Uralic languages,Uralic languages,Uralic,Glottolog agreed,False,True,,,,,,Ob-Ugric Uralic language of Siberia. ISO 639-5: fiu.,Uralic languages,preserve_reconciled,accepted,Preserves reconciled family label for analysis.,family_analysis_mapping_reviewed.csv
json_fallback_language,json:koi,REFERENCE_ONLY,,,,,koi,Komi-Permyak,cldr,,,,,,,,,,fiu,Uralic languages,Uralic languages,Uralic languages,Uralic,Glottolog agreed,False,True,,,,,,Permic Uralic language of the Komi-Permyak area. ISO 639-5: fiu.,Uralic languages,preserve_reconciled,accepted,Preserves reconciled family label for analysis.,family_analysis_mapping_reviewed.csv
json_fallback_language,json:liv,REFERENCE_ONLY,,,,,liv,Livonian,cldr,,,,,,,,,,fiu,Uralic languages,Uralic languages,Uralic languages,Uralic,Glottolog agreed,False,True,,,,,,Finnic Uralic language of Latvia (nearly extinct). ISO 639-5: fiu.,Uralic languages,preserve_reconciled,accepted,Preserves reconciled family label for analysis.,family_analysis_mapping_reviewed.csv
json_fallback_language,json:smj,REFERENCE_ONLY,,,,,smj,Lule Sami,cldr|iso639_2,smj,,,,,,,,,smi,Uralic languages,Uralic languages,Uralic languages,Uralic,Glottolog agreed,False,True,,,,,,Sami language of northern Sweden/Norway. ISO 639-5: smi.,Uralic languages,preserve_reconciled,accepted,Preserves reconciled family label for analysis.,family_analysis_mapping_reviewed.csv
json_fallback_language,json:mns,REFERENCE_ONLY,,,,,mns,Mansi,cldr,,,,,,,,,,fiu,Uralic languages,Uralic languages,Uralic languages,Uralic,Glottolog agreed,False,True,,,,,,Ob-Ugric Uralic language of Siberia. ISO 639-5: fiu.,Uralic languages,preserve_reconciled,accepted,Preserves reconciled family label for analysis.,family_analysis_mapping_reviewed.csv
json_fallback_language,json:mdf,REFERENCE_ONLY,,,,,mdf,Moksha,cldr|iso639_2,mdf,,,,,,,,,fiu,Uralic languages,Uralic languages,Uralic languages,Uralic,Glottolog agreed,False,True,,,,,,Mordvinic Uralic language of Russia. ISO 639-5: fiu.,Uralic languages,preserve_reconciled,accepted,Preserves reconciled family label for analysis.,family_analysis_mapping_reviewed.csv
json_fallback_language,json:yrk,REFERENCE_ONLY,,,,,yrk,Nenets,cldr,,,,,,,,,,fiu,Uralic languages,Uralic languages,Uralic languages,Uralic,Glottolog agreed,False,True,,,,,,Samoyedic Uralic language of Arctic Russia. ISO 639-5: fiu.,Uralic languages,preserve_reconciled,accepted,Preserves reconciled family label for analysis.,family_analysis_mapping_reviewed.csv
json_fallback_language,json:sel,REFERENCE_ONLY,,,,,sel,Selkup,cldr|iso639_2,sel,,,,,,,,,fiu,Uralic languages,Uralic languages,Uralic languages,Uralic,Glottolog agreed,False,True,,,,,,Samoyedic Uralic language of western Siberia. ISO 639-5: fiu.,Uralic languages,preserve_reconciled,accepted,Preserves reconciled family label for analysis.,family_analysis_mapping_reviewed.csv
json_fallback_language,json:sms,REFERENCE_ONLY,,,,,sms,Skolt Sami,cldr|iso639_2,sms,,,,,,,,,smi,Uralic languages,Uralic languages,Uralic languages,Uralic,Glottolog agreed,False,True,,,,,,"Sami language of Finland, Russia, and Norway. ISO 639-5: smi.",Uralic languages,preserve_reconciled,accepted,Preserves reconciled family label for analysis.,family_analysis_mapping_reviewed.csv
json_fallback_language,json:sma,REFERENCE_ONLY,,,,,sma,Southern Sami,cldr|iso639_2,sma,,,,,,,,,smi,Uralic languages,Uralic languages,Uralic languages,Uralic,Glottolog agreed,False,True,,,,,,Sami language of central Scandinavia. ISO 639-5: smi.,Uralic languages,preserve_reconciled,accepted,Preserves reconciled family label for analysis.,family_analysis_mapping_reviewed.csv
json_fallback_language,json:fit,REFERENCE_ONLY,,,,,fit,Tornedalen Finnish,cldr,,,,,,,,,,fiu,Uralic languages,Uralic languages,Uralic languages,Uralic,Glottolog agreed,False,True,,,,,,Finnic Uralic language of northern Sweden. ISO 639-5: fiu.,Uralic languages,preserve_reconciled,accepted,Preserves reconciled family label for analysis.,family_analysis_mapping_reviewed.csv
json_fallback_language,json:vep,REFERENCE_ONLY,,,,,vep,Veps,cldr,,,,,,,,,,fiu,Uralic languages,Uralic languages,Uralic languages,Uralic,Glottolog agreed,False,True,,,,,,Finnic Uralic language of northwestern Russia. ISO 639-5: fiu.,Uralic languages,preserve_reconciled,accepted,Preserves reconciled family label for analysis.,family_analysis_mapping_reviewed.csv
json_fallback_language,json:vot,REFERENCE_ONLY,,,,,vot,Votic,cldr|iso639_2,vot,,,,,,,,,fiu,Uralic languages,Uralic languages,Uralic languages,Uralic,Glottolog agreed,False,True,,,,,,Finnic Uralic language of the Votic people (nearly extinct). ISO 639-5: fiu.,Uralic languages,preserve_reconciled,accepted,Preserves reconciled family label for analysis.,family_analysis_mapping_reviewed.csv
json_fallback_language,json:vro,REFERENCE_ONLY,,,,,vro,Võro,cldr,,,,,,,,,,fiu,Uralic languages,Uralic languages,Uralic languages,Uralic,Glottolog agreed,False,True,,,,,,Finnic Uralic language of southeastern Estonia. ISO 639-5: fiu.,Uralic languages,preserve_reconciled,accepted,Preserves reconciled family label for analysis.,family_analysis_mapping_reviewed.csv
json_fallback_language,json:mrj,REFERENCE_ONLY,,,,,mrj,Western Mari,cldr,,,,,,,,,,fiu,Uralic languages,Uralic languages,Uralic languages,Uralic,Glottolog agreed,False,True,,,,,,Finno-Ugric (Mari) language of Russia. ISO 639-5: fiu.,Uralic languages,preserve_reconciled,accepted,Preserves reconciled family label for analysis.,family_analysis_mapping_reviewed.csv
json_fallback_language,json:nch,REFERENCE_ONLY,,,,,nch,Central Huasteca Nahuatl,cldr,,,,,,,,,,nai,North American Indian languages,North American Indian languages,Uto-Aztecan,Uto-Aztecan,Glottolog reclassified,True,True,,,,,,Uto-Aztecan language of Mexico. ISO 639-5: nai.,Uto-Aztecan,preserve_reconciled,accepted,Preserves reconciled family label for analysis.,family_analysis_mapping_reviewed.csv
json_fallback_language,json:nhe,REFERENCE_ONLY,,,,,nhe,Eastern Huasteca Nahuatl,cldr,,,,,,,,,,nai,North American Indian languages,North American Indian languages,Uto-Aztecan,Uto-Aztecan,Glottolog reclassified,True,True,,,,,,Uto-Aztecan language of Mexico. ISO 639-5: nai.,Uto-Aztecan,preserve_reconciled,accepted,Preserves reconciled family label for analysis.,family_analysis_mapping_reviewed.csv
json_fallback_language,json:hop,REFERENCE_ONLY,,,,,hop,Hopi,cldr,,,,,,,,,,nai,North American Indian languages,North American Indian languages,Uto-Aztecan,Uto-Aztecan,Glottolog reclassified,True,True,,,,,,Uto-Aztecan language of the Hopi people. ISO 639-5: nai.,Uto-Aztecan,preserve_reconciled,accepted,Preserves reconciled family label for analysis.,family_analysis_mapping_reviewed.csv
json_fallback_language,json:lui,REFERENCE_ONLY,,,,,lui,Luiseno,cldr|iso639_2,lui,,,,,,,,,nai,North American Indian languages,North American Indian languages,Uto-Aztecan,Uto-Aztecan,Glottolog reclassified,True,True,,,,,,Uto-Aztecan language of southern California. ISO 639-5: nai.,Uto-Aztecan,preserve_reconciled,accepted,Preserves reconciled family label for analysis.,family_analysis_mapping_reviewed.csv
json_fallback_language,json:nhw,REFERENCE_ONLY,,,,,nhw,Western Huasteca Nahuatl,cldr,,,,,,,,,,nai,North American Indian languages,North American Indian languages,Uto-Aztecan,Uto-Aztecan,Glottolog reclassified,True,True,,,,,,Uto-Aztecan language of Mexico. ISO 639-5: nai.,Uto-Aztecan,preserve_reconciled,accepted,Preserves reconciled family label for analysis.,family_analysis_mapping_reviewed.csv
json_fallback_language,json:kwk,REFERENCE_ONLY,,,,,kwk,Kwakʼwala,cldr,,,,,,,,,,nai,North American Indian languages,North American Indian languages,Wakashan,Wakashan,Glottolog reclassified,True,True,,,,,,Wakashan language of British Columbia. ISO 639-5: nai.,Wakashan,preserve_reconciled,accepted,Preserves reconciled family label for analysis.,family_analysis_mapping_reviewed.csv