language_code,language_name,local_name,iso639_1,iso639_2_t,iso639_2_b,scripts,script_codes,primary_script,primary_script_code,directionality,directionality_wikimedia,modern_language,is_official,n_scripts,in_iso639_1,in_iso639_2,in_wikimedia,is_group_iso639_2,sources,cldr_version,iso639_5_direct,iso639_5_family,family_name,subfamily_name,family_name_reconciled,coding_dh_date_added,coding_dh_date_last_seen,project_language_code,wikimedia_code,bcp47_tag,bcp47_source,bcp47_note,bcp47_is_project_code,service_code_candidates,google_nmt_code,google_nmt_supported,google_translation_llm_code,google_translation_llm_supported,family_name_reconciled_pre_review,family_name_reconciled_reviewed,family_review_source,family_review_notes,family_name_analysis,family_name_analysis_source
aa,Afar,Afar,aa,aar,,Latn,Latn,Latn,Latn,ltr,ltr,True,False,1,True,True,True,False,cldr|iso639_1|iso639_2|wikimedia,48.2.0,cus,afa,Afro-Asiatic languages,Cushitic languages,Afro-Asiatic languages,2026-04-22,2026-06-15,aa,aa,aa,iso639_1,,True,aar|aa,,False,,False,Afro-Asiatic languages,Afro-Asiatic languages,pre_review_reconciled,,Afro-Asiatic languages,family_analysis_mapping_reviewed.csv
ab,Abkhazian,Аҧсуа,ab,abk,,Cyrl,Cyrl,Cyrl,Cyrl,ltr,ltr,True,False,1,True,True,True,False,cldr|iso639_1|iso639_2|wikimedia,48.2.0,ccn,cau,Caucasian languages,North Caucasian languages,Abkhaz-Adyge,2026-04-22,2026-06-15,ab,ab,ab,iso639_1,,True,ab|abk,ab,True,,False,Abkhaz-Adyge,Abkhaz-Adyge,family_reconciliation_reviewed:iso_glottolog_pair,,Abkhaz-Adyge,family_analysis_mapping_reviewed.csv
abq,Abaza,,,,,Cyrl|Latn,Cyrl|Latn,Cyrl,Cyrl,ltr,,True,False,2,False,False,False,False,cldr,48.2.0,ccn,cau,Caucasian languages,North Caucasian languages,Abkhaz-Adyge,2026-04-22,2026-06-15,abq,,abq,language_code,,True,abq,,False,,False,Abkhaz-Adyge,Abkhaz-Adyge,family_reconciliation_reviewed:iso_glottolog_pair,,Abkhaz-Adyge,family_analysis_mapping_reviewed.csv
abr,Abron,,,,,Latn,Latn,Latn,Latn,ltr,,True,False,1,False,False,False,False,cldr,48.2.0,nic,nic,Niger-Kordofanian languages,Niger-Kordofanian languages,Atlantic-Congo,2026-04-22,2026-06-15,abr,,abr,language_code,,True,abr,,False,,False,Atlantic-Congo,Atlantic-Congo,family_reconciliation_reviewed:iso_glottolog_pair,,Atlantic-Congo,family_analysis_mapping_reviewed.csv
ace,Acehnese,,,ace,,Latn,Latn,Latn,Latn,ltr,,True,False,1,False,True,False,False,cldr|iso639_2,48.2.0,map,map,Austronesian languages,Austronesian languages,Austronesian languages,2026-04-22,2026-06-15,ace,,ace,iso639_2_t,,True,ace,ace,True,,False,Austronesian languages,Austronesian languages,pre_review_reconciled,,Austronesian languages,family_analysis_mapping_reviewed.csv
ach,Acoli,,,ach,,Latn,Latn,Latn,Latn,ltr,,True,False,1,False,True,False,False,cldr|iso639_2,48.2.0,ssa,ssa,Nilo-Saharan languages,Nilo-Saharan languages,Nilotic,2026-04-22,2026-06-15,ach,,ach,iso639_2_t,,True,ach,ach,True,,False,Nilotic,Nilotic,family_reconciliation_reviewed:iso_glottolog_pair,,Nilotic,family_analysis_mapping_reviewed.csv
ada,Adangme,,,ada,,Latn,Latn,Latn,Latn,ltr,,True,False,1,False,True,False,False,cldr|iso639_2,48.2.0,nic,nic,Niger-Kordofanian languages,Niger-Kordofanian languages,Atlantic-Congo,2026-04-22,2026-06-15,ada,,ada,iso639_2_t,,True,ada,,False,,False,Atlantic-Congo,Atlantic-Congo,family_reconciliation_reviewed:iso_glottolog_pair,,Atlantic-Congo,family_analysis_mapping_reviewed.csv
ady,Adyghe,,,ady,,Cyrl,Cyrl,Cyrl,Cyrl,ltr,,True,False,1,False,True,False,False,cldr|iso639_2,48.2.0,ccn,cau,Caucasian languages,North Caucasian languages,Abkhaz-Adyge,2026-04-22,2026-06-15,ady,,ady,iso639_2_t,,True,ady,,False,,False,Abkhaz-Adyge,Abkhaz-Adyge,family_reconciliation_reviewed:iso_glottolog_pair,,Abkhaz-Adyge,family_analysis_mapping_reviewed.csv
ae,Avestan,,ae,ave,,Avst,Avst,Avst,Avst,rtl,,False,False,1,True,True,False,False,cldr|iso639_1|iso639_2,48.2.0,ira,ine,Indo-European languages,Iranian languages,Indo-European languages,2026-04-22,2026-06-15,ae,,ae,iso639_1,,True,ae|ave,,False,,False,Indo-European languages,Indo-European languages,pre_review_reconciled,,Indo-European languages,family_analysis_mapping_reviewed.csv
aeb,Tunisian Arabic,,,,,Arab,Arab,Arab,Arab,rtl,,True,False,1,False,False,False,False,cldr,48.2.0,sem,afa,Afro-Asiatic languages,Semitic languages,Afro-Asiatic languages,2026-04-22,2026-06-15,aeb,,aeb,language_code,,True,aeb,,False,,False,Afro-Asiatic languages,Afro-Asiatic languages,pre_review_reconciled,,Afro-Asiatic languages,family_analysis_mapping_reviewed.csv
af,Afrikaans,Afrikaans,af,afr,,Latn,Latn,Latn,Latn,ltr,ltr,True,False,1,True,True,True,False,cldr|iso639_1|iso639_2|wikimedia,48.2.0,gem,ine,Indo-European languages,Germanic languages,Indo-European languages,2026-04-22,2026-06-15,af,af,af,iso639_1,,True,af|afr,af,True,af,True,Indo-European languages,Indo-European languages,pre_review_reconciled,,Indo-European languages,family_analysis_mapping_reviewed.csv
afh,Afrihili,,,afh,,,,,,ltr,,True,False,0,False,True,False,False,loc_only,,art,art,Artificial languages,Artificial languages,Artificial languages,2026-04-22,2026-06-15,afh,,afh,iso639_2_t,,True,afh,,False,,False,Artificial languages,Artificial languages,pre_review_reconciled,,Artificial languages,family_analysis_mapping_reviewed.csv
agq,Aghem,,,,,Latn,Latn,Latn,Latn,ltr,,True,False,1,False,False,False,False,cldr,48.2.0,nic,nic,Niger-Kordofanian languages,Niger-Kordofanian languages,Atlantic-Congo,2026-04-22,2026-06-15,agq,,agq,language_code,,True,agq,,False,,False,Atlantic-Congo,Atlantic-Congo,family_reconciliation_reviewed:iso_glottolog_pair,,Atlantic-Congo,family_analysis_mapping_reviewed.csv
aii,Assyrian Neo-Aramaic,,,,,Cyrl|Syrc,Cyrl|Syrc,Cyrl,Cyrl,ltr,,True,False,2,False,False,False,False,cldr,48.2.0,sem,afa,Afro-Asiatic languages,Semitic languages,Afro-Asiatic languages,2026-04-22,2026-06-15,aii,,aii,language_code,,True,aii,,False,,False,Afro-Asiatic languages,Afro-Asiatic languages,pre_review_reconciled,,Afro-Asiatic languages,family_analysis_mapping_reviewed.csv
ain,Ainu,,,ain,,Kana|Latn,Kana|Latn,Kana,Kana,ltr,,True,False,2,False,True,False,False,cldr|iso639_2,48.2.0,,,Language isolate,Language isolate,Language isolate,2026-04-22,2026-06-15,ain,,ain,iso639_2_t,,True,ain,,False,,False,Language isolate,Language isolate,family_reconciliation_reviewed:iso_glottolog_pair,,Language isolate,family_analysis_mapping_reviewed.csv
ak,Akan,Akana,ak,aka,,Latn,Latn,Latn,Latn,ltr,ltr,True,False,1,True,True,True,False,cldr|iso639_1|iso639_2|wikimedia,48.2.0,nic,nic,Niger-Kordofanian languages,Niger-Kordofanian languages,Atlantic-Congo,2026-04-22,2026-06-15,ak,ak,ak,iso639_1,,True,ak|aka,ak,True,,False,Atlantic-Congo,Atlantic-Congo,family_reconciliation_reviewed:iso_glottolog_pair,,Atlantic-Congo,family_analysis_mapping_reviewed.csv
akk,Akkadian,,,akk,,Xsux,Xsux,Xsux,Xsux,ltr,,False,False,1,False,True,False,False,cldr|iso639_2,48.2.0,sem,afa,Afro-Asiatic languages,Semitic languages,Afro-Asiatic languages,2026-04-22,2026-06-15,akk,,akk,iso639_2_t,,True,akk,,False,,False,Afro-Asiatic languages,Afro-Asiatic languages,pre_review_reconciled,,Afro-Asiatic languages,family_analysis_mapping_reviewed.csv
akz,Alabama,,,,,Latn,Latn,Latn,Latn,ltr,,True,False,1,False,False,False,False,cldr,48.2.0,nai,nai,North American Indian languages,North American Indian languages,Muskogean,2026-04-22,2026-06-15,akz,,akz,language_code,,True,akz,,False,,False,Muskogean,Muskogean,family_reconciliation_reviewed:iso_glottolog_pair,,Muskogean,family_analysis_mapping_reviewed.csv
ale,Aleut,,,ale,,Latn,Latn,Latn,Latn,ltr,,True,False,1,False,True,False,False,cldr|iso639_2,48.2.0,esx,esx,Eskimo-Aleut languages,Eskimo-Aleut languages,Eskimo-Aleut languages,2026-04-22,2026-06-15,ale,,ale,iso639_2_t,,True,ale,,False,,False,Eskimo-Aleut languages,Eskimo-Aleut languages,pre_review_reconciled,,Eskimo-Aleut languages,family_analysis_mapping_reviewed.csv
aln,Gheg Albanian,,,,,Latn,Latn,Latn,Latn,ltr,,True,False,1,False,False,False,False,cldr,48.2.0,sqj,sqj,Albanian languages,Albanian languages,Albanian languages,2026-04-22,2026-06-15,aln,,aln,language_code,,True,aln,,False,,False,Albanian languages,Albanian languages,family_reconciliation_reviewed:iso_glottolog_pair,,Albanian languages,family_analysis_mapping_reviewed.csv
als,Alemannic,Alemannisch,,,,,,,,ltr,ltr,True,False,0,False,False,True,False,wikimedia_only,,gem,ine,Indo-European languages,Germanic languages,Indo-European languages,2026-04-22,2026-06-15,als,als,als,language_code,,True,als,,False,,False,Indo-European languages,Indo-European languages,pre_review_reconciled,,Indo-European languages,family_analysis_mapping_reviewed.csv
alt,Southern Altai,,,alt,,Cyrl,Cyrl,Cyrl,Cyrl,ltr,,True,False,1,False,True,False,False,cldr|iso639_2,48.2.0,trk,tut,Altaic languages,Turkic languages,Turkic,2026-04-22,2026-06-15,alt,,alt,iso639_2_t,,True,alt,,False,,False,Turkic,Turkic,family_reconciliation_reviewed:iso_glottolog_pair,,Turkic,family_analysis_mapping_reviewed.csv
am,Amharic,አማርኛ,am,amh,,Ethi,Ethi,Ethi,Ethi,ltr,ltr,True,True,1,True,True,True,False,cldr|iso639_1|iso639_2|wikimedia,48.2.0,sem,afa,Afro-Asiatic languages,Semitic languages,Afro-Asiatic languages,2026-04-22,2026-06-15,am,am,am,iso639_1,,True,am|amh,am,True,am,True,Afro-Asiatic languages,Afro-Asiatic languages,pre_review_reconciled,,Afro-Asiatic languages,family_analysis_mapping_reviewed.csv
amo,Amo,,,,,Latn,Latn,Latn,Latn,ltr,,True,False,1,False,False,False,False,cldr,48.2.0,nic,nic,Niger-Kordofanian languages,Niger-Kordofanian languages,Atlantic-Congo,2026-04-22,2026-06-15,amo,,amo,language_code,,True,amo,,False,,False,Atlantic-Congo,Atlantic-Congo,family_reconciliation_reviewed:iso_glottolog_pair,,Atlantic-Congo,family_analysis_mapping_reviewed.csv
an,Aragonese,Aragonés,an,arg,,Latn,Latn,Latn,Latn,ltr,ltr,True,False,1,True,True,True,False,cldr|iso639_1|iso639_2|wikimedia,48.2.0,roa,ine,Indo-European languages,Romance languages,Indo-European languages,2026-04-22,2026-06-15,an,an,an,iso639_1,,True,arg|an,,False,,False,Indo-European languages,Indo-European languages,pre_review_reconciled,,Indo-European languages,family_analysis_mapping_reviewed.csv
ang,Old English,Angal Heneng,,ang,,Latn,Latn,Latn,Latn,ltr,ltr,True,False,1,False,True,True,False,cldr|iso639_2|wikimedia,48.2.0,gem,ine,Indo-European languages,Germanic languages,Indo-European languages,2026-04-22,2026-06-15,ang,ang,ang,iso639_2_t,,True,ang,,False,,False,Indo-European languages,Indo-European languages,pre_review_reconciled,,Indo-European languages,family_analysis_mapping_reviewed.csv
ann,Obolo,,,,,Latn,Latn,Latn,Latn,ltr,,True,False,1,False,False,False,False,cldr,48.2.0,nic,nic,Niger-Kordofanian languages,Niger-Kordofanian languages,Atlantic-Congo,2026-04-22,2026-06-15,ann,,ann,language_code,,True,ann,,False,,False,Atlantic-Congo,Atlantic-Congo,family_reconciliation_reviewed:iso_glottolog_pair,,Atlantic-Congo,family_analysis_mapping_reviewed.csv
anp,Angika,,,anp,,Deva,Deva,Deva,Deva,ltr,,True,False,1,False,True,False,False,cldr|iso639_2,48.2.0,inc,ine,Indo-European languages,Indo-Aryan languages,Indo-European languages,2026-04-22,2026-06-15,anp,,anp,iso639_2_t,,True,anp,,False,,False,Indo-European languages,Indo-European languages,pre_review_reconciled,,Indo-European languages,family_analysis_mapping_reviewed.csv
aoz,Uab Meto,,,,,Latn,Latn,Latn,Latn,ltr,,True,False,1,False,False,False,False,cldr,48.2.0,map,map,Austronesian languages,Austronesian languages,Austronesian languages,2026-04-22,2026-06-15,aoz,,aoz,language_code,,True,aoz,,False,,False,Austronesian languages,Austronesian languages,pre_review_reconciled,,Austronesian languages,family_analysis_mapping_reviewed.csv
apc,Levantine Arabic,,,,,Arab,Arab,Arab,Arab,rtl,,True,False,1,False,False,False,False,cldr,48.2.0,sem,afa,Afro-Asiatic languages,Semitic languages,Afro-Asiatic languages,2026-04-22,2026-06-15,apc,,apc,language_code,,True,apc,,False,,False,Afro-Asiatic languages,Afro-Asiatic languages,pre_review_reconciled,,Afro-Asiatic languages,family_analysis_mapping_reviewed.csv
apd,Sudanese Arabic,,,,,Arab,Arab,Arab,Arab,rtl,,True,False,1,False,False,False,False,cldr,48.2.0,sem,afa,Afro-Asiatic languages,Semitic languages,Afro-Asiatic languages,2026-05-15,2026-06-15,apd,,apd,language_code,,True,apd,,False,,False,Afro-Asiatic languages,Afro-Asiatic languages,pre_review_reconciled,,Afro-Asiatic languages,family_analysis_mapping_reviewed.csv
ar,Arabic,العربية,ar,ara,,Arab|Syrc,Arab|Syrc,Arab,Arab,rtl,rtl,True,True,2,True,True,True,False,cldr|iso639_1|iso639_2|wikimedia,48.2.0,sem,afa,Afro-Asiatic languages,Semitic languages,Afro-Asiatic languages,2026-04-22,2026-06-15,ar,ar,ar,iso639_1,,True,ara|ar,ar,True,ar,True,Afro-Asiatic languages,Afro-Asiatic languages,pre_review_reconciled,,Afro-Asiatic languages,family_analysis_mapping_reviewed.csv
arc,Aramaic,ܣܘܪܬ,,arc,,Armi|Nbat|Palm,Armi|Nbat|Palm,Armi,Armi,rtl,rtl,False,False,3,False,True,True,False,cldr|iso639_2|wikimedia,48.2.0,sem,afa,Afro-Asiatic languages,Semitic languages,Afro-Asiatic languages,2026-04-22,2026-06-15,arc,arc,arc,iso639_2_t,,True,arc,,False,,False,Afro-Asiatic languages,Afro-Asiatic languages,pre_review_reconciled,,Afro-Asiatic languages,family_analysis_mapping_reviewed.csv
arn,Mapuche,,,arn,,Latn,Latn,Latn,Latn,ltr,,True,False,1,False,True,False,False,cldr|iso639_2,48.2.0,sai,sai,South American Indian languages,South American Indian languages,Araucanian,2026-04-22,2026-06-15,arn,,arn,iso639_2_t,,True,arn,,False,,False,Araucanian,Araucanian,family_reconciliation_reviewed:iso_glottolog_pair,,Araucanian,family_analysis_mapping_reviewed.csv
aro,Araona,,,,,Latn,Latn,Latn,Latn,ltr,,True,False,1,False,False,False,False,cldr,48.2.0,sai,sai,South American Indian languages,South American Indian languages,Pano-Tacanan,2026-04-22,2026-06-15,aro,,aro,language_code,,True,aro,,False,,False,Pano-Tacanan,Pano-Tacanan,family_reconciliation_reviewed:iso_glottolog_pair,,Pano-Tacanan,family_analysis_mapping_reviewed.csv
arp,Arapaho,,,arp,,Latn,Latn,Latn,Latn,ltr,,True,False,1,False,True,False,False,cldr|iso639_2,48.2.0,alg,nai,North American Indian languages,Algonquian languages,Algic,2026-04-22,2026-06-15,arp,,arp,iso639_2_t,,True,arp,,False,,False,Algic,Algic,family_reconciliation_reviewed:iso_glottolog_pair,,Algic,family_analysis_mapping_reviewed.csv
arq,Algerian Arabic,,,,,Arab,Arab,Arab,Arab,rtl,,True,False,1,False,False,False,False,cldr,48.2.0,sem,afa,Afro-Asiatic languages,Semitic languages,Afro-Asiatic languages,2026-04-22,2026-06-15,arq,,arq,language_code,,True,arq,,False,,False,Afro-Asiatic languages,Afro-Asiatic languages,pre_review_reconciled,,Afro-Asiatic languages,family_analysis_mapping_reviewed.csv
ars,Najdi Arabic,,,,,Arab,Arab,Arab,Arab,rtl,,True,False,1,False,False,False,False,cldr,48.2.0,sem,afa,Afro-Asiatic languages,Semitic languages,Afro-Asiatic languages,2026-04-22,2026-06-15,ars,,ars,language_code,,True,ars,,False,,False,Afro-Asiatic languages,Afro-Asiatic languages,pre_review_reconciled,,Afro-Asiatic languages,family_analysis_mapping_reviewed.csv
arw,Arawak,,,arw,,Latn,Latn,Latn,Latn,ltr,,True,False,1,False,True,False,False,cldr|iso639_2,48.2.0,sai,sai,South American Indian languages,South American Indian languages,Arawakan,2026-04-22,2026-06-15,arw,,arw,iso639_2_t,,True,arw,,False,,False,Arawakan,Arawakan,family_reconciliation_reviewed:iso_glottolog_pair,,Arawakan,family_analysis_mapping_reviewed.csv
ary,Moroccan Arabic,,,,,Arab,Arab,Arab,Arab,rtl,,True,False,1,False,False,False,False,cldr,48.2.0,sem,afa,Afro-Asiatic languages,Semitic languages,Afro-Asiatic languages,2026-04-22,2026-06-15,ary,,ary,language_code,,True,ary,,False,,False,Afro-Asiatic languages,Afro-Asiatic languages,pre_review_reconciled,,Afro-Asiatic languages,family_analysis_mapping_reviewed.csv
arz,Egyptian Arabic,مصرى,,,,Arab,Arab,Arab,Arab,rtl,rtl,True,False,1,False,False,True,False,cldr|wikimedia,48.2.0,sem,afa,Afro-Asiatic languages,Semitic languages,Afro-Asiatic languages,2026-04-22,2026-06-15,arz,arz,arz,language_code,,True,arz,,False,,False,Afro-Asiatic languages,Afro-Asiatic languages,pre_review_reconciled,,Afro-Asiatic languages,family_analysis_mapping_reviewed.csv
as,Assamese,অসমীয়া,as,asm,,Beng,Beng,Beng,Beng,ltr,ltr,True,False,1,True,True,True,False,cldr|iso639_1|iso639_2|wikimedia,48.2.0,inc,ine,Indo-European languages,Indo-Aryan languages,Indo-European languages,2026-04-22,2026-06-15,as,as,as,iso639_1,,True,as|asm,as,True,,False,Indo-European languages,Indo-European languages,pre_review_reconciled,,Indo-European languages,family_analysis_mapping_reviewed.csv
asa,Asu,,,,,Latn,Latn,Latn,Latn,ltr,,True,False,1,False,False,False,False,cldr,48.2.0,bnt,nic,Niger-Kordofanian languages,Bantu languages,Atlantic-Congo,2026-04-22,2026-06-15,asa,,asa,language_code,,True,asa,,False,,False,Atlantic-Congo,Atlantic-Congo,family_reconciliation_reviewed:iso_glottolog_pair,,Atlantic-Congo,family_analysis_mapping_reviewed.csv
ase,American Sign Language,,,,,,,,,ltr,,True,True,0,False,False,False,False,cldr_v45,45,sgn,sgn,Sign languages,Sign languages,Sign languages,2026-04-22,2026-06-15,ase,,ase,language_code,,True,sgn-us|ase,,False,,False,Sign languages,Sign languages,pre_review_reconciled,,Sign languages,family_analysis_mapping_reviewed.csv
ast,Asturian,Asturianu,,ast,,Latn,Latn,Latn,Latn,ltr,ltr,True,False,1,False,True,True,False,cldr|iso639_2|wikimedia,48.2.0,roa,ine,Indo-European languages,Romance languages,Indo-European languages,2026-04-22,2026-06-15,ast,ast,ast,iso639_2_t,,True,ast,,False,,False,Indo-European languages,Indo-European languages,pre_review_reconciled,,Indo-European languages,family_analysis_mapping_reviewed.csv
atj,Atikamekw,,,,,Latn,Latn,Latn,Latn,ltr,,True,False,1,False,False,False,False,cldr,48.2.0,alg,nai,North American Indian languages,Algonquian languages,Algic,2026-04-22,2026-06-15,atj,,atj,language_code,,True,atj,,False,,False,Algic,Algic,family_reconciliation_reviewed:iso_glottolog_pair,,Algic,family_analysis_mapping_reviewed.csv
av,Avaric,Авар,av,ava,,Cyrl,Cyrl,Cyrl,Cyrl,ltr,ltr,True,False,1,True,True,True,False,cldr|iso639_1|iso639_2|wikimedia,48.2.0,ccn,cau,Caucasian languages,North Caucasian languages,Nakh-Daghestanian,2026-04-22,2026-06-15,av,av,av,iso639_1,,True,ava|av,,False,,False,Nakh-Daghestanian,Nakh-Daghestanian,family_reconciliation_reviewed:iso_glottolog_pair,,Nakh-Daghestanian,family_analysis_mapping_reviewed.csv
avk,Kotava,,,,,Latn,Latn,Latn,Latn,ltr,,True,False,1,False,False,False,False,cldr,48.2.0,art,art,Artificial languages,Artificial languages,Artificial languages,2026-04-22,2026-06-15,avk,,avk,language_code,,True,avk,,False,,False,Artificial languages,Artificial languages,pre_review_reconciled,,Artificial languages,family_analysis_mapping_reviewed.csv
awa,Awadhi,Awadhi,,awa,,Deva,Deva,Deva,Deva,ltr,ltr,True,False,1,False,True,True,False,cldr|iso639_2|wikimedia,48.2.0,inc,ine,Indo-European languages,Indo-Aryan languages,Indo-European languages,2026-04-22,2026-06-15,awa,awa,awa,iso639_2_t,,True,awa,awa,True,,False,Indo-European languages,Indo-European languages,pre_review_reconciled,,Indo-European languages,family_analysis_mapping_reviewed.csv
ay,Aymara,Aymar,ay,aym,,Latn,Latn,Latn,Latn,ltr,ltr,True,True,1,True,True,True,False,cldr|iso639_1|iso639_2|wikimedia,48.2.0,sai,sai,South American Indian languages,South American Indian languages,South American Indian languages,2026-04-22,2026-06-15,ay,ay,ay,iso639_1,,True,ay|aym,ay,True,,False,South American Indian languages,South American Indian languages,pre_review_reconciled,,South American Indian languages,family_analysis_mapping_reviewed.csv
az,Azerbaijani,Azərbaycanca / آذربايجان,az,aze,,Latn|Arab|Cyrl,Latn|Arab|Cyrl,Latn,Latn,ltr,ltr,True,True,3,True,True,True,False,cldr|iso639_1|iso639_2|wikimedia,48.2.0,trk,tut,Altaic languages,Turkic languages,Altaic languages,2026-04-22,2026-06-15,az,az,az,iso639_1,,True,az|aze,az,True,az,True,Altaic languages,Altaic languages,pre_review_reconciled,,Altaic languages,family_analysis_mapping_reviewed.csv
ba,Bashkir,Башҡорт,ba,bak,,Cyrl,Cyrl,Cyrl,Cyrl,ltr,ltr,True,False,1,True,True,True,False,cldr|iso639_1|iso639_2|wikimedia,48.2.0,trk,tut,Altaic languages,Turkic languages,Turkic,2026-04-22,2026-06-15,ba,ba,ba,iso639_1,,True,bak|ba,ba,True,,False,Turkic,Turkic,family_reconciliation_reviewed:iso_glottolog_pair,,Turkic,family_analysis_mapping_reviewed.csv
bal,Baluchi,,,bal,,Arab|Latn,Arab|Latn,Arab,Arab,rtl,,True,False,2,False,True,False,False,cldr|iso639_2,48.2.0,ira,ine,Indo-European languages,Iranian languages,Indo-European languages,2026-04-22,2026-06-15,bal,,bal,iso639_2_t,,True,bal,,False,,False,Indo-European languages,Indo-European languages,pre_review_reconciled,,Indo-European languages,family_analysis_mapping_reviewed.csv
ban,Balinese,,,ban,,Latn|Bali,Latn|Bali,Latn,Latn,ltr,,True,False,2,False,True,False,False,cldr|iso639_2,48.2.0,map,map,Austronesian languages,Austronesian languages,Austronesian languages,2026-04-22,2026-06-15,ban,,ban,iso639_2_t,,True,ban,ban,True,,False,Austronesian languages,Austronesian languages,pre_review_reconciled,,Austronesian languages,family_analysis_mapping_reviewed.csv
bap,Bantawa,,,,,Deva,Deva,Deva,Deva,ltr,,True,False,1,False,False,False,False,cldr,48.2.0,sit,sit,Sino-Tibetan languages,Sino-Tibetan languages,Sino-Tibetan languages,2026-04-22,2026-06-15,bap,,bap,language_code,,True,bap,,False,,False,Sino-Tibetan languages,Sino-Tibetan languages,pre_review_reconciled,,Sino-Tibetan languages,family_analysis_mapping_reviewed.csv
bar,Bavarian,Boarisch,,,,Latn,Latn,Latn,Latn,ltr,ltr,True,False,1,False,False,True,False,cldr|wikimedia,48.2.0,gem,ine,Indo-European languages,Germanic languages,Indo-European languages,2026-04-22,2026-06-15,bar,bar,bar,language_code,,True,bar,,False,,False,Indo-European languages,Indo-European languages,pre_review_reconciled,,Indo-European languages,family_analysis_mapping_reviewed.csv
bas,Basaa,,,bas,,Latn,Latn,Latn,Latn,ltr,,True,False,1,False,True,False,False,cldr|iso639_2,48.2.0,bnt,nic,Niger-Kordofanian languages,Bantu languages,Atlantic-Congo,2026-04-22,2026-06-15,bas,,bas,iso639_2_t,,True,bas,,False,,False,Atlantic-Congo,Atlantic-Congo,family_reconciliation_reviewed:iso_glottolog_pair,,Atlantic-Congo,family_analysis_mapping_reviewed.csv
bat-smg,Samogitian,Žemaitėška,,,,,,,,ltr,ltr,True,False,0,False,False,True,False,wikimedia_only,,bat,ine,Indo-European languages,Baltic languages,Indo-European languages,2026-04-22,2026-06-15,bat-smg,bat-smg,sgs,grandfathered_fallback,Wikimedia/legacy code bat-smg not in language_data IANA snapshot; mapped manually,False,sgs|bat-smg,,False,,False,Indo-European languages,Indo-European languages,pre_review_reconciled,,Indo-European languages,family_analysis_mapping_reviewed.csv
bax,Bamun,,,,,Bamu,Bamu,Bamu,Bamu,ltr,,True,False,1,False,False,False,False,cldr,48.2.0,nic,nic,Niger-Kordofanian languages,Niger-Kordofanian languages,Atlantic-Congo,2026-04-22,2026-06-15,bax,,bax,language_code,,True,bax,,False,,False,Atlantic-Congo,Atlantic-Congo,family_reconciliation_reviewed:iso_glottolog_pair,,Atlantic-Congo,family_analysis_mapping_reviewed.csv
bbc,Batak Toba,,,,,Latn|Batk,Latn|Batk,Latn,Latn,ltr,,True,False,2,False,False,False,False,cldr,48.2.0,map,map,Austronesian languages,Austronesian languages,Austronesian languages,2026-04-22,2026-06-15,bbc,,bbc,language_code,,True,bbc,bbc,True,,False,Austronesian languages,Austronesian languages,pre_review_reconciled,,Austronesian languages,family_analysis_mapping_reviewed.csv
bbj,Ghomala,,,,,Latn,Latn,Latn,Latn,ltr,,True,False,1,False,False,False,False,cldr,48.2.0,nic,nic,Niger-Kordofanian languages,Niger-Kordofanian languages,Atlantic-Congo,2026-04-22,2026-06-15,bbj,,bbj,language_code,,True,bbj,,False,,False,Atlantic-Congo,Atlantic-Congo,family_reconciliation_reviewed:iso_glottolog_pair,,Atlantic-Congo,family_analysis_mapping_reviewed.csv
bci,Baoulé,,,,,Latn,Latn,Latn,Latn,ltr,,True,False,1,False,False,False,False,cldr,48.2.0,nic,nic,Niger-Kordofanian languages,Niger-Kordofanian languages,Atlantic-Congo,2026-04-22,2026-06-15,bci,,bci,language_code,,True,bci,,False,,False,Atlantic-Congo,Atlantic-Congo,family_reconciliation_reviewed:iso_glottolog_pair,,Atlantic-Congo,family_analysis_mapping_reviewed.csv
bcl,Bikol,Bikol Central,,,,,,,,ltr,ltr,True,False,0,False,False,True,False,wikimedia_only,,map,map,Austronesian languages,Austronesian languages,Austronesian languages,2026-04-22,2026-06-15,bcl,bcl,bcl,language_code,,True,bcl,,False,,False,Austronesian languages,Austronesian languages,pre_review_reconciled,,Austronesian languages,family_analysis_mapping_reviewed.csv
be,Belarusian,Беларуская,be,bel,,Cyrl,Cyrl,Cyrl,Cyrl,ltr,ltr,True,True,1,True,True,True,False,cldr|iso639_1|iso639_2|wikimedia,48.2.0,sla,ine,Indo-European languages,Slavic languages,Indo-European languages,2026-04-22,2026-06-15,be,be,be,iso639_1,,True,bel|be,be,True,be,True,Indo-European languages,Indo-European languages,pre_review_reconciled,,Indo-European languages,family_analysis_mapping_reviewed.csv
be-x-old,Belarusian (Taraškievica),Беларуская (тарашкевіца),,,,,,,,ltr,ltr,True,False,0,False,False,True,False,wikimedia_only,,sla,ine,Indo-European languages,Slavic languages,Indo-European languages,2026-04-22,2026-06-15,be-x-old,be-x-old,be-tarask,grandfathered_fallback,Wikimedia/legacy code be-x-old not in language_data IANA snapshot; mapped manually,False,be-tarask|be-x-old,,False,,False,Indo-European languages,Indo-European languages,pre_review_reconciled,,Indo-European languages,family_analysis_mapping_reviewed.csv
bej,Beja,,,bej,,Arab,Arab,Arab,Arab,rtl,,True,False,1,False,True,False,False,cldr|iso639_2,48.2.0,cus,afa,Afro-Asiatic languages,Cushitic languages,Afro-Asiatic languages,2026-04-22,2026-06-15,bej,,bej,iso639_2_t,,True,bej,,False,,False,Afro-Asiatic languages,Afro-Asiatic languages,pre_review_reconciled,,Afro-Asiatic languages,family_analysis_mapping_reviewed.csv
bem,Bemba,,,bem,,Latn,Latn,Latn,Latn,ltr,,True,False,1,False,True,False,False,cldr|iso639_2,48.2.0,bnt,nic,Niger-Kordofanian languages,Bantu languages,Atlantic-Congo,2026-04-22,2026-06-15,bem,,bem,iso639_2_t,,True,bem,bem,True,,False,Atlantic-Congo,Atlantic-Congo,family_reconciliation_reviewed:iso_glottolog_pair,,Atlantic-Congo,family_analysis_mapping_reviewed.csv
bew,Betawi,,,,,Latn,Latn,Latn,Latn,ltr,,True,False,1,False,False,False,False,cldr,48.2.0,map,map,Austronesian languages,Austronesian languages,Austronesian languages,2026-04-22,2026-06-15,bew,,bew,language_code,,True,bew,bew,True,,False,Austronesian languages,Austronesian languages,pre_review_reconciled,,Austronesian languages,family_analysis_mapping_reviewed.csv
bez,Bena,,,,,Latn,Latn,Latn,Latn,ltr,,True,False,1,False,False,False,False,cldr,48.2.0,bnt,nic,Niger-Kordofanian languages,Bantu languages,Atlantic-Congo,2026-04-22,2026-06-15,bez,,bez,language_code,,True,bez,,False,,False,Atlantic-Congo,Atlantic-Congo,family_reconciliation_reviewed:iso_glottolog_pair,,Atlantic-Congo,family_analysis_mapping_reviewed.csv
bfd,Bafut,,,,,Latn,Latn,Latn,Latn,ltr,,True,False,1,False,False,False,False,cldr,48.2.0,nic,nic,Niger-Kordofanian languages,Niger-Kordofanian languages,Atlantic-Congo,2026-04-22,2026-06-15,bfd,,bfd,language_code,,True,bfd,,False,,False,Atlantic-Congo,Atlantic-Congo,family_reconciliation_reviewed:iso_glottolog_pair,,Atlantic-Congo,family_analysis_mapping_reviewed.csv
bfq,Badaga,,,,,Taml,Taml,Taml,Taml,ltr,,True,False,1,False,False,False,False,cldr,48.2.0,dra,dra,Dravidian languages,Dravidian languages,Dravidian languages,2026-04-22,2026-06-15,bfq,,bfq,language_code,,True,bfq,,False,,False,Dravidian languages,Dravidian languages,pre_review_reconciled,,Dravidian languages,family_analysis_mapping_reviewed.csv
bft,Balti,,,,,Arab|Tibt,Arab|Tibt,Arab,Arab,rtl,,True,False,2,False,False,False,False,cldr,48.2.0,sit,sit,Sino-Tibetan languages,Sino-Tibetan languages,Sino-Tibetan languages,2026-04-22,2026-06-15,bft,,bft,language_code,,True,bft,,False,,False,Sino-Tibetan languages,Sino-Tibetan languages,pre_review_reconciled,,Sino-Tibetan languages,family_analysis_mapping_reviewed.csv
bfy,Bagheli,,,,,Deva,Deva,Deva,Deva,ltr,,True,False,1,False,False,False,False,cldr,48.2.0,inc,ine,Indo-European languages,Indo-Aryan languages,Indo-European languages,2026-04-22,2026-06-15,bfy,,bfy,language_code,,True,ppa|bfy,,False,,False,Indo-European languages,Indo-European languages,pre_review_reconciled,,Indo-European languages,family_analysis_mapping_reviewed.csv
bg,Bulgarian,Български,bg,bul,,Cyrl,Cyrl,Cyrl,Cyrl,ltr,ltr,True,True,1,True,True,True,False,cldr|iso639_1|iso639_2|wikimedia,48.2.0,sla,ine,Indo-European languages,Slavic languages,Indo-European languages,2026-04-22,2026-06-15,bg,bg,bg,iso639_1,,True,bg|bul,bg,True,bg,True,Indo-European languages,Indo-European languages,pre_review_reconciled,,Indo-European languages,family_analysis_mapping_reviewed.csv
bgc,Haryanvi,,,,,Deva,Deva,Deva,Deva,ltr,,True,False,1,False,False,False,False,cldr,48.2.0,inc,ine,Indo-European languages,Indo-Aryan languages,Indo-European languages,2026-04-22,2026-06-15,bgc,,bgc,language_code,,True,bgc,,False,,False,Indo-European languages,Indo-European languages,pre_review_reconciled,,Indo-European languages,family_analysis_mapping_reviewed.csv
bgn,Western Balochi,,,,,Arab,Arab,Arab,Arab,rtl,,True,False,1,False,False,False,False,cldr,48.2.0,ira,ine,Indo-European languages,Iranian languages,Indo-European languages,2026-04-22,2026-06-15,bgn,,bgn,language_code,,True,bgn,,False,,False,Indo-European languages,Indo-European languages,pre_review_reconciled,,Indo-European languages,family_analysis_mapping_reviewed.csv
bgx,Balkan Gagauz Turkish,,,,,Grek,Grek,Grek,Grek,ltr,,True,False,1,False,False,False,False,cldr,48.2.0,trk,tut,Altaic languages,Turkic languages,Turkic,2026-04-22,2026-06-15,bgx,,bgx,language_code,,True,bgx,,False,,False,Turkic,Turkic,family_reconciliation_reviewed:iso_glottolog_pair,,Turkic,family_analysis_mapping_reviewed.csv
bh,Bihari,भोजपुरी,bh,,,,,,,ltr,ltr,True,False,0,True,False,True,False,wikimedia_only|iso639_1,,inc,ine,Indo-European languages,Indo-Aryan languages,Indo-European languages,2026-04-22,2026-06-15,bh,bh,bh,iso639_1,,True,bh|bih,,False,,False,Indo-European languages,Indo-European languages,pre_review_reconciled,,Indo-European languages,family_analysis_mapping_reviewed.csv
bhb,Bhili,,,,,Deva,Deva,Deva,Deva,ltr,,True,False,1,False,False,False,False,cldr,48.2.0,inc,ine,Indo-European languages,Indo-Aryan languages,Indo-European languages,2026-04-22,2026-06-15,bhb,,bhb,language_code,,True,bhb,,False,,False,Indo-European languages,Indo-European languages,pre_review_reconciled,,Indo-European languages,family_analysis_mapping_reviewed.csv
bhi,Bhilali,,,,,Deva,Deva,Deva,Deva,ltr,,True,False,1,False,False,False,False,cldr,48.2.0,inc,ine,Indo-European languages,Indo-Aryan languages,Indo-European languages,2026-04-22,2026-06-15,bhi,,bhi,language_code,,True,bhi,,False,,False,Indo-European languages,Indo-European languages,pre_review_reconciled,,Indo-European languages,family_analysis_mapping_reviewed.csv
bho,Bhojpuri,,,bho,,Deva,Deva,Deva,Deva,ltr,,True,False,1,False,True,False,False,cldr|iso639_2,48.2.0,inc,ine,Indo-European languages,Indo-Aryan languages,Indo-European languages,2026-04-22,2026-06-15,bho,,bho,iso639_2_t,,True,bho,bho,True,,False,Indo-European languages,Indo-European languages,pre_review_reconciled,,Indo-European languages,family_analysis_mapping_reviewed.csv
bi,Bislama,Bislama,bi,bis,,Latn,Latn,Latn,Latn,ltr,ltr,True,True,1,True,True,True,False,cldr|iso639_1|iso639_2|wikimedia,48.2.0,map,map,Austronesian languages,Austronesian languages,Creoles and pidgins,2026-04-22,2026-06-15,bi,bi,bi,iso639_1,,True,bis|bi,,False,,False,Creoles and pidgins,Creoles and pidgins,family_reconciliation_reviewed:iso_glottolog_pair,,Creoles and pidgins,family_analysis_mapping_reviewed.csv
bik,Bikol,,,bik,,Latn,Latn,Latn,Latn,ltr,,True,False,1,False,True,False,False,cldr|iso639_2,48.2.0,map,map,Austronesian languages,Austronesian languages,Austronesian languages,2026-04-22,2026-06-15,bik,,bik,iso639_2_t,,True,bik,bik,True,,False,Austronesian languages,Austronesian languages,pre_review_reconciled,,Austronesian languages,family_analysis_mapping_reviewed.csv
bin,Bini,,,bin,,Latn,Latn,Latn,Latn,ltr,,True,False,1,False,True,False,False,cldr|iso639_2,48.2.0,nic,nic,Niger-Kordofanian languages,Niger-Kordofanian languages,Atlantic-Congo,2026-04-22,2026-06-15,bin,,bin,iso639_2_t,,True,bin,,False,,False,Atlantic-Congo,Atlantic-Congo,family_reconciliation_reviewed:iso_glottolog_pair,,Atlantic-Congo,family_analysis_mapping_reviewed.csv
bjj,Kanauji,,,,,Deva,Deva,Deva,Deva,ltr,,True,False,1,False,False,False,False,cldr,48.2.0,inc,ine,Indo-European languages,Indo-Aryan languages,Indo-European languages,2026-04-22,2026-06-15,bjj,,bjj,language_code,,True,bjj,,False,,False,Indo-European languages,Indo-European languages,pre_review_reconciled,,Indo-European languages,family_analysis_mapping_reviewed.csv
bjn,Banjar,,,,,Latn,Latn,Latn,Latn,ltr,,True,False,1,False,False,False,False,cldr,48.2.0,map,map,Austronesian languages,Austronesian languages,Austronesian languages,2026-04-22,2026-06-15,bjn,,bjn,language_code,,True,bjn,,False,,False,Austronesian languages,Austronesian languages,pre_review_reconciled,,Austronesian languages,family_analysis_mapping_reviewed.csv
bjt,Balanta-Ganja,,,,,Latn,Latn,Latn,Latn,ltr,,True,False,1,False,False,False,False,cldr,48.2.0,nic,nic,Niger-Kordofanian languages,Niger-Kordofanian languages,Atlantic-Congo,2026-05-15,2026-06-15,bjt,,bjt,language_code,,True,bjt,,False,,False,Atlantic-Congo,Atlantic-Congo,family_reconciliation_reviewed:iso_glottolog_pair,,Atlantic-Congo,family_analysis_mapping_reviewed.csv
bkm,Kom,,,,,Latn,Latn,Latn,Latn,ltr,,True,False,1,False,False,False,False,cldr,48.2.0,nic,nic,Niger-Kordofanian languages,Niger-Kordofanian languages,Atlantic-Congo,2026-04-22,2026-06-15,bkm,,bkm,language_code,,True,bkm,,False,,False,Atlantic-Congo,Atlantic-Congo,family_reconciliation_reviewed:iso_glottolog_pair,,Atlantic-Congo,family_analysis_mapping_reviewed.csv
bku,Buhid,,,,,Latn|Buhd,Latn|Buhd,Latn,Latn,ltr,,True,False,2,False,False,False,False,cldr,48.2.0,map,map,Austronesian languages,Austronesian languages,Austronesian languages,2026-04-22,2026-06-15,bku,,bku,language_code,,True,bku,,False,,False,Austronesian languages,Austronesian languages,pre_review_reconciled,,Austronesian languages,family_analysis_mapping_reviewed.csv
bla,Siksiká,,,bla,,Latn,Latn,Latn,Latn,ltr,,True,False,1,False,True,False,False,cldr|iso639_2,48.2.0,alg,nai,North American Indian languages,Algonquian languages,Algic,2026-04-22,2026-06-15,bla,,bla,iso639_2_t,,True,bla,,False,,False,Algic,Algic,family_reconciliation_reviewed:iso_glottolog_pair,,Algic,family_analysis_mapping_reviewed.csv
blo,Anii,,,,,Latn,Latn,Latn,Latn,ltr,,True,False,1,False,False,False,False,cldr,48.2.0,nic,nic,Niger-Kordofanian languages,Niger-Kordofanian languages,Atlantic-Congo,2026-04-22,2026-06-15,blo,,blo,language_code,,True,blo,,False,,False,Atlantic-Congo,Atlantic-Congo,family_reconciliation_reviewed:iso_glottolog_pair,,Atlantic-Congo,family_analysis_mapping_reviewed.csv
blt,Tai Dam,,,,,Tavt,Tavt,Tavt,Tavt,ltr,,True,False,1,False,False,False,False,cldr,48.2.0,tai,tai,Tai-Kadai languages,Tai-Kadai languages,Tai-Kadai languages,2026-04-22,2026-06-15,blt,,blt,language_code,,True,blt,,False,,False,Tai-Kadai languages,Tai-Kadai languages,pre_review_reconciled,,Tai-Kadai languages,family_analysis_mapping_reviewed.csv
bm,Bambara,Bamanankan,bm,bam,,Latn|Nkoo,Latn|Nkoo,Latn,Latn,ltr,ltr,True,False,2,True,True,True,False,cldr|iso639_1|iso639_2|wikimedia,48.2.0,nic,nic,Niger-Kordofanian languages,Niger-Kordofanian languages,Mande,2026-04-22,2026-06-15,bm,bm,bm,iso639_1,,True,bm|bam,bm,True,,False,Mande,Mande,family_reconciliation_reviewed:iso_glottolog_pair,,Mande,family_analysis_mapping_reviewed.csv
bmq,Bomu,,,,,Latn,Latn,Latn,Latn,ltr,,True,False,1,False,False,False,False,cldr,48.2.0,nic,nic,Niger-Kordofanian languages,Niger-Kordofanian languages,Atlantic-Congo,2026-04-22,2026-06-15,bmq,,bmq,language_code,,True,bmq,,False,,False,Atlantic-Congo,Atlantic-Congo,family_reconciliation_reviewed:iso_glottolog_pair,,Atlantic-Congo,family_analysis_mapping_reviewed.csv
bn,Bangla,বাংলা,bn,ben,,Beng,Beng,Beng,Beng,ltr,ltr,True,True,1,True,True,True,False,cldr|iso639_1|iso639_2|wikimedia,48.2.0,inc,ine,Indo-European languages,Indo-Aryan languages,Indo-European languages,2026-04-22,2026-06-15,bn,bn,bn,iso639_1,,True,ben|bn,bn,True,bn,True,Indo-European languages,Indo-European languages,pre_review_reconciled,,Indo-European languages,family_analysis_mapping_reviewed.csv
bo,Tibetan,བོད་ཡིག / Bod skad,bo,bod,tib,Tibt,Tibt,Tibt,Tibt,ltr,ltr,True,False,1,True,True,True,False,cldr|iso639_1|iso639_2|wikimedia,48.2.0,sit,sit,Sino-Tibetan languages,Sino-Tibetan languages,Sino-Tibetan languages,2026-04-22,2026-06-15,bo,bo,bo,iso639_1,,True,bod|bo|tib,,False,,False,Sino-Tibetan languages,Sino-Tibetan languages,pre_review_reconciled,,Sino-Tibetan languages,family_analysis_mapping_reviewed.csv
bpy,Bishnupriya,ইমার ঠার/বিষ্ণুপ্রিয়া মণিপুরী,,,,Beng,Beng,Beng,Beng,ltr,ltr,True,False,1,False,False,True,False,cldr|wikimedia,48.2.0,inc,ine,Indo-European languages,Indo-Aryan languages,Indo-European languages,2026-04-22,2026-06-15,bpy,bpy,bpy,language_code,,True,bpy,,False,,False,Indo-European languages,Indo-European languages,pre_review_reconciled,,Indo-European languages,family_analysis_mapping_reviewed.csv
bqi,Bakhtiari,,,,,Arab,Arab,Arab,Arab,rtl,,True,False,1,False,False,False,False,cldr,48.2.0,ira,ine,Indo-European languages,Iranian languages,Indo-European languages,2026-04-22,2026-06-15,bqi,,bqi,language_code,,True,bqi,,False,,False,Indo-European languages,Indo-European languages,pre_review_reconciled,,Indo-European languages,family_analysis_mapping_reviewed.csv
bqv,Koro Wachi,,,,,Latn,Latn,Latn,Latn,ltr,,True,False,1,False,False,False,False,cldr,48.2.0,nic,nic,Niger-Kordofanian languages,Niger-Kordofanian languages,Atlantic-Congo,2026-04-22,2026-06-15,bqv,,bqv,language_code,,True,bqv,,False,,False,Atlantic-Congo,Atlantic-Congo,family_reconciliation_reviewed:iso_glottolog_pair,,Atlantic-Congo,family_analysis_mapping_reviewed.csv
br,Breton,Brezhoneg,br,bre,,Latn,Latn,Latn,Latn,ltr,ltr,True,False,1,True,True,True,False,cldr|iso639_1|iso639_2|wikimedia,48.2.0,cel,ine,Indo-European languages,Celtic languages,Indo-European languages,2026-04-22,2026-06-15,br,br,br,iso639_1,,True,bre|br,br,True,,False,Indo-European languages,Indo-European languages,pre_review_reconciled,,Indo-European languages,family_analysis_mapping_reviewed.csv
bra,Braj,,,bra,,Deva,Deva,Deva,Deva,ltr,,True,False,1,False,True,False,False,cldr|iso639_2,48.2.0,inc,ine,Indo-European languages,Indo-Aryan languages,Indo-European languages,2026-04-22,2026-06-15,bra,,bra,iso639_2_t,,True,bra,,False,,False,Indo-European languages,Indo-European languages,pre_review_reconciled,,Indo-European languages,family_analysis_mapping_reviewed.csv
brh,Brahui,,,,,Arab|Latn,Arab|Latn,Arab,Arab,rtl,,True,False,2,False,False,False,False,cldr,48.2.0,dra,dra,Dravidian languages,Dravidian languages,Dravidian languages,2026-04-22,2026-06-15,brh,,brh,language_code,,True,brh,,False,,False,Dravidian languages,Dravidian languages,pre_review_reconciled,,Dravidian languages,family_analysis_mapping_reviewed.csv
brx,Bodo,बड़,,,,Deva,Deva,Deva,Deva,ltr,ltr,True,False,1,False,False,True,False,cldr|wikimedia,48.2.0,sit,sit,Sino-Tibetan languages,Sino-Tibetan languages,Sino-Tibetan languages,2026-04-22,2026-06-15,brx,brx,brx,language_code,,True,brx,,False,,False,Sino-Tibetan languages,Sino-Tibetan languages,pre_review_reconciled,,Sino-Tibetan languages,family_analysis_mapping_reviewed.csv
bs,Bosnian,Bosanski,bs,bos,,Latn|Cyrl,Latn|Cyrl,Latn,Latn,ltr,ltr,True,True,2,True,True,True,False,cldr|iso639_1|iso639_2|wikimedia,48.2.0,sla,ine,Indo-European languages,Slavic languages,Indo-European languages,2026-04-22,2026-06-15,bs,bs,bs,iso639_1,,True,bs|bos,bs,True,bs,True,Indo-European languages,Indo-European languages,pre_review_reconciled,,Indo-European languages,family_analysis_mapping_reviewed.csv
bsc,Bassari,,,,,Latn,Latn,Latn,Latn,ltr,,True,False,1,False,False,False,False,cldr,48.2.0,nic,nic,Niger-Kordofanian languages,Niger-Kordofanian languages,Atlantic-Congo,2026-05-15,2026-06-15,bsc,,bsc,language_code,,True,bsc,,False,,False,Atlantic-Congo,Atlantic-Congo,family_reconciliation_reviewed:iso_glottolog_pair,,Atlantic-Congo,family_analysis_mapping_reviewed.csv
bsq,Bassa,,,,,Latn|Bass,Latn|Bass,Latn,Latn,ltr,,True,False,2,False,False,False,False,cldr,48.2.0,nic,nic,Niger-Kordofanian languages,Niger-Kordofanian languages,Kru,2026-05-15,2026-06-15,bsq,,bsq,language_code,,True,bsq,,False,,False,Kru,Kru,family_reconciliation_reviewed:iso_glottolog_pair,,Kru,family_analysis_mapping_reviewed.csv
bss,Akoose,,,,,Latn,Latn,Latn,Latn,ltr,,True,False,1,False,False,False,False,cldr,48.2.0,nic,nic,Niger-Kordofanian languages,Niger-Kordofanian languages,Atlantic-Congo,2026-04-22,2026-06-15,bss,,bss,language_code,,True,bss,,False,,False,Atlantic-Congo,Atlantic-Congo,family_reconciliation_reviewed:iso_glottolog_pair,,Atlantic-Congo,family_analysis_mapping_reviewed.csv
bto,Rinconada Bikol,,,,,Latn,Latn,Latn,Latn,ltr,,True,False,1,False,False,False,False,cldr,48.2.0,map,map,Austronesian languages,Austronesian languages,Austronesian languages,2026-04-22,2026-06-15,bto,,bto,language_code,,True,bto,,False,,False,Austronesian languages,Austronesian languages,pre_review_reconciled,,Austronesian languages,family_analysis_mapping_reviewed.csv
btv,Bateri,,,,,Deva,Deva,Deva,Deva,ltr,,True,False,1,False,False,False,False,cldr,48.2.0,ira,ine,Indo-European languages,Iranian languages,Indo-European languages,2026-04-22,2026-06-15,btv,,btv,language_code,,True,btv,,False,,False,Indo-European languages,Indo-European languages,pre_review_reconciled,,Indo-European languages,family_analysis_mapping_reviewed.csv
bua,Buriat,,,bua,,Cyrl,Cyrl,Cyrl,Cyrl,ltr,,True,False,1,False,True,False,False,cldr|iso639_2,48.2.0,xgn,tut,Altaic languages,Mongolian languages,Altaic languages,2026-04-22,2026-06-15,bua,,bua,iso639_2_t,,True,bua,bua,True,,False,Altaic languages,Mongolic-Khitan,family_reconciliation_reviewed:json_fallback_language,,Mongolic-Khitan,family_analysis_mapping_reviewed.csv
buc,Bushi,,,,,Latn,Latn,Latn,Latn,ltr,,True,False,1,False,False,False,False,cldr,48.2.0,bnt,nic,Niger-Kordofanian languages,Bantu languages,Austronesian,2026-04-22,2026-06-15,buc,,buc,language_code,,True,buc,,False,,False,Austronesian,Austronesian,family_reconciliation_reviewed:iso_glottolog_pair,,Austronesian languages,family_analysis_mapping_reviewed.csv
bug,Buginese,ᨅᨔ ᨕᨘᨁᨗ / Basa Ugi,,bug,,Latn|Bugi,Latn|Bugi,Latn,Latn,ltr,ltr,True,False,2,False,True,True,False,cldr|iso639_2|wikimedia,48.2.0,map,map,Austronesian languages,Austronesian languages,Austronesian languages,2026-04-22,2026-06-15,bug,bug,bug,iso639_2_t,,True,bug,,False,,False,Austronesian languages,Austronesian languages,pre_review_reconciled,,Austronesian languages,family_analysis_mapping_reviewed.csv
bum,Bulu,,,,,Latn,Latn,Latn,Latn,ltr,,True,False,1,False,False,False,False,cldr,48.2.0,bnt,nic,Niger-Kordofanian languages,Bantu languages,Atlantic-Congo,2026-04-22,2026-06-15,bum,,bum,language_code,,True,bum,,False,,False,Atlantic-Congo,Atlantic-Congo,family_reconciliation_reviewed:iso_glottolog_pair,,Atlantic-Congo,family_analysis_mapping_reviewed.csv
bvb,Bube,,,,,Latn,Latn,Latn,Latn,ltr,,True,False,1,False,False,False,False,cldr,48.2.0,bnt,nic,Niger-Kordofanian languages,Bantu languages,Atlantic-Congo,2026-04-22,2026-06-15,bvb,,bvb,language_code,,True,bvb,,False,,False,Atlantic-Congo,Atlantic-Congo,family_reconciliation_reviewed:iso_glottolog_pair,,Atlantic-Congo,family_analysis_mapping_reviewed.csv
bxr,Buriat (Russia),Буряад хэлэн,,,,,,,,ltr,ltr,True,False,0,False,False,True,False,wikimedia_only,,xgn,tut,Altaic languages,Mongolian languages,Mongolic-Khitan,2026-04-22,2026-06-15,bxr,bxr,bxr,language_code,,True,bxr,,False,,False,Mongolic-Khitan,Mongolic-Khitan,family_reconciliation_reviewed:iso_glottolog_pair,,Mongolic-Khitan,family_analysis_mapping_reviewed.csv
byn,Blin,,,byn,,Ethi,Ethi,Ethi,Ethi,ltr,,True,False,1,False,True,False,False,cldr|iso639_2,48.2.0,cus,afa,Afro-Asiatic languages,Cushitic languages,Afro-Asiatic languages,2026-04-22,2026-06-15,byn,,byn,iso639_2_t,,True,byn,,False,,False,Afro-Asiatic languages,Afro-Asiatic languages,pre_review_reconciled,,Afro-Asiatic languages,family_analysis_mapping_reviewed.csv
byv,Medumba,,,,,Latn,Latn,Latn,Latn,ltr,,True,False,1,False,False,False,False,cldr,48.2.0,bnt,nic,Niger-Kordofanian languages,Bantu languages,Atlantic-Congo,2026-04-22,2026-06-15,byv,,byv,language_code,,True,byv,,False,,False,Atlantic-Congo,Atlantic-Congo,family_reconciliation_reviewed:iso_glottolog_pair,,Atlantic-Congo,family_analysis_mapping_reviewed.csv
bze,Jenaama Bozo,,,,,Latn,Latn,Latn,Latn,ltr,,True,False,1,False,False,False,False,cldr,48.2.0,ssa,ssa,Nilo-Saharan languages,Nilo-Saharan languages,Mande,2026-04-22,2026-06-15,bze,,bze,language_code,,True,bze,,False,,False,Mande,Mande,family_reconciliation_reviewed:iso_glottolog_pair,,Mande,family_analysis_mapping_reviewed.csv
bzx,Kɛlɛngaxo Bozo,,,,,Latn,Latn,Latn,Latn,ltr,,True,False,1,False,False,False,False,cldr,48.2.0,ssa,ssa,Nilo-Saharan languages,Nilo-Saharan languages,Mande,2026-04-22,2026-06-15,bzx,,bzx,language_code,,True,bzx,,False,,False,Mande,Mande,family_reconciliation_reviewed:iso_glottolog_pair,,Mande,family_analysis_mapping_reviewed.csv
ca,Catalan,Català,ca,cat,,Latn,Latn,Latn,Latn,ltr,ltr,True,True,1,True,True,True,False,cldr|iso639_1|iso639_2|wikimedia,48.2.0,roa,ine,Indo-European languages,Romance languages,Indo-European languages,2026-04-22,2026-06-15,ca,ca,ca,iso639_1,,True,cat|ca,ca,True,ca,True,Indo-European languages,Indo-European languages,pre_review_reconciled,,Indo-European languages,family_analysis_mapping_reviewed.csv
cad,Caddo,,,cad,,Latn,Latn,Latn,Latn,ltr,,True,False,1,False,True,False,False,cldr|iso639_2,48.2.0,nai,nai,North American Indian languages,North American Indian languages,Caddoan,2026-04-22,2026-06-15,cad,,cad,iso639_2_t,,True,cad,,False,,False,Caddoan,Caddoan,family_reconciliation_reviewed:iso_glottolog_pair,,Caddoan,family_analysis_mapping_reviewed.csv
car,Carib,,,car,,Latn,Latn,Latn,Latn,ltr,,True,False,1,False,True,False,False,cldr|iso639_2,48.2.0,sai,sai,South American Indian languages,South American Indian languages,Cariban,2026-04-22,2026-06-15,car,,car,iso639_2_t,,True,car,,False,,False,Cariban,Cariban,family_reconciliation_reviewed:iso_glottolog_pair,,Cariban,family_analysis_mapping_reviewed.csv
cay,Cayuga,,,,,Latn,Latn,Latn,Latn,ltr,,True,False,1,False,False,False,False,cldr,48.2.0,nai,nai,North American Indian languages,North American Indian languages,Iroquoian,2026-04-22,2026-06-15,cay,,cay,language_code,,True,cay,,False,,False,Iroquoian,Iroquoian,family_reconciliation_reviewed:iso_glottolog_pair,,Iroquoian,family_analysis_mapping_reviewed.csv
cch,Atsam,,,,,Latn,Latn,Latn,Latn,ltr,,True,False,1,False,False,False,False,cldr,48.2.0,nic,nic,Niger-Kordofanian languages,Niger-Kordofanian languages,Atlantic-Congo,2026-04-22,2026-06-15,cch,,cch,language_code,,True,cch,,False,,False,Atlantic-Congo,Atlantic-Congo,family_reconciliation_reviewed:iso_glottolog_pair,,Atlantic-Congo,family_analysis_mapping_reviewed.csv
ccp,Chakma,,,,,Cakm|Beng,Cakm|Beng,Cakm,Cakm,ltr,,True,False,2,False,False,False,False,cldr,48.2.0,sit,sit,Sino-Tibetan languages,Sino-Tibetan languages,Indo-European,2026-04-22,2026-06-15,ccp,,ccp,language_code,,True,ccp,,False,,False,Indo-European,Indo-European,family_reconciliation_reviewed:iso_glottolog_pair,,Indo-European languages,family_analysis_mapping_reviewed.csv
ccr,Cacaopera,,,,,Latn,Latn,Latn,Latn,ltr,,True,False,1,False,False,False,False,cldr,48.2.0,cai,cai,Central American Indian languages,Central American Indian languages,Misumalpan,2026-05-15,2026-06-15,ccr,,ccr,language_code,,True,ccr,,False,,False,Misumalpan,Misumalpan,family_reconciliation_reviewed:iso_glottolog_pair,,Misumalpan,family_analysis_mapping_reviewed.csv
cdo,Min Dong Chinese,Mìng-dĕ̤ng-ngṳ̄ / 閩東語,,,,,,,,ltr,ltr,True,False,0,False,False,True,False,wikimedia_only,,sit,sit,Sino-Tibetan languages,Sino-Tibetan languages,Sino-Tibetan languages,2026-04-22,2026-06-15,cdo,cdo,cdo,language_code,,True,cdo,,False,,False,Sino-Tibetan languages,Sino-Tibetan languages,pre_review_reconciled,,Sino-Tibetan languages,family_analysis_mapping_reviewed.csv
ce,Chechen,Нохчийн,ce,che,,Cyrl,Cyrl,Cyrl,Cyrl,ltr,ltr,True,False,1,True,True,True,False,cldr|iso639_1|iso639_2|wikimedia,48.2.0,ccn,cau,Caucasian languages,North Caucasian languages,Nakh-Daghestanian,2026-04-22,2026-06-15,ce,ce,ce,iso639_1,,True,che|ce,,False,,False,Nakh-Daghestanian,Nakh-Daghestanian,family_reconciliation_reviewed:iso_glottolog_pair,,Nakh-Daghestanian,family_analysis_mapping_reviewed.csv
ceb,Cebuano,Sinugboanong Binisaya,,ceb,,Latn,Latn,Latn,Latn,ltr,ltr,True,False,1,False,True,True,False,cldr|iso639_2|wikimedia,48.2.0,map,map,Austronesian languages,Austronesian languages,Austronesian languages,2026-04-22,2026-06-15,ceb,ceb,ceb,iso639_2_t,,True,ceb,ceb,True,,False,Austronesian languages,Austronesian languages,pre_review_reconciled,,Austronesian languages,family_analysis_mapping_reviewed.csv
cgg,Chiga,,,,,Latn,Latn,Latn,Latn,ltr,,True,False,1,False,False,False,False,cldr,48.2.0,bnt,nic,Niger-Kordofanian languages,Bantu languages,Atlantic-Congo,2026-04-22,2026-06-15,cgg,,cgg,language_code,,True,cgg,cgg,True,,False,Atlantic-Congo,Atlantic-Congo,family_reconciliation_reviewed:iso_glottolog_pair,,Atlantic-Congo,family_analysis_mapping_reviewed.csv
ch,Chamorro,Chamoru,ch,cha,,Latn,Latn,Latn,Latn,ltr,ltr,True,True,1,True,True,True,False,cldr|iso639_1|iso639_2|wikimedia,48.2.0,map,map,Austronesian languages,Austronesian languages,Austronesian languages,2026-04-22,2026-06-15,ch,ch,ch,iso639_1,,True,ch|cha,,False,,False,Austronesian languages,Austronesian languages,pre_review_reconciled,,Austronesian languages,family_analysis_mapping_reviewed.csv
chb,Chibcha,,,chb,,,,,,ltr,,True,False,0,False,True,False,False,loc_only,,cai,cai,Central American Indian languages,Central American Indian languages,Chibchan,2026-04-22,2026-06-15,chb,,chb,iso639_2_t,,True,chb,,False,,False,Chibchan,Chibchan,family_reconciliation_reviewed:iso_glottolog_pair,,Chibchan,family_analysis_mapping_reviewed.csv
chg,Chagatai,,,chg,,,,,,ltr,,True,False,0,False,True,False,False,loc_only,,trk,tut,Altaic languages,Turkic languages,Turkic,2026-04-22,2026-06-15,chg,,chg,iso639_2_t,,True,chg,,False,,False,Turkic,Turkic,family_reconciliation_reviewed:iso_glottolog_pair,,Turkic,family_analysis_mapping_reviewed.csv
chk,Chuukese,,,chk,,Latn,Latn,Latn,Latn,ltr,,True,False,1,False,True,False,False,cldr|iso639_2,48.2.0,map,map,Austronesian languages,Austronesian languages,Austronesian languages,2026-04-22,2026-06-15,chk,,chk,iso639_2_t,,True,chk,,False,,False,Austronesian languages,Austronesian languages,pre_review_reconciled,,Austronesian languages,family_analysis_mapping_reviewed.csv
chm,Mari,,,chm,,Cyrl,Cyrl,Cyrl,Cyrl,ltr,,True,False,1,False,True,False,False,cldr|iso639_2,48.2.0,fiu,urj,Uralic languages,Finno-Ugrian languages,Uralic languages,2026-04-22,2026-06-15,chm,,chm,iso639_2_t,,True,chm,chm,True,,False,Uralic languages,Uralic languages,pre_review_reconciled,,Uralic languages,family_analysis_mapping_reviewed.csv
chn,Chinook Jargon,,,chn,,Latn,Latn,Latn,Latn,ltr,,True,False,1,False,True,False,False,cldr|iso639_2,48.2.0,crp,crp,Creoles and pidgins,Creoles and pidgins,Creoles and pidgins,2026-04-22,2026-06-15,chn,,chn,iso639_2_t,,True,chn,,False,,False,Creoles and pidgins,Creoles and pidgins,family_reconciliation_reviewed:iso_glottolog_pair,,Creoles and pidgins,family_analysis_mapping_reviewed.csv
cho,Choctaw,Choctaw,,cho,,Latn,Latn,Latn,Latn,ltr,ltr,True,False,1,False,True,True,False,cldr|iso639_2|wikimedia,48.2.0,nai,nai,North American Indian languages,North American Indian languages,Muskogean,2026-04-22,2026-06-15,cho,cho,cho,iso639_2_t,,True,cho,,False,,False,Muskogean,Muskogean,family_reconciliation_reviewed:iso_glottolog_pair,,Muskogean,family_analysis_mapping_reviewed.csv
chp,Chipewyan,,,chp,,Latn|Cans,Latn|Cans,Latn,Latn,ltr,,True,False,2,False,True,False,False,cldr|iso639_2,48.2.0,nai,nai,North American Indian languages,North American Indian languages,Athabaskan-Eyak-Tlingit,2026-04-22,2026-06-15,chp,,chp,iso639_2_t,,True,chp,,False,,False,Athabaskan-Eyak-Tlingit,Athabaskan-Eyak-Tlingit,family_reconciliation_reviewed:iso_glottolog_pair,,Athabaskan-Eyak-Tlingit,family_analysis_mapping_reviewed.csv
chr,Cherokee,ᏣᎳᎩ,,chr,,Cher,Cher,Cher,Cher,ltr,ltr,True,False,1,False,True,True,False,cldr|iso639_2|wikimedia,48.2.0,nai,nai,North American Indian languages,North American Indian languages,Iroquoian,2026-04-22,2026-06-15,chr,chr,chr,iso639_2_t,,True,chr,,False,,False,Iroquoian,Iroquoian,family_reconciliation_reviewed:iso_glottolog_pair,,Iroquoian,family_analysis_mapping_reviewed.csv
chy,Cheyenne,Tsetsêhestâhese,,chy,,Latn,Latn,Latn,Latn,ltr,ltr,True,False,1,False,True,True,False,cldr|iso639_2|wikimedia,48.2.0,nai,nai,North American Indian languages,North American Indian languages,Algic,2026-04-22,2026-06-15,chy,chy,chy,iso639_2_t,,True,chy,,False,,False,Algic,Algic,family_reconciliation_reviewed:iso_glottolog_pair,,Algic,family_analysis_mapping_reviewed.csv
cic,Chickasaw,,,,,Latn,Latn,Latn,Latn,ltr,,True,False,1,False,False,False,False,cldr,48.2.0,nai,nai,North American Indian languages,North American Indian languages,Muskogean,2026-04-22,2026-06-15,cic,,cic,language_code,,True,cic,,False,,False,Muskogean,Muskogean,family_reconciliation_reviewed:iso_glottolog_pair,,Muskogean,family_analysis_mapping_reviewed.csv
cja,Western Cham,,,,,Arab|Cham,Arab|Cham,Arab,Arab,rtl,,True,False,2,False,False,False,False,cldr,48.2.0,map,map,Austronesian languages,Austronesian languages,Austronesian languages,2026-04-22,2026-06-15,cja,,cja,language_code,,True,cja,,False,,False,Austronesian languages,Austronesian languages,pre_review_reconciled,,Austronesian languages,family_analysis_mapping_reviewed.csv
cjm,Eastern Cham,,,,,Cham|Arab,Cham|Arab,Cham,Cham,ltr,,True,False,2,False,False,False,False,cldr,48.2.0,map,map,Austronesian languages,Austronesian languages,Austronesian languages,2026-04-22,2026-06-15,cjm,,cjm,language_code,,True,cjm,,False,,False,Austronesian languages,Austronesian languages,pre_review_reconciled,,Austronesian languages,family_analysis_mapping_reviewed.csv
cjs,Shor,,,,,Cyrl,Cyrl,Cyrl,Cyrl,ltr,,True,False,1,False,False,False,False,cldr,48.2.0,trk,tut,Altaic languages,Turkic languages,Turkic,2026-04-22,2026-06-15,cjs,,cjs,language_code,,True,cjs,,False,,False,Turkic,Turkic,family_reconciliation_reviewed:iso_glottolog_pair,,Turkic,family_analysis_mapping_reviewed.csv
ckb,Central Kurdish,کوردی,,,,Arab,Arab,Arab,Arab,rtl,rtl,True,False,1,False,False,True,False,cldr|wikimedia,48.2.0,ira,ine,Indo-European languages,Iranian languages,Indo-European languages,2026-04-22,2026-06-15,ckb,ckb,ckb,language_code,,True,ckb,ckb,True,,False,Indo-European languages,Indo-European languages,pre_review_reconciled,,Indo-European languages,family_analysis_mapping_reviewed.csv
ckt,Chukot,,,,,Cyrl,Cyrl,Cyrl,Cyrl,ltr,,True,False,1,False,False,False,False,cldr,48.2.0,,,Chukotko-Kamchatkan languages,Chukotko-Kamchatkan languages,Chukotko-Kamchatkan languages,2026-04-22,2026-06-15,ckt,,ckt,language_code,,True,ckt,,False,,False,Chukotko-Kamchatkan languages,Chukotko-Kamchatkan languages,pre_review_reconciled,,Chukotko-Kamchatkan languages,family_analysis_mapping_reviewed.csv
clc,Chilcotin,,,,,Latn,Latn,Latn,Latn,ltr,,True,False,1,False,False,False,False,cldr,48.2.0,nai,nai,North American Indian languages,North American Indian languages,Athabaskan-Eyak-Tlingit,2026-04-22,2026-06-15,clc,,clc,language_code,,True,clc,,False,,False,Athabaskan-Eyak-Tlingit,Athabaskan-Eyak-Tlingit,family_reconciliation_reviewed:iso_glottolog_pair,,Athabaskan-Eyak-Tlingit,family_analysis_mapping_reviewed.csv
cnr,Montenegrin,,,cnr,,,,,,ltr,,True,False,0,False,True,False,False,loc_only,,sla,ine,Indo-European languages,Slavic languages,Indo-European languages,2026-04-22,2026-06-15,cnr,,sr-ME,iso639_2_t,,False,cnr|sr-ME,,False,,False,Indo-European languages,Indo-European languages,pre_review_reconciled,,Indo-European languages,family_analysis_mapping_reviewed.csv
co,Corsican,Corsu,co,cos,,Latn,Latn,Latn,Latn,ltr,ltr,True,False,1,True,True,True,False,cldr|iso639_1|iso639_2|wikimedia,48.2.0,roa,ine,Indo-European languages,Romance languages,Indo-European languages,2026-04-22,2026-06-15,co,co,co,iso639_1,,True,cos|co,co,True,,False,Indo-European languages,Indo-European languages,pre_review_reconciled,,Indo-European languages,family_analysis_mapping_reviewed.csv
cop,Coptic,,,cop,,Copt|Arab|Grek,Copt|Arab|Grek,Copt,Copt,ltr,,True,False,3,False,True,False,False,cldr|iso639_2,48.2.0,afa,afa,Afro-Asiatic languages,Afro-Asiatic languages,Afro-Asiatic languages,2026-04-22,2026-06-15,cop,,cop,iso639_2_t,,True,cop,,False,,False,Afro-Asiatic languages,Afro-Asiatic languages,pre_review_reconciled,,Afro-Asiatic languages,family_analysis_mapping_reviewed.csv
cps,Capiznon,,,,,Latn,Latn,Latn,Latn,ltr,,True,False,1,False,False,False,False,cldr,48.2.0,map,map,Austronesian languages,Austronesian languages,Austronesian languages,2026-04-22,2026-06-15,cps,,cps,language_code,,True,cps,,False,,False,Austronesian languages,Austronesian languages,pre_review_reconciled,,Austronesian languages,family_analysis_mapping_reviewed.csv
cr,Cree,Nehiyaw,cr,cre,,Cans|Latn,Cans|Latn,Cans,Cans,ltr,ltr,True,False,2,True,True,True,False,cldr|iso639_1|iso639_2|wikimedia,48.2.0,nai,nai,North American Indian languages,North American Indian languages,North American Indian languages,2026-04-22,2026-06-15,cr,cr,cr,iso639_1,,True,cre|cr,,False,,False,North American Indian languages,North American Indian languages,pre_review_reconciled,,North American Indian languages,family_analysis_mapping_reviewed.csv
crg,Michif,,,,,Latn,Latn,Latn,Latn,ltr,,True,False,1,False,False,False,False,cldr,48.2.0,alg,nai,North American Indian languages,Algonquian languages,Algic,2026-04-22,2026-06-15,crg,,crg,language_code,,True,crg,,False,,False,Algic,Algic,family_reconciliation_reviewed:iso_glottolog_pair,,Algic,family_analysis_mapping_reviewed.csv
crh,Crimean Tatar,,,crh,,Cyrl,Cyrl,Cyrl,Cyrl,ltr,,True,False,1,False,True,False,False,cldr|iso639_2,48.2.0,trk,tut,Altaic languages,Turkic languages,Turkic,2026-04-22,2026-06-15,crh,,crh,iso639_2_t,,True,crh,crh,True,,False,Turkic,Turkic,family_reconciliation_reviewed:iso_glottolog_pair,,Turkic,family_analysis_mapping_reviewed.csv
crj,Southern East Cree,,,,,Cans|Latn,Cans|Latn,Cans,Cans,ltr,,True,False,2,False,False,False,False,cldr,48.2.0,alg,nai,North American Indian languages,Algonquian languages,Algic,2026-04-22,2026-06-15,crj,,crj,language_code,,True,crj,,False,,False,Algic,Algic,family_reconciliation_reviewed:iso_glottolog_pair,,Algic,family_analysis_mapping_reviewed.csv
crk,Plains Cree,,,,,Cans,Cans,Cans,Cans,ltr,,True,False,1,False,False,False,False,cldr,48.2.0,alg,nai,North American Indian languages,Algonquian languages,Algic,2026-04-22,2026-06-15,crk,,crk,language_code,,True,crk,,False,,False,Algic,Algic,family_reconciliation_reviewed:iso_glottolog_pair,,Algic,family_analysis_mapping_reviewed.csv
crl,Northern East Cree,,,,,Cans|Latn,Cans|Latn,Cans,Cans,ltr,,True,False,2,False,False,False,False,cldr,48.2.0,alg,nai,North American Indian languages,Algonquian languages,Algic,2026-04-22,2026-06-15,crl,,crl,language_code,,True,crl,,False,,False,Algic,Algic,family_reconciliation_reviewed:iso_glottolog_pair,,Algic,family_analysis_mapping_reviewed.csv
crm,Moose Cree,,,,,Cans,Cans,Cans,Cans,ltr,,True,False,1,False,False,False,False,cldr,48.2.0,alg,nai,North American Indian languages,Algonquian languages,Algic,2026-04-22,2026-06-15,crm,,crm,language_code,,True,crm,,False,,False,Algic,Algic,family_reconciliation_reviewed:iso_glottolog_pair,,Algic,family_analysis_mapping_reviewed.csv
crn,Montenegrin,crnogorski,,,,,,,,ltr,ltr,True,False,0,False,False,True,False,wikimedia_only,,sla,ine,Indo-European languages,Slavic languages,Indo-European languages,2026-04-22,2026-06-15,crn,crn,crn,language_code,,True,crn,,False,,False,Indo-European languages,Indo-European languages,family_reconciliation_reviewed:iso_glottolog_pair,,Indo-European languages,family_analysis_mapping_reviewed.csv
crs,Seselwa Creole French,,,,,Latn,Latn,Latn,Latn,ltr,,True,False,1,False,False,False,False,cldr,48.2.0,crp,crp,Creoles and pidgins,Creoles and pidgins,Creoles and pidgins,2026-04-22,2026-06-15,crs,,crs,language_code,,True,crs,crs,True,,False,Creoles and pidgins,Creoles and pidgins,family_reconciliation_reviewed:iso_glottolog_pair,,Creoles and pidgins,family_analysis_mapping_reviewed.csv
cs,Czech,Česky,cs,ces,cze,Latn,Latn,Latn,Latn,ltr,ltr,True,True,1,True,True,True,False,cldr|iso639_1|iso639_2|wikimedia,48.2.0,sla,ine,Indo-European languages,Slavic languages,Indo-European languages,2026-04-22,2026-06-15,cs,cs,cs,iso639_1,,True,ces|cs|cze,cs,True,cs,True,Indo-European languages,Indo-European languages,pre_review_reconciled,,Indo-European languages,family_analysis_mapping_reviewed.csv
csb,Kashubian,Kaszëbsczi,,csb,,Latn,Latn,Latn,Latn,ltr,ltr,True,False,1,False,True,True,False,cldr|iso639_2|wikimedia,48.2.0,sla,ine,Indo-European languages,Slavic languages,Indo-European languages,2026-04-22,2026-06-15,csb,csb,csb,iso639_2_t,,True,csb,,False,,False,Indo-European languages,Indo-European languages,pre_review_reconciled,,Indo-European languages,family_analysis_mapping_reviewed.csv
csw,Swampy Cree,,,,,Cans,Cans,Cans,Cans,ltr,,True,False,1,False,False,False,False,cldr,48.2.0,alg,nai,North American Indian languages,Algonquian languages,Algic,2026-04-22,2026-06-15,csw,,csw,language_code,,True,csw,,False,,False,Algic,Algic,family_reconciliation_reviewed:iso_glottolog_pair,,Algic,family_analysis_mapping_reviewed.csv
ctd,Tedim Chin,,,,,Latn,Latn,Latn,Latn,ltr,,True,False,1,False,False,False,False,cldr,48.2.0,sit,sit,Sino-Tibetan languages,Sino-Tibetan languages,Sino-Tibetan languages,2026-04-22,2026-06-15,ctd,,ctd,language_code,,True,ctd,,False,,False,Sino-Tibetan languages,Sino-Tibetan languages,pre_review_reconciled,,Sino-Tibetan languages,family_analysis_mapping_reviewed.csv
cu,Church Slavic,словѣньскъ / slověnĭskŭ,cu,chu,,Cyrl,Cyrl,Cyrl,Cyrl,ltr,ltr,True,False,1,True,True,True,False,cldr|iso639_1|iso639_2|wikimedia,48.2.0,sla,ine,Indo-European languages,Slavic languages,Indo-European languages,2026-04-22,2026-06-15,cu,cu,cu,iso639_1,,True,chu|cu,,False,,False,Indo-European languages,Indo-European languages,pre_review_reconciled,,Indo-European languages,family_analysis_mapping_reviewed.csv
cv,Chuvash,Чăваш,cv,chv,,Cyrl,Cyrl,Cyrl,Cyrl,ltr,ltr,True,False,1,True,True,True,False,cldr|iso639_1|iso639_2|wikimedia,48.2.0,trk,tut,Altaic languages,Turkic languages,Turkic,2026-04-22,2026-06-15,cv,cv,cv,iso639_1,,True,chv|cv,cv,True,,False,Turkic,Turkic,family_reconciliation_reviewed:iso_glottolog_pair,,Turkic,family_analysis_mapping_reviewed.csv
cwd,Woods Cree,,,,,,,,,ltr,,True,True,0,False,False,False,False,cldr_v45,45,nai,nai,North American Indian languages,North American Indian languages,Algic,2026-04-22,2026-06-15,cwd,,cwd,language_code,,True,cwd,,False,,False,Algic,Algic,family_reconciliation_reviewed:iso_glottolog_pair,,Algic,family_analysis_mapping_reviewed.csv
cy,Welsh,Cymraeg,cy,cym,wel,Latn,Latn,Latn,Latn,ltr,ltr,True,False,1,True,True,True,False,cldr|iso639_1|iso639_2|wikimedia,48.2.0,cel,ine,Indo-European languages,Celtic languages,Indo-European languages,2026-04-22,2026-06-15,cy,cy,cy,iso639_1,,True,cy|wel|cym,cy,True,cy,True,Indo-European languages,Indo-European languages,pre_review_reconciled,,Indo-European languages,family_analysis_mapping_reviewed.csv
da,Danish,Dansk,da,dan,,Latn,Latn,Latn,Latn,ltr,ltr,True,True,1,True,True,True,False,cldr|iso639_1|iso639_2|wikimedia,48.2.0,gem,ine,Indo-European languages,Germanic languages,Indo-European languages,2026-04-22,2026-06-15,da,da,da,iso639_1,,True,dan|da,da,True,da,True,Indo-European languages,Indo-European languages,pre_review_reconciled,,Indo-European languages,family_analysis_mapping_reviewed.csv
dak,Dakota,,,dak,,Latn,Latn,Latn,Latn,ltr,,True,False,1,False,True,False,False,cldr|iso639_2,48.2.0,nai,nai,North American Indian languages,North American Indian languages,Siouan,2026-04-22,2026-06-15,dak,,dak,iso639_2_t,,True,dak,,False,,False,Siouan,Siouan,family_reconciliation_reviewed:iso_glottolog_pair,,Siouan,family_analysis_mapping_reviewed.csv
dar,Dargwa,,,dar,,Cyrl,Cyrl,Cyrl,Cyrl,ltr,,True,False,1,False,True,False,False,cldr|iso639_2,48.2.0,ccn,cau,Caucasian languages,North Caucasian languages,Nakh-Daghestanian,2026-04-22,2026-06-15,dar,,dar,iso639_2_t,,True,dar,,False,,False,Nakh-Daghestanian,Nakh-Daghestanian,family_reconciliation_reviewed:iso_glottolog_pair,,Nakh-Daghestanian,family_analysis_mapping_reviewed.csv
dav,Taita,,,,,Latn,Latn,Latn,Latn,ltr,,True,False,1,False,False,False,False,cldr,48.2.0,bnt,nic,Niger-Kordofanian languages,Bantu languages,Atlantic-Congo,2026-04-22,2026-06-15,dav,,dav,language_code,,True,dav,,False,,False,Atlantic-Congo,Atlantic-Congo,family_reconciliation_reviewed:iso_glottolog_pair,,Atlantic-Congo,family_analysis_mapping_reviewed.csv
dcc,Deccan,,,,,Arab,Arab,Arab,Arab,rtl,,True,False,1,False,False,False,False,cldr,48.2.0,inc,ine,Indo-European languages,Indo-Aryan languages,Indo-European languages,2026-04-22,2026-06-15,dcc,,dcc,language_code,,True,dcc,,False,,False,Indo-European languages,Indo-European languages,pre_review_reconciled,,Indo-European languages,family_analysis_mapping_reviewed.csv
de,German,Deutsch,de,deu,ger,Latn|Runr,Latn|Runr,Latn,Latn,ltr,ltr,True,True,2,True,True,True,False,cldr|iso639_1|iso639_2|wikimedia,48.2.0,gem,ine,Indo-European languages,Germanic languages,Indo-European languages,2026-04-22,2026-06-15,de,de,de,iso639_1,,True,deu|ger|de,de,True,de,True,Indo-European languages,Indo-European languages,pre_review_reconciled,,Indo-European languages,family_analysis_mapping_reviewed.csv
del,Delaware,,,del,,Latn,Latn,Latn,Latn,ltr,,True,False,1,False,True,False,False,cldr|iso639_2,48.2.0,alg,nai,North American Indian languages,Algonquian languages,North American Indian languages,2026-04-22,2026-06-15,del,,del,iso639_2_t,,True,del,,False,,False,North American Indian languages,Algic,family_reconciliation_reviewed:json_fallback_language,,Algic,family_analysis_mapping_reviewed.csv
den,Slave,,,den,,Latn|Cans,Latn|Cans,Latn,Latn,ltr,,True,False,2,False,True,False,False,cldr|iso639_2,48.2.0,nai,nai,North American Indian languages,North American Indian languages,North American Indian languages,2026-04-22,2026-06-15,den,,den,iso639_2_t,,True,den,,False,,False,North American Indian languages,Athabaskan-Eyak-Tlingit,family_reconciliation_reviewed:json_fallback_language,,Athabaskan-Eyak-Tlingit,family_analysis_mapping_reviewed.csv
dgr,Dogrib,,,dgr,,Latn,Latn,Latn,Latn,ltr,,True,False,1,False,True,False,False,cldr|iso639_2,48.2.0,nai,nai,North American Indian languages,North American Indian languages,Athabaskan-Eyak-Tlingit,2026-04-22,2026-06-15,dgr,,dgr,iso639_2_t,,True,dgr,,False,,False,Athabaskan-Eyak-Tlingit,Athabaskan-Eyak-Tlingit,family_reconciliation_reviewed:iso_glottolog_pair,,Athabaskan-Eyak-Tlingit,family_analysis_mapping_reviewed.csv
din,Dinka,,,din,,Latn,Latn,Latn,Latn,ltr,,True,False,1,False,True,False,False,cldr|iso639_2,48.2.0,ssa,ssa,Nilo-Saharan languages,Nilo-Saharan languages,Nilo-Saharan languages,2026-04-22,2026-06-15,din,,din,iso639_2_t,,True,din,din,True,,False,Nilo-Saharan languages,Nilotic,family_reconciliation_reviewed:json_fallback_language,,Nilotic,family_analysis_mapping_reviewed.csv
diq,Dimli,Zazaki,,,,,,,,ltr,ltr,True,False,0,False,False,True,False,wikimedia_only,,ira,ine,Indo-European languages,Iranian languages,Indo-European languages,2026-04-22,2026-06-15,diq,diq,diq,language_code,,True,diq,,False,,False,Indo-European languages,Indo-European languages,pre_review_reconciled,,Indo-European languages,family_analysis_mapping_reviewed.csv
dje,Zarma,,,,,Latn,Latn,Latn,Latn,ltr,,True,False,1,False,False,False,False,cldr,48.2.0,ssa,ssa,Nilo-Saharan languages,Nilo-Saharan languages,Songhay,2026-04-22,2026-06-15,dje,,dje,language_code,,True,dje,,False,,False,Songhay,Songhay,family_reconciliation_reviewed:iso_glottolog_pair,,Songhay,family_analysis_mapping_reviewed.csv
dng,Dungan,,,,,Cyrl,Cyrl,Cyrl,Cyrl,ltr,,True,False,1,False,False,False,False,cldr,48.2.0,sit,sit,Sino-Tibetan languages,Sino-Tibetan languages,Sino-Tibetan languages,2026-04-22,2026-06-15,dng,,dng,language_code,,True,dng,,False,,False,Sino-Tibetan languages,Sino-Tibetan languages,pre_review_reconciled,,Sino-Tibetan languages,family_analysis_mapping_reviewed.csv
dnj,Dan,,,,,Latn,Latn,Latn,Latn,ltr,,True,False,1,False,False,False,False,cldr,48.2.0,nic,nic,Niger-Kordofanian languages,Niger-Kordofanian languages,Niger-Kordofanian languages,2026-04-22,2026-06-15,dnj,,dnj,language_code,,True,daf|dnj,,False,,False,Niger-Kordofanian languages,Mande,family_reconciliation_reviewed:json_fallback_language,,Mande,family_analysis_mapping_reviewed.csv
doi,Dogri,,,doi,,Deva|Arab|Takr,Deva|Arab|Takr,Deva,Deva,ltr,,True,False,3,False,True,False,False,cldr|iso639_2,48.2.0,inc,ine,Indo-European languages,Indo-Aryan languages,Indo-European languages,2026-04-22,2026-06-15,doi,,doi,iso639_2_t,,True,doi,doi,True,,False,Indo-European languages,Indo-European languages,pre_review_reconciled,,Indo-European languages,family_analysis_mapping_reviewed.csv
dsb,Lower Sorbian,Dolnoserbski,,dsb,,Latn,Latn,Latn,Latn,ltr,ltr,True,False,1,False,True,True,False,cldr|iso639_2|wikimedia,48.2.0,sla,ine,Indo-European languages,Slavic languages,Indo-European languages,2026-04-22,2026-06-15,dsb,dsb,dsb,iso639_2_t,,True,dsb,,False,,False,Indo-European languages,Indo-European languages,pre_review_reconciled,,Indo-European languages,family_analysis_mapping_reviewed.csv
dtm,Tomo Kan Dogon,,,,,Latn,Latn,Latn,Latn,ltr,,True,False,1,False,False,False,False,cldr,48.2.0,ssa,ssa,Nilo-Saharan languages,Nilo-Saharan languages,Dogon,2026-04-22,2026-06-15,dtm,,dtm,language_code,,True,dtm,,False,,False,Dogon,Dogon,family_reconciliation_reviewed:iso_glottolog_pair,,Dogon,family_analysis_mapping_reviewed.csv
dtp,Central Dusun,,,,,Latn,Latn,Latn,Latn,ltr,,True,False,1,False,False,False,False,cldr,48.2.0,map,map,Austronesian languages,Austronesian languages,Austronesian languages,2026-04-22,2026-06-15,dtp,,dtp,language_code,,True,dtp|kzt|tdu|kzj|ktr,,False,,False,Austronesian languages,Austronesian languages,pre_review_reconciled,,Austronesian languages,family_analysis_mapping_reviewed.csv
dty,Dotyali,,,,,Deva,Deva,Deva,Deva,ltr,,True,False,1,False,False,False,False,cldr,48.2.0,inc,ine,Indo-European languages,Indo-Aryan languages,Indo-European languages,2026-04-22,2026-06-15,dty,,dty,language_code,,True,dty,,False,,False,Indo-European languages,Indo-European languages,pre_review_reconciled,,Indo-European languages,family_analysis_mapping_reviewed.csv
dua,Duala,,,dua,,Latn,Latn,Latn,Latn,ltr,,True,False,1,False,True,False,False,cldr|iso639_2,48.2.0,bnt,nic,Niger-Kordofanian languages,Bantu languages,Atlantic-Congo,2026-04-22,2026-06-15,dua,,dua,iso639_2_t,,True,dua,,False,,False,Atlantic-Congo,Atlantic-Congo,family_reconciliation_reviewed:iso_glottolog_pair,,Atlantic-Congo,family_analysis_mapping_reviewed.csv
dum,Middle Dutch,,,dum,,Latn,Latn,Latn,Latn,ltr,,True,False,1,False,True,False,False,cldr|iso639_2,48.2.0,gem,ine,Indo-European languages,Germanic languages,Indo-European languages,2026-04-22,2026-06-15,dum,,dum,iso639_2_t,,True,dum,,False,,False,Indo-European languages,Indo-European languages,pre_review_reconciled,,Indo-European languages,family_analysis_mapping_reviewed.csv
dv,Divehi,ދިވެހިބަސް,dv,div,,Thaa,Thaa,Thaa,Thaa,rtl,rtl,True,True,1,True,True,True,False,cldr|iso639_1|iso639_2|wikimedia,48.2.0,inc,ine,Indo-European languages,Indo-Aryan languages,Indo-European languages,2026-04-22,2026-06-15,dv,dv,dv,iso639_1,,True,dv|div,dv,True,,False,Indo-European languages,Indo-European languages,pre_review_reconciled,,Indo-European languages,family_analysis_mapping_reviewed.csv
dyo,Jola-Fonyi,,,,,Latn|Arab,Latn|Arab,Latn,Latn,ltr,,True,False,2,False,False,False,False,cldr,48.2.0,nic,nic,Niger-Kordofanian languages,Niger-Kordofanian languages,Atlantic-Congo,2026-04-22,2026-06-15,dyo,,dyo,language_code,,True,dyo,,False,,False,Atlantic-Congo,Atlantic-Congo,family_reconciliation_reviewed:iso_glottolog_pair,,Atlantic-Congo,family_analysis_mapping_reviewed.csv
dyu,Dyula,,,dyu,,Latn,Latn,Latn,Latn,ltr,,True,False,1,False,True,False,False,cldr|iso639_2,48.2.0,nic,nic,Niger-Kordofanian languages,Niger-Kordofanian languages,Mande,2026-04-22,2026-06-15,dyu,,dyu,iso639_2_t,,True,dyu,,False,,False,Mande,Mande,family_reconciliation_reviewed:iso_glottolog_pair,,Mande,family_analysis_mapping_reviewed.csv
dz,Dzongkha,རྫོང་ཁ,dz,dzo,,Tibt,Tibt,Tibt,Tibt,ltr,ltr,True,True,1,True,True,True,False,cldr|iso639_1|iso639_2|wikimedia,48.2.0,sit,sit,Sino-Tibetan languages,Sino-Tibetan languages,Sino-Tibetan languages,2026-04-22,2026-06-15,dz,dz,dz,iso639_1,,True,adp|dz|dzo,dz,True,,False,Sino-Tibetan languages,Sino-Tibetan languages,pre_review_reconciled,,Sino-Tibetan languages,family_analysis_mapping_reviewed.csv
dzg,Dazaga,,,,,,,,,ltr,,True,True,0,False,False,False,False,cldr_v45,45,ssa,ssa,Nilo-Saharan languages,Nilo-Saharan languages,Saharan,2026-04-22,2026-06-15,dzg,,dzg,language_code,,True,dzg,,False,,False,Saharan,Saharan,family_reconciliation_reviewed:iso_glottolog_pair,,Saharan,family_analysis_mapping_reviewed.csv
ebu,Embu,,,,,Latn,Latn,Latn,Latn,ltr,,True,False,1,False,False,False,False,cldr,48.2.0,bnt,nic,Niger-Kordofanian languages,Bantu languages,Atlantic-Congo,2026-04-22,2026-06-15,ebu,,ebu,language_code,,True,ebu,,False,,False,Atlantic-Congo,Atlantic-Congo,family_reconciliation_reviewed:iso_glottolog_pair,,Atlantic-Congo,family_analysis_mapping_reviewed.csv
ecy,Eteocypriot,,,,,Cprt,Cprt,Cprt,Cprt,rtl,,False,False,1,False,False,False,False,cldr,48.2.0,grk,ine,Indo-European languages,Greek languages,Indo-European languages,2026-05-15,2026-06-15,ecy,,ecy,language_code,,True,ecy,,False,,False,Indo-European languages,Indo-European languages,family_reconciliation_reviewed:iso_glottolog_pair,,Indo-European languages,family_analysis_mapping_reviewed.csv
ee,Ewe,Ɛʋɛ,ee,ewe,,Latn,Latn,Latn,Latn,ltr,ltr,True,False,1,True,True,True,False,cldr|iso639_1|iso639_2|wikimedia,48.2.0,nic,nic,Niger-Kordofanian languages,Niger-Kordofanian languages,Atlantic-Congo,2026-04-22,2026-06-15,ee,ee,ee,iso639_1,,True,ee|ewe,ee,True,,False,Atlantic-Congo,Atlantic-Congo,family_reconciliation_reviewed:iso_glottolog_pair,,Atlantic-Congo,family_analysis_mapping_reviewed.csv
efi,Efik,,,efi,,Latn,Latn,Latn,Latn,ltr,,True,False,1,False,True,False,False,cldr|iso639_2,48.2.0,nic,nic,Niger-Kordofanian languages,Niger-Kordofanian languages,Atlantic-Congo,2026-04-22,2026-06-15,efi,,efi,iso639_2_t,,True,efi,,False,,False,Atlantic-Congo,Atlantic-Congo,family_reconciliation_reviewed:iso_glottolog_pair,,Atlantic-Congo,family_analysis_mapping_reviewed.csv
egl,Emilian,,,,,Latn,Latn,Latn,Latn,ltr,,True,False,1,False,False,False,False,cldr,48.2.0,roa,ine,Indo-European languages,Romance languages,Indo-European languages,2026-04-22,2026-06-15,egl,,egl,language_code,,True,egl,,False,,False,Indo-European languages,Indo-European languages,pre_review_reconciled,,Indo-European languages,family_analysis_mapping_reviewed.csv
egy,Ancient Egyptian,,,egy,,Egyp,Egyp,Egyp,Egyp,ltr,,False,False,1,False,True,False,False,cldr|iso639_2,48.2.0,afa,afa,Afro-Asiatic languages,Afro-Asiatic languages,Afro-Asiatic languages,2026-04-22,2026-06-15,egy,,egy,iso639_2_t,,True,egy,,False,,False,Afro-Asiatic languages,Afro-Asiatic languages,pre_review_reconciled,,Afro-Asiatic languages,family_analysis_mapping_reviewed.csv
eka,Ekajuk,,,eka,,Latn,Latn,Latn,Latn,ltr,,True,False,1,False,True,False,False,cldr|iso639_2,48.2.0,nic,nic,Niger-Kordofanian languages,Niger-Kordofanian languages,Atlantic-Congo,2026-04-22,2026-06-15,eka,,eka,iso639_2_t,,True,eka,,False,,False,Atlantic-Congo,Atlantic-Congo,family_reconciliation_reviewed:iso_glottolog_pair,,Atlantic-Congo,family_analysis_mapping_reviewed.csv
eky,Eastern Kayah,,,,,Kali,Kali,Kali,Kali,ltr,,True,False,1,False,False,False,False,cldr,48.2.0,sit,sit,Sino-Tibetan languages,Sino-Tibetan languages,Sino-Tibetan languages,2026-04-22,2026-06-15,eky,,eky,language_code,,True,eky,,False,,False,Sino-Tibetan languages,Sino-Tibetan languages,pre_review_reconciled,,Sino-Tibetan languages,family_analysis_mapping_reviewed.csv
el,Greek,Ελληνικά,el,ell,gre,Grek,Grek,Grek,Grek,ltr,ltr,True,True,1,True,True,True,False,cldr|iso639_1|iso639_2|wikimedia,48.2.0,grk,ine,Indo-European languages,Greek languages,Indo-European languages,2026-04-22,2026-06-15,el,el,el,iso639_1,,True,el|ell|gre,el,True,el,True,Indo-European languages,Indo-European languages,pre_review_reconciled,,Indo-European languages,family_analysis_mapping_reviewed.csv
elx,Elamite,,,elx,,,,,,ltr,,True,False,0,False,True,False,False,loc_only,,,,Language isolate,Language isolate,Language isolate,2026-04-22,2026-06-15,elx,,elx,iso639_2_t,,True,elx,,False,,False,Language isolate,Language isolate,pre_review_reconciled,,Language isolate,family_analysis_mapping_reviewed.csv
en,English,English,en,eng,,Latn|Dsrt|Shaw,Latn|Dsrt|Shaw,Latn,Latn,ltr,ltr,True,True,3,True,True,True,False,cldr|iso639_1|iso639_2|wikimedia,48.2.0,gem,ine,Indo-European languages,Germanic languages,Indo-European languages,2026-04-22,2026-06-15,en,en,en,iso639_1,,True,en|eng,en,True,en,True,Indo-European languages,Indo-European languages,pre_review_reconciled,,Indo-European languages,family_analysis_mapping_reviewed.csv
enm,Middle English,,,enm,,Latn,Latn,Latn,Latn,ltr,,True,False,1,False,True,False,False,cldr|iso639_2,48.2.0,gem,ine,Indo-European languages,Germanic languages,Indo-European languages,2026-04-22,2026-06-15,enm,,enm,iso639_2_t,,True,enm,,False,,False,Indo-European languages,Indo-European languages,pre_review_reconciled,,Indo-European languages,family_analysis_mapping_reviewed.csv
eo,Esperanto,Esperanto,eo,epo,,Latn,Latn,Latn,Latn,ltr,ltr,True,False,1,True,True,True,False,cldr|iso639_1|iso639_2|wikimedia,48.2.0,art,art,Artificial languages,Artificial languages,Artificial languages,2026-04-22,2026-06-15,eo,eo,eo,iso639_1,,True,epo|eo,eo,True,,False,Artificial languages,Artificial languages,pre_review_reconciled,,Artificial languages,family_analysis_mapping_reviewed.csv
es,Spanish,Español,es,spa,,Latn,Latn,Latn,Latn,ltr,ltr,True,True,1,True,True,True,False,cldr|iso639_1|iso639_2|wikimedia,48.2.0,roa,ine,Indo-European languages,Romance languages,Indo-European languages,2026-04-22,2026-06-15,es,es,es,iso639_1,,True,spa|es,es,True,es,True,Indo-European languages,Indo-European languages,pre_review_reconciled,,Indo-European languages,family_analysis_mapping_reviewed.csv
esu,Central Yupik,,,,,Latn,Latn,Latn,Latn,ltr,,True,False,1,False,False,False,False,cldr,48.2.0,esx,esx,Eskimo-Aleut languages,Eskimo-Aleut languages,Eskimo-Aleut languages,2026-04-22,2026-06-15,esu,,esu,language_code,,True,esu,,False,,False,Eskimo-Aleut languages,Eskimo-Aleut languages,pre_review_reconciled,,Eskimo-Aleut languages,family_analysis_mapping_reviewed.csv
et,Estonian,Eesti,et,est,,Latn,Latn,Latn,Latn,ltr,ltr,True,True,1,True,True,True,False,cldr|iso639_1|iso639_2|wikimedia,48.2.0,fiu,urj,Uralic languages,Finno-Ugrian languages,Uralic languages,2026-04-22,2026-06-15,et,et,et,iso639_1,,True,est|et,et,True,et,True,Uralic languages,Uralic languages,pre_review_reconciled,,Uralic languages,family_analysis_mapping_reviewed.csv
ett,Etruscan,,,,,Ital|Latn,Ital|Latn,Ital,Ital,rtl,,True,False,2,False,False,False,False,cldr,48.2.0,,,Language isolate,Language isolate,Language isolate,2026-04-22,2026-06-15,ett,,ett,language_code,,True,ett,,False,,False,Language isolate,Language isolate,pre_review_reconciled,,Language isolate,family_analysis_mapping_reviewed.csv
eu,Basque,Euskara,eu,eus,baq,Latn,Latn,Latn,Latn,ltr,ltr,True,False,1,True,True,True,False,cldr|iso639_1|iso639_2|wikimedia,48.2.0,euq,euq,Basque languages,Basque languages,Basque languages,2026-04-22,2026-06-15,eu,eu,eu,iso639_1,,True,baq|eus|eu,eu,True,eu,True,Basque languages,Basque languages,pre_review_reconciled,,Basque languages,family_analysis_mapping_reviewed.csv
evn,Evenki,,,,,Cyrl,Cyrl,Cyrl,Cyrl,ltr,,True,False,1,False,False,False,False,cldr,48.2.0,tut,tut,Altaic languages,Altaic languages,Tungusic,2026-04-22,2026-06-15,evn,,evn,language_code,,True,evn,,False,,False,Tungusic,Tungusic,family_reconciliation_reviewed:iso_glottolog_pair,,Tungusic,family_analysis_mapping_reviewed.csv
ewo,Ewondo,,,ewo,,Latn,Latn,Latn,Latn,ltr,,True,False,1,False,True,False,False,cldr|iso639_2,48.2.0,nic,nic,Niger-Kordofanian languages,Niger-Kordofanian languages,Atlantic-Congo,2026-04-22,2026-06-15,ewo,,ewo,iso639_2_t,,True,ewo,,False,,False,Atlantic-Congo,Atlantic-Congo,family_reconciliation_reviewed:iso_glottolog_pair,,Atlantic-Congo,family_analysis_mapping_reviewed.csv
ext,Extremaduran,Estremeñu,,,,Latn,Latn,Latn,Latn,ltr,ltr,True,False,1,False,False,True,False,cldr|wikimedia,48.2.0,roa,ine,Indo-European languages,Romance languages,Indo-European languages,2026-04-22,2026-06-15,ext,ext,ext,language_code,,True,ext,,False,,False,Indo-European languages,Indo-European languages,pre_review_reconciled,,Indo-European languages,family_analysis_mapping_reviewed.csv
fa,Persian,فارسی,fa,fas,per,Arab,Arab,Arab,Arab,rtl,rtl,True,True,1,True,True,True,False,cldr|iso639_1|iso639_2|wikimedia,48.2.0,ira,ine,Indo-European languages,Iranian languages,Indo-European languages,2026-04-22,2026-06-15,fa,fa,fa,iso639_1,,True,per|fa|fas,fa,True,fa,True,Indo-European languages,Indo-European languages,pre_review_reconciled,,Indo-European languages,family_analysis_mapping_reviewed.csv
fan,Fang,,,fan,,Latn,Latn,Latn,Latn,ltr,,True,False,1,False,True,False,False,cldr|iso639_2,48.2.0,nic,nic,Niger-Kordofanian languages,Niger-Kordofanian languages,Atlantic-Congo,2026-04-22,2026-06-15,fan,,fan,iso639_2_t,,True,fan,,False,,False,Atlantic-Congo,Atlantic-Congo,family_reconciliation_reviewed:iso_glottolog_pair,,Atlantic-Congo,family_analysis_mapping_reviewed.csv
fat,Fanti,,,fat,,,,,,ltr,,True,False,0,False,True,False,False,loc_only,,nic,nic,Niger-Kordofanian languages,Niger-Kordofanian languages,Niger-Kordofanian languages,2026-04-22,2026-06-15,fat,,fat,iso639_2_t,,True,fat,,False,,False,Niger-Kordofanian languages,Atlantic-Congo,family_reconciliation_reviewed:json_fallback_language,,Atlantic-Congo,family_analysis_mapping_reviewed.csv
ff,Fula,Fulfulde,ff,ful,,Latn|Adlm,Latn|Adlm,Latn,Latn,ltr,ltr,True,False,2,True,True,True,False,cldr|iso639_1|iso639_2|wikimedia,48.2.0,nic,nic,Niger-Kordofanian languages,Niger-Kordofanian languages,Niger-Kordofanian languages,2026-04-22,2026-06-15,ff,ff,ff,iso639_1,,True,ff|ful,ff,True,,False,Niger-Kordofanian languages,Niger-Kordofanian languages,pre_review_reconciled,,Niger-Kordofanian languages,family_analysis_mapping_reviewed.csv
ffm,Maasina Fulfulde,,,,,Latn,Latn,Latn,Latn,ltr,,True,False,1,False,False,False,False,cldr,48.2.0,nic,nic,Niger-Kordofanian languages,Niger-Kordofanian languages,Atlantic-Congo,2026-04-22,2026-06-15,ffm,,ffm,language_code,,True,ffm,,False,,False,Atlantic-Congo,Atlantic-Congo,family_reconciliation_reviewed:iso_glottolog_pair,,Atlantic-Congo,family_analysis_mapping_reviewed.csv
fi,Finnish,Suomi,fi,fin,,Latn,Latn,Latn,Latn,ltr,ltr,True,True,1,True,True,True,False,cldr|iso639_1|iso639_2|wikimedia,48.2.0,fiu,urj,Uralic languages,Finno-Ugrian languages,Uralic languages,2026-04-22,2026-06-15,fi,fi,fi,iso639_1,,True,fin|fi,fi,True,fi,True,Uralic languages,Uralic languages,pre_review_reconciled,,Uralic languages,family_analysis_mapping_reviewed.csv
fia,Nobiin,,,,,Arab,Arab,Arab,Arab,rtl,,True,False,1,False,False,False,False,cldr,48.2.0,ssa,ssa,Nilo-Saharan languages,Nilo-Saharan languages,Nubian,2026-04-22,2026-06-15,fia,,fia,language_code,,True,fia,,False,,False,Nubian,Nubian,family_reconciliation_reviewed:iso_glottolog_pair,,Nubian,family_analysis_mapping_reviewed.csv
fil,Filipino,,,fil,,Latn|Tglg,Latn|Tglg,Latn,Latn,ltr,,True,True,2,False,True,False,False,cldr|iso639_2,48.2.0,map,map,Austronesian languages,Austronesian languages,Austronesian languages,2026-04-22,2026-06-15,fil,,fil,iso639_2_t,,True,tgl|tl|fil,tl,True,tl,True,Austronesian languages,Austronesian languages,pre_review_reconciled,,Austronesian languages,family_analysis_mapping_reviewed.csv
fit,Tornedalen Finnish,,,,,Latn,Latn,Latn,Latn,ltr,,True,False,1,False,False,False,False,cldr,48.2.0,fiu,urj,Uralic languages,Finno-Ugrian languages,Uralic languages,2026-04-22,2026-06-15,fit,,fit,language_code,,True,fit,,False,,False,Uralic languages,Uralic languages,pre_review_reconciled,,Uralic languages,family_analysis_mapping_reviewed.csv
fiu-vro,Võro,Võro,,,,,,,,ltr,ltr,True,False,0,False,False,True,False,wikimedia_only,,fiu,urj,Uralic languages,Finno-Ugrian languages,Uralic languages,2026-04-22,2026-06-15,fiu-vro,fiu-vro,vro,grandfathered_fallback,Wikimedia/legacy code fiu-vro not in language_data IANA snapshot; mapped manually,False,vro|fiu-vro,,False,,False,Uralic languages,Uralic languages,pre_review_reconciled,,Uralic languages,family_analysis_mapping_reviewed.csv
fj,Fijian,Na Vosa Vakaviti,fj,fij,,Latn,Latn,Latn,Latn,ltr,ltr,True,True,1,True,True,True,False,cldr|iso639_1|iso639_2|wikimedia,48.2.0,map,map,Austronesian languages,Austronesian languages,Austronesian languages,2026-04-22,2026-06-15,fj,fj,fj,iso639_1,,True,fj|fij,fj,True,,False,Austronesian languages,Austronesian languages,pre_review_reconciled,,Austronesian languages,family_analysis_mapping_reviewed.csv
fo,Faroese,Føroyskt,fo,fao,,Latn,Latn,Latn,Latn,ltr,ltr,True,True,1,True,True,True,False,cldr|iso639_1|iso639_2|wikimedia,48.2.0,gem,ine,Indo-European languages,Germanic languages,Indo-European languages,2026-04-22,2026-06-15,fo,fo,fo,iso639_1,,True,fo|fao,,False,,False,Indo-European languages,Indo-European languages,pre_review_reconciled,,Indo-European languages,family_analysis_mapping_reviewed.csv
fon,Fon,,,fon,,Latn,Latn,Latn,Latn,ltr,,True,False,1,False,True,False,False,cldr|iso639_2,48.2.0,nic,nic,Niger-Kordofanian languages,Niger-Kordofanian languages,Atlantic-Congo,2026-04-22,2026-06-15,fon,,fon,iso639_2_t,,True,fon,,False,,False,Atlantic-Congo,Atlantic-Congo,family_reconciliation_reviewed:iso_glottolog_pair,,Atlantic-Congo,family_analysis_mapping_reviewed.csv
fr,French,Français,fr,fra,fre,Latn|Dupl,Latn|Dupl,Latn,Latn,ltr,ltr,True,True,2,True,True,True,False,cldr|iso639_1|iso639_2|wikimedia,48.2.0,roa,ine,Indo-European languages,Romance languages,Indo-European languages,2026-04-22,2026-06-15,fr,fr,fr,iso639_1,,True,fra|fr|fre,fr,True,fr,True,Indo-European languages,Indo-European languages,pre_review_reconciled,,Indo-European languages,family_analysis_mapping_reviewed.csv
frc,Cajun French,,,,,Latn,Latn,Latn,Latn,ltr,,True,False,1,False,False,False,False,cldr,48.2.0,roa,ine,Indo-European languages,Romance languages,Indo-European languages,2026-04-22,2026-06-15,frc,,frc,language_code,,True,frc,,False,,False,Indo-European languages,Indo-European languages,pre_review_reconciled,,Indo-European languages,family_analysis_mapping_reviewed.csv
frm,Middle French,,,frm,,Latn,Latn,Latn,Latn,ltr,,True,False,1,False,True,False,False,cldr|iso639_2,48.2.0,gem,ine,Indo-European languages,Germanic languages,Indo-European languages,2026-04-22,2026-06-15,frm,,frm,iso639_2_t,,True,frm,,False,,False,Indo-European languages,Indo-European languages,family_reconciliation_reviewed:json_fallback_language,,Indo-European languages,family_analysis_mapping_reviewed.csv
fro,Old French,,,fro,,Latn,Latn,Latn,Latn,ltr,,True,False,1,False,True,False,False,cldr|iso639_2,48.2.0,gem,ine,Indo-European languages,Germanic languages,Indo-European languages,2026-04-22,2026-06-15,fro,,fro,iso639_2_t,,True,fro,,False,,False,Indo-European languages,Indo-European languages,pre_review_reconciled,,Indo-European languages,family_analysis_mapping_reviewed.csv
frp,Arpitan,Arpitan / francoprovençal,,,,Latn,Latn,Latn,Latn,ltr,ltr,True,False,1,False,False,True,False,cldr|wikimedia,48.2.0,roa,ine,Indo-European languages,Romance languages,Indo-European languages,2026-04-22,2026-06-15,frp,frp,frp,language_code,,True,frp,,False,,False,Indo-European languages,Indo-European languages,pre_review_reconciled,,Indo-European languages,family_analysis_mapping_reviewed.csv
frr,Northern Frisian,,,frr,,Latn,Latn,Latn,Latn,ltr,,True,False,1,False,True,False,False,cldr|iso639_2,48.2.0,gem,ine,Indo-European languages,Germanic languages,Indo-European languages,2026-04-22,2026-06-15,frr,,frr,iso639_2_t,,True,frr,,False,,False,Indo-European languages,Indo-European languages,pre_review_reconciled,,Indo-European languages,family_analysis_mapping_reviewed.csv
frs,Eastern Frisian,,,frs,,Latn,Latn,Latn,Latn,ltr,,True,False,1,False,True,False,False,cldr|iso639_2,48.2.0,gem,ine,Indo-European languages,Germanic languages,Indo-European languages,2026-04-22,2026-06-15,frs,,frs,iso639_2_t,,True,frs,,False,,False,Indo-European languages,Indo-European languages,pre_review_reconciled,,Indo-European languages,family_analysis_mapping_reviewed.csv
fud,East Futuna,,,,,Latn,Latn,Latn,Latn,ltr,,True,False,1,False,False,False,False,cldr,48.2.0,map,map,Austronesian languages,Austronesian languages,Austronesian languages,2026-04-22,2026-06-15,fud,,fud,language_code,,True,fud,,False,,False,Austronesian languages,Austronesian languages,pre_review_reconciled,,Austronesian languages,family_analysis_mapping_reviewed.csv
fuq,Central-Eastern Niger Fulfulde,,,,,Latn,Latn,Latn,Latn,ltr,,True,False,1,False,False,False,False,cldr,48.2.0,nic,nic,Niger-Kordofanian languages,Niger-Kordofanian languages,Atlantic-Congo,2026-04-22,2026-06-15,fuq,,fuq,language_code,,True,fuq,,False,,False,Atlantic-Congo,Atlantic-Congo,family_reconciliation_reviewed:iso_glottolog_pair,,Atlantic-Congo,family_analysis_mapping_reviewed.csv
fur,Friulian,Furlan,,fur,,Latn,Latn,Latn,Latn,ltr,ltr,True,False,1,False,True,True,False,cldr|iso639_2|wikimedia,48.2.0,roa,ine,Indo-European languages,Romance languages,Indo-European languages,2026-04-22,2026-06-15,fur,fur,fur,iso639_2_t,,True,fur,,False,,False,Indo-European languages,Indo-European languages,pre_review_reconciled,,Indo-European languages,family_analysis_mapping_reviewed.csv
fuv,Nigerian Fulfulde,,,,,Latn,Latn,Latn,Latn,ltr,,True,False,1,False,False,False,False,cldr,48.2.0,nic,nic,Niger-Kordofanian languages,Niger-Kordofanian languages,Atlantic-Congo,2026-04-22,2026-06-15,fuv,,fuv,language_code,,True,fuv,,False,,False,Atlantic-Congo,Atlantic-Congo,family_reconciliation_reviewed:iso_glottolog_pair,,Atlantic-Congo,family_analysis_mapping_reviewed.csv
fvr,Fur,,,,,Latn,Latn,Latn,Latn,ltr,,True,False,1,False,False,False,False,cldr,48.2.0,ssa,ssa,Nilo-Saharan languages,Nilo-Saharan languages,Furan,2026-04-22,2026-06-15,fvr,,fvr,language_code,,True,fvr,,False,,False,Furan,Furan,family_reconciliation_reviewed:iso_glottolog_pair,,Furan,family_analysis_mapping_reviewed.csv
fy,Western Frisian,Frysk,fy,fry,,Latn,Latn,Latn,Latn,ltr,ltr,True,False,1,True,True,True,False,cldr|iso639_1|iso639_2|wikimedia,48.2.0,gem,ine,Indo-European languages,Germanic languages,Indo-European languages,2026-04-22,2026-06-15,fy,fy,fy,iso639_1,,True,fry|fy,fy,True,fy,True,Indo-European languages,Indo-European languages,pre_review_reconciled,,Indo-European languages,family_analysis_mapping_reviewed.csv
ga,Irish,Gaeilge,ga,gle,,Latn,Latn,Latn,Latn,ltr,ltr,True,True,1,True,True,True,False,cldr|iso639_1|iso639_2|wikimedia,48.2.0,cel,ine,Indo-European languages,Celtic languages,Indo-European languages,2026-04-22,2026-06-15,ga,ga,ga,iso639_1,,True,ga|gle,ga,True,ga,True,Indo-European languages,Indo-European languages,pre_review_reconciled,,Indo-European languages,family_analysis_mapping_reviewed.csv
gaa,Ga,,,gaa,,Latn,Latn,Latn,Latn,ltr,,True,False,1,False,True,False,False,cldr|iso639_2,48.2.0,nic,nic,Niger-Kordofanian languages,Niger-Kordofanian languages,Atlantic-Congo,2026-04-22,2026-06-15,gaa,,gaa,iso639_2_t,,True,gaa,gaa,True,,False,Atlantic-Congo,Atlantic-Congo,family_reconciliation_reviewed:iso_glottolog_pair,,Atlantic-Congo,family_analysis_mapping_reviewed.csv
gag,Gagauz,,,,,Latn|Cyrl,Latn|Cyrl,Latn,Latn,ltr,,True,False,2,False,False,False,False,cldr,48.2.0,trk,tut,Altaic languages,Turkic languages,Turkic,2026-04-22,2026-06-15,gag,,gag,language_code,,True,gag,,False,,False,Turkic,Turkic,family_reconciliation_reviewed:iso_glottolog_pair,,Turkic,family_analysis_mapping_reviewed.csv
gan,Gan Chinese,贛語,,,,Hans,Hans,Hans,Hans,ltr,ltr,True,False,1,False,False,True,False,cldr|wikimedia,48.2.0,sit,sit,Sino-Tibetan languages,Sino-Tibetan languages,Sino-Tibetan languages,2026-04-22,2026-06-15,gan,gan,gan,language_code,,True,gan|zh-gan,,False,,False,Sino-Tibetan languages,Sino-Tibetan languages,pre_review_reconciled,,Sino-Tibetan languages,family_analysis_mapping_reviewed.csv
gay,Gayo,,,gay,,Latn,Latn,Latn,Latn,ltr,,True,False,1,False,True,False,False,cldr|iso639_2,48.2.0,map,map,Austronesian languages,Austronesian languages,Austronesian languages,2026-04-22,2026-06-15,gay,,gay,iso639_2_t,,True,gay,,False,,False,Austronesian languages,Austronesian languages,pre_review_reconciled,,Austronesian languages,family_analysis_mapping_reviewed.csv
gba,Gbaya,,,gba,,Latn,Latn,Latn,Latn,ltr,,True,False,1,False,True,False,False,cldr|iso639_2,48.2.0,nic,nic,Niger-Kordofanian languages,Niger-Kordofanian languages,Niger-Kordofanian languages,2026-04-22,2026-06-15,gba,,gba,iso639_2_t,,True,gba,,False,,False,Niger-Kordofanian languages,Atlantic-Congo,family_reconciliation_reviewed:json_fallback_language,,Atlantic-Congo,family_analysis_mapping_reviewed.csv
gbm,Garhwali,गढ़वळी,,,,Deva,Deva,Deva,Deva,ltr,ltr,True,False,1,False,False,True,False,cldr|wikimedia,48.2.0,inc,ine,Indo-European languages,Indo-Aryan languages,Indo-European languages,2026-04-22,2026-06-15,gbm,gbm,gbm,language_code,,True,gbm,,False,,False,Indo-European languages,Indo-European languages,pre_review_reconciled,,Indo-European languages,family_analysis_mapping_reviewed.csv
gbz,Zoroastrian Dari,,,,,Arab,Arab,Arab,Arab,rtl,,True,False,1,False,False,False,False,cldr,48.2.0,ira,ine,Indo-European languages,Iranian languages,Indo-European languages,2026-04-22,2026-06-15,gbz,,gbz,language_code,,True,gbz,,False,,False,Indo-European languages,Indo-European languages,pre_review_reconciled,,Indo-European languages,family_analysis_mapping_reviewed.csv
gcr,Guianese Creole French,,,,,Latn,Latn,Latn,Latn,ltr,,True,False,1,False,False,False,False,cldr,48.2.0,crp,crp,Creoles and pidgins,Creoles and pidgins,Creoles and pidgins,2026-04-22,2026-06-15,gcr,,gcr,language_code,,True,gcr,,False,,False,Creoles and pidgins,Creoles and pidgins,family_reconciliation_reviewed:iso_glottolog_pair,,Creoles and pidgins,family_analysis_mapping_reviewed.csv
gd,Scottish Gaelic,Gàidhlig,gd,gla,,Latn,Latn,Latn,Latn,ltr,ltr,True,False,1,True,True,True,False,cldr|iso639_1|iso639_2|wikimedia,48.2.0,cel,ine,Indo-European languages,Celtic languages,Indo-European languages,2026-04-22,2026-06-15,gd,gd,gd,iso639_1,,True,gd|gla,gd,True,gd,True,Indo-European languages,Indo-European languages,pre_review_reconciled,,Indo-European languages,family_analysis_mapping_reviewed.csv
gez,Geez,,,gez,,Ethi,Ethi,Ethi,Ethi,ltr,,True,False,1,False,True,False,False,cldr|iso639_2,48.2.0,sem,afa,Afro-Asiatic languages,Semitic languages,Afro-Asiatic languages,2026-04-22,2026-06-15,gez,,gez,iso639_2_t,,True,gez,,False,,False,Afro-Asiatic languages,Afro-Asiatic languages,pre_review_reconciled,,Afro-Asiatic languages,family_analysis_mapping_reviewed.csv
gil,Gilbertese,Taetae ni kiribati,,gil,,Latn,Latn,Latn,Latn,ltr,ltr,True,True,1,False,True,True,False,cldr|iso639_2|wikimedia,48.2.0,map,map,Austronesian languages,Austronesian languages,Austronesian languages,2026-04-22,2026-06-15,gil,gil,gil,iso639_2_t,,True,gil,,False,,False,Austronesian languages,Austronesian languages,pre_review_reconciled,,Austronesian languages,family_analysis_mapping_reviewed.csv
gjk,Kachi Koli,,,,,Arab,Arab,Arab,Arab,rtl,,True,False,1,False,False,False,False,cldr,48.2.0,inc,ine,Indo-European languages,Indo-Aryan languages,Indo-European languages,2026-04-22,2026-06-15,gjk,,gjk,language_code,,True,gjk,,False,,False,Indo-European languages,Indo-European languages,pre_review_reconciled,,Indo-European languages,family_analysis_mapping_reviewed.csv
gju,Gujari,,,,,Arab,Arab,Arab,Arab,rtl,,True,False,1,False,False,False,False,cldr,48.2.0,inc,ine,Indo-European languages,Indo-Aryan languages,Indo-European languages,2026-04-22,2026-06-15,gju,,gju,language_code,,True,gju,,False,,False,Indo-European languages,Indo-European languages,pre_review_reconciled,,Indo-European languages,family_analysis_mapping_reviewed.csv
gl,Galician,Galego,gl,glg,,Latn,Latn,Latn,Latn,ltr,ltr,True,False,1,True,True,True,False,cldr|iso639_1|iso639_2|wikimedia,48.2.0,roa,ine,Indo-European languages,Romance languages,Indo-European languages,2026-04-22,2026-06-15,gl,gl,gl,iso639_1,,True,gl|glg,gl,True,gl,True,Indo-European languages,Indo-European languages,pre_review_reconciled,,Indo-European languages,family_analysis_mapping_reviewed.csv
gld,Nanai,,,,,Cyrl,Cyrl,Cyrl,Cyrl,ltr,,True,False,1,False,False,False,False,cldr,48.2.0,tut,tut,Altaic languages,Altaic languages,Tungusic,2026-04-22,2026-06-15,gld,,gld,language_code,,True,gld,,False,,False,Tungusic,Tungusic,family_reconciliation_reviewed:iso_glottolog_pair,,Tungusic,family_analysis_mapping_reviewed.csv
glk,Gilaki,,,,,Arab,Arab,Arab,Arab,rtl,,True,False,1,False,False,False,False,cldr,48.2.0,ira,ine,Indo-European languages,Iranian languages,Indo-European languages,2026-04-22,2026-06-15,glk,,glk,language_code,,True,glk,,False,,False,Indo-European languages,Indo-European languages,pre_review_reconciled,,Indo-European languages,family_analysis_mapping_reviewed.csv
gmh,Middle High German,,,gmh,,Latn,Latn,Latn,Latn,ltr,,True,False,1,False,True,False,False,cldr|iso639_2,48.2.0,gem,ine,Indo-European languages,Germanic languages,Indo-European languages,2026-04-22,2026-06-15,gmh,,gmh,iso639_2_t,,True,gmh,,False,,False,Indo-European languages,Indo-European languages,pre_review_reconciled,,Indo-European languages,family_analysis_mapping_reviewed.csv
gmy,Mycenaean Greek,,,,,Linb,Linb,Linb,Linb,rtl,,False,False,1,False,False,False,False,cldr,48.2.0,grk,ine,Indo-European languages,Greek languages,Indo-European languages,2026-05-15,2026-06-15,gmy,,gmy,language_code,,True,gmy,,False,,False,Indo-European languages,Indo-European languages,pre_review_reconciled,,Indo-European languages,family_analysis_mapping_reviewed.csv
gn,Guarani,Avañe'ẽ,gn,grn,,Latn,Latn,Latn,Latn,ltr,ltr,True,True,1,True,True,True,False,cldr|iso639_1|iso639_2|wikimedia,48.2.0,sai,sai,South American Indian languages,South American Indian languages,South American Indian languages,2026-04-22,2026-06-15,gn,gn,gn,iso639_1,,True,grn|gn,gn,True,gn,True,South American Indian languages,South American Indian languages,pre_review_reconciled,,South American Indian languages,family_analysis_mapping_reviewed.csv
goh,Old High German,,,goh,,Latn,Latn,Latn,Latn,ltr,,True,False,1,False,True,False,False,cldr|iso639_2,48.2.0,gem,ine,Indo-European languages,Germanic languages,Indo-European languages,2026-04-22,2026-06-15,goh,,goh,iso639_2_t,,True,goh,,False,,False,Indo-European languages,Indo-European languages,pre_review_reconciled,,Indo-European languages,family_analysis_mapping_reviewed.csv
gom,Goan Konkani,,,,,,,,,ltr,,True,False,0,False,False,False,False,cldr_v45,45,inc,ine,Indo-European languages,Indo-Aryan languages,Indo-European languages,2026-04-22,2026-06-15,gom,,gom,language_code,,True,gom,gom,True,,False,Indo-European languages,Indo-European languages,pre_review_reconciled,,Indo-European languages,family_analysis_mapping_reviewed.csv
gon,Gondi,,,gon,,Deva|Telu,Deva|Telu,Deva,Deva,ltr,,True,False,2,False,True,False,False,cldr|iso639_2,48.2.0,dra,dra,Dravidian languages,Dravidian languages,Dravidian languages,2026-04-22,2026-06-15,gon,,gon,iso639_2_t,,True,gon,,False,,False,Dravidian languages,Dravidian languages,pre_review_reconciled,,Dravidian languages,family_analysis_mapping_reviewed.csv
gor,Gorontalo,,,gor,,Latn,Latn,Latn,Latn,ltr,,True,False,1,False,True,False,False,cldr|iso639_2,48.2.0,map,map,Austronesian languages,Austronesian languages,Austronesian languages,2026-04-22,2026-06-15,gor,,gor,iso639_2_t,,True,gor,,False,,False,Austronesian languages,Austronesian languages,pre_review_reconciled,,Austronesian languages,family_analysis_mapping_reviewed.csv
gos,Gronings,,,,,Latn,Latn,Latn,Latn,ltr,,True,False,1,False,False,False,False,cldr,48.2.0,gem,ine,Indo-European languages,Germanic languages,Indo-European languages,2026-04-22,2026-06-15,gos,,gos,language_code,,True,gos,,False,,False,Indo-European languages,Indo-European languages,pre_review_reconciled,,Indo-European languages,family_analysis_mapping_reviewed.csv
got,Gothic,gutisk,,got,,Goth,Goth,Goth,Goth,ltr,ltr,False,False,1,False,True,True,False,cldr|iso639_2|wikimedia,48.2.0,gem,ine,Indo-European languages,Germanic languages,Indo-European languages,2026-04-22,2026-06-15,got,got,got,iso639_2_t,,True,got,,False,,False,Indo-European languages,Indo-European languages,pre_review_reconciled,,Indo-European languages,family_analysis_mapping_reviewed.csv
grb,Grebo,,,grb,,Latn,Latn,Latn,Latn,ltr,,True,False,1,False,True,False,False,cldr|iso639_2,48.2.0,nic,nic,Niger-Kordofanian languages,Niger-Kordofanian languages,Niger-Kordofanian languages,2026-04-22,2026-06-15,grb,,grb,iso639_2_t,,True,grb,,False,,False,Niger-Kordofanian languages,Kru,family_reconciliation_reviewed:json_fallback_language,,Kru,family_analysis_mapping_reviewed.csv
grc,Ancient Greek,,,grc,,Grek,Grek,Grek,Grek,ltr,,True,False,1,False,True,False,False,cldr|iso639_2,48.2.0,grk,ine,Indo-European languages,Greek languages,Indo-European languages,2026-04-22,2026-06-15,grc,,grc,iso639_2_t,,True,grc,,False,,False,Indo-European languages,Indo-European languages,pre_review_reconciled,,Indo-European languages,family_analysis_mapping_reviewed.csv
grr,Taznatit,,,,,Arab|Tfng,Arab|Tfng,Arab,Arab,rtl,,True,False,2,False,False,False,False,cldr,48.2.0,ber,afa,Afro-Asiatic languages,Berber languages,Afro-Asiatic languages,2026-05-15,2026-06-15,grr,,grr,language_code,,True,grr,,False,,False,Afro-Asiatic languages,Afro-Asiatic languages,pre_review_reconciled,,Afro-Asiatic languages,family_analysis_mapping_reviewed.csv
grt,Garo,,,,,Beng,Beng,Beng,Beng,ltr,,True,False,1,False,False,False,False,cldr,48.2.0,sit,sit,Sino-Tibetan languages,Sino-Tibetan languages,Sino-Tibetan languages,2026-04-22,2026-06-15,grt,,grt,language_code,,True,grt,,False,,False,Sino-Tibetan languages,Sino-Tibetan languages,pre_review_reconciled,,Sino-Tibetan languages,family_analysis_mapping_reviewed.csv
gsw,Swiss German,,,gsw,,Latn,Latn,Latn,Latn,ltr,,True,True,1,False,True,False,False,cldr|iso639_2,48.2.0,gem,ine,Indo-European languages,Germanic languages,Indo-European languages,2026-04-22,2026-06-15,gsw,,gsw,iso639_2_t,,True,gsw,,False,,False,Indo-European languages,Indo-European languages,pre_review_reconciled,,Indo-European languages,family_analysis_mapping_reviewed.csv
gu,Gujarati,ગુજરાતી,gu,guj,,Gujr,Gujr,Gujr,Gujr,ltr,ltr,True,False,1,True,True,True,False,cldr|iso639_1|iso639_2|wikimedia,48.2.0,inc,ine,Indo-European languages,Indo-Aryan languages,Indo-European languages,2026-04-22,2026-06-15,gu,gu,gu,iso639_1,,True,gu|guj,gu,True,gu,True,Indo-European languages,Indo-European languages,pre_review_reconciled,,Indo-European languages,family_analysis_mapping_reviewed.csv
gub,Guajajára,,,,,Latn,Latn,Latn,Latn,ltr,,True,False,1,False,False,False,False,cldr,48.2.0,sai,sai,South American Indian languages,South American Indian languages,South American Indian languages,2026-04-22,2026-06-15,gub,,gub,language_code,,True,gub,,False,,False,South American Indian languages,Tupian,family_reconciliation_reviewed:json_fallback_language,,Tupian,family_analysis_mapping_reviewed.csv
guc,Wayuu,,,,,Latn,Latn,Latn,Latn,ltr,,True,False,1,False,False,False,False,cldr,48.2.0,sai,sai,South American Indian languages,South American Indian languages,Arawakan,2026-04-22,2026-06-15,guc,,guc,language_code,,True,guc,,False,,False,Arawakan,Arawakan,family_reconciliation_reviewed:iso_glottolog_pair,,Arawakan,family_analysis_mapping_reviewed.csv
gur,Frafra,,,,,Latn,Latn,Latn,Latn,ltr,,True,False,1,False,False,False,False,cldr,48.2.0,nic,nic,Niger-Kordofanian languages,Niger-Kordofanian languages,Atlantic-Congo,2026-04-22,2026-06-15,gur,,gur,language_code,,True,gur,,False,,False,Atlantic-Congo,Atlantic-Congo,family_reconciliation_reviewed:iso_glottolog_pair,,Atlantic-Congo,family_analysis_mapping_reviewed.csv
guz,Gusii,,,,,Latn,Latn,Latn,Latn,ltr,,True,False,1,False,False,False,False,cldr,48.2.0,bnt,nic,Niger-Kordofanian languages,Bantu languages,Atlantic-Congo,2026-04-22,2026-06-15,guz,,guz,language_code,,True,guz,,False,,False,Atlantic-Congo,Atlantic-Congo,family_reconciliation_reviewed:iso_glottolog_pair,,Atlantic-Congo,family_analysis_mapping_reviewed.csv
gv,Manx,Gaelg,gv,glv,,Latn,Latn,Latn,Latn,ltr,ltr,True,True,1,True,True,True,False,cldr|iso639_1|iso639_2|wikimedia,48.2.0,cel,ine,Indo-European languages,Celtic languages,Indo-European languages,2026-04-22,2026-06-15,gv,gv,gv,iso639_1,,True,gv|glv,,False,,False,Indo-European languages,Indo-European languages,pre_review_reconciled,,Indo-European languages,family_analysis_mapping_reviewed.csv
gvr,Gurung,,,,,Deva,Deva,Deva,Deva,ltr,,True,False,1,False,False,False,False,cldr,48.2.0,sit,sit,Sino-Tibetan languages,Sino-Tibetan languages,Sino-Tibetan languages,2026-04-22,2026-06-15,gvr,,gvr,language_code,,True,ggn|gvr,,False,,False,Sino-Tibetan languages,Sino-Tibetan languages,pre_review_reconciled,,Sino-Tibetan languages,family_analysis_mapping_reviewed.csv
gwi,Gwichʼin,,,gwi,,Latn,Latn,Latn,Latn,ltr,,True,False,1,False,True,False,False,cldr|iso639_2,48.2.0,nai,nai,North American Indian languages,North American Indian languages,Athabaskan-Eyak-Tlingit,2026-04-22,2026-06-15,gwi,,gwi,iso639_2_t,,True,gwi,,False,,False,Athabaskan-Eyak-Tlingit,Athabaskan-Eyak-Tlingit,family_reconciliation_reviewed:iso_glottolog_pair,,Athabaskan-Eyak-Tlingit,family_analysis_mapping_reviewed.csv
ha,Hausa,هَوُسَ,ha,hau,,Latn|Arab,Latn|Arab,Latn,Latn,ltr,rtl,True,False,2,True,True,True,False,cldr|iso639_1|iso639_2|wikimedia,48.2.0,cdc,afa,Afro-Asiatic languages,Chadic languages,Afro-Asiatic languages,2026-04-22,2026-06-15,ha,ha,ha,iso639_1,,True,hau|ha,ha,True,ha,True,Afro-Asiatic languages,Afro-Asiatic languages,pre_review_reconciled,,Afro-Asiatic languages,family_analysis_mapping_reviewed.csv
hai,Haida,,,hai,,Latn,Latn,Latn,Latn,ltr,,True,False,1,False,True,False,False,cldr|iso639_2,48.2.0,,,Language isolate,Language isolate,Language isolate,2026-04-22,2026-06-15,hai,,hai,iso639_2_t,,True,hai,,False,,False,Language isolate,Language isolate,pre_review_reconciled,,Language isolate,family_analysis_mapping_reviewed.csv
hak,Hakka Chinese,客家語/Hak-kâ-ngî,,,,Hans|Hant,Hans|Hant,Hans,Hans,ltr,ltr,True,True,2,False,False,True,False,cldr|wikimedia,48.2.0,sit,sit,Sino-Tibetan languages,Sino-Tibetan languages,Sino-Tibetan languages,2026-04-22,2026-06-15,hak,hak,hak,language_code,,True,i-hak|zh-hakka|hak,,False,,False,Sino-Tibetan languages,Sino-Tibetan languages,pre_review_reconciled,,Sino-Tibetan languages,family_analysis_mapping_reviewed.csv
haw,Hawaiian,Hawai`i,,haw,,Latn,Latn,Latn,Latn,ltr,ltr,True,False,1,False,True,True,False,cldr|iso639_2|wikimedia,48.2.0,map,map,Austronesian languages,Austronesian languages,Austronesian languages,2026-04-22,2026-06-15,haw,haw,haw,iso639_2_t,,True,haw,haw,True,,False,Austronesian languages,Austronesian languages,pre_review_reconciled,,Austronesian languages,family_analysis_mapping_reviewed.csv
hax,Southern Haida,,,,,,,,,ltr,,True,True,0,False,False,False,False,cldr_v45,45,isolate,isolate,Language isolate,Language isolate,Language isolate,2026-04-22,2026-06-15,hax,,hax,language_code,,True,hax,,False,,False,Language isolate,Language isolate,family_reconciliation_reviewed:iso_glottolog_pair,,Language isolate,family_analysis_mapping_reviewed.csv
haz,Hazaragi,,,,,Arab,Arab,Arab,Arab,rtl,,True,False,1,False,False,False,False,cldr,48.2.0,inc,ine,Indo-European languages,Indo-Aryan languages,Indo-European languages,2026-04-22,2026-06-15,haz,,haz,language_code,,True,haz,,False,,False,Indo-European languages,Indo-European languages,pre_review_reconciled,,Indo-European languages,family_analysis_mapping_reviewed.csv
hdn,Northern Haida,,,,,,,,,ltr,,True,True,0,False,False,False,False,cldr_v45,45,isolate,isolate,Language isolate,Language isolate,Language isolate,2026-04-22,2026-06-15,hdn,,hdn,language_code,,True,hdn,,False,,False,Language isolate,Language isolate,family_reconciliation_reviewed:iso_glottolog_pair,,Language isolate,family_analysis_mapping_reviewed.csv
he,Hebrew,עברית,he,heb,,Hebr,Hebr,Hebr,Hebr,rtl,rtl,True,True,1,True,True,True,False,cldr|iso639_1|iso639_2|wikimedia,48.2.0,sem,afa,Afro-Asiatic languages,Semitic languages,Afro-Asiatic languages,2026-04-22,2026-06-15,he,he,he,iso639_1,,True,heb|he|iw,he,True,he,True,Afro-Asiatic languages,Afro-Asiatic languages,pre_review_reconciled,,Afro-Asiatic languages,family_analysis_mapping_reviewed.csv
hi,Hindi,हिन्दी,hi,hin,,Deva|Latn|Mahj,Deva|Latn|Mahj,Deva,Deva,ltr,ltr,True,True,3,True,True,True,False,cldr|iso639_1|iso639_2|wikimedia,48.2.0,inc,ine,Indo-European languages,Indo-Aryan languages,Indo-European languages,2026-04-22,2026-06-15,hi,hi,hi,iso639_1,,True,hin|hi,hi,True,hi,True,Indo-European languages,Indo-European languages,pre_review_reconciled,,Indo-European languages,family_analysis_mapping_reviewed.csv
hif,Fiji Hindi,,,,,Deva|Latn,Deva|Latn,Deva,Deva,ltr,,True,True,2,False,False,False,False,cldr,48.2.0,inc,ine,Indo-European languages,Indo-Aryan languages,Indo-European languages,2026-04-22,2026-06-15,hif,,hif,language_code,,True,hif,,False,,False,Indo-European languages,Indo-European languages,pre_review_reconciled,,Indo-European languages,family_analysis_mapping_reviewed.csv
hil,Hiligaynon,,,hil,,Latn,Latn,Latn,Latn,ltr,,True,False,1,False,True,False,False,cldr|iso639_2,48.2.0,map,map,Austronesian languages,Austronesian languages,Austronesian languages,2026-04-22,2026-06-15,hil,,hil,iso639_2_t,,True,hil,hil,True,,False,Austronesian languages,Austronesian languages,pre_review_reconciled,,Austronesian languages,family_analysis_mapping_reviewed.csv
hit,Hittite,,,hit,,Xsux,Xsux,Xsux,Xsux,ltr,,False,False,1,False,True,False,False,cldr|iso639_2,48.2.0,ine,ine,Indo-European languages,Indo-European languages,Indo-European languages,2026-04-22,2026-06-15,hit,,hit,iso639_2_t,,True,hit,,False,,False,Indo-European languages,Indo-European languages,pre_review_reconciled,,Indo-European languages,family_analysis_mapping_reviewed.csv
hmd,Large Flowery Miao,,,,,Plrd,Plrd,Plrd,Plrd,ltr,,True,False,1,False,False,False,False,cldr,48.2.0,hmx,hmx,Hmong-Mien languages,Hmong-Mien languages,Hmong-Mien languages,2026-04-22,2026-06-15,hmd,,hmd,language_code,,True,hmd,,False,,False,Hmong-Mien languages,Hmong-Mien languages,pre_review_reconciled,,Hmong-Mien languages,family_analysis_mapping_reviewed.csv
hmn,Hmong,,,hmn,,Latn|Hmng,Latn|Hmng,Latn,Latn,ltr,,True,False,2,False,True,False,False,cldr|iso639_2,48.2.0,hmx,hmx,Hmong-Mien languages,Hmong-Mien languages,Hmong-Mien languages,2026-04-22,2026-06-15,hmn,,hmn,iso639_2_t,,True,hmn,hmn,True,,False,Hmong-Mien languages,Hmong-Mien languages,pre_review_reconciled,,Hmong-Mien languages,family_analysis_mapping_reviewed.csv
hnd,Southern Hindko,,,,,Arab,Arab,Arab,Arab,rtl,,True,False,1,False,False,False,False,cldr,48.2.0,inc,ine,Indo-European languages,Indo-Aryan languages,Indo-European languages,2026-04-22,2026-06-15,hnd,,hnd,language_code,,True,hnd,,False,,False,Indo-European languages,Indo-European languages,pre_review_reconciled,,Indo-European languages,family_analysis_mapping_reviewed.csv
hne,Chhattisgarhi,,,,,Deva,Deva,Deva,Deva,ltr,,True,False,1,False,False,False,False,cldr,48.2.0,inc,ine,Indo-European languages,Indo-Aryan languages,Indo-European languages,2026-04-22,2026-06-15,hne,,hne,language_code,,True,hne,,False,,False,Indo-European languages,Indo-European languages,pre_review_reconciled,,Indo-European languages,family_analysis_mapping_reviewed.csv
hnj,Hmong Njua,,,,,Laoo,Laoo,Laoo,Laoo,ltr,,True,False,1,False,False,False,False,cldr,48.2.0,hmx,hmx,Hmong-Mien languages,Hmong-Mien languages,Hmong-Mien languages,2026-04-22,2026-06-15,hnj,,hnj,language_code,,True,hnj,,False,,False,Hmong-Mien languages,Hmong-Mien languages,pre_review_reconciled,,Hmong-Mien languages,family_analysis_mapping_reviewed.csv
hnn,Hanunoo,,,,,Latn|Hano,Latn|Hano,Latn,Latn,ltr,,True,False,2,False,False,False,False,cldr,48.2.0,map,map,Austronesian languages,Austronesian languages,Austronesian languages,2026-04-22,2026-06-15,hnn,,hnn,language_code,,True,hnn,,False,,False,Austronesian languages,Austronesian languages,pre_review_reconciled,,Austronesian languages,family_analysis_mapping_reviewed.csv
hno,Northern Hindko,,,,,Arab,Arab,Arab,Arab,rtl,,True,False,1,False,False,False,False,cldr,48.2.0,inc,ine,Indo-European languages,Indo-Aryan languages,Indo-European languages,2026-04-22,2026-06-15,hno,,hno,language_code,,True,hno,,False,,False,Indo-European languages,Indo-European languages,pre_review_reconciled,,Indo-European languages,family_analysis_mapping_reviewed.csv
ho,Hiri Motu,Hiri Motu,ho,hmo,,Latn,Latn,Latn,Latn,ltr,ltr,True,True,1,True,True,True,False,cldr|iso639_1|iso639_2|wikimedia,48.2.0,crp,crp,Creoles and pidgins,Creoles and pidgins,Creoles and pidgins,2026-04-22,2026-06-15,ho,ho,ho,iso639_1,,True,ho|hmo,,False,,False,Creoles and pidgins,Creoles and pidgins,family_reconciliation_reviewed:iso_glottolog_pair,,Creoles and pidgins,family_analysis_mapping_reviewed.csv
hoc,Ho,,,,,Deva|Wara,Deva|Wara,Deva,Deva,ltr,,True,False,2,False,False,False,False,cldr,48.2.0,aav,aav,Austro-Asiatic languages,Austro-Asiatic languages,Austro-Asiatic languages,2026-04-22,2026-06-15,hoc,,hoc,language_code,,True,hoc,,False,,False,Austro-Asiatic languages,Austro-Asiatic languages,family_reconciliation_reviewed:iso_glottolog_pair,,Austro-Asiatic languages,family_analysis_mapping_reviewed.csv
hoj,Hadothi,,,,,Deva,Deva,Deva,Deva,ltr,,True,False,1,False,False,False,False,cldr,48.2.0,inc,ine,Indo-European languages,Indo-Aryan languages,Indo-European languages,2026-04-22,2026-06-15,hoj,,hoj,language_code,,True,hoj,,False,,False,Indo-European languages,Indo-European languages,pre_review_reconciled,,Indo-European languages,family_analysis_mapping_reviewed.csv
hop,Hopi,,,,,Latn,Latn,Latn,Latn,ltr,,True,False,1,False,False,False,False,cldr,48.2.0,nai,nai,North American Indian languages,North American Indian languages,Uto-Aztecan,2026-04-22,2026-06-15,hop,,hop,language_code,,True,hop,,False,,False,Uto-Aztecan,Uto-Aztecan,family_reconciliation_reviewed:iso_glottolog_pair,,Uto-Aztecan,family_analysis_mapping_reviewed.csv
hr,Croatian,Hrvatski,hr,hrv,,Latn,Latn,Latn,Latn,ltr,ltr,True,True,1,True,True,True,False,cldr|iso639_1|iso639_2|wikimedia,48.2.0,sla,ine,Indo-European languages,Slavic languages,Indo-European languages,2026-04-22,2026-06-15,hr,hr,hr,iso639_1,,True,scr|hr|hrv,hr,True,hr,True,Indo-European languages,Indo-European languages,pre_review_reconciled,,Indo-European languages,family_analysis_mapping_reviewed.csv
hsb,Upper Sorbian,,,hsb,,Latn,Latn,Latn,Latn,ltr,,True,False,1,False,True,False,False,cldr|iso639_2,48.2.0,gem,ine,Indo-European languages,Germanic languages,Indo-European languages,2026-04-22,2026-06-15,hsb,,hsb,iso639_2_t,,True,hsb,,False,,False,Indo-European languages,Indo-European languages,pre_review_reconciled,,Indo-European languages,family_analysis_mapping_reviewed.csv
hsn,Xiang Chinese,,,,,Hans,Hans,Hans,Hans,ltr,,True,False,1,False,False,False,False,cldr,48.2.0,sit,sit,Sino-Tibetan languages,Sino-Tibetan languages,Sino-Tibetan languages,2026-04-22,2026-06-15,hsn,,hsn,language_code,,True,zh-xiang|hsn,,False,,False,Sino-Tibetan languages,Sino-Tibetan languages,pre_review_reconciled,,Sino-Tibetan languages,family_analysis_mapping_reviewed.csv
ht,Haitian Creole,Krèyol ayisyen,ht,hat,,Latn,Latn,Latn,Latn,ltr,ltr,True,True,1,True,True,True,False,cldr|iso639_1|iso639_2|wikimedia,48.2.0,roa,ine,Indo-European languages,Romance languages,Indo-European languages,2026-04-22,2026-06-15,ht,ht,ht,iso639_1,,True,ht|hat,ht,True,,False,Indo-European languages,Indo-European languages,pre_review_reconciled,,Indo-European languages,family_analysis_mapping_reviewed.csv
hu,Hungarian,Magyar,hu,hun,,Latn,Latn,Latn,Latn,ltr,ltr,True,True,1,True,True,True,False,cldr|iso639_1|iso639_2|wikimedia,48.2.0,fiu,urj,Uralic languages,Finno-Ugrian languages,Uralic languages,2026-04-22,2026-06-15,hu,hu,hu,iso639_1,,True,hun|hu,hu,True,hu,True,Uralic languages,Uralic languages,pre_review_reconciled,,Uralic languages,family_analysis_mapping_reviewed.csv
hup,Hupa,,,hup,,Latn,Latn,Latn,Latn,ltr,,True,False,1,False,True,False,False,cldr|iso639_2,48.2.0,nai,nai,North American Indian languages,North American Indian languages,Athabaskan-Eyak-Tlingit,2026-04-22,2026-06-15,hup,,hup,iso639_2_t,,True,hup,,False,,False,Athabaskan-Eyak-Tlingit,Athabaskan-Eyak-Tlingit,family_reconciliation_reviewed:iso_glottolog_pair,,Athabaskan-Eyak-Tlingit,family_analysis_mapping_reviewed.csv
hur,Halkomelem,,,,,Latn,Latn,Latn,Latn,ltr,,True,False,1,False,False,False,False,cldr,48.2.0,nai,nai,North American Indian languages,North American Indian languages,Salishan,2026-04-22,2026-06-15,hur,,hur,language_code,,True,hur,,False,,False,Salishan,Salishan,family_reconciliation_reviewed:iso_glottolog_pair,,Salishan,family_analysis_mapping_reviewed.csv
hy,Armenian,Հայերեն,hy,hye,arm,Armn,Armn,Armn,Armn,ltr,ltr,True,True,1,True,True,True,False,cldr|iso639_1|iso639_2|wikimedia,48.2.0,hyx,hyx,Armenian languages,Armenian languages,Armenian languages,2026-04-22,2026-06-15,hy,hy,hy,iso639_1,,True,hye|arm|hy,hy,True,hy,True,Armenian languages,Armenian languages,family_reconciliation_reviewed:iso_glottolog_pair,,Armenian languages,family_analysis_mapping_reviewed.csv
hz,Herero,Otsiherero,hz,her,,Latn,Latn,Latn,Latn,ltr,ltr,True,False,1,True,True,True,False,cldr|iso639_1|iso639_2|wikimedia,48.2.0,bnt,nic,Niger-Kordofanian languages,Bantu languages,Atlantic-Congo,2026-04-22,2026-06-15,hz,hz,hz,iso639_1,,True,her|hz,,False,,False,Atlantic-Congo,Atlantic-Congo,family_reconciliation_reviewed:iso_glottolog_pair,,Atlantic-Congo,family_analysis_mapping_reviewed.csv
ia,Interlingua,Interlingua,ia,ina,,Latn,Latn,Latn,Latn,ltr,ltr,True,False,1,True,True,True,False,cldr|iso639_1|iso639_2|wikimedia,48.2.0,art,art,Artificial languages,Artificial languages,Artificial languages,2026-04-22,2026-06-15,ia,ia,ia,iso639_1,,True,ina|ia,,False,,False,Artificial languages,Artificial languages,pre_review_reconciled,,Artificial languages,family_analysis_mapping_reviewed.csv
iba,Iban,,,iba,,Latn,Latn,Latn,Latn,ltr,,True,False,1,False,True,False,False,cldr|iso639_2,48.2.0,map,map,Austronesian languages,Austronesian languages,Austronesian languages,2026-04-22,2026-06-15,iba,,iba,iso639_2_t,,True,iba|blg,,False,,False,Austronesian languages,Austronesian languages,pre_review_reconciled,,Austronesian languages,family_analysis_mapping_reviewed.csv
ibb,Ibibio,,,,,Latn,Latn,Latn,Latn,ltr,,True,False,1,False,False,False,False,cldr,48.2.0,nic,nic,Niger-Kordofanian languages,Niger-Kordofanian languages,Atlantic-Congo,2026-04-22,2026-06-15,ibb,,ibb,language_code,,True,ibb,,False,,False,Atlantic-Congo,Atlantic-Congo,family_reconciliation_reviewed:iso_glottolog_pair,,Atlantic-Congo,family_analysis_mapping_reviewed.csv
id,Indonesian,Bahasa Indonesia,id,ind,,Latn|Arab,Latn|Arab,Latn,Latn,ltr,ltr,True,True,2,True,True,True,False,cldr|iso639_1|iso639_2|wikimedia,48.2.0,map,map,Austronesian languages,Austronesian languages,Austronesian languages,2026-04-22,2026-06-15,id,id,id,iso639_1,,True,ind|id|in,id,True,id,True,Austronesian languages,Austronesian languages,pre_review_reconciled,,Austronesian languages,family_analysis_mapping_reviewed.csv
ie,Interlingue,Interlingue,ie,ile,,Latn,Latn,Latn,Latn,ltr,ltr,True,False,1,True,True,True,False,cldr|iso639_1|iso639_2|wikimedia,48.2.0,art,art,Artificial languages,Artificial languages,Artificial languages,2026-04-22,2026-06-15,ie,ie,ie,iso639_1,,True,ile|ie,,False,,False,Artificial languages,Artificial languages,pre_review_reconciled,,Artificial languages,family_analysis_mapping_reviewed.csv
ife,Ifè,,,,,Latn,Latn,Latn,Latn,ltr,,True,False,1,False,False,False,False,cldr,48.2.0,nic,nic,Niger-Kordofanian languages,Niger-Kordofanian languages,Atlantic-Congo,2026-04-22,2026-06-15,ife,,ife,language_code,,True,ife,,False,,False,Atlantic-Congo,Atlantic-Congo,family_reconciliation_reviewed:iso_glottolog_pair,,Atlantic-Congo,family_analysis_mapping_reviewed.csv
ig,Igbo,Igbo,ig,ibo,,Latn,Latn,Latn,Latn,ltr,ltr,True,False,1,True,True,True,False,cldr|iso639_1|iso639_2|wikimedia,48.2.0,nic,nic,Niger-Kordofanian languages,Niger-Kordofanian languages,Atlantic-Congo,2026-04-22,2026-06-15,ig,ig,ig,iso639_1,,True,ig|ibo,ig,True,ig,True,Atlantic-Congo,Atlantic-Congo,family_reconciliation_reviewed:iso_glottolog_pair,,Atlantic-Congo,family_analysis_mapping_reviewed.csv
ii,Sichuan Yi,ꆇꉙ / 四川彝语,ii,iii,,Yiii|Latn,Yiii|Latn,Yiii,Yiii,ltr,ltr,True,False,2,True,True,True,False,cldr|iso639_1|iso639_2|wikimedia,48.2.0,sit,sit,Sino-Tibetan languages,Sino-Tibetan languages,Sino-Tibetan languages,2026-04-22,2026-06-15,ii,ii,ii,iso639_1,,True,iii|ii,,False,,False,Sino-Tibetan languages,Sino-Tibetan languages,pre_review_reconciled,,Sino-Tibetan languages,family_analysis_mapping_reviewed.csv
ik,Inupiaq,Iñupiak,ik,ipk,,Latn,Latn,Latn,Latn,ltr,ltr,True,False,1,True,True,True,False,cldr|iso639_1|iso639_2|wikimedia,48.2.0,nai,nai,North American Indian languages,North American Indian languages,North American Indian languages,2026-04-22,2026-06-15,ik,ik,ik,iso639_1,,True,ipk|ik,,False,,False,North American Indian languages,North American Indian languages,pre_review_reconciled,,North American Indian languages,family_analysis_mapping_reviewed.csv
ike,Eastern Canadian Inuktitut,,,,,,,,,ltr,,True,True,0,False,False,False,False,cldr_v45,45,esx,esx,Eskimo-Aleut languages,Eskimo-Aleut languages,Eskimo-Aleut languages,2026-04-22,2026-06-15,ike,,ike,language_code,,True,ike,,False,,False,Eskimo-Aleut languages,Eskimo-Aleut languages,pre_review_reconciled,,Eskimo-Aleut languages,family_analysis_mapping_reviewed.csv
ikt,Western Canadian Inuktitut,,,,,Latn,Latn,Latn,Latn,ltr,,True,False,1,False,False,False,False,cldr,48.2.0,esx,esx,Eskimo-Aleut languages,Eskimo-Aleut languages,Eskimo-Aleut languages,2026-04-22,2026-06-15,ikt,,ikt,language_code,,True,ikt,,False,,False,Eskimo-Aleut languages,Eskimo-Aleut languages,pre_review_reconciled,,Eskimo-Aleut languages,family_analysis_mapping_reviewed.csv
ilo,Iloko,Ilokano,,ilo,,Latn,Latn,Latn,Latn,ltr,ltr,True,False,1,False,True,True,False,cldr|iso639_2|wikimedia,48.2.0,map,map,Austronesian languages,Austronesian languages,Austronesian languages,2026-04-22,2026-06-15,ilo,ilo,ilo,iso639_2_t,,True,ilo,ilo,True,,False,Austronesian languages,Austronesian languages,pre_review_reconciled,,Austronesian languages,family_analysis_mapping_reviewed.csv
inh,Ingush,ГӀалгӀай,,inh,,Cyrl|Arab|Latn,Cyrl|Arab|Latn,Cyrl,Cyrl,ltr,ltr,True,False,3,False,True,True,False,cldr|iso639_2|wikimedia,48.2.0,ccn,cau,Caucasian languages,North Caucasian languages,Nakh-Daghestanian,2026-04-22,2026-06-15,inh,inh,inh,iso639_2_t,,True,inh,,False,,False,Nakh-Daghestanian,Nakh-Daghestanian,family_reconciliation_reviewed:iso_glottolog_pair,,Nakh-Daghestanian,family_analysis_mapping_reviewed.csv
io,Ido,Ido,io,ido,,Latn,Latn,Latn,Latn,ltr,ltr,True,False,1,True,True,True,False,cldr|iso639_1|iso639_2|wikimedia,48.2.0,art,art,Artificial languages,Artificial languages,Artificial languages,2026-04-22,2026-06-15,io,io,io,iso639_1,,True,io|ido,,False,,False,Artificial languages,Artificial languages,pre_review_reconciled,,Artificial languages,family_analysis_mapping_reviewed.csv
is,Icelandic,Íslenska,is,isl,ice,Latn,Latn,Latn,Latn,ltr,ltr,True,True,1,True,True,True,False,cldr|iso639_1|iso639_2|wikimedia,48.2.0,gem,ine,Indo-European languages,Germanic languages,Indo-European languages,2026-04-22,2026-06-15,is,is,is,iso639_1,,True,isl|ice|is,is,True,is,True,Indo-European languages,Indo-European languages,pre_review_reconciled,,Indo-European languages,family_analysis_mapping_reviewed.csv
it,Italian,Italiano,it,ita,,Latn,Latn,Latn,Latn,ltr,ltr,True,True,1,True,True,True,False,cldr|iso639_1|iso639_2|wikimedia,48.2.0,roa,ine,Indo-European languages,Romance languages,Indo-European languages,2026-04-22,2026-06-15,it,it,it,iso639_1,,True,it|ita,it,True,it,True,Indo-European languages,Indo-European languages,pre_review_reconciled,,Indo-European languages,family_analysis_mapping_reviewed.csv
iu,Inuktitut,ᐃᓄᒃᑎᑐᑦ,iu,iku,,Cans|Latn,Cans|Latn,Cans,Cans,ltr,ltr,True,False,2,True,True,True,False,cldr|iso639_1|iso639_2|wikimedia,48.2.0,esx,esx,Eskimo-Aleut languages,Eskimo-Aleut languages,Eskimo-Aleut languages,2026-04-22,2026-06-15,iu,iu,iu,iso639_1,,True,iku|iu,,False,,False,Eskimo-Aleut languages,Eskimo-Aleut languages,pre_review_reconciled,,Eskimo-Aleut languages,family_analysis_mapping_reviewed.csv
izh,Ingrian,,,,,Latn,Latn,Latn,Latn,ltr,,True,False,1,False,False,False,False,cldr,48.2.0,fiu,urj,Uralic languages,Finno-Ugrian languages,Uralic languages,2026-04-22,2026-06-15,izh,,izh,language_code,,True,izh,,False,,False,Uralic languages,Uralic languages,pre_review_reconciled,,Uralic languages,family_analysis_mapping_reviewed.csv
ja,Japanese,日本語,ja,jpn,,Jpan,Jpan,Jpan,Jpan,ltr,ltr,True,True,1,True,True,True,False,cldr|iso639_1|iso639_2|wikimedia,48.2.0,jpx,jpx,Japonic languages,Japonic languages,Japonic languages,2026-04-22,2026-06-15,ja,ja,ja,iso639_1,,True,jpn|ja,ja,True,ja,True,Japonic languages,Japonic languages,pre_review_reconciled,,Japonic languages,family_analysis_mapping_reviewed.csv
jam,Jamaican Creole English,,,,,Latn,Latn,Latn,Latn,ltr,,True,False,1,False,False,False,False,cldr,48.2.0,crp,crp,Creoles and pidgins,Creoles and pidgins,Creoles and pidgins,2026-04-22,2026-06-15,jam,,jam,language_code,,True,jam,,False,,False,Creoles and pidgins,Creoles and pidgins,family_reconciliation_reviewed:iso_glottolog_pair,,Creoles and pidgins,family_analysis_mapping_reviewed.csv
jbo,Lojban,Lojban,,jbo,,Latn,Latn,Latn,Latn,ltr,ltr,True,False,1,False,True,True,False,cldr|iso639_2|wikimedia,48.2.0,art,art,Artificial languages,Artificial languages,Artificial languages,2026-04-22,2026-06-15,jbo,jbo,jbo,iso639_2_t,,True,art-lojban|jbo,,False,,False,Artificial languages,Artificial languages,pre_review_reconciled,,Artificial languages,family_analysis_mapping_reviewed.csv
jgo,Ngomba,,,,,Latn,Latn,Latn,Latn,ltr,,True,False,1,False,False,False,False,cldr,48.2.0,bnt,nic,Niger-Kordofanian languages,Bantu languages,Atlantic-Congo,2026-04-22,2026-06-15,jgo,,jgo,language_code,,True,jgo,,False,,False,Atlantic-Congo,Atlantic-Congo,family_reconciliation_reviewed:iso_glottolog_pair,,Atlantic-Congo,family_analysis_mapping_reviewed.csv
jmc,Machame,,,,,Latn,Latn,Latn,Latn,ltr,,True,False,1,False,False,False,False,cldr,48.2.0,bnt,nic,Niger-Kordofanian languages,Bantu languages,Atlantic-Congo,2026-04-22,2026-06-15,jmc,,jmc,language_code,,True,jmc,,False,,False,Atlantic-Congo,Atlantic-Congo,family_reconciliation_reviewed:iso_glottolog_pair,,Atlantic-Congo,family_analysis_mapping_reviewed.csv
jml,Jumli,,,,,Deva,Deva,Deva,Deva,ltr,,True,False,1,False,False,False,False,cldr,48.2.0,inc,ine,Indo-European languages,Indo-Aryan languages,Indo-European languages,2026-04-22,2026-06-15,jml,,jml,language_code,,True,jml,,False,,False,Indo-European languages,Indo-European languages,pre_review_reconciled,,Indo-European languages,family_analysis_mapping_reviewed.csv
jpr,Judeo-Persian,,,jpr,,Hebr,Hebr,Hebr,Hebr,rtl,,True,False,1,False,True,False,False,cldr|iso639_2,48.2.0,inc,ine,Indo-European languages,Indo-Aryan languages,Indo-European languages,2026-04-22,2026-06-15,jpr,,jpr,iso639_2_t,,True,jpr,,False,,False,Indo-European languages,Indo-European languages,pre_review_reconciled,,Indo-European languages,family_analysis_mapping_reviewed.csv
jrb,Judeo-Arabic,,,jrb,,Hebr,Hebr,Hebr,Hebr,rtl,,True,False,1,False,True,False,False,cldr|iso639_2,48.2.0,sem,afa,Afro-Asiatic languages,Semitic languages,Afro-Asiatic languages,2026-04-22,2026-06-15,jrb,,jrb,iso639_2_t,,True,jrb,,False,,False,Afro-Asiatic languages,Afro-Asiatic languages,pre_review_reconciled,,Afro-Asiatic languages,family_analysis_mapping_reviewed.csv
jut,Jutish,,,,,Latn,Latn,Latn,Latn,ltr,,True,False,1,False,False,False,False,cldr,48.2.0,gem,ine,Indo-European languages,Germanic languages,Indo-European languages,2026-04-22,2026-06-15,jut,,jut,language_code,,True,jut,,False,,False,Indo-European languages,Indo-European languages,pre_review_reconciled,,Indo-European languages,family_analysis_mapping_reviewed.csv
jv,Javanese,Basa Jawa,jv,jav,,Latn|Java,Latn|Java,Latn,Latn,ltr,ltr,True,False,2,True,True,True,False,cldr|iso639_1|iso639_2|wikimedia,48.2.0,map,map,Austronesian languages,Austronesian languages,Austronesian languages,2026-04-22,2026-06-15,jv,jv,jv,iso639_1,,True,jv|jav|jw,jv,True,,False,Austronesian languages,Austronesian languages,pre_review_reconciled,,Austronesian languages,family_analysis_mapping_reviewed.csv
ka,Georgian,ქართული,ka,kat,geo,Geor,Geor,Geor,Geor,ltr,ltr,True,True,1,True,True,True,False,cldr|iso639_1|iso639_2|wikimedia,48.2.0,ccs,cau,Caucasian languages,South Caucasian languages,Kartvelian,2026-04-22,2026-06-15,ka,ka,ka,iso639_1,,True,ka|geo|kat,ka,True,ka,True,Kartvelian,Kartvelian,family_reconciliation_reviewed:iso_glottolog_pair,,Kartvelian,family_analysis_mapping_reviewed.csv
kaa,Kara-Kalpak,,,kaa,,Cyrl|Latn,Cyrl|Latn,Cyrl,Cyrl,ltr,,True,False,2,False,True,False,False,cldr|iso639_2,48.2.0,trk,tut,Altaic languages,Turkic languages,Turkic,2026-04-22,2026-06-15,kaa,,kaa,iso639_2_t,,True,kaa,,False,,False,Turkic,Turkic,family_reconciliation_reviewed:iso_glottolog_pair,,Turkic,family_analysis_mapping_reviewed.csv
kab,Kabyle,,,kab,,Latn,Latn,Latn,Latn,ltr,,True,False,1,False,True,False,False,cldr|iso639_2,48.2.0,ber,afa,Afro-Asiatic languages,Berber languages,Afro-Asiatic languages,2026-04-22,2026-06-15,kab,,kab,iso639_2_t,,True,kab,,False,,False,Afro-Asiatic languages,Afro-Asiatic languages,pre_review_reconciled,,Afro-Asiatic languages,family_analysis_mapping_reviewed.csv
kac,Kachin,,,kac,,Latn,Latn,Latn,Latn,ltr,,True,False,1,False,True,False,False,cldr|iso639_2,48.2.0,sit,sit,Sino-Tibetan languages,Sino-Tibetan languages,Sino-Tibetan languages,2026-04-22,2026-06-15,kac,,kac,iso639_2_t,,True,kac,,False,,False,Sino-Tibetan languages,Sino-Tibetan languages,pre_review_reconciled,,Sino-Tibetan languages,family_analysis_mapping_reviewed.csv
kaj,Jju,,,,,Latn,Latn,Latn,Latn,ltr,,True,False,1,False,False,False,False,cldr,48.2.0,nic,nic,Niger-Kordofanian languages,Niger-Kordofanian languages,Atlantic-Congo,2026-04-22,2026-06-15,kaj,,kaj,language_code,,True,kaj,,False,,False,Atlantic-Congo,Atlantic-Congo,family_reconciliation_reviewed:iso_glottolog_pair,,Atlantic-Congo,family_analysis_mapping_reviewed.csv
kam,Kamba,,,kam,,Latn,Latn,Latn,Latn,ltr,,True,False,1,False,True,False,False,cldr|iso639_2,48.2.0,bnt,nic,Niger-Kordofanian languages,Bantu languages,Atlantic-Congo,2026-04-22,2026-06-15,kam,,kam,iso639_2_t,,True,kam,,False,,False,Atlantic-Congo,Atlantic-Congo,family_reconciliation_reviewed:iso_glottolog_pair,,Atlantic-Congo,family_analysis_mapping_reviewed.csv
kao,Xaasongaxango,,,,,Latn,Latn,Latn,Latn,ltr,,True,False,1,False,False,False,False,cldr,48.2.0,nic,nic,Niger-Kordofanian languages,Niger-Kordofanian languages,Mande,2026-04-22,2026-06-15,kao,,kao,language_code,,True,kao,,False,,False,Mande,Mande,family_reconciliation_reviewed:iso_glottolog_pair,,Mande,family_analysis_mapping_reviewed.csv
kaw,Kawi,,,kaw,,Bali|Java|Kawi,Bali|Java|Kawi,Bali,Bali,ltr,,True,False,3,False,True,False,False,cldr|iso639_2,48.2.0,map,map,Austronesian languages,Austronesian languages,Austronesian languages,2026-04-22,2026-06-15,kaw,,kaw,iso639_2_t,,True,kaw,,False,,False,Austronesian languages,Austronesian languages,pre_review_reconciled,,Austronesian languages,family_analysis_mapping_reviewed.csv
kbd,Kabardian,,,kbd,,Cyrl,Cyrl,Cyrl,Cyrl,ltr,,True,False,1,False,True,False,False,cldr|iso639_2,48.2.0,ccn,cau,Caucasian languages,North Caucasian languages,Abkhaz-Adyge,2026-04-22,2026-06-15,kbd,,kbd,iso639_2_t,,True,kbd,,False,,False,Abkhaz-Adyge,Abkhaz-Adyge,family_reconciliation_reviewed:iso_glottolog_pair,,Abkhaz-Adyge,family_analysis_mapping_reviewed.csv
kbl,Kanembu,,,,,,,,,ltr,,True,True,0,False,False,False,False,cldr_v45,45,ssa,ssa,Nilo-Saharan languages,Nilo-Saharan languages,Saharan,2026-04-22,2026-06-15,kbl,,kbl,language_code,,True,kbl,,False,,False,Saharan,Saharan,family_reconciliation_reviewed:iso_glottolog_pair,,Saharan,family_analysis_mapping_reviewed.csv
kca,Khanty,,,,,Cyrl,Cyrl,Cyrl,Cyrl,ltr,,True,False,1,False,False,False,False,cldr,48.2.0,fiu,urj,Uralic languages,Finno-Ugrian languages,Uralic languages,2026-04-22,2026-06-15,kca,,kca,language_code,,True,kca,,False,,False,Uralic languages,Uralic languages,pre_review_reconciled,,Uralic languages,family_analysis_mapping_reviewed.csv
kcg,Tyap,,,,,Latn,Latn,Latn,Latn,ltr,,True,False,1,False,False,False,False,cldr,48.2.0,nic,nic,Niger-Kordofanian languages,Niger-Kordofanian languages,Atlantic-Congo,2026-04-22,2026-06-15,kcg,,kcg,language_code,,True,kcg,,False,,False,Atlantic-Congo,Atlantic-Congo,family_reconciliation_reviewed:iso_glottolog_pair,,Atlantic-Congo,family_analysis_mapping_reviewed.csv
kck,Kalanga,,,,,Latn,Latn,Latn,Latn,ltr,,True,False,1,False,False,False,False,cldr,48.2.0,nic,nic,Niger-Kordofanian languages,Niger-Kordofanian languages,Atlantic-Congo,2026-04-22,2026-06-15,kck,,kck,language_code,,True,kck,,False,,False,Atlantic-Congo,Atlantic-Congo,family_reconciliation_reviewed:iso_glottolog_pair,,Atlantic-Congo,family_analysis_mapping_reviewed.csv
kde,Makonde,,,,,Latn,Latn,Latn,Latn,ltr,,True,False,1,False,False,False,False,cldr,48.2.0,bnt,nic,Niger-Kordofanian languages,Bantu languages,Atlantic-Congo,2026-04-22,2026-06-15,kde,,kde,language_code,,True,kde,,False,,False,Atlantic-Congo,Atlantic-Congo,family_reconciliation_reviewed:iso_glottolog_pair,,Atlantic-Congo,family_analysis_mapping_reviewed.csv
kdt,Kuy,,,,,Thai,Thai,Thai,Thai,ltr,,True,False,1,False,False,False,False,cldr,48.2.0,aav,aav,Austro-Asiatic languages,Austro-Asiatic languages,Austro-Asiatic languages,2026-04-22,2026-06-15,kdt,,kdt,language_code,,True,kdt,,False,,False,Austro-Asiatic languages,Austro-Asiatic languages,family_reconciliation_reviewed:iso_glottolog_pair,,Austro-Asiatic languages,family_analysis_mapping_reviewed.csv
kea,Kabuverdianu,,,,,Latn,Latn,Latn,Latn,ltr,,True,False,1,False,False,False,False,cldr,48.2.0,crp,crp,Creoles and pidgins,Creoles and pidgins,Creoles and pidgins,2026-04-22,2026-06-15,kea,,kea,language_code,,True,kea,,False,,False,Creoles and pidgins,Creoles and pidgins,family_reconciliation_reviewed:iso_glottolog_pair,,Creoles and pidgins,family_analysis_mapping_reviewed.csv
ken,Kenyang,,,,,Latn,Latn,Latn,Latn,ltr,,True,False,1,False,False,False,False,cldr,48.2.0,nic,nic,Niger-Kordofanian languages,Niger-Kordofanian languages,Atlantic-Congo,2026-04-22,2026-06-15,ken,,ken,language_code,,True,ken,,False,,False,Atlantic-Congo,Atlantic-Congo,family_reconciliation_reviewed:iso_glottolog_pair,,Atlantic-Congo,family_analysis_mapping_reviewed.csv
kfo,Koro,,,,,Latn,Latn,Latn,Latn,ltr,,True,False,1,False,False,False,False,cldr,48.2.0,nic,nic,Niger-Kordofanian languages,Niger-Kordofanian languages,Mande,2026-04-22,2026-06-15,kfo,,kfo,language_code,,True,kfo,,False,,False,Mande,Mande,family_reconciliation_reviewed:iso_glottolog_pair,,Mande,family_analysis_mapping_reviewed.csv
kfr,Kachhi,,,,,Deva,Deva,Deva,Deva,ltr,,True,False,1,False,False,False,False,cldr,48.2.0,inc,ine,Indo-European languages,Indo-Aryan languages,Indo-European languages,2026-04-22,2026-06-15,kfr,,kfr,language_code,,True,kfr,,False,,False,Indo-European languages,Indo-European languages,pre_review_reconciled,,Indo-European languages,family_analysis_mapping_reviewed.csv
kfy,Kumaoni,,,,,Deva,Deva,Deva,Deva,ltr,,True,False,1,False,False,False,False,cldr,48.2.0,inc,ine,Indo-European languages,Indo-Aryan languages,Indo-European languages,2026-04-22,2026-06-15,kfy,,kfy,language_code,,True,kfy,,False,,False,Indo-European languages,Indo-European languages,pre_review_reconciled,,Indo-European languages,family_analysis_mapping_reviewed.csv
kg,Kongo,KiKongo,kg,kon,,Latn,Latn,Latn,Latn,ltr,ltr,True,False,1,True,True,True,False,cldr|iso639_1|iso639_2|wikimedia,48.2.0,bnt,nic,Niger-Kordofanian languages,Bantu languages,Niger-Kordofanian languages,2026-04-22,2026-06-15,kg,kg,kg,iso639_1,,True,kg|kon,,False,,False,Niger-Kordofanian languages,Niger-Kordofanian languages,pre_review_reconciled,,Niger-Kordofanian languages,family_analysis_mapping_reviewed.csv
kge,Komering,,,,,Latn,Latn,Latn,Latn,ltr,,True,False,1,False,False,False,False,cldr,48.2.0,map,map,Austronesian languages,Austronesian languages,Austronesian languages,2026-04-22,2026-06-15,kge,,kge,language_code,,True,kge,,False,,False,Austronesian languages,Austronesian languages,pre_review_reconciled,,Austronesian languages,family_analysis_mapping_reviewed.csv
kgp,Kaingang,,,,,Latn,Latn,Latn,Latn,ltr,,True,False,1,False,False,False,False,cldr,48.2.0,sai,sai,South American Indian languages,South American Indian languages,Nuclear-Macro-Je,2026-04-22,2026-06-15,kgp,,kgp,language_code,,True,kgp,,False,,False,Nuclear-Macro-Je,Nuclear-Macro-Je,family_reconciliation_reviewed:iso_glottolog_pair,,Nuclear-Macro-Je,family_analysis_mapping_reviewed.csv
kha,Khasi,,,kha,,Latn|Beng,Latn|Beng,Latn,Latn,ltr,,True,False,2,False,True,False,False,cldr|iso639_2,48.2.0,aav,aav,Austro-Asiatic languages,Austro-Asiatic languages,Austro-Asiatic languages,2026-04-22,2026-06-15,kha,,kha,iso639_2_t,,True,kha,,False,,False,Austro-Asiatic languages,Austro-Asiatic languages,family_reconciliation_reviewed:iso_glottolog_pair,,Austro-Asiatic languages,family_analysis_mapping_reviewed.csv
khb,Lü,,,,,Talu,Talu,Talu,Talu,ltr,,True,False,1,False,False,False,False,cldr,48.2.0,tai,tai,Tai-Kadai languages,Tai-Kadai languages,Tai-Kadai languages,2026-04-22,2026-06-15,khb,,khb,language_code,,True,khb,,False,,False,Tai-Kadai languages,Tai-Kadai languages,pre_review_reconciled,,Tai-Kadai languages,family_analysis_mapping_reviewed.csv
khn,Khandesi,,,,,Deva,Deva,Deva,Deva,ltr,,True,False,1,False,False,False,False,cldr,48.2.0,inc,ine,Indo-European languages,Indo-Aryan languages,Indo-European languages,2026-04-22,2026-06-15,khn,,khn,language_code,,True,khn,,False,,False,Indo-European languages,Indo-European languages,pre_review_reconciled,,Indo-European languages,family_analysis_mapping_reviewed.csv
kho,Khotanese,,,kho,,,,,,ltr,,True,False,0,False,True,False,False,loc_only,,ira,ine,Indo-European languages,Iranian languages,Indo-European languages,2026-04-22,2026-06-15,kho,,kho,iso639_2_t,,True,kho,,False,,False,Indo-European languages,Indo-European languages,pre_review_reconciled,,Indo-European languages,family_analysis_mapping_reviewed.csv
khq,Koyra Chiini,,,,,Latn,Latn,Latn,Latn,ltr,,True,False,1,False,False,False,False,cldr,48.2.0,ssa,ssa,Nilo-Saharan languages,Nilo-Saharan languages,Songhay,2026-04-22,2026-06-15,khq,,khq,language_code,,True,khq,,False,,False,Songhay,Songhay,family_reconciliation_reviewed:iso_glottolog_pair,,Songhay,family_analysis_mapping_reviewed.csv
kht,Khamti,,,,,Mymr,Mymr,Mymr,Mymr,ltr,,True,False,1,False,False,False,False,cldr,48.2.0,sit,sit,Sino-Tibetan languages,Sino-Tibetan languages,Tai-Kadai,2026-04-22,2026-06-15,kht,,kht,language_code,,True,kht,,False,,False,Tai-Kadai,Tai-Kadai,family_reconciliation_reviewed:iso_glottolog_pair,,Tai-Kadai languages,family_analysis_mapping_reviewed.csv
khw,Khowar,کھوار,,,,Arab,Arab,Arab,Arab,rtl,rtl,True,False,1,False,False,True,False,cldr|wikimedia,48.2.0,ira,ine,Indo-European languages,Iranian languages,Indo-European languages,2026-04-22,2026-06-15,khw,khw,khw,language_code,,True,khw,,False,,False,Indo-European languages,Indo-European languages,pre_review_reconciled,,Indo-European languages,family_analysis_mapping_reviewed.csv
ki,Kikuyu,Gĩkũyũ,ki,kik,,Latn,Latn,Latn,Latn,ltr,ltr,True,False,1,True,True,True,False,cldr|iso639_1|iso639_2|wikimedia,48.2.0,bnt,nic,Niger-Kordofanian languages,Bantu languages,Atlantic-Congo,2026-04-22,2026-06-15,ki,ki,ki,iso639_1,,True,kik|ki,,False,,False,Atlantic-Congo,Atlantic-Congo,family_reconciliation_reviewed:iso_glottolog_pair,,Atlantic-Congo,family_analysis_mapping_reviewed.csv
kiu,Kirmanjki,,,,,Latn,Latn,Latn,Latn,ltr,,True,False,1,False,False,False,False,cldr,48.2.0,ira,ine,Indo-European languages,Iranian languages,Indo-European languages,2026-04-22,2026-06-15,kiu,,kiu,language_code,,True,kiu,,False,,False,Indo-European languages,Indo-European languages,pre_review_reconciled,,Indo-European languages,family_analysis_mapping_reviewed.csv
kj,Kuanyama,Kuanyama,kj,kua,,Latn,Latn,Latn,Latn,ltr,ltr,True,False,1,True,True,True,False,cldr|iso639_1|iso639_2|wikimedia,48.2.0,bnt,nic,Niger-Kordofanian languages,Bantu languages,Atlantic-Congo,2026-04-22,2026-06-15,kj,kj,kj,iso639_1,,True,kj|kua,,False,,False,Atlantic-Congo,Atlantic-Congo,family_reconciliation_reviewed:iso_glottolog_pair,,Atlantic-Congo,family_analysis_mapping_reviewed.csv
kjg,Khmu,,,,,Laoo|Latn,Laoo|Latn,Laoo,Laoo,ltr,,True,False,2,False,False,False,False,cldr,48.2.0,aav,aav,Austro-Asiatic languages,Austro-Asiatic languages,Austro-Asiatic languages,2026-04-22,2026-06-15,kjg,,kjg,language_code,,True,kjg,,False,,False,Austro-Asiatic languages,Austro-Asiatic languages,family_reconciliation_reviewed:iso_glottolog_pair,,Austro-Asiatic languages,family_analysis_mapping_reviewed.csv
kjh,Khakas,,,,,Cyrl,Cyrl,Cyrl,Cyrl,ltr,,True,False,1,False,False,False,False,cldr,48.2.0,trk,tut,Altaic languages,Turkic languages,Turkic,2026-04-22,2026-06-15,kjh,,kjh,language_code,,True,kjh,,False,,False,Turkic,Turkic,family_reconciliation_reviewed:iso_glottolog_pair,,Turkic,family_analysis_mapping_reviewed.csv
kk,Kazakh,Қазақша,kk,kaz,,Cyrl|Arab,Cyrl|Arab,Cyrl,Cyrl,ltr,ltr,True,True,2,True,True,True,False,cldr|iso639_1|iso639_2|wikimedia,48.2.0,trk,tut,Altaic languages,Turkic languages,Turkic,2026-04-22,2026-06-15,kk,kk,kk,iso639_1,,True,kaz|kk,kk,True,,False,Turkic,Turkic,family_reconciliation_reviewed:iso_glottolog_pair,,Turkic,family_analysis_mapping_reviewed.csv
kkj,Kako,,,,,Latn,Latn,Latn,Latn,ltr,,True,False,1,False,False,False,False,cldr,48.2.0,bnt,nic,Niger-Kordofanian languages,Bantu languages,Atlantic-Congo,2026-04-22,2026-06-15,kkj,,kkj,language_code,,True,kkj,,False,,False,Atlantic-Congo,Atlantic-Congo,family_reconciliation_reviewed:iso_glottolog_pair,,Atlantic-Congo,family_analysis_mapping_reviewed.csv
kl,Kalaallisut,Kalaallisut,kl,kal,,Latn,Latn,Latn,Latn,ltr,ltr,True,True,1,True,True,True,False,cldr|iso639_1|iso639_2|wikimedia,48.2.0,nai,nai,North American Indian languages,North American Indian languages,Eskimo-Aleut,2026-04-22,2026-06-15,kl,kl,kl,iso639_1,,True,kal|kl,,False,,False,Eskimo-Aleut,Eskimo-Aleut,family_reconciliation_reviewed:iso_glottolog_pair,,Eskimo-Aleut languages,family_analysis_mapping_reviewed.csv
kln,Kalenjin,,,,,Latn,Latn,Latn,Latn,ltr,,True,False,1,False,False,False,False,cldr,48.2.0,ssa,ssa,Nilo-Saharan languages,Nilo-Saharan languages,Nilo-Saharan languages,2026-04-22,2026-06-15,kln,,kln,language_code,,True,kln,,False,,False,Nilo-Saharan languages,Nilotic,family_reconciliation_reviewed:json_fallback_language,,Nilotic,family_analysis_mapping_reviewed.csv
km,Khmer,ភាសាខ្មែរ,km,khm,,Khmr,Khmr,Khmr,Khmr,ltr,ltr,True,True,1,True,True,True,False,cldr|iso639_1|iso639_2|wikimedia,48.2.0,mkh,aav,Austro-Asiatic languages,Mon-Khmer languages,Austro-Asiatic languages,2026-04-22,2026-06-15,km,km,km,iso639_1,,True,khm|km,km,True,km,True,Austro-Asiatic languages,Austro-Asiatic languages,family_reconciliation_reviewed:iso_glottolog_pair,,Austro-Asiatic languages,family_analysis_mapping_reviewed.csv
kmb,Kimbundu,,,kmb,,Latn,Latn,Latn,Latn,ltr,,True,False,1,False,True,False,False,cldr|iso639_2,48.2.0,bnt,nic,Niger-Kordofanian languages,Bantu languages,Atlantic-Congo,2026-04-22,2026-06-15,kmb,,kmb,iso639_2_t,,True,kmb,,False,,False,Atlantic-Congo,Atlantic-Congo,family_reconciliation_reviewed:iso_glottolog_pair,,Atlantic-Congo,family_analysis_mapping_reviewed.csv
kn,Kannada,ಕನ್ನಡ,kn,kan,,Knda,Knda,Knda,Knda,ltr,ltr,True,False,1,True,True,True,False,cldr|iso639_1|iso639_2|wikimedia,48.2.0,dra,dra,Dravidian languages,Dravidian languages,Dravidian languages,2026-04-22,2026-06-15,kn,kn,kn,iso639_1,,True,kan|kn,kn,True,kn,True,Dravidian languages,Dravidian languages,pre_review_reconciled,,Dravidian languages,family_analysis_mapping_reviewed.csv
knf,Mankanya,,,,,Latn,Latn,Latn,Latn,ltr,,True,False,1,False,False,False,False,cldr,48.2.0,nic,nic,Niger-Kordofanian languages,Niger-Kordofanian languages,Atlantic-Congo,2026-05-15,2026-06-15,knf,,knf,language_code,,True,knf,,False,,False,Atlantic-Congo,Atlantic-Congo,family_reconciliation_reviewed:iso_glottolog_pair,,Atlantic-Congo,family_analysis_mapping_reviewed.csv
knn,Konkani (individual language),,,,,Deva,Deva,Deva,Deva,ltr,,True,False,1,False,False,False,False,cldr,48.2.0,inc,ine,Indo-European languages,Indo-Aryan languages,Indo-European languages,2026-05-15,2026-06-15,knn,,knn,language_code,,True,knn,,False,,False,Indo-European languages,Indo-European languages,pre_review_reconciled,,Indo-European languages,family_analysis_mapping_reviewed.csv
ko,Korean,한국어,ko,kor,,Kore,Kore,Kore,Kore,ltr,ltr,True,True,1,True,True,True,False,cldr|iso639_1|iso639_2|wikimedia,48.2.0,isolate,isolate,Language isolate,Language isolate,Language isolate,2026-04-22,2026-06-15,ko,ko,ko,iso639_1,,True,kor|ko,ko,True,ko,True,Language isolate,Language isolate,family_reconciliation_reviewed:iso_glottolog_pair,,Language isolate,family_analysis_mapping_reviewed.csv
koi,Komi-Permyak,,,,,Cyrl,Cyrl,Cyrl,Cyrl,ltr,,True,False,1,False,False,False,False,cldr,48.2.0,fiu,urj,Uralic languages,Finno-Ugrian languages,Uralic languages,2026-04-22,2026-06-15,koi,,koi,language_code,,True,koi,,False,,False,Uralic languages,Uralic languages,pre_review_reconciled,,Uralic languages,family_analysis_mapping_reviewed.csv
kok,Konkani,,,kok,,Deva|Latn,Deva|Latn,Deva,Deva,ltr,,True,False,2,False,True,False,False,cldr|iso639_2,48.2.0,inc,ine,Indo-European languages,Indo-Aryan languages,Indo-European languages,2026-04-22,2026-06-15,kok,,kok,iso639_2_t,,True,kok,,False,,False,Indo-European languages,Indo-European languages,pre_review_reconciled,,Indo-European languages,family_analysis_mapping_reviewed.csv
kos,Kosraean,,,kos,,Latn,Latn,Latn,Latn,ltr,,True,False,1,False,True,False,False,cldr|iso639_2,48.2.0,map,map,Austronesian languages,Austronesian languages,Austronesian languages,2026-04-22,2026-06-15,kos,,kos,iso639_2_t,,True,kos,,False,,False,Austronesian languages,Austronesian languages,pre_review_reconciled,,Austronesian languages,family_analysis_mapping_reviewed.csv
kpe,Kpelle,,,kpe,,Latn,Latn,Latn,Latn,ltr,,True,False,1,False,True,False,False,cldr|iso639_2,48.2.0,nic,nic,Niger-Kordofanian languages,Niger-Kordofanian languages,Niger-Kordofanian languages,2026-04-22,2026-06-15,kpe,,kpe,iso639_2_t,,True,kpe,,False,,False,Niger-Kordofanian languages,Mande,family_reconciliation_reviewed:json_fallback_language,,Mande,family_analysis_mapping_reviewed.csv
kpy,Koryak,,,,,Cyrl,Cyrl,Cyrl,Cyrl,ltr,,True,False,1,False,False,False,False,cldr,48.2.0,,,Chukotko-Kamchatkan languages,Chukotko-Kamchatkan languages,Chukotko-Kamchatkan languages,2026-04-22,2026-06-15,kpy,,kpy,language_code,,True,kpy,,False,,False,Chukotko-Kamchatkan languages,Chukotko-Kamchatkan languages,pre_review_reconciled,,Chukotko-Kamchatkan languages,family_analysis_mapping_reviewed.csv
kr,Kanuri,Kanuri,kr,kau,,Latn,Latn,Latn,Latn,ltr,ltr,True,False,1,True,True,True,False,cldr|iso639_1|iso639_2|wikimedia,48.2.0,ssa,ssa,Nilo-Saharan languages,Nilo-Saharan languages,Nilo-Saharan languages,2026-04-22,2026-06-15,kr,kr,kr,iso639_1,,True,kr|kau,,False,,False,Nilo-Saharan languages,Nilo-Saharan languages,pre_review_reconciled,,Nilo-Saharan languages,family_analysis_mapping_reviewed.csv
krc,Karachay-Balkar,,,krc,,Cyrl,Cyrl,Cyrl,Cyrl,ltr,,True,False,1,False,True,False,False,cldr|iso639_2,48.2.0,trk,tut,Altaic languages,Turkic languages,Turkic,2026-04-22,2026-06-15,krc,,krc,iso639_2_t,,True,krc,,False,,False,Turkic,Turkic,family_reconciliation_reviewed:iso_glottolog_pair,,Turkic,family_analysis_mapping_reviewed.csv
kri,Krio,,,,,Latn,Latn,Latn,Latn,ltr,,True,False,1,False,False,False,False,cldr,48.2.0,crp,crp,Creoles and pidgins,Creoles and pidgins,Creoles and pidgins,2026-04-22,2026-06-15,kri,,kri,language_code,,True,kri,kri,True,,False,Creoles and pidgins,Creoles and pidgins,family_reconciliation_reviewed:iso_glottolog_pair,,Creoles and pidgins,family_analysis_mapping_reviewed.csv
krj,Kinaray-a,,,,,Latn,Latn,Latn,Latn,ltr,,True,False,1,False,False,False,False,cldr,48.2.0,map,map,Austronesian languages,Austronesian languages,Austronesian languages,2026-04-22,2026-06-15,krj,,krj,language_code,,True,krj,,False,,False,Austronesian languages,Austronesian languages,pre_review_reconciled,,Austronesian languages,family_analysis_mapping_reviewed.csv
krl,Karelian,,,krl,,Latn,Latn,Latn,Latn,ltr,,True,False,1,False,True,False,False,cldr|iso639_2,48.2.0,fiu,urj,Uralic languages,Finno-Ugrian languages,Uralic languages,2026-04-22,2026-06-15,krl,,krl,iso639_2_t,,True,krl,,False,,False,Uralic languages,Uralic languages,pre_review_reconciled,,Uralic languages,family_analysis_mapping_reviewed.csv
kro,Kru languages,,,,,Latn,Latn,Latn,Latn,ltr,,True,False,1,False,False,False,False,cldr,48.2.0,kro,nic,Niger-Kordofanian languages,Kru languages,Niger-Kordofanian languages,2026-05-15,2026-06-15,kro,,kro,language_code,,True,kro,,False,,False,Niger-Kordofanian languages,Niger-Kordofanian languages,pre_review_reconciled,,Niger-Kordofanian languages,family_analysis_mapping_reviewed.csv
kru,Kurukh,,,kru,,Deva,Deva,Deva,Deva,ltr,,True,False,1,False,True,False,False,cldr|iso639_2,48.2.0,dra,dra,Dravidian languages,Dravidian languages,Dravidian languages,2026-04-22,2026-06-15,kru,,kru,iso639_2_t,,True,kxl|kru,,False,,False,Dravidian languages,Dravidian languages,pre_review_reconciled,,Dravidian languages,family_analysis_mapping_reviewed.csv
ks,Kashmiri,کٲشُر,ks,kas,,Arab|Deva,Arab|Deva,Arab,Arab,rtl,rtl,True,False,2,True,True,True,False,cldr|iso639_1|iso639_2|wikimedia,48.2.0,inc,ine,Indo-European languages,Indo-Aryan languages,Indo-European languages,2026-04-22,2026-06-15,ks,ks,ks,iso639_1,,True,kas|ks,,False,,False,Indo-European languages,Indo-European languages,pre_review_reconciled,,Indo-European languages,family_analysis_mapping_reviewed.csv
ksb,Shambala,,,,,Latn,Latn,Latn,Latn,ltr,,True,False,1,False,False,False,False,cldr,48.2.0,bnt,nic,Niger-Kordofanian languages,Bantu languages,Atlantic-Congo,2026-04-22,2026-06-15,ksb,,ksb,language_code,,True,ksb,,False,,False,Atlantic-Congo,Atlantic-Congo,family_reconciliation_reviewed:iso_glottolog_pair,,Atlantic-Congo,family_analysis_mapping_reviewed.csv
ksf,Bafia,,,,,Latn,Latn,Latn,Latn,ltr,,True,False,1,False,False,False,False,cldr,48.2.0,nic,nic,Niger-Kordofanian languages,Niger-Kordofanian languages,Atlantic-Congo,2026-04-22,2026-06-15,ksf,,ksf,language_code,,True,ksf,,False,,False,Atlantic-Congo,Atlantic-Congo,family_reconciliation_reviewed:iso_glottolog_pair,,Atlantic-Congo,family_analysis_mapping_reviewed.csv
ksh,Colognian,Ripoarisch,,,,Latn,Latn,Latn,Latn,ltr,ltr,True,False,1,False,False,True,False,cldr|wikimedia,48.2.0,gem,ine,Indo-European languages,Germanic languages,Indo-European languages,2026-04-22,2026-06-15,ksh,ksh,ksh,language_code,,True,ksh,,False,,False,Indo-European languages,Indo-European languages,pre_review_reconciled,,Indo-European languages,family_analysis_mapping_reviewed.csv
ku,Kurdish,Kurdî,ku,kur,,Latn|Arab|Cyrl,Latn|Arab|Cyrl,Latn,Latn,ltr,ltr,True,False,3,True,True,True,False,cldr|iso639_1|iso639_2|wikimedia,48.2.0,ira,ine,Indo-European languages,Iranian languages,Indo-European languages,2026-04-22,2026-06-15,ku,ku,ku,iso639_1,,True,ku|kur,ku,True,,False,Indo-European languages,Indo-European languages,pre_review_reconciled,,Indo-European languages,family_analysis_mapping_reviewed.csv
kum,Kumyk,,,kum,,Cyrl,Cyrl,Cyrl,Cyrl,ltr,,True,False,1,False,True,False,False,cldr|iso639_2,48.2.0,trk,tut,Altaic languages,Turkic languages,Turkic,2026-04-22,2026-06-15,kum,,kum,iso639_2_t,,True,kum,,False,,False,Turkic,Turkic,family_reconciliation_reviewed:iso_glottolog_pair,,Turkic,family_analysis_mapping_reviewed.csv
kut,Kutenai,,,kut,,Latn,Latn,Latn,Latn,ltr,,True,False,1,False,True,False,False,cldr|iso639_2,48.2.0,,,Language isolate,Language isolate,Language isolate,2026-04-22,2026-06-15,kut,,kut,iso639_2_t,,True,kut,,False,,False,Language isolate,Language isolate,pre_review_reconciled,,Language isolate,family_analysis_mapping_reviewed.csv
kv,Komi,Коми,kv,kom,,Cyrl|Perm,Cyrl|Perm,Cyrl,Cyrl,ltr,ltr,True,False,2,True,True,True,False,cldr|iso639_1|iso639_2|wikimedia,48.2.0,fiu,urj,Uralic languages,Finno-Ugrian languages,Uralic languages,2026-04-22,2026-06-15,kv,kv,kv,iso639_1,,True,kom|kv,,False,,False,Uralic languages,Uralic languages,pre_review_reconciled,,Uralic languages,family_analysis_mapping_reviewed.csv
kvr,Kerinci,,,,,Latn,Latn,Latn,Latn,ltr,,True,False,1,False,False,False,False,cldr,48.2.0,map,map,Austronesian languages,Austronesian languages,Austronesian languages,2026-04-22,2026-06-15,kvr,,kvr,language_code,,True,kvr,,False,,False,Austronesian languages,Austronesian languages,pre_review_reconciled,,Austronesian languages,family_analysis_mapping_reviewed.csv
kvx,Parkari Koli,,,,,Arab,Arab,Arab,Arab,rtl,,True,False,1,False,False,False,False,cldr,48.2.0,inc,ine,Indo-European languages,Indo-Aryan languages,Indo-European languages,2026-04-22,2026-06-15,kvx,,kvx,language_code,,True,kvx,,False,,False,Indo-European languages,Indo-European languages,pre_review_reconciled,,Indo-European languages,family_analysis_mapping_reviewed.csv
kw,Cornish,Kernewek,kw,cor,,Latn,Latn,Latn,Latn,ltr,ltr,True,False,1,True,True,True,False,cldr|iso639_1|iso639_2|wikimedia,48.2.0,cel,ine,Indo-European languages,Celtic languages,Indo-European languages,2026-04-22,2026-06-15,kw,kw,kw,iso639_1,,True,cor|kw,,False,,False,Indo-European languages,Indo-European languages,pre_review_reconciled,,Indo-European languages,family_analysis_mapping_reviewed.csv
kwk,Kwakʼwala,,,,,Latn,Latn,Latn,Latn,ltr,,True,False,1,False,False,False,False,cldr,48.2.0,nai,nai,North American Indian languages,North American Indian languages,Wakashan,2026-04-22,2026-06-15,kwk,,kwk,language_code,,True,kwk,,False,,False,Wakashan,Wakashan,family_reconciliation_reviewed:iso_glottolog_pair,,Wakashan,family_analysis_mapping_reviewed.csv
kxm,Northern Khmer,,,,,Thai,Thai,Thai,Thai,ltr,,True,False,1,False,False,False,False,cldr,48.2.0,aav,aav,Austro-Asiatic languages,Austro-Asiatic languages,Austro-Asiatic languages,2026-04-22,2026-06-15,kxm,,kxm,language_code,,True,kxm,,False,,False,Austro-Asiatic languages,Austro-Asiatic languages,family_reconciliation_reviewed:iso_glottolog_pair,,Austro-Asiatic languages,family_analysis_mapping_reviewed.csv
kxp,Wadiyara Koli,,,,,Arab,Arab,Arab,Arab,rtl,,True,False,1,False,False,False,False,cldr,48.2.0,inc,ine,Indo-European languages,Indo-Aryan languages,Indo-European languages,2026-04-22,2026-06-15,kxp,,kxp,language_code,,True,kxp,,False,,False,Indo-European languages,Indo-European languages,pre_review_reconciled,,Indo-European languages,family_analysis_mapping_reviewed.csv
kxv,Kuvi,,,,,Latn|Deva|Orya|Telu,Latn|Deva|Orya|Telu,Latn,Latn,ltr,,True,False,4,False,False,False,False,cldr,48.2.0,dra,dra,Dravidian languages,Dravidian languages,Dravidian languages,2026-04-22,2026-06-15,kxv,,kxv,language_code,,True,kxv,,False,,False,Dravidian languages,Dravidian languages,pre_review_reconciled,,Dravidian languages,family_analysis_mapping_reviewed.csv
ky,Kyrgyz,Kırgızca / Кыргызча,ky,kir,,Cyrl|Arab|Latn,Cyrl|Arab|Latn,Cyrl,Cyrl,ltr,ltr,True,True,3,True,True,True,False,cldr|iso639_1|iso639_2|wikimedia,48.2.0,trk,tut,Altaic languages,Turkic languages,Turkic,2026-04-22,2026-06-15,ky,ky,ky,iso639_1,,True,kir|ky,ky,True,ky,True,Turkic,Turkic,family_reconciliation_reviewed:iso_glottolog_pair,,Turkic,family_analysis_mapping_reviewed.csv
kyu,Western Kayah,,,,,Kali,Kali,Kali,Kali,ltr,,True,False,1,False,False,False,False,cldr,48.2.0,sit,sit,Sino-Tibetan languages,Sino-Tibetan languages,Sino-Tibetan languages,2026-04-22,2026-06-15,kyu,,kyu,language_code,,True,kyu,,False,,False,Sino-Tibetan languages,Sino-Tibetan languages,pre_review_reconciled,,Sino-Tibetan languages,family_analysis_mapping_reviewed.csv
la,Latin,Latina,la,lat,,Latn,Latn,Latn,Latn,ltr,ltr,True,False,1,True,True,True,False,cldr|iso639_1|iso639_2|wikimedia,48.2.0,roa,ine,Indo-European languages,Romance languages,Indo-European languages,2026-04-22,2026-06-15,la,la,la,iso639_1,,True,la|lat,la,True,,False,Indo-European languages,Indo-European languages,pre_review_reconciled,,Indo-European languages,family_analysis_mapping_reviewed.csv
lab,Linear A,,,,,Lina,Lina,Lina,Lina,ltr,,False,False,1,False,False,False,False,cldr,48.2.0,,,Undeciphered script,Undeciphered script,Undeciphered script,2026-04-22,2026-06-15,lab,,lab,language_code,,True,lab,,False,,False,Undeciphered script,Undeciphered script,family_reconciliation_reviewed:json_fallback_language,,Exclude from family aggregation,family_analysis_mapping_reviewed.csv
lad,Ladino,Dzhudezmo / Djudeo-Espanyol,,lad,,Hebr,Hebr,Hebr,Hebr,rtl,ltr,True,False,1,False,True,True,False,cldr|iso639_2|wikimedia,48.2.0,roa,ine,Indo-European languages,Romance languages,Indo-European languages,2026-04-22,2026-06-15,lad,lad,lad,iso639_2_t,,True,lad,,False,,False,Indo-European languages,Indo-European languages,pre_review_reconciled,,Indo-European languages,family_analysis_mapping_reviewed.csv
lag,Langi,,,,,Latn,Latn,Latn,Latn,ltr,,True,False,1,False,False,False,False,cldr,48.2.0,bnt,nic,Niger-Kordofanian languages,Bantu languages,Atlantic-Congo,2026-04-22,2026-06-15,lag,,lag,language_code,,True,lag,,False,,False,Atlantic-Congo,Atlantic-Congo,family_reconciliation_reviewed:iso_glottolog_pair,,Atlantic-Congo,family_analysis_mapping_reviewed.csv
lah,Western Panjabi,,,lah,,Arab,Arab,Arab,Arab,rtl,,True,False,1,False,True,False,False,cldr|iso639_2,48.2.0,inc,ine,Indo-European languages,Indo-Aryan languages,Indo-European languages,2026-04-22,2026-06-15,lah,,lah,iso639_2_t,,True,lah,,False,,False,Indo-European languages,Indo-European languages,pre_review_reconciled,,Indo-European languages,family_analysis_mapping_reviewed.csv
laj,Lango (Uganda),,,,,Latn,Latn,Latn,Latn,ltr,,True,False,1,False,False,False,False,cldr,48.2.0,ssa,ssa,Nilo-Saharan languages,Nilo-Saharan languages,Nilotic,2026-04-22,2026-06-15,laj,,laj,language_code,,True,laj,,False,,False,Nilotic,Nilotic,family_reconciliation_reviewed:iso_glottolog_pair,,Nilotic,family_analysis_mapping_reviewed.csv
lam,Lamba,,,lam,,Latn,Latn,Latn,Latn,ltr,,True,False,1,False,True,False,False,cldr|iso639_2,48.2.0,bnt,nic,Niger-Kordofanian languages,Bantu languages,Atlantic-Congo,2026-04-22,2026-06-15,lam,,lam,iso639_2_t,,True,lam,,False,,False,Atlantic-Congo,Atlantic-Congo,family_reconciliation_reviewed:iso_glottolog_pair,,Atlantic-Congo,family_analysis_mapping_reviewed.csv
lan,Lango,Leb Lango / Luo,,,,,,,,ltr,ltr,True,False,0,False,False,True,False,wikimedia_only,,ssa,ssa,Nilo-Saharan languages,Nilo-Saharan languages,Atlantic-Congo,2026-04-22,2026-06-15,lan,lan,lan,language_code,,True,lan,,False,,False,Atlantic-Congo,Atlantic-Congo,family_reconciliation_reviewed:iso_glottolog_pair,,Atlantic-Congo,family_analysis_mapping_reviewed.csv
lb,Luxembourgish,Lëtzebuergesch,lb,ltz,,Latn,Latn,Latn,Latn,ltr,ltr,True,True,1,True,True,True,False,cldr|iso639_1|iso639_2|wikimedia,48.2.0,gem,ine,Indo-European languages,Germanic languages,Indo-European languages,2026-04-22,2026-06-15,lb,lb,lb,iso639_1,,True,i-lux|ltz|lb,lb,True,lb,True,Indo-European languages,Indo-European languages,pre_review_reconciled,,Indo-European languages,family_analysis_mapping_reviewed.csv
lbe,Lak,,,,,Cyrl,Cyrl,Cyrl,Cyrl,ltr,,True,False,1,False,False,False,False,cldr,48.2.0,ccn,cau,Caucasian languages,North Caucasian languages,Nakh-Daghestanian,2026-04-22,2026-06-15,lbe,,lbe,language_code,,True,lbe,,False,,False,Nakh-Daghestanian,Nakh-Daghestanian,family_reconciliation_reviewed:iso_glottolog_pair,,Nakh-Daghestanian,family_analysis_mapping_reviewed.csv
lbw,Tolaki,,,,,Latn,Latn,Latn,Latn,ltr,,True,False,1,False,False,False,False,cldr,48.2.0,map,map,Austronesian languages,Austronesian languages,Austronesian languages,2026-04-22,2026-06-15,lbw,,lbw,language_code,,True,lbw,,False,,False,Austronesian languages,Austronesian languages,pre_review_reconciled,,Austronesian languages,family_analysis_mapping_reviewed.csv
lcp,Western Lawa,,,,,Thai,Thai,Thai,Thai,ltr,,True,False,1,False,False,False,False,cldr,48.2.0,aav,aav,Austro-Asiatic languages,Austro-Asiatic languages,Austro-Asiatic languages,2026-04-22,2026-06-15,lcp,,lcp,language_code,,True,lcp,,False,,False,Austro-Asiatic languages,Austro-Asiatic languages,family_reconciliation_reviewed:iso_glottolog_pair,,Austro-Asiatic languages,family_analysis_mapping_reviewed.csv
len,Lenca,,,,,Latn,Latn,Latn,Latn,ltr,,True,False,1,False,False,False,False,cldr,48.2.0,cai,cai,Central American Indian languages,Central American Indian languages,Central American Indian languages,2026-05-15,2026-06-15,len,,len,language_code,,True,len,,False,,False,Central American Indian languages,Central American Indian languages,pre_review_reconciled,,Central American Indian languages,family_analysis_mapping_reviewed.csv
lep,Lepcha,,,,,Lepc,Lepc,Lepc,Lepc,ltr,,True,False,1,False,False,False,False,cldr,48.2.0,sit,sit,Sino-Tibetan languages,Sino-Tibetan languages,Sino-Tibetan languages,2026-04-22,2026-06-15,lep,,lep,language_code,,True,lep,,False,,False,Sino-Tibetan languages,Sino-Tibetan languages,pre_review_reconciled,,Sino-Tibetan languages,family_analysis_mapping_reviewed.csv
lez,Lezghian,,,lez,,Cyrl|Aghb,Cyrl|Aghb,Cyrl,Cyrl,ltr,,True,False,2,False,True,False,False,cldr|iso639_2,48.2.0,ccn,cau,Caucasian languages,North Caucasian languages,Nakh-Daghestanian,2026-04-22,2026-06-15,lez,,lez,iso639_2_t,,True,lez,,False,,False,Nakh-Daghestanian,Nakh-Daghestanian,family_reconciliation_reviewed:iso_glottolog_pair,,Nakh-Daghestanian,family_analysis_mapping_reviewed.csv
lfn,Lingua Franca Nova,,,,,Latn|Cyrl,Latn|Cyrl,Latn,Latn,ltr,,True,False,2,False,False,False,False,cldr,48.2.0,art,art,Artificial languages,Artificial languages,Artificial languages,2026-04-22,2026-06-15,lfn,,lfn,language_code,,True,lfn,,False,,False,Artificial languages,Artificial languages,pre_review_reconciled,,Artificial languages,family_analysis_mapping_reviewed.csv
lg,Ganda,Luganda,lg,lug,,Latn,Latn,Latn,Latn,ltr,ltr,True,False,1,True,True,True,False,cldr|iso639_1|iso639_2|wikimedia,48.2.0,bnt,nic,Niger-Kordofanian languages,Bantu languages,Atlantic-Congo,2026-04-22,2026-06-15,lg,lg,lg,iso639_1,,True,lg|lug,lg,True,,False,Atlantic-Congo,Atlantic-Congo,family_reconciliation_reviewed:iso_glottolog_pair,,Atlantic-Congo,family_analysis_mapping_reviewed.csv
li,Limburgish,Limburgs,li,lim,,Latn,Latn,Latn,Latn,ltr,ltr,True,False,1,True,True,True,False,cldr|iso639_1|iso639_2|wikimedia,48.2.0,gem,ine,Indo-European languages,Germanic languages,Indo-European languages,2026-04-22,2026-06-15,li,li,li,iso639_1,,True,li|lim,li,True,,False,Indo-European languages,Indo-European languages,pre_review_reconciled,,Indo-European languages,family_analysis_mapping_reviewed.csv
lif,Limbu,,,,,Deva|Limb,Deva|Limb,Deva,Deva,ltr,,True,False,2,False,False,False,False,cldr,48.2.0,sit,sit,Sino-Tibetan languages,Sino-Tibetan languages,Sino-Tibetan languages,2026-04-22,2026-06-15,lif,,lif,language_code,,True,lif,,False,,False,Sino-Tibetan languages,Sino-Tibetan languages,pre_review_reconciled,,Sino-Tibetan languages,family_analysis_mapping_reviewed.csv
lij,Ligurian,Líguru,,,,Latn,Latn,Latn,Latn,ltr,ltr,True,False,1,False,False,True,False,cldr|wikimedia,48.2.0,roa,ine,Indo-European languages,Romance languages,Indo-European languages,2026-04-22,2026-06-15,lij,lij,lij,language_code,,True,lij,lij,True,,False,Indo-European languages,Indo-European languages,pre_review_reconciled,,Indo-European languages,family_analysis_mapping_reviewed.csv
lil,Lillooet,,,,,Latn,Latn,Latn,Latn,ltr,,True,False,1,False,False,False,False,cldr,48.2.0,nai,nai,North American Indian languages,North American Indian languages,Salishan,2026-04-22,2026-06-15,lil,,lil,language_code,,True,lil,,False,,False,Salishan,Salishan,family_reconciliation_reviewed:iso_glottolog_pair,,Salishan,family_analysis_mapping_reviewed.csv
lis,Lisu,,,,,Lisu,Lisu,Lisu,Lisu,ltr,,True,False,1,False,False,False,False,cldr,48.2.0,sit,sit,Sino-Tibetan languages,Sino-Tibetan languages,Sino-Tibetan languages,2026-04-22,2026-06-15,lis,,lis,language_code,,True,lis,,False,,False,Sino-Tibetan languages,Sino-Tibetan languages,pre_review_reconciled,,Sino-Tibetan languages,family_analysis_mapping_reviewed.csv
liv,Livonian,,,,,Latn,Latn,Latn,Latn,ltr,,True,False,1,False,False,False,False,cldr,48.2.0,fiu,urj,Uralic languages,Finno-Ugrian languages,Uralic languages,2026-04-22,2026-06-15,liv,,liv,language_code,,True,liv,,False,,False,Uralic languages,Uralic languages,pre_review_reconciled,,Uralic languages,family_analysis_mapping_reviewed.csv
ljp,Lampung Api,,,,,Latn,Latn,Latn,Latn,ltr,,True,False,1,False,False,False,False,cldr,48.2.0,map,map,Austronesian languages,Austronesian languages,Austronesian languages,2026-04-22,2026-06-15,ljp,,ljp,language_code,,True,ljp,,False,,False,Austronesian languages,Austronesian languages,pre_review_reconciled,,Austronesian languages,family_analysis_mapping_reviewed.csv
lki,Laki,,,,,Arab,Arab,Arab,Arab,rtl,,True,False,1,False,False,False,False,cldr,48.2.0,ira,ine,Indo-European languages,Iranian languages,Indo-European languages,2026-04-22,2026-06-15,lki,,lki,language_code,,True,lki,,False,,False,Indo-European languages,Indo-European languages,pre_review_reconciled,,Indo-European languages,family_analysis_mapping_reviewed.csv
lkt,Lakota,,,,,Latn,Latn,Latn,Latn,ltr,,True,False,1,False,False,False,False,cldr,48.2.0,nai,nai,North American Indian languages,North American Indian languages,Siouan,2026-04-22,2026-06-15,lkt,,lkt,language_code,,True,lkt,,False,,False,Siouan,Siouan,family_reconciliation_reviewed:iso_glottolog_pair,,Siouan,family_analysis_mapping_reviewed.csv
lld,Ladin,,,,,Latn,Latn,Latn,Latn,ltr,,True,False,1,False,False,False,False,cldr,48.2.0,roa,ine,Indo-European languages,Romance languages,Indo-European languages,2026-05-15,2026-06-15,lld,,lld,language_code,,True,lld,,False,,False,Indo-European languages,Indo-European languages,pre_review_reconciled,,Indo-European languages,family_analysis_mapping_reviewed.csv
lmn,Lambadi,,,,,Telu,Telu,Telu,Telu,ltr,,True,False,1,False,False,False,False,cldr,48.2.0,inc,ine,Indo-European languages,Indo-Aryan languages,Indo-European languages,2026-04-22,2026-06-15,lmn,,lmn,language_code,,True,lmn,,False,,False,Indo-European languages,Indo-European languages,pre_review_reconciled,,Indo-European languages,family_analysis_mapping_reviewed.csv
lmo,Lombard,Lumbaart,,,,Latn,Latn,Latn,Latn,ltr,ltr,True,False,1,False,False,True,False,cldr|wikimedia,48.2.0,roa,ine,Indo-European languages,Romance languages,Indo-European languages,2026-04-22,2026-06-15,lmo,lmo,lmo,language_code,,True,lmo,lmo,True,,False,Indo-European languages,Indo-European languages,pre_review_reconciled,,Indo-European languages,family_analysis_mapping_reviewed.csv
ln,Lingala,Lingála,ln,lin,,Latn,Latn,Latn,Latn,ltr,ltr,True,False,1,True,True,True,False,cldr|iso639_1|iso639_2|wikimedia,48.2.0,bnt,nic,Niger-Kordofanian languages,Bantu languages,Atlantic-Congo,2026-04-22,2026-06-15,ln,ln,ln,iso639_1,,True,ln|lin,ln,True,ln,True,Atlantic-Congo,Atlantic-Congo,family_reconciliation_reviewed:iso_glottolog_pair,,Atlantic-Congo,family_analysis_mapping_reviewed.csv
lo,Lao,ລາວ / Pha xa lao,lo,lao,,Laoo,Laoo,Laoo,Laoo,ltr,ltr,True,True,1,True,True,True,False,cldr|iso639_1|iso639_2|wikimedia,48.2.0,tai,tai,Tai-Kadai languages,Tai-Kadai languages,Tai-Kadai languages,2026-04-22,2026-06-15,lo,lo,lo,iso639_1,,True,lao|lo,lo,True,lo,True,Tai-Kadai languages,Tai-Kadai languages,pre_review_reconciled,,Tai-Kadai languages,family_analysis_mapping_reviewed.csv
lol,Mongo,,,lol,,Latn,Latn,Latn,Latn,ltr,,True,False,1,False,True,False,False,cldr|iso639_2,48.2.0,bnt,nic,Niger-Kordofanian languages,Bantu languages,Atlantic-Congo,2026-04-22,2026-06-15,lol,,lol,iso639_2_t,,True,lol,,False,,False,Atlantic-Congo,Atlantic-Congo,family_reconciliation_reviewed:iso_glottolog_pair,,Atlantic-Congo,family_analysis_mapping_reviewed.csv
lou,Louisiana Creole,,,,,,,,,ltr,,True,True,0,False,False,False,False,cldr_v45,45,crp,crp,Creoles and pidgins,Creoles and pidgins,Creoles and pidgins,2026-04-22,2026-06-15,lou,,lou,language_code,,True,lou,,False,,False,Creoles and pidgins,Creoles and pidgins,family_reconciliation_reviewed:iso_glottolog_pair,,Creoles and pidgins,family_analysis_mapping_reviewed.csv
loz,Lozi,,,loz,,Latn,Latn,Latn,Latn,ltr,,True,False,1,False,True,False,False,cldr|iso639_2,48.2.0,bnt,nic,Niger-Kordofanian languages,Bantu languages,Atlantic-Congo,2026-04-22,2026-06-15,loz,,loz,iso639_2_t,,True,loz,,False,,False,Atlantic-Congo,Atlantic-Congo,family_reconciliation_reviewed:iso_glottolog_pair,,Atlantic-Congo,family_analysis_mapping_reviewed.csv
lrc,Northern Luri,,,,,Arab,Arab,Arab,Arab,rtl,,True,False,1,False,False,False,False,cldr,48.2.0,ira,ine,Indo-European languages,Iranian languages,Indo-European languages,2026-04-22,2026-06-15,lrc,,lrc,language_code,,True,lrc,,False,,False,Indo-European languages,Indo-European languages,pre_review_reconciled,,Indo-European languages,family_analysis_mapping_reviewed.csv
lsm,Saamia,,,,,,,,,ltr,,True,True,0,False,False,False,False,cldr_v45,45,bnt,nic,Niger-Kordofanian languages,Bantu languages,Atlantic-Congo,2026-04-22,2026-06-15,lsm,,lsm,language_code,,True,lsm,,False,,False,Atlantic-Congo,Atlantic-Congo,family_reconciliation_reviewed:iso_glottolog_pair,,Atlantic-Congo,family_analysis_mapping_reviewed.csv
lt,Lithuanian,Lietuvių,lt,lit,,Latn,Latn,Latn,Latn,ltr,ltr,True,True,1,True,True,True,False,cldr|iso639_1|iso639_2|wikimedia,48.2.0,bat,ine,Indo-European languages,Baltic languages,Indo-European languages,2026-04-22,2026-06-15,lt,lt,lt,iso639_1,,True,lit|lt,lt,True,lt,True,Indo-European languages,Indo-European languages,pre_review_reconciled,,Indo-European languages,family_analysis_mapping_reviewed.csv
ltg,Latgalian,,,,,Latn,Latn,Latn,Latn,ltr,,True,False,1,False,False,False,False,cldr,48.2.0,bat,ine,Indo-European languages,Baltic languages,Indo-European languages,2026-04-22,2026-06-15,ltg,,ltg,language_code,,True,ltg,ltg,True,,False,Indo-European languages,Indo-European languages,pre_review_reconciled,,Indo-European languages,family_analysis_mapping_reviewed.csv
lu,Luba-Katanga,,lu,lub,,Latn,Latn,Latn,Latn,ltr,,True,False,1,True,True,False,False,cldr|iso639_1|iso639_2,48.2.0,bnt,nic,Niger-Kordofanian languages,Bantu languages,Atlantic-Congo,2026-04-22,2026-06-15,lu,,lu,iso639_1,,True,lu|lub,,False,,False,Atlantic-Congo,Atlantic-Congo,family_reconciliation_reviewed:iso_glottolog_pair,,Atlantic-Congo,family_analysis_mapping_reviewed.csv
lua,Luba-Lulua,,,lua,,Latn,Latn,Latn,Latn,ltr,,True,False,1,False,True,False,False,cldr|iso639_2,48.2.0,bnt,nic,Niger-Kordofanian languages,Bantu languages,Atlantic-Congo,2026-04-22,2026-06-15,lua,,lua,iso639_2_t,,True,lua,,False,,False,Atlantic-Congo,Atlantic-Congo,family_reconciliation_reviewed:iso_glottolog_pair,,Atlantic-Congo,family_analysis_mapping_reviewed.csv
lui,Luiseno,,,lui,,Latn,Latn,Latn,Latn,ltr,,True,False,1,False,True,False,False,cldr|iso639_2,48.2.0,nai,nai,North American Indian languages,North American Indian languages,Uto-Aztecan,2026-04-22,2026-06-15,lui,,lui,iso639_2_t,,True,lui,,False,,False,Uto-Aztecan,Uto-Aztecan,family_reconciliation_reviewed:iso_glottolog_pair,,Uto-Aztecan,family_analysis_mapping_reviewed.csv
lun,Lunda,,,lun,,Latn,Latn,Latn,Latn,ltr,,True,False,1,False,True,False,False,cldr|iso639_2,48.2.0,bnt,nic,Niger-Kordofanian languages,Bantu languages,Atlantic-Congo,2026-04-22,2026-06-15,lun,,lun,iso639_2_t,,True,lun,,False,,False,Atlantic-Congo,Atlantic-Congo,family_reconciliation_reviewed:iso_glottolog_pair,,Atlantic-Congo,family_analysis_mapping_reviewed.csv
luo,Luo,,,luo,,Latn,Latn,Latn,Latn,ltr,,True,False,1,False,True,False,False,cldr|iso639_2,48.2.0,ssa,ssa,Nilo-Saharan languages,Nilo-Saharan languages,Nilotic,2026-04-22,2026-06-15,luo,,luo,iso639_2_t,,True,luo,luo,True,,False,Nilotic,Nilotic,family_reconciliation_reviewed:iso_glottolog_pair,,Nilotic,family_analysis_mapping_reviewed.csv
lus,Mizo,,,lus,,Beng,Beng,Beng,Beng,ltr,,True,False,1,False,True,False,False,cldr|iso639_2,48.2.0,sit,sit,Sino-Tibetan languages,Sino-Tibetan languages,Sino-Tibetan languages,2026-04-22,2026-06-15,lus,,lus,iso639_2_t,,True,lus,lus,True,,False,Sino-Tibetan languages,Sino-Tibetan languages,pre_review_reconciled,,Sino-Tibetan languages,family_analysis_mapping_reviewed.csv
lut,Lushootseed,,,,,Latn,Latn,Latn,Latn,ltr,,True,False,1,False,False,False,False,cldr,48.2.0,nai,nai,North American Indian languages,North American Indian languages,Salishan,2026-04-22,2026-06-15,lut,,lut,language_code,,True,lut,,False,,False,Salishan,Salishan,family_reconciliation_reviewed:iso_glottolog_pair,,Salishan,family_analysis_mapping_reviewed.csv
luy,Luyia,,,,,Latn,Latn,Latn,Latn,ltr,,True,False,1,False,False,False,False,cldr,48.2.0,bnt,nic,Niger-Kordofanian languages,Bantu languages,Niger-Kordofanian languages,2026-04-22,2026-06-15,luy,,luy,language_code,,True,luy,,False,,False,Niger-Kordofanian languages,Atlantic-Congo,family_reconciliation_reviewed:json_fallback_language,,Atlantic-Congo,family_analysis_mapping_reviewed.csv
luz,Southern Luri,,,,,Arab,Arab,Arab,Arab,rtl,,True,False,1,False,False,False,False,cldr,48.2.0,ira,ine,Indo-European languages,Iranian languages,Indo-European languages,2026-04-22,2026-06-15,luz,,luz,language_code,,True,luz,,False,,False,Indo-European languages,Indo-European languages,pre_review_reconciled,,Indo-European languages,family_analysis_mapping_reviewed.csv
lv,Latvian,Latviešu,lv,lav,,Latn,Latn,Latn,Latn,ltr,ltr,True,True,1,True,True,True,False,cldr|iso639_1|iso639_2|wikimedia,48.2.0,bat,ine,Indo-European languages,Baltic languages,Indo-European languages,2026-04-22,2026-06-15,lv,lv,lv,iso639_1,,True,lav|lv,lv,True,lv,True,Indo-European languages,Indo-European languages,pre_review_reconciled,,Indo-European languages,family_analysis_mapping_reviewed.csv
lwl,Eastern Lawa,,,,,Thai,Thai,Thai,Thai,ltr,,True,False,1,False,False,False,False,cldr,48.2.0,aav,aav,Austro-Asiatic languages,Austro-Asiatic languages,Austro-Asiatic languages,2026-04-22,2026-06-15,lwl,,lwl,language_code,,True,lwl,,False,,False,Austro-Asiatic languages,Austro-Asiatic languages,family_reconciliation_reviewed:iso_glottolog_pair,,Austro-Asiatic languages,family_analysis_mapping_reviewed.csv
lzh,Literary Chinese,,,,,Hant,Hant,Hant,Hant,ltr,,True,False,1,False,False,False,False,cldr,48.2.0,sit,sit,Sino-Tibetan languages,Sino-Tibetan languages,Sino-Tibetan languages,2026-04-22,2026-06-15,lzh,,lzh,language_code,,True,lzh,,False,,False,Sino-Tibetan languages,Sino-Tibetan languages,pre_review_reconciled,,Sino-Tibetan languages,family_analysis_mapping_reviewed.csv
lzz,Laz,Lazuri / ლაზური,,,,Latn|Geor,Latn|Geor,Latn,Latn,ltr,ltr,True,False,2,False,False,True,False,cldr|wikimedia,48.2.0,ccn,cau,Caucasian languages,North Caucasian languages,Kartvelian,2026-04-22,2026-06-15,lzz,lzz,lzz,language_code,,True,lzz,,False,,False,Kartvelian,Kartvelian,family_reconciliation_reviewed:iso_glottolog_pair,,Kartvelian,family_analysis_mapping_reviewed.csv
mad,Madurese,,,mad,,Latn,Latn,Latn,Latn,ltr,,True,False,1,False,True,False,False,cldr|iso639_2,48.2.0,map,map,Austronesian languages,Austronesian languages,Austronesian languages,2026-04-22,2026-06-15,mad,,mad,iso639_2_t,,True,mad,,False,,False,Austronesian languages,Austronesian languages,pre_review_reconciled,,Austronesian languages,family_analysis_mapping_reviewed.csv
maf,Mafa,,,,,Latn,Latn,Latn,Latn,ltr,,True,False,1,False,False,False,False,cldr,48.2.0,cdc,afa,Afro-Asiatic languages,Chadic languages,Afro-Asiatic languages,2026-04-22,2026-06-15,maf,,maf,language_code,,True,maf,,False,,False,Afro-Asiatic languages,Afro-Asiatic languages,pre_review_reconciled,,Afro-Asiatic languages,family_analysis_mapping_reviewed.csv
mag,Magahi,,,mag,,Deva,Deva,Deva,Deva,ltr,,True,False,1,False,True,False,False,cldr|iso639_2,48.2.0,inc,ine,Indo-European languages,Indo-Aryan languages,Indo-European languages,2026-04-22,2026-06-15,mag,,mag,iso639_2_t,,True,mag,,False,,False,Indo-European languages,Indo-European languages,pre_review_reconciled,,Indo-European languages,family_analysis_mapping_reviewed.csv
mai,Maithili,,,mai,,Deva|Tirh,Deva|Tirh,Deva,Deva,ltr,,True,False,2,False,True,False,False,cldr|iso639_2,48.2.0,inc,ine,Indo-European languages,Indo-Aryan languages,Indo-European languages,2026-04-22,2026-06-15,mai,,mai,iso639_2_t,,True,mai,mai,True,,False,Indo-European languages,Indo-European languages,pre_review_reconciled,,Indo-European languages,family_analysis_mapping_reviewed.csv
mak,Makasar,,,mak,,Latn|Bugi,Latn|Bugi,Latn,Latn,ltr,,True,False,2,False,True,False,False,cldr|iso639_2,48.2.0,map,map,Austronesian languages,Austronesian languages,Austronesian languages,2026-04-22,2026-06-15,mak,,mak,iso639_2_t,,True,mak,mak,True,,False,Austronesian languages,Austronesian languages,pre_review_reconciled,,Austronesian languages,family_analysis_mapping_reviewed.csv
man,Mandingo,官話/官话,,man,,Latn|Nkoo,Latn|Nkoo,Latn,Latn,ltr,ltr,True,False,2,False,True,True,False,cldr|iso639_2|wikimedia,48.2.0,sit,sit,Sino-Tibetan languages,Sino-Tibetan languages,Sino-Tibetan languages,2026-04-22,2026-06-15,man,man,man,iso639_2_t,,True,man,,False,,False,Sino-Tibetan languages,Sino-Tibetan languages,pre_review_reconciled,,Sino-Tibetan languages,family_analysis_mapping_reviewed.csv
map-bms,Banyumasan,Basa Banyumasan,,,,,,,,ltr,ltr,True,False,0,False,False,True,False,wikimedia_only,,map,map,Austronesian languages,Austronesian languages,Austronesian languages,2026-04-22,2026-06-15,map-bms,map-bms,jv,grandfathered_fallback,Wikimedia/legacy code map-bms not in language_data IANA snapshot; mapped manually,False,jv|jav|jw|map-bms,jv,True,,False,Austronesian languages,Austronesian languages,pre_review_reconciled,,Austronesian languages,family_analysis_mapping_reviewed.csv
mas,Masai,,,mas,,Latn,Latn,Latn,Latn,ltr,,True,False,1,False,True,False,False,cldr|iso639_2,48.2.0,ssa,ssa,Nilo-Saharan languages,Nilo-Saharan languages,Nilotic,2026-04-22,2026-06-15,mas,,mas,iso639_2_t,,True,mas,,False,,False,Nilotic,Nilotic,family_reconciliation_reviewed:iso_glottolog_pair,,Nilotic,family_analysis_mapping_reviewed.csv
maz,Central Mazahua,,,,,Latn,Latn,Latn,Latn,ltr,,True,False,1,False,False,False,False,cldr,48.2.0,cai,cai,Central American Indian languages,Central American Indian languages,Otomanguean,2026-04-22,2026-06-15,maz,,maz,language_code,,True,maz,,False,,False,Otomanguean,Otomanguean,family_reconciliation_reviewed:iso_glottolog_pair,,Otomanguean,family_analysis_mapping_reviewed.csv
mde,Maba,,,,,,,,,ltr,,True,True,0,False,False,False,False,cldr_v45,45,ssa,ssa,Nilo-Saharan languages,Nilo-Saharan languages,Maban,2026-04-22,2026-06-15,mde,,mde,language_code,,True,mde,,False,,False,Maban,Maban,family_reconciliation_reviewed:iso_glottolog_pair,,Maban,family_analysis_mapping_reviewed.csv
mdf,Moksha,,,mdf,,Cyrl,Cyrl,Cyrl,Cyrl,ltr,,True,False,1,False,True,False,False,cldr|iso639_2,48.2.0,fiu,urj,Uralic languages,Finno-Ugrian languages,Uralic languages,2026-04-22,2026-06-15,mdf,,mdf,iso639_2_t,,True,mdf,,False,,False,Uralic languages,Uralic languages,pre_review_reconciled,,Uralic languages,family_analysis_mapping_reviewed.csv
mdh,Maguindanaon,,,,,Latn,Latn,Latn,Latn,ltr,,True,False,1,False,False,False,False,cldr,48.2.0,map,map,Austronesian languages,Austronesian languages,Austronesian languages,2026-04-22,2026-06-15,mdh,,mdh,language_code,,True,mdh,,False,,False,Austronesian languages,Austronesian languages,pre_review_reconciled,,Austronesian languages,family_analysis_mapping_reviewed.csv
mdr,Mandar,,,mdr,,Latn|Bugi,Latn|Bugi,Latn,Latn,ltr,,True,False,2,False,True,False,False,cldr|iso639_2,48.2.0,map,map,Austronesian languages,Austronesian languages,Austronesian languages,2026-04-22,2026-06-15,mdr,,mdr,iso639_2_t,,True,mdr,,False,,False,Austronesian languages,Austronesian languages,pre_review_reconciled,,Austronesian languages,family_analysis_mapping_reviewed.csv
mdt,Mbere,,,,,Latn,Latn,Latn,Latn,ltr,,True,False,1,False,False,False,False,cldr,48.2.0,bnt,nic,Niger-Kordofanian languages,Bantu languages,Atlantic-Congo,2026-04-22,2026-06-15,mdt,,mdt,language_code,,True,mdt,,False,,False,Atlantic-Congo,Atlantic-Congo,family_reconciliation_reviewed:iso_glottolog_pair,,Atlantic-Congo,family_analysis_mapping_reviewed.csv
men,Mende,,,men,,Latn|Mend,Latn|Mend,Latn,Latn,ltr,,True,False,2,False,True,False,False,cldr|iso639_2,48.2.0,nic,nic,Niger-Kordofanian languages,Niger-Kordofanian languages,Mande,2026-04-22,2026-06-15,men,,men,iso639_2_t,,True,men,,False,,False,Mande,Mande,family_reconciliation_reviewed:iso_glottolog_pair,,Mande,family_analysis_mapping_reviewed.csv
mer,Meru,,,,,Latn,Latn,Latn,Latn,ltr,,True,False,1,False,False,False,False,cldr,48.2.0,bnt,nic,Niger-Kordofanian languages,Bantu languages,Atlantic-Congo,2026-04-22,2026-06-15,mer,,mer,language_code,,True,mer,,False,,False,Atlantic-Congo,Atlantic-Congo,family_reconciliation_reviewed:iso_glottolog_pair,,Atlantic-Congo,family_analysis_mapping_reviewed.csv
mey,Hassaniyya,,,,,Arab|Latn,Arab|Latn,Arab,Arab,rtl,,True,False,2,False,False,False,False,cldr,48.2.0,sem,afa,Afro-Asiatic languages,Semitic languages,Afro-Asiatic languages,2026-05-15,2026-06-15,mey,,mey,language_code,,True,mey,,False,,False,Afro-Asiatic languages,Afro-Asiatic languages,pre_review_reconciled,,Afro-Asiatic languages,family_analysis_mapping_reviewed.csv
mfa,Pattani Malay,,,,,Arab,Arab,Arab,Arab,rtl,,True,False,1,False,False,False,False,cldr,48.2.0,map,map,Austronesian languages,Austronesian languages,Austronesian languages,2026-04-22,2026-06-15,mfa,,mfa,language_code,,True,mfa,,False,,False,Austronesian languages,Austronesian languages,pre_review_reconciled,,Austronesian languages,family_analysis_mapping_reviewed.csv
mfe,Morisyen,,,,,Latn,Latn,Latn,Latn,ltr,,True,False,1,False,False,False,False,cldr,48.2.0,crp,crp,Creoles and pidgins,Creoles and pidgins,Creoles and pidgins,2026-04-22,2026-06-15,mfe,,mfe,language_code,,True,mfe,,False,,False,Creoles and pidgins,Creoles and pidgins,family_reconciliation_reviewed:iso_glottolog_pair,,Creoles and pidgins,family_analysis_mapping_reviewed.csv
mfv,Mandjak,,,,,Latn,Latn,Latn,Latn,ltr,,True,False,1,False,False,False,False,cldr,48.2.0,nic,nic,Niger-Kordofanian languages,Niger-Kordofanian languages,Atlantic-Congo,2026-05-15,2026-06-15,mfv,,mfv,language_code,,True,mfv,,False,,False,Atlantic-Congo,Atlantic-Congo,family_reconciliation_reviewed:iso_glottolog_pair,,Atlantic-Congo,family_analysis_mapping_reviewed.csv
mg,Malagasy,Malagasy,mg,mlg,,Latn,Latn,Latn,Latn,ltr,ltr,True,True,1,True,True,True,False,cldr|iso639_1|iso639_2|wikimedia,48.2.0,map,map,Austronesian languages,Austronesian languages,Austronesian languages,2026-04-22,2026-06-15,mg,mg,mg,iso639_1,,True,mlg|mg,mg,True,,False,Austronesian languages,Austronesian languages,pre_review_reconciled,,Austronesian languages,family_analysis_mapping_reviewed.csv
mga,"Irish, Middle (900-1200)",,,mga,,,,,,ltr,,True,False,0,False,True,False,False,loc_only,,cel,ine,Indo-European languages,Celtic languages,Indo-European languages,2026-04-22,2026-06-15,mga,,mga,iso639_2_t,,True,mga,,False,,False,Indo-European languages,Indo-European languages,pre_review_reconciled,,Indo-European languages,family_analysis_mapping_reviewed.csv
mgh,Makhuwa-Meetto,,,,,Latn,Latn,Latn,Latn,ltr,,True,False,1,False,False,False,False,cldr,48.2.0,bnt,nic,Niger-Kordofanian languages,Bantu languages,Atlantic-Congo,2026-04-22,2026-06-15,mgh,,mgh,language_code,,True,mgh,,False,,False,Atlantic-Congo,Atlantic-Congo,family_reconciliation_reviewed:iso_glottolog_pair,,Atlantic-Congo,family_analysis_mapping_reviewed.csv
mgo,Metaʼ,,,,,Latn,Latn,Latn,Latn,ltr,,True,False,1,False,False,False,False,cldr,48.2.0,bnt,nic,Niger-Kordofanian languages,Bantu languages,Atlantic-Congo,2026-04-22,2026-06-15,mgo,,mgo,language_code,,True,mgo,,False,,False,Atlantic-Congo,Atlantic-Congo,family_reconciliation_reviewed:iso_glottolog_pair,,Atlantic-Congo,family_analysis_mapping_reviewed.csv
mgp,Eastern Magar,,,,,Deva,Deva,Deva,Deva,ltr,,True,False,1,False,False,False,False,cldr,48.2.0,sit,sit,Sino-Tibetan languages,Sino-Tibetan languages,Sino-Tibetan languages,2026-04-22,2026-06-15,mgp,,mgp,language_code,,True,mgp,,False,,False,Sino-Tibetan languages,Sino-Tibetan languages,pre_review_reconciled,,Sino-Tibetan languages,family_analysis_mapping_reviewed.csv
mgy,Mbunga,,,,,Latn,Latn,Latn,Latn,ltr,,True,False,1,False,False,False,False,cldr,48.2.0,bnt,nic,Niger-Kordofanian languages,Bantu languages,Atlantic-Congo,2026-04-22,2026-06-15,mgy,,mgy,language_code,,True,mgy,,False,,False,Atlantic-Congo,Atlantic-Congo,family_reconciliation_reviewed:iso_glottolog_pair,,Atlantic-Congo,family_analysis_mapping_reviewed.csv
mh,Marshallese,Kajin Majel / Ebon,mh,mah,,Latn,Latn,Latn,Latn,ltr,ltr,True,True,1,True,True,True,False,cldr|iso639_1|iso639_2|wikimedia,48.2.0,map,map,Austronesian languages,Austronesian languages,Austronesian languages,2026-04-22,2026-06-15,mh,mh,mh,iso639_1,,True,mah|mh,,False,,False,Austronesian languages,Austronesian languages,pre_review_reconciled,,Austronesian languages,family_analysis_mapping_reviewed.csv
mhn,Mòcheno,,,,,Latn,Latn,Latn,Latn,ltr,,True,False,1,False,False,False,False,cldr,48.2.0,gem,ine,Indo-European languages,Germanic languages,Indo-European languages,2026-05-15,2026-06-15,mhn,,mhn,language_code,,True,mhn,,False,,False,Indo-European languages,Indo-European languages,pre_review_reconciled,,Indo-European languages,family_analysis_mapping_reviewed.csv
mi,Māori,Māori,mi,mri,mao,Latn,Latn,Latn,Latn,ltr,ltr,True,True,1,True,True,True,False,cldr|iso639_1|iso639_2|wikimedia,48.2.0,map,map,Austronesian languages,Austronesian languages,Austronesian languages,2026-04-22,2026-06-15,mi,mi,mi,iso639_1,,True,mri|mi|mao,mi,True,,False,Austronesian languages,Austronesian languages,pre_review_reconciled,,Austronesian languages,family_analysis_mapping_reviewed.csv
mic,Mi'kmaw,,,mic,,Latn,Latn,Latn,Latn,ltr,,True,False,1,False,True,False,False,cldr|iso639_2,48.2.0,alg,nai,North American Indian languages,Algonquian languages,Algic,2026-04-22,2026-06-15,mic,,mic,iso639_2_t,,True,mic,,False,,False,Algic,Algic,family_reconciliation_reviewed:iso_glottolog_pair,,Algic,family_analysis_mapping_reviewed.csv
min,Minangkabau,Minangkabau,,min,,Latn,Latn,Latn,Latn,ltr,ltr,True,False,1,False,True,True,False,cldr|iso639_2|wikimedia,48.2.0,map,map,Austronesian languages,Austronesian languages,Austronesian languages,2026-04-22,2026-06-15,min,min,min,iso639_2_t,,True,min,min,True,,False,Austronesian languages,Austronesian languages,pre_review_reconciled,,Austronesian languages,family_analysis_mapping_reviewed.csv
mk,Macedonian,Македонски,mk,mkd,mac,Cyrl,Cyrl,Cyrl,Cyrl,ltr,ltr,True,True,1,True,True,True,False,cldr|iso639_1|iso639_2|wikimedia,48.2.0,sla,ine,Indo-European languages,Slavic languages,Indo-European languages,2026-04-22,2026-06-15,mk,mk,mk,iso639_1,,True,mk|mkd|mac,mk,True,mk,True,Indo-European languages,Indo-European languages,pre_review_reconciled,,Indo-European languages,family_analysis_mapping_reviewed.csv
ml,Malayalam,മലയാളം,ml,mal,,Mlym,Mlym,Mlym,Mlym,ltr,ltr,True,False,1,True,True,True,False,cldr|iso639_1|iso639_2|wikimedia,48.2.0,dra,dra,Dravidian languages,Dravidian languages,Dravidian languages,2026-04-22,2026-06-15,ml,ml,ml,iso639_1,,True,mal|ml,ml,True,ml,True,Dravidian languages,Dravidian languages,pre_review_reconciled,,Dravidian languages,family_analysis_mapping_reviewed.csv
mls,Masalit,,,,,Latn,Latn,Latn,Latn,ltr,,True,False,1,False,False,False,False,cldr,48.2.0,ssa,ssa,Nilo-Saharan languages,Nilo-Saharan languages,Maban,2026-04-22,2026-06-15,mls,,mls,language_code,,True,mls,,False,,False,Maban,Maban,family_reconciliation_reviewed:iso_glottolog_pair,,Maban,family_analysis_mapping_reviewed.csv
mn,Mongolian,Монгол,mn,mon,,Cyrl|Mong|Phag,Cyrl|Mong|Phag,Cyrl,Cyrl,ltr,ltr,True,True,3,True,True,True,False,cldr|iso639_1|iso639_2|wikimedia,48.2.0,xgn,tut,Altaic languages,Mongolian languages,Altaic languages,2026-04-22,2026-06-15,mn,mn,mn,iso639_1,,True,drh|mon|mn,mn,True,mn,True,Altaic languages,Altaic languages,pre_review_reconciled,,Altaic languages,family_analysis_mapping_reviewed.csv
mnc,Manchu,,,mnc,,Mong,Mong,Mong,Mong,ltr,,False,False,1,False,True,False,False,cldr|iso639_2,48.2.0,tut,tut,Altaic languages,Altaic languages,Tungusic,2026-04-22,2026-06-15,mnc,,mnc,iso639_2_t,,True,mnc,,False,,False,Tungusic,Tungusic,family_reconciliation_reviewed:iso_glottolog_pair,,Tungusic,family_analysis_mapping_reviewed.csv
mni,Manipuri,,,mni,,Beng|Mtei,Beng|Mtei,Beng,Beng,ltr,,True,False,2,False,True,False,False,cldr|iso639_2,48.2.0,sit,sit,Sino-Tibetan languages,Sino-Tibetan languages,Sino-Tibetan languages,2026-04-22,2026-06-15,mni,,mni,iso639_2_t,,True,mni,,False,,False,Sino-Tibetan languages,Sino-Tibetan languages,pre_review_reconciled,,Sino-Tibetan languages,family_analysis_mapping_reviewed.csv
mns,Mansi,,,,,Cyrl,Cyrl,Cyrl,Cyrl,ltr,,True,False,1,False,False,False,False,cldr,48.2.0,fiu,urj,Uralic languages,Finno-Ugrian languages,Uralic languages,2026-04-22,2026-06-15,mns,,mns,language_code,,True,mns,,False,,False,Uralic languages,Uralic languages,pre_review_reconciled,,Uralic languages,family_analysis_mapping_reviewed.csv
mnw,Mon,,,,,Mymr,Mymr,Mymr,Mymr,ltr,,True,False,1,False,False,False,False,cldr,48.2.0,aav,aav,Austro-Asiatic languages,Austro-Asiatic languages,Austro-Asiatic languages,2026-04-22,2026-06-15,mnw,,mnw,language_code,,True,mnw,,False,,False,Austro-Asiatic languages,Austro-Asiatic languages,family_reconciliation_reviewed:iso_glottolog_pair,,Austro-Asiatic languages,family_analysis_mapping_reviewed.csv
mo,Moldovan,Moldovenească,mo,,,,,,,ltr,ltr,True,False,0,True,False,True,False,wikimedia_only|iso639_1,,roa,ine,Indo-European languages,Romance languages,Indo-European languages,2026-04-22,2026-06-15,mo,mo,ro,iso639_1,,False,mo|rum|ron|ro,ro,True,ro,True,Indo-European languages,Indo-European languages,pre_review_reconciled,,Indo-European languages,family_analysis_mapping_reviewed.csv
moe,Innu-aimun,,,,,Latn,Latn,Latn,Latn,ltr,,True,False,1,False,False,False,False,cldr,48.2.0,alg,nai,North American Indian languages,Algonquian languages,Algic,2026-04-22,2026-06-15,moe,,moe,language_code,,True,moe,,False,,False,Algic,Algic,family_reconciliation_reviewed:iso_glottolog_pair,,Algic,family_analysis_mapping_reviewed.csv
moh,Mohawk,,,moh,,Latn,Latn,Latn,Latn,ltr,,True,False,1,False,True,False,False,cldr|iso639_2,48.2.0,nai,nai,North American Indian languages,North American Indian languages,Iroquoian,2026-04-22,2026-06-15,moh,,moh,iso639_2_t,,True,moh,,False,,False,Iroquoian,Iroquoian,family_reconciliation_reviewed:iso_glottolog_pair,,Iroquoian,family_analysis_mapping_reviewed.csv
mos,Mossi,,,mos,,Latn,Latn,Latn,Latn,ltr,,True,False,1,False,True,False,False,cldr|iso639_2,48.2.0,nic,nic,Niger-Kordofanian languages,Niger-Kordofanian languages,Atlantic-Congo,2026-04-22,2026-06-15,mos,,mos,iso639_2_t,,True,mos,,False,,False,Atlantic-Congo,Atlantic-Congo,family_reconciliation_reviewed:iso_glottolog_pair,,Atlantic-Congo,family_analysis_mapping_reviewed.csv
mr,Marathi,मराठी,mr,mar,,Deva|Modi,Deva|Modi,Deva,Deva,ltr,ltr,True,False,2,True,True,True,False,cldr|iso639_1|iso639_2|wikimedia,48.2.0,inc,ine,Indo-European languages,Indo-Aryan languages,Indo-European languages,2026-04-22,2026-06-15,mr,mr,mr,iso639_1,,True,mr|mar,mr,True,mr,True,Indo-European languages,Indo-European languages,pre_review_reconciled,,Indo-European languages,family_analysis_mapping_reviewed.csv
mrd,Western Magar,,,,,Deva,Deva,Deva,Deva,ltr,,True,False,1,False,False,False,False,cldr,48.2.0,sit,sit,Sino-Tibetan languages,Sino-Tibetan languages,Sino-Tibetan languages,2026-04-22,2026-06-15,mrd,,mrd,language_code,,True,mrd,,False,,False,Sino-Tibetan languages,Sino-Tibetan languages,pre_review_reconciled,,Sino-Tibetan languages,family_analysis_mapping_reviewed.csv
mrh,Mara,Mara,,,,,,,,ltr,ltr,True,False,0,False,False,True,False,wikimedia_only,,sit,sit,Sino-Tibetan languages,Sino-Tibetan languages,Sino-Tibetan languages,2026-04-22,2026-06-15,mrh,mrh,mrh,language_code,,True,mrh,,False,,False,Sino-Tibetan languages,Sino-Tibetan languages,pre_review_reconciled,,Sino-Tibetan languages,family_analysis_mapping_reviewed.csv
mrj,Western Mari,,,,,Cyrl,Cyrl,Cyrl,Cyrl,ltr,,True,False,1,False,False,False,False,cldr,48.2.0,fiu,urj,Uralic languages,Finno-Ugrian languages,Uralic languages,2026-04-22,2026-06-15,mrj,,mrj,language_code,,True,mrj,,False,,False,Uralic languages,Uralic languages,pre_review_reconciled,,Uralic languages,family_analysis_mapping_reviewed.csv
mro,Mru,,,,,Latn|Mroo,Latn|Mroo,Latn,Latn,ltr,,True,False,2,False,False,False,False,cldr,48.2.0,sit,sit,Sino-Tibetan languages,Sino-Tibetan languages,Sino-Tibetan languages,2026-04-22,2026-06-15,mro,,mro,language_code,,True,mro,,False,,False,Sino-Tibetan languages,Sino-Tibetan languages,pre_review_reconciled,,Sino-Tibetan languages,family_analysis_mapping_reviewed.csv
ms,Malay,Bahasa Melayu,ms,msa,may,Latn|Arab,Latn|Arab,Latn,Latn,ltr,ltr,True,True,2,True,True,True,False,cldr|iso639_1|iso639_2|wikimedia,48.2.0,map,map,Austronesian languages,Austronesian languages,Austronesian languages,2026-04-22,2026-06-15,ms,ms,ms,iso639_1,,True,ms|msa|may,ms,True,ms,True,Austronesian languages,Austronesian languages,pre_review_reconciled,,Austronesian languages,family_analysis_mapping_reviewed.csv
mt,Maltese,bil-Malti,mt,mlt,,Latn,Latn,Latn,Latn,ltr,ltr,True,True,1,True,True,True,False,cldr|iso639_1|iso639_2|wikimedia,48.2.0,sem,afa,Afro-Asiatic languages,Semitic languages,Afro-Asiatic languages,2026-04-22,2026-06-15,mt,mt,mt,iso639_1,,True,mt|mlt,mt,True,mt,True,Afro-Asiatic languages,Afro-Asiatic languages,pre_review_reconciled,,Afro-Asiatic languages,family_analysis_mapping_reviewed.csv
mtr,Mewari,,,,,Deva,Deva,Deva,Deva,ltr,,True,False,1,False,False,False,False,cldr,48.2.0,inc,ine,Indo-European languages,Indo-Aryan languages,Indo-European languages,2026-04-22,2026-06-15,mtr,,mtr,language_code,,True,mtr,,False,,False,Indo-European languages,Indo-European languages,pre_review_reconciled,,Indo-European languages,family_analysis_mapping_reviewed.csv
mua,Mundang,,,,,Latn,Latn,Latn,Latn,ltr,,True,False,1,False,False,False,False,cldr,48.2.0,ssa,ssa,Nilo-Saharan languages,Nilo-Saharan languages,Atlantic-Congo,2026-04-22,2026-06-15,mua,,mua,language_code,,True,mua,,False,,False,Atlantic-Congo,Atlantic-Congo,family_reconciliation_reviewed:iso_glottolog_pair,,Atlantic-Congo,family_analysis_mapping_reviewed.csv
mus,Muscogee,Mvskoke,,mus,,Latn,Latn,Latn,Latn,ltr,ltr,True,False,1,False,True,True,False,cldr|iso639_2|wikimedia,48.2.0,nai,nai,North American Indian languages,North American Indian languages,Muskogean,2026-04-22,2026-06-15,mus,mus,mus,iso639_2_t,,True,mus,,False,,False,Muskogean,Muskogean,family_reconciliation_reviewed:iso_glottolog_pair,,Muskogean,family_analysis_mapping_reviewed.csv
mvy,Indus Kohistani,,,,,Arab,Arab,Arab,Arab,rtl,,True,False,1,False,False,False,False,cldr,48.2.0,inc,ine,Indo-European languages,Indo-Aryan languages,Indo-European languages,2026-04-22,2026-06-15,mvy,,mvy,language_code,,True,mvy,,False,,False,Indo-European languages,Indo-European languages,pre_review_reconciled,,Indo-European languages,family_analysis_mapping_reviewed.csv
mwk,Kita Maninkakan,,,,,Latn,Latn,Latn,Latn,ltr,,True,False,1,False,False,False,False,cldr,48.2.0,nic,nic,Niger-Kordofanian languages,Niger-Kordofanian languages,Mande,2026-04-22,2026-06-15,mwk,,mwk,language_code,,True,mwk,,False,,False,Mande,Mande,family_reconciliation_reviewed:iso_glottolog_pair,,Mande,family_analysis_mapping_reviewed.csv
mwl,Mirandese,Mirandés,,mwl,,Latn,Latn,Latn,Latn,ltr,ltr,True,False,1,False,True,True,False,cldr|iso639_2|wikimedia,48.2.0,roa,ine,Indo-European languages,Romance languages,Indo-European languages,2026-04-22,2026-06-15,mwl,mwl,mwl,iso639_2_t,,True,mwl,,False,,False,Indo-European languages,Indo-European languages,pre_review_reconciled,,Indo-European languages,family_analysis_mapping_reviewed.csv
mwr,Marwari,,,mwr,,Deva,Deva,Deva,Deva,ltr,,True,False,1,False,True,False,False,cldr|iso639_2,48.2.0,inc,ine,Indo-European languages,Indo-Aryan languages,Indo-European languages,2026-04-22,2026-06-15,mwr,,mwr,iso639_2_t,,True,mwr,,False,,False,Indo-European languages,Indo-European languages,pre_review_reconciled,,Indo-European languages,family_analysis_mapping_reviewed.csv
mwv,Mentawai,,,,,Latn,Latn,Latn,Latn,ltr,,True,False,1,False,False,False,False,cldr,48.2.0,map,map,Austronesian languages,Austronesian languages,Austronesian languages,2026-04-22,2026-06-15,mwv,,mwv,language_code,,True,mwv,,False,,False,Austronesian languages,Austronesian languages,pre_review_reconciled,,Austronesian languages,family_analysis_mapping_reviewed.csv
mww,Hmong Daw,,,,,Latn|Hmnp,Latn|Hmnp,Latn,Latn,ltr,,True,False,2,False,False,False,False,cldr,48.2.0,hmx,hmx,Hmong-Mien languages,Hmong-Mien languages,Hmong-Mien languages,2026-05-15,2026-06-15,mww,,mww,language_code,,True,mww,,False,,False,Hmong-Mien languages,Hmong-Mien languages,pre_review_reconciled,,Hmong-Mien languages,family_analysis_mapping_reviewed.csv
mxc,Manyika,,,,,Latn,Latn,Latn,Latn,ltr,,True,False,1,False,False,False,False,cldr,48.2.0,bnt,nic,Niger-Kordofanian languages,Bantu languages,Atlantic-Congo,2026-04-22,2026-06-15,mxc,,mxc,language_code,,True,mxc,,False,,False,Atlantic-Congo,Atlantic-Congo,family_reconciliation_reviewed:iso_glottolog_pair,,Atlantic-Congo,family_analysis_mapping_reviewed.csv
my,Burmese,Myanmasa,my,mya,bur,Mymr,Mymr,Mymr,Mymr,ltr,ltr,True,True,1,True,True,True,False,cldr|iso639_1|iso639_2|wikimedia,48.2.0,sit,sit,Sino-Tibetan languages,Sino-Tibetan languages,Sino-Tibetan languages,2026-04-22,2026-06-15,my,my,my,iso639_1,,True,bur|mya|my,my,True,my,True,Sino-Tibetan languages,Sino-Tibetan languages,pre_review_reconciled,,Sino-Tibetan languages,family_analysis_mapping_reviewed.csv
mye,Myene,,,,,,,,,ltr,,True,True,0,False,False,False,False,cldr_v45,45,bnt,nic,Niger-Kordofanian languages,Bantu languages,Atlantic-Congo,2026-04-22,2026-06-15,mye,,mye,language_code,,True,mye,,False,,False,Atlantic-Congo,Atlantic-Congo,family_reconciliation_reviewed:iso_glottolog_pair,,Atlantic-Congo,family_analysis_mapping_reviewed.csv
myv,Erzya,,,myv,,Cyrl,Cyrl,Cyrl,Cyrl,ltr,,True,False,1,False,True,False,False,cldr|iso639_2,48.2.0,fiu,urj,Uralic languages,Finno-Ugrian languages,Uralic languages,2026-04-22,2026-06-15,myv,,myv,iso639_2_t,,True,myv,,False,,False,Uralic languages,Uralic languages,pre_review_reconciled,,Uralic languages,family_analysis_mapping_reviewed.csv
myx,Masaaba,,,,,Latn,Latn,Latn,Latn,ltr,,True,False,1,False,False,False,False,cldr,48.2.0,bnt,nic,Niger-Kordofanian languages,Bantu languages,Atlantic-Congo,2026-04-22,2026-06-15,myx,,myx,language_code,,True,myx,,False,,False,Atlantic-Congo,Atlantic-Congo,family_reconciliation_reviewed:iso_glottolog_pair,,Atlantic-Congo,family_analysis_mapping_reviewed.csv
myz,Classical Mandaic,,,,,Mand,Mand,Mand,Mand,ltr,,True,False,1,False,False,False,False,cldr,48.2.0,sem,afa,Afro-Asiatic languages,Semitic languages,Afro-Asiatic languages,2026-04-22,2026-06-15,myz,,myz,language_code,,True,myz,,False,,False,Afro-Asiatic languages,Afro-Asiatic languages,pre_review_reconciled,,Afro-Asiatic languages,family_analysis_mapping_reviewed.csv
mzb,Tumzabt,,,,,Arab|Latn,Arab|Latn,Arab,Arab,rtl,,True,False,2,False,False,False,False,cldr,48.2.0,ber,afa,Afro-Asiatic languages,Berber languages,Afro-Asiatic languages,2026-05-15,2026-06-15,mzb,,mzb,language_code,,True,mzb,,False,,False,Afro-Asiatic languages,Afro-Asiatic languages,pre_review_reconciled,,Afro-Asiatic languages,family_analysis_mapping_reviewed.csv
mzn,Mazanderani,,,,,Arab,Arab,Arab,Arab,rtl,,True,False,1,False,False,False,False,cldr,48.2.0,ira,ine,Indo-European languages,Iranian languages,Indo-European languages,2026-04-22,2026-06-15,mzn,,mzn,language_code,,True,mzn,,False,,False,Indo-European languages,Indo-European languages,pre_review_reconciled,,Indo-European languages,family_analysis_mapping_reviewed.csv
na,Nauru,Dorerin Naoero,na,nau,,Latn,Latn,Latn,Latn,ltr,ltr,True,True,1,True,True,True,False,cldr|iso639_1|iso639_2|wikimedia,48.2.0,map,map,Austronesian languages,Austronesian languages,Austronesian languages,2026-04-22,2026-06-15,na,na,na,iso639_1,,True,nau|na,,False,,False,Austronesian languages,Austronesian languages,pre_review_reconciled,,Austronesian languages,family_analysis_mapping_reviewed.csv
nah,Nahuatl,Nahuatl,,,,,,,,ltr,ltr,True,False,0,False,False,True,False,wikimedia_only,,nai,nai,North American Indian languages,North American Indian languages,North American Indian languages,2026-04-22,2026-06-15,nah,nah,nah,language_code,,True,nah,,False,,False,North American Indian languages,North American Indian languages,pre_review_reconciled,,North American Indian languages,family_analysis_mapping_reviewed.csv
nan,Min Nan Chinese,,,,,Hans|Hant,Hans|Hant,Hans,Hans,ltr,,True,True,2,False,False,False,False,cldr,48.2.0,zhx,sit,Sino-Tibetan languages,Chinese languages,Sino-Tibetan languages,2026-05-15,2026-06-15,nan,,nan,language_code,,True,zh-min-nan|nan,,False,,False,Sino-Tibetan languages,Sino-Tibetan languages,pre_review_reconciled,,Sino-Tibetan languages,family_analysis_mapping_reviewed.csv
nap,Neapolitan,Nnapulitano,,nap,,Latn,Latn,Latn,Latn,ltr,ltr,True,False,1,False,True,True,False,cldr|iso639_2|wikimedia,48.2.0,roa,ine,Indo-European languages,Romance languages,Indo-European languages,2026-04-22,2026-06-15,nap,nap,nap,iso639_2_t,,True,nap,,False,,False,Indo-European languages,Indo-European languages,pre_review_reconciled,,Indo-European languages,family_analysis_mapping_reviewed.csv
naq,Nama,,,,,Latn,Latn,Latn,Latn,ltr,,True,False,1,False,False,False,False,cldr,48.2.0,khi,khi,Khoisan languages,Khoisan languages,Khoe-Kwadi,2026-04-22,2026-06-15,naq,,naq,language_code,,True,naq,,False,,False,Khoe-Kwadi,Khoe-Kwadi,family_reconciliation_reviewed:iso_glottolog_pair,,Khoe-Kwadi,family_analysis_mapping_reviewed.csv
nb,Norwegian Bokmål,Norsk (bokmål),nb,nob,,Latn,Latn,Latn,Latn,ltr,ltr,True,True,1,True,True,True,False,cldr|iso639_1|iso639_2|wikimedia,48.2.0,gem,ine,Indo-European languages,Germanic languages,Indo-European languages,2026-04-22,2026-06-15,nb,nb,nb,iso639_1,,True,nob|no-bok|no-bokmal|nb,,False,nb,True,Indo-European languages,Indo-European languages,pre_review_reconciled,,Indo-European languages,family_analysis_mapping_reviewed.csv
nch,Central Huasteca Nahuatl,,,,,Latn,Latn,Latn,Latn,ltr,,True,False,1,False,False,False,False,cldr,48.2.0,nai,nai,North American Indian languages,North American Indian languages,Uto-Aztecan,2026-04-22,2026-06-15,nch,,nch,language_code,,True,nch,,False,,False,Uto-Aztecan,Uto-Aztecan,family_reconciliation_reviewed:iso_glottolog_pair,,Uto-Aztecan,family_analysis_mapping_reviewed.csv
nd,North Ndebele,Sindebele,nd,nde,,Latn,Latn,Latn,Latn,ltr,ltr,True,True,1,True,True,True,False,cldr|iso639_1|iso639_2|wikimedia,48.2.0,bnt,nic,Niger-Kordofanian languages,Bantu languages,Atlantic-Congo,2026-04-22,2026-06-15,nd,nd,nd,iso639_1,,True,nde|nd,,False,,False,Atlantic-Congo,Atlantic-Congo,family_reconciliation_reviewed:iso_glottolog_pair,,Atlantic-Congo,family_analysis_mapping_reviewed.csv
ndc,Ndau,,,,,Latn,Latn,Latn,Latn,ltr,,True,False,1,False,False,False,False,cldr,48.2.0,bnt,nic,Niger-Kordofanian languages,Bantu languages,Atlantic-Congo,2026-04-22,2026-06-15,ndc,,ndc,language_code,,True,ndc,,False,,False,Atlantic-Congo,Atlantic-Congo,family_reconciliation_reviewed:iso_glottolog_pair,,Atlantic-Congo,family_analysis_mapping_reviewed.csv
nds,Low German,Plattdüütsch,,nds,,Latn,Latn,Latn,Latn,ltr,ltr,True,False,1,False,True,True,False,cldr|iso639_2|wikimedia,48.2.0,gem,ine,Indo-European languages,Germanic languages,Indo-European languages,2026-04-22,2026-06-15,nds,nds,nds,iso639_2_t,,True,nds,,False,,False,Indo-European languages,Indo-European languages,pre_review_reconciled,,Indo-European languages,family_analysis_mapping_reviewed.csv
nds-nl,Dutch Low Saxon,Nedersaksisch,,,,,,,,ltr,ltr,True,False,0,False,False,True,False,wikimedia_only,,gem,ine,Indo-European languages,Germanic languages,Indo-European languages,2026-04-22,2026-06-15,nds-nl,nds-nl,nds-NL,language_code,,True,nds-NL|nds-nl,,False,,False,Indo-European languages,Indo-European languages,pre_review_reconciled,,Indo-European languages,family_analysis_mapping_reviewed.csv
ne,Nepali,नेपाली,ne,nep,,Deva,Deva,Deva,Deva,ltr,ltr,True,True,1,True,True,True,False,cldr|iso639_1|iso639_2|wikimedia,48.2.0,inc,ine,Indo-European languages,Indo-Aryan languages,Indo-European languages,2026-04-22,2026-06-15,ne,ne,ne,iso639_1,,True,nep|ne,ne,True,ne,True,Indo-European languages,Indo-European languages,pre_review_reconciled,,Indo-European languages,family_analysis_mapping_reviewed.csv
new,Newari,नेपालभाषा / Newah Bhaye,,new,,Deva,Deva,Deva,Deva,ltr,ltr,True,False,1,False,True,True,False,cldr|iso639_2|wikimedia,48.2.0,sit,sit,Sino-Tibetan languages,Sino-Tibetan languages,Sino-Tibetan languages,2026-04-22,2026-06-15,new,new,new,iso639_2_t,,True,new,new,True,,False,Sino-Tibetan languages,Sino-Tibetan languages,pre_review_reconciled,,Sino-Tibetan languages,family_analysis_mapping_reviewed.csv
ng,Ndonga,Oshiwambo,ng,ndo,,Latn,Latn,Latn,Latn,ltr,ltr,True,False,1,True,True,True,False,cldr|iso639_1|iso639_2|wikimedia,48.2.0,bnt,nic,Niger-Kordofanian languages,Bantu languages,Atlantic-Congo,2026-04-22,2026-06-15,ng,ng,ng,iso639_1,,True,ndo|ng,,False,,False,Atlantic-Congo,Atlantic-Congo,family_reconciliation_reviewed:iso_glottolog_pair,,Atlantic-Congo,family_analysis_mapping_reviewed.csv
ngl,Lomwe,,,,,Latn,Latn,Latn,Latn,ltr,,True,False,1,False,False,False,False,cldr,48.2.0,bnt,nic,Niger-Kordofanian languages,Bantu languages,Atlantic-Congo,2026-04-22,2026-06-15,ngl,,ngl,language_code,,True,ngl,,False,,False,Atlantic-Congo,Atlantic-Congo,family_reconciliation_reviewed:iso_glottolog_pair,,Atlantic-Congo,family_analysis_mapping_reviewed.csv
nhe,Eastern Huasteca Nahuatl,,,,,Latn,Latn,Latn,Latn,ltr,,True,False,1,False,False,False,False,cldr,48.2.0,nai,nai,North American Indian languages,North American Indian languages,Uto-Aztecan,2026-04-22,2026-06-15,nhe,,nhe,language_code,,True,nhe,,False,,False,Uto-Aztecan,Uto-Aztecan,family_reconciliation_reviewed:iso_glottolog_pair,,Uto-Aztecan,family_analysis_mapping_reviewed.csv
nhw,Western Huasteca Nahuatl,,,,,Latn,Latn,Latn,Latn,ltr,,True,False,1,False,False,False,False,cldr,48.2.0,nai,nai,North American Indian languages,North American Indian languages,Uto-Aztecan,2026-04-22,2026-06-15,nhw,,nhw,language_code,,True,nhw,,False,,False,Uto-Aztecan,Uto-Aztecan,family_reconciliation_reviewed:iso_glottolog_pair,,Uto-Aztecan,family_analysis_mapping_reviewed.csv
nia,Nias,,,nia,,Latn,Latn,Latn,Latn,ltr,,True,False,1,False,True,False,False,cldr|iso639_2,48.2.0,map,map,Austronesian languages,Austronesian languages,Austronesian languages,2026-04-22,2026-06-15,nia,,nia,iso639_2_t,,True,nia,,False,,False,Austronesian languages,Austronesian languages,pre_review_reconciled,,Austronesian languages,family_analysis_mapping_reviewed.csv
nij,Ngaju,,,,,Latn,Latn,Latn,Latn,ltr,,True,False,1,False,False,False,False,cldr,48.2.0,map,map,Austronesian languages,Austronesian languages,Austronesian languages,2026-04-22,2026-06-15,nij,,nij,language_code,,True,nij,,False,,False,Austronesian languages,Austronesian languages,pre_review_reconciled,,Austronesian languages,family_analysis_mapping_reviewed.csv
niu,Niuean,,,niu,,Latn,Latn,Latn,Latn,ltr,,True,True,1,False,True,False,False,cldr|iso639_2,48.2.0,map,map,Austronesian languages,Austronesian languages,Austronesian languages,2026-04-22,2026-06-15,niu,,niu,iso639_2_t,,True,niu,,False,,False,Austronesian languages,Austronesian languages,pre_review_reconciled,,Austronesian languages,family_analysis_mapping_reviewed.csv
njo,Ao Naga,,,,,Latn,Latn,Latn,Latn,ltr,,True,False,1,False,False,False,False,cldr,48.2.0,sit,sit,Sino-Tibetan languages,Sino-Tibetan languages,Sino-Tibetan languages,2026-04-22,2026-06-15,njo,,njo,language_code,,True,njo,,False,,False,Sino-Tibetan languages,Sino-Tibetan languages,pre_review_reconciled,,Sino-Tibetan languages,family_analysis_mapping_reviewed.csv
nl,Dutch,Nederlands,nl,nld,dut,Latn,Latn,Latn,Latn,ltr,ltr,True,True,1,True,True,True,False,cldr|iso639_1|iso639_2|wikimedia,48.2.0,gem,ine,Indo-European languages,Germanic languages,Indo-European languages,2026-04-22,2026-06-15,nl,nl,nl,iso639_1,,True,nl|dut|nld,nl,True,nl,True,Indo-European languages,Indo-European languages,pre_review_reconciled,,Indo-European languages,family_analysis_mapping_reviewed.csv
nmg,Kwasio,,,,,Latn,Latn,Latn,Latn,ltr,,True,False,1,False,False,False,False,cldr,48.2.0,bnt,nic,Niger-Kordofanian languages,Bantu languages,Atlantic-Congo,2026-04-22,2026-06-15,nmg,,nmg,language_code,,True,nmg,,False,,False,Atlantic-Congo,Atlantic-Congo,family_reconciliation_reviewed:iso_glottolog_pair,,Atlantic-Congo,family_analysis_mapping_reviewed.csv
nn,Norwegian Nynorsk,Norsk (nynorsk),nn,nno,,Latn,Latn,Latn,Latn,ltr,ltr,True,True,1,True,True,True,False,cldr|iso639_1|iso639_2|wikimedia,48.2.0,gem,ine,Indo-European languages,Germanic languages,Indo-European languages,2026-04-22,2026-06-15,nn,nn,nn,iso639_1,,True,no-nynorsk|nn|no-nyn|nno,,False,,False,Indo-European languages,Indo-European languages,pre_review_reconciled,,Indo-European languages,family_analysis_mapping_reviewed.csv
nnh,Ngiemboon,,,,,Latn,Latn,Latn,Latn,ltr,,True,False,1,False,False,False,False,cldr,48.2.0,bnt,nic,Niger-Kordofanian languages,Bantu languages,Atlantic-Congo,2026-04-22,2026-06-15,nnh,,nnh,language_code,,True,nnh,,False,,False,Atlantic-Congo,Atlantic-Congo,family_reconciliation_reviewed:iso_glottolog_pair,,Atlantic-Congo,family_analysis_mapping_reviewed.csv
no,Norwegian,Norsk (bokmål / riksmål),no,nor,,Latn,Latn,Latn,Latn,ltr,ltr,True,True,1,True,True,True,False,cldr|iso639_1|iso639_2|wikimedia,48.2.0,gem,ine,Indo-European languages,Germanic languages,Indo-European languages,2026-04-22,2026-06-15,no,no,no,iso639_1,,True,no|nor,no,True,no,True,Indo-European languages,Indo-European languages,pre_review_reconciled,,Indo-European languages,family_analysis_mapping_reviewed.csv
nod,Northern Thai,,,,,Lana,Lana,Lana,Lana,ltr,,True,False,1,False,False,False,False,cldr,48.2.0,tai,tai,Tai-Kadai languages,Tai-Kadai languages,Tai-Kadai languages,2026-04-22,2026-06-15,nod,,nod,language_code,,True,nod,,False,,False,Tai-Kadai languages,Tai-Kadai languages,pre_review_reconciled,,Tai-Kadai languages,family_analysis_mapping_reviewed.csv
noe,Nimadi,,,,,Deva,Deva,Deva,Deva,ltr,,True,False,1,False,False,False,False,cldr,48.2.0,inc,ine,Indo-European languages,Indo-Aryan languages,Indo-European languages,2026-04-22,2026-06-15,noe,,noe,language_code,,True,noe,,False,,False,Indo-European languages,Indo-European languages,pre_review_reconciled,,Indo-European languages,family_analysis_mapping_reviewed.csv
nog,Nogai,,,nog,,Cyrl,Cyrl,Cyrl,Cyrl,ltr,,True,False,1,False,True,False,False,cldr|iso639_2,48.2.0,trk,tut,Altaic languages,Turkic languages,Turkic,2026-04-22,2026-06-15,nog,,nog,iso639_2_t,,True,nog,,False,,False,Turkic,Turkic,family_reconciliation_reviewed:iso_glottolog_pair,,Turkic,family_analysis_mapping_reviewed.csv
non,Old Norse,,,non,,Runr,Runr,Runr,Runr,ltr,,False,False,1,False,True,False,False,cldr|iso639_2,48.2.0,gem,ine,Indo-European languages,Germanic languages,Indo-European languages,2026-04-22,2026-06-15,non,,non,iso639_2_t,,True,non,,False,,False,Indo-European languages,Indo-European languages,pre_review_reconciled,,Indo-European languages,family_analysis_mapping_reviewed.csv
nov,Novial,,,,,Latn,Latn,Latn,Latn,ltr,,True,False,1,False,False,False,False,cldr,48.2.0,art,art,Artificial languages,Artificial languages,Artificial languages,2026-04-22,2026-06-15,nov,,nov,language_code,,True,nov,,False,,False,Artificial languages,Artificial languages,pre_review_reconciled,,Artificial languages,family_analysis_mapping_reviewed.csv
nqo,N’Ko,,,nqo,,Nkoo,Nkoo,Nkoo,Nkoo,rtl,,True,False,1,False,True,False,False,cldr|iso639_2,48.2.0,nic,nic,Niger-Kordofanian languages,Niger-Kordofanian languages,Niger-Kordofanian languages,2026-04-22,2026-06-15,nqo,,nqo,iso639_2_t,,True,nqo,,False,,False,Niger-Kordofanian languages,Mande,family_reconciliation_reviewed:json_fallback_language,,Mande,family_analysis_mapping_reviewed.csv
nr,South Ndebele,isiNdebele,nr,nbl,,Latn,Latn,Latn,Latn,ltr,ltr,True,False,1,True,True,True,False,cldr|iso639_1|iso639_2|wikimedia,48.2.0,bnt,nic,Niger-Kordofanian languages,Bantu languages,Niger-Kordofanian languages,2026-04-22,2026-06-15,nr,nr,nr,iso639_1,,True,nbl|nr,nr,True,,False,Niger-Kordofanian languages,Atlantic-Congo,family_reconciliation_reviewed:json_fallback_language,,Atlantic-Congo,family_analysis_mapping_reviewed.csv
nrm,Norman,Nouormand / Normaund,,,,,,,,ltr,ltr,True,False,0,False,False,True,False,wikimedia_only,,roa,ine,Indo-European languages,Romance languages,Indo-European languages,2026-04-22,2026-06-15,nrm,nrm,nrm,language_code,,True,nrm,,False,,False,Indo-European languages,Indo-European languages,family_reconciliation_reviewed:iso_glottolog_pair,,Indo-European languages,family_analysis_mapping_reviewed.csv
nsk,Naskapi,,,,,Cans|Latn,Cans|Latn,Cans,Cans,ltr,,True,False,2,False,False,False,False,cldr,48.2.0,alg,nai,North American Indian languages,Algonquian languages,Algic,2026-04-22,2026-06-15,nsk,,nsk,language_code,,True,nsk,,False,,False,Algic,Algic,family_reconciliation_reviewed:iso_glottolog_pair,,Algic,family_analysis_mapping_reviewed.csv
nso,Northern Sotho,Sesotho sa Leboa / Sepedi,,nso,,Latn,Latn,Latn,Latn,ltr,ltr,True,False,1,False,True,True,False,cldr|iso639_2|wikimedia,48.2.0,bnt,nic,Niger-Kordofanian languages,Bantu languages,Atlantic-Congo,2026-04-22,2026-06-15,nso,nso,nso,iso639_2_t,,True,nso,nso,True,,False,Atlantic-Congo,Atlantic-Congo,family_reconciliation_reviewed:iso_glottolog_pair,,Atlantic-Congo,family_analysis_mapping_reviewed.csv
nus,Nuer,,,,,Latn,Latn,Latn,Latn,ltr,,True,False,1,False,False,False,False,cldr,48.2.0,ssa,ssa,Nilo-Saharan languages,Nilo-Saharan languages,Nilotic,2026-04-22,2026-06-15,nus,,nus,language_code,,True,nus,nus,True,,False,Nilotic,Nilotic,family_reconciliation_reviewed:iso_glottolog_pair,,Nilotic,family_analysis_mapping_reviewed.csv
nv,Navajo,Diné bizaad,nv,nav,,Latn,Latn,Latn,Latn,ltr,ltr,True,False,1,True,True,True,False,cldr|iso639_1|iso639_2|wikimedia,48.2.0,nai,nai,North American Indian languages,North American Indian languages,Athabaskan-Eyak-Tlingit,2026-04-22,2026-06-15,nv,nv,nv,iso639_1,,True,nav|i-navajo|nv,,False,,False,Athabaskan-Eyak-Tlingit,Athabaskan-Eyak-Tlingit,family_reconciliation_reviewed:iso_glottolog_pair,,Athabaskan-Eyak-Tlingit,family_analysis_mapping_reviewed.csv
nwc,Classical Newari,,,nwc,,,,,,ltr,,True,False,0,False,True,False,False,loc_only,,sit,sit,Sino-Tibetan languages,Sino-Tibetan languages,Sino-Tibetan languages,2026-04-22,2026-06-15,nwc,,nwc,iso639_2_t,,True,nwc,,False,,False,Sino-Tibetan languages,Sino-Tibetan languages,pre_review_reconciled,,Sino-Tibetan languages,family_analysis_mapping_reviewed.csv
nxq,Naxi,,,,,Latn,Latn,Latn,Latn,ltr,,True,False,1,False,False,False,False,cldr,48.2.0,sit,sit,Sino-Tibetan languages,Sino-Tibetan languages,Sino-Tibetan languages,2026-04-22,2026-06-15,nxq,,nxq,language_code,,True,nxq,,False,,False,Sino-Tibetan languages,Sino-Tibetan languages,pre_review_reconciled,,Sino-Tibetan languages,family_analysis_mapping_reviewed.csv
ny,Nyanja,Chi-Chewa,ny,nya,,Latn,Latn,Latn,Latn,ltr,ltr,True,True,1,True,True,True,False,cldr|iso639_1|iso639_2|wikimedia,48.2.0,bnt,nic,Niger-Kordofanian languages,Bantu languages,Atlantic-Congo,2026-04-22,2026-06-15,ny,ny,ny,iso639_1,,True,ny|nya,ny,True,,False,Atlantic-Congo,Atlantic-Congo,family_reconciliation_reviewed:iso_glottolog_pair,,Atlantic-Congo,family_analysis_mapping_reviewed.csv
nym,Nyamwezi,,,nym,,Latn,Latn,Latn,Latn,ltr,,True,False,1,False,True,False,False,cldr|iso639_2,48.2.0,bnt,nic,Niger-Kordofanian languages,Bantu languages,Atlantic-Congo,2026-04-22,2026-06-15,nym,,nym,iso639_2_t,,True,nym,,False,,False,Atlantic-Congo,Atlantic-Congo,family_reconciliation_reviewed:iso_glottolog_pair,,Atlantic-Congo,family_analysis_mapping_reviewed.csv
nyn,Nyankole,,,nyn,,Latn,Latn,Latn,Latn,ltr,,True,False,1,False,True,False,False,cldr|iso639_2,48.2.0,bnt,nic,Niger-Kordofanian languages,Bantu languages,Atlantic-Congo,2026-04-22,2026-06-15,nyn,,nyn,iso639_2_t,,True,nyn,,False,,False,Atlantic-Congo,Atlantic-Congo,family_reconciliation_reviewed:iso_glottolog_pair,,Atlantic-Congo,family_analysis_mapping_reviewed.csv
nyo,Nyoro,,,nyo,,Latn,Latn,Latn,Latn,ltr,,True,False,1,False,True,False,False,cldr|iso639_2,48.2.0,bnt,nic,Niger-Kordofanian languages,Bantu languages,Atlantic-Congo,2026-04-22,2026-06-15,nyo,,nyo,iso639_2_t,,True,nyo,,False,,False,Atlantic-Congo,Atlantic-Congo,family_reconciliation_reviewed:iso_glottolog_pair,,Atlantic-Congo,family_analysis_mapping_reviewed.csv
nzi,Nzima,,,nzi,,Latn,Latn,Latn,Latn,ltr,,True,False,1,False,True,False,False,cldr|iso639_2,48.2.0,nic,nic,Niger-Kordofanian languages,Niger-Kordofanian languages,Atlantic-Congo,2026-04-22,2026-06-15,nzi,,nzi,iso639_2_t,,True,nzi,,False,,False,Atlantic-Congo,Atlantic-Congo,family_reconciliation_reviewed:iso_glottolog_pair,,Atlantic-Congo,family_analysis_mapping_reviewed.csv
oc,Occitan,Occitan,oc,oci,,Latn,Latn,Latn,Latn,ltr,ltr,True,False,1,True,True,True,False,cldr|iso639_1|iso639_2|wikimedia,48.2.0,roa,ine,Indo-European languages,Romance languages,Indo-European languages,2026-04-22,2026-06-15,oc,oc,oc,iso639_1,,True,oci|oc,oc,True,,False,Indo-European languages,Indo-European languages,pre_review_reconciled,,Indo-European languages,family_analysis_mapping_reviewed.csv
oj,Ojibwa,ᐊᓂᔑᓈᐯᒧᐎᓐ / Anishinaabemowin,oj,oji,,Cans|Latn,Cans|Latn,Cans,Cans,ltr,ltr,True,False,2,True,True,True,False,cldr|iso639_1|iso639_2|wikimedia,48.2.0,nai,nai,North American Indian languages,North American Indian languages,North American Indian languages,2026-04-22,2026-06-15,oj,oj,oj,iso639_1,,True,oji|oj,,False,,False,North American Indian languages,North American Indian languages,pre_review_reconciled,,North American Indian languages,family_analysis_mapping_reviewed.csv
ojb,Northwestern Ojibwa,,,,,,,,,ltr,,True,True,0,False,False,False,False,cldr_v45,45,nai,nai,North American Indian languages,North American Indian languages,Algic,2026-04-22,2026-06-15,ojb,,ojb,language_code,,True,ojb,,False,,False,Algic,Algic,family_reconciliation_reviewed:iso_glottolog_pair,,Algic,family_analysis_mapping_reviewed.csv
ojc,Central Ojibwa,,,,,,,,,ltr,,True,True,0,False,False,False,False,cldr_v45,45,nai,nai,North American Indian languages,North American Indian languages,Algic,2026-04-22,2026-06-15,ojc,,ojc,language_code,,True,ojc,,False,,False,Algic,Algic,family_reconciliation_reviewed:iso_glottolog_pair,,Algic,family_analysis_mapping_reviewed.csv
ojg,Eastern Ojibwa,,,,,,,,,ltr,,True,True,0,False,False,False,False,cldr_v45,45,nai,nai,North American Indian languages,North American Indian languages,Algic,2026-04-22,2026-06-15,ojg,,ojg,language_code,,True,ojg,,False,,False,Algic,Algic,family_reconciliation_reviewed:iso_glottolog_pair,,Algic,family_analysis_mapping_reviewed.csv
ojs,Oji-Cree,,,,,Cans,Cans,Cans,Cans,ltr,,True,False,1,False,False,False,False,cldr,48.2.0,alg,nai,North American Indian languages,Algonquian languages,Algic,2026-04-22,2026-06-15,ojs,,ojs,language_code,,True,ojs,,False,,False,Algic,Algic,family_reconciliation_reviewed:iso_glottolog_pair,,Algic,family_analysis_mapping_reviewed.csv
ojw,Western Ojibwa,,,,,Latn,Latn,Latn,Latn,ltr,,True,False,1,False,False,False,False,cldr,48.2.0,alg,nai,North American Indian languages,Algonquian languages,Algic,2026-04-22,2026-06-15,ojw,,ojw,language_code,,True,ojw,,False,,False,Algic,Algic,family_reconciliation_reviewed:iso_glottolog_pair,,Algic,family_analysis_mapping_reviewed.csv
oka,Okanagan,,,,,Latn,Latn,Latn,Latn,ltr,,True,False,1,False,False,False,False,cldr,48.2.0,nai,nai,North American Indian languages,North American Indian languages,Salishan,2026-04-22,2026-06-15,oka,,oka,language_code,,True,oka,,False,,False,Salishan,Salishan,family_reconciliation_reviewed:iso_glottolog_pair,,Salishan,family_analysis_mapping_reviewed.csv
om,Oromo,Oromoo,om,orm,,Latn|Ethi,Latn|Ethi,Latn,Latn,ltr,ltr,True,False,2,True,True,True,False,cldr|iso639_1|iso639_2|wikimedia,48.2.0,cus,afa,Afro-Asiatic languages,Cushitic languages,Afro-Asiatic languages,2026-04-22,2026-06-15,om,om,om,iso639_1,,True,om|orm,om,True,,False,Afro-Asiatic languages,Afro-Asiatic languages,pre_review_reconciled,,Afro-Asiatic languages,family_analysis_mapping_reviewed.csv
or,Odia,ଓଡ଼ିଆ,or,ori,,Orya,Orya,Orya,Orya,ltr,ltr,True,False,1,True,True,True,False,cldr|iso639_1|iso639_2|wikimedia,48.2.0,inc,ine,Indo-European languages,Indo-Aryan languages,Indo-European languages,2026-04-22,2026-06-15,or,or,or,iso639_1,,True,ori|or,or,True,or,True,Indo-European languages,Indo-European languages,pre_review_reconciled,,Indo-European languages,family_analysis_mapping_reviewed.csv
os,Ossetic,Иронау,os,oss,,Cyrl,Cyrl,Cyrl,Cyrl,ltr,ltr,True,False,1,True,True,True,False,cldr|iso639_1|iso639_2|wikimedia,48.2.0,ira,ine,Indo-European languages,Iranian languages,Indo-European languages,2026-04-22,2026-06-15,os,os,os,iso639_1,,True,os|oss,,False,,False,Indo-European languages,Indo-European languages,pre_review_reconciled,,Indo-European languages,family_analysis_mapping_reviewed.csv
osa,Osage,,,osa,,Osge|Latn,Osge|Latn,Osge,Osge,ltr,,True,False,2,False,True,False,False,cldr|iso639_2,48.2.0,nai,nai,North American Indian languages,North American Indian languages,Siouan,2026-04-22,2026-06-15,osa,,osa,iso639_2_t,,True,osa,,False,,False,Siouan,Siouan,family_reconciliation_reviewed:iso_glottolog_pair,,Siouan,family_analysis_mapping_reviewed.csv
osc,Oscan,,,,,Ital|Latn,Ital|Latn,Ital,Ital,rtl,,True,False,2,False,False,False,False,cldr,48.2.0,ine,ine,Indo-European languages,Indo-European languages,Indo-European languages,2026-04-22,2026-06-15,osc,,osc,language_code,,True,osc,,False,,False,Indo-European languages,Indo-European languages,pre_review_reconciled,,Indo-European languages,family_analysis_mapping_reviewed.csv
ota,"Turkish, Ottoman (1500-1928)",,,ota,,,,,,ltr,,True,False,0,False,True,False,False,loc_only,,trk,tut,Altaic languages,Turkic languages,Altaic languages,2026-04-22,2026-06-15,ota,,ota,iso639_2_t,,True,ota,,False,,False,Altaic languages,Turkic,family_reconciliation_reviewed:json_fallback_language,,Turkic,family_analysis_mapping_reviewed.csv
otk,Old Turkish,,,,,Orkh,Orkh,Orkh,Orkh,ltr,,False,False,1,False,False,False,False,cldr,48.2.0,trk,tut,Altaic languages,Turkic languages,Altaic languages,2026-04-22,2026-06-15,otk,,otk,language_code,,True,otk,,False,,False,Altaic languages,Turkic,family_reconciliation_reviewed:json_fallback_language,,Turkic,family_analysis_mapping_reviewed.csv
pa,Punjabi,ਪੰਜਾਬੀ,pa,pan,,Guru|Arab,Guru|Arab,Guru,Guru,ltr,ltr,True,False,2,True,True,True,False,cldr|iso639_1|iso639_2|wikimedia,48.2.0,inc,ine,Indo-European languages,Indo-Aryan languages,Indo-European languages,2026-04-22,2026-06-15,pa,pa,pa,iso639_1,,True,pa|pan,pa,True,pa,True,Indo-European languages,Indo-European languages,pre_review_reconciled,,Indo-European languages,family_analysis_mapping_reviewed.csv
pag,Pangasinan,Pangasinan,,pag,,Latn,Latn,Latn,Latn,ltr,ltr,True,False,1,False,True,True,False,cldr|iso639_2|wikimedia,48.2.0,map,map,Austronesian languages,Austronesian languages,Austronesian languages,2026-04-22,2026-06-15,pag,pag,pag,iso639_2_t,,True,pag,pag,True,,False,Austronesian languages,Austronesian languages,pre_review_reconciled,,Austronesian languages,family_analysis_mapping_reviewed.csv
pal,Pahlavi,,,pal,,Phli|Phlp,Phli|Phlp,Phli,Phli,rtl,,False,False,2,False,True,False,False,cldr|iso639_2,48.2.0,ira,ine,Indo-European languages,Iranian languages,Indo-European languages,2026-04-22,2026-06-15,pal,,pal,iso639_2_t,,True,pal,,False,,False,Indo-European languages,Indo-European languages,pre_review_reconciled,,Indo-European languages,family_analysis_mapping_reviewed.csv
pam,Pampanga,Kapampangan,,pam,,Latn,Latn,Latn,Latn,ltr,ltr,True,False,1,False,True,True,False,cldr|iso639_2|wikimedia,48.2.0,map,map,Austronesian languages,Austronesian languages,Austronesian languages,2026-04-22,2026-06-15,pam,pam,pam,iso639_2_t,,True,pam,pam,True,,False,Austronesian languages,Austronesian languages,pre_review_reconciled,,Austronesian languages,family_analysis_mapping_reviewed.csv
pap,Papiamento,Papiamentu,,pap,,Latn,Latn,Latn,Latn,ltr,ltr,True,True,1,False,True,True,False,cldr|iso639_2|wikimedia,48.2.0,crp,crp,Creoles and pidgins,Creoles and pidgins,Creoles and pidgins,2026-04-22,2026-06-15,pap,pap,pap,iso639_2_t,,True,pap,pap,True,,False,Creoles and pidgins,Creoles and pidgins,family_reconciliation_reviewed:iso_glottolog_pair,,Creoles and pidgins,family_analysis_mapping_reviewed.csv
pau,Palauan,,,pau,,Latn,Latn,Latn,Latn,ltr,,True,True,1,False,True,False,False,cldr|iso639_2,48.2.0,map,map,Austronesian languages,Austronesian languages,Austronesian languages,2026-04-22,2026-06-15,pau,,pau,iso639_2_t,,True,pau,,False,,False,Austronesian languages,Austronesian languages,pre_review_reconciled,,Austronesian languages,family_analysis_mapping_reviewed.csv
pcd,Picard,,,,,Latn,Latn,Latn,Latn,ltr,,True,False,1,False,False,False,False,cldr,48.2.0,roa,ine,Indo-European languages,Romance languages,Indo-European languages,2026-04-22,2026-06-15,pcd,,pcd,language_code,,True,pcd,,False,,False,Indo-European languages,Indo-European languages,pre_review_reconciled,,Indo-European languages,family_analysis_mapping_reviewed.csv
pcm,Nigerian Pidgin,,,,,Latn,Latn,Latn,Latn,ltr,,True,False,1,False,False,False,False,cldr,48.2.0,crp,crp,Creoles and pidgins,Creoles and pidgins,Creoles and pidgins,2026-04-22,2026-06-15,pcm,,pcm,language_code,,True,pcm,,False,,False,Creoles and pidgins,Creoles and pidgins,family_reconciliation_reviewed:iso_glottolog_pair,,Creoles and pidgins,family_analysis_mapping_reviewed.csv
pdc,Pennsylvania German,Deitsch,,,,Latn,Latn,Latn,Latn,ltr,ltr,True,False,1,False,False,True,False,cldr|wikimedia,48.2.0,gem,ine,Indo-European languages,Germanic languages,Indo-European languages,2026-04-22,2026-06-15,pdc,pdc,pdc,language_code,,True,pdc,,False,,False,Indo-European languages,Indo-European languages,pre_review_reconciled,,Indo-European languages,family_analysis_mapping_reviewed.csv
pdt,Plautdietsch,,,,,Latn,Latn,Latn,Latn,ltr,,True,False,1,False,False,False,False,cldr,48.2.0,gem,ine,Indo-European languages,Germanic languages,Indo-European languages,2026-04-22,2026-06-15,pdt,,pdt,language_code,,True,pdt,,False,,False,Indo-European languages,Indo-European languages,pre_review_reconciled,,Indo-European languages,family_analysis_mapping_reviewed.csv
peo,Old Persian,,,peo,,Xpeo,Xpeo,Xpeo,Xpeo,ltr,,False,False,1,False,True,False,False,cldr|iso639_2,48.2.0,ira,ine,Indo-European languages,Iranian languages,Indo-European languages,2026-04-22,2026-06-15,peo,,peo,iso639_2_t,,True,peo,,False,,False,Indo-European languages,Indo-European languages,pre_review_reconciled,,Indo-European languages,family_analysis_mapping_reviewed.csv
pfl,Palatine German,,,,,Latn,Latn,Latn,Latn,ltr,,True,False,1,False,False,False,False,cldr,48.2.0,gem,ine,Indo-European languages,Germanic languages,Indo-European languages,2026-04-22,2026-06-15,pfl,,pfl,language_code,,True,pfl,,False,,False,Indo-European languages,Indo-European languages,pre_review_reconciled,,Indo-European languages,family_analysis_mapping_reviewed.csv
phn,Phoenician,,,phn,,Phnx,Phnx,Phnx,Phnx,rtl,,False,False,1,False,True,False,False,cldr|iso639_2,48.2.0,sem,afa,Afro-Asiatic languages,Semitic languages,Afro-Asiatic languages,2026-04-22,2026-06-15,phn,,phn,iso639_2_t,,True,phn,,False,,False,Afro-Asiatic languages,Afro-Asiatic languages,pre_review_reconciled,,Afro-Asiatic languages,family_analysis_mapping_reviewed.csv
pi,Pali,Pāli / पाऴि,pi,pli,,Latn|Deva|Mymr|Sinh|Thai,Latn|Deva|Mymr|Sinh|Thai,Latn,Latn,ltr,ltr,True,False,5,True,True,True,False,cldr|iso639_1|iso639_2|wikimedia,48.2.0,inc,ine,Indo-European languages,Indo-Aryan languages,Indo-European languages,2026-04-22,2026-06-15,pi,pi,pi,iso639_1,,True,pi|pli,,False,,False,Indo-European languages,Indo-European languages,pre_review_reconciled,,Indo-European languages,family_analysis_mapping_reviewed.csv
pih,Norfolk,Norfuk,,,,,,,,ltr,ltr,True,False,0,False,False,True,False,wikimedia_only,,crp,crp,Creoles and pidgins,Creoles and pidgins,Creoles and pidgins,2026-04-22,2026-06-15,pih,pih,pih,language_code,,True,pih,,False,,False,Creoles and pidgins,Creoles and pidgins,family_reconciliation_reviewed:iso_glottolog_pair,,Creoles and pidgins,family_analysis_mapping_reviewed.csv
pis,Pijin,,,,,Latn,Latn,Latn,Latn,ltr,,True,False,1,False,False,False,False,cldr,48.2.0,crp,crp,Creoles and pidgins,Creoles and pidgins,Creoles and pidgins,2026-04-22,2026-06-15,pis,,pis,language_code,,True,pis,,False,,False,Creoles and pidgins,Creoles and pidgins,family_reconciliation_reviewed:iso_glottolog_pair,,Creoles and pidgins,family_analysis_mapping_reviewed.csv
pko,Pökoot,,,,,Latn,Latn,Latn,Latn,ltr,,True,False,1,False,False,False,False,cldr,48.2.0,ssa,ssa,Nilo-Saharan languages,Nilo-Saharan languages,Nilotic,2026-04-22,2026-06-15,pko,,pko,language_code,,True,pko,,False,,False,Nilotic,Nilotic,family_reconciliation_reviewed:iso_glottolog_pair,,Nilotic,family_analysis_mapping_reviewed.csv
pl,Polish,Polski,pl,pol,,Latn,Latn,Latn,Latn,ltr,ltr,True,True,1,True,True,True,False,cldr|iso639_1|iso639_2|wikimedia,48.2.0,sla,ine,Indo-European languages,Slavic languages,Indo-European languages,2026-04-22,2026-06-15,pl,pl,pl,iso639_1,,True,pl|pol,pl,True,pl,True,Indo-European languages,Indo-European languages,pre_review_reconciled,,Indo-European languages,family_analysis_mapping_reviewed.csv
pms,Piedmontese,Piemontèis,,,,Latn,Latn,Latn,Latn,ltr,ltr,True,False,1,False,False,True,False,cldr|wikimedia,48.2.0,roa,ine,Indo-European languages,Romance languages,Indo-European languages,2026-04-22,2026-06-15,pms,pms,pms,language_code,,True,pms,,False,,False,Indo-European languages,Indo-European languages,pre_review_reconciled,,Indo-European languages,family_analysis_mapping_reviewed.csv
pnb,Punjabi (Western),پنجابی,,,,,,,,rtl,rtl,True,False,0,False,False,True,False,wikimedia_only,,ira,ine,Indo-European languages,Iranian languages,Indo-European languages,2026-06-15,2026-06-15,pnb,pnb,pnb,language_code,,True,pnb,,False,,False,Indo-European languages,Indo-European languages,pre_review_reconciled,,Indo-European languages,family_analysis_mapping_reviewed.csv
pnt,Pontic,,,,,Grek|Cyrl|Latn,Grek|Cyrl|Latn,Grek,Grek,ltr,,True,False,3,False,False,False,False,cldr,48.2.0,grk,ine,Indo-European languages,Greek languages,Indo-European languages,2026-04-22,2026-06-15,pnt,,pnt,language_code,,True,pnt,,False,,False,Indo-European languages,Indo-European languages,pre_review_reconciled,,Indo-European languages,family_analysis_mapping_reviewed.csv
pon,Pohnpeian,,,pon,,Latn,Latn,Latn,Latn,ltr,,True,False,1,False,True,False,False,cldr|iso639_2,48.2.0,map,map,Austronesian languages,Austronesian languages,Austronesian languages,2026-04-22,2026-06-15,pon,,pon,iso639_2_t,,True,pon,,False,,False,Austronesian languages,Austronesian languages,pre_review_reconciled,,Austronesian languages,family_analysis_mapping_reviewed.csv
ppl,Pipil,,,,,Latn,Latn,Latn,Latn,ltr,,True,False,1,False,False,False,False,cldr,48.2.0,azc,nai,North American Indian languages,Uto-Aztecan languages,Uto-Aztecan,2026-05-15,2026-06-15,ppl,,ppl,language_code,,True,ppl,,False,,False,Uto-Aztecan,Uto-Aztecan,family_reconciliation_reviewed:iso_glottolog_pair,,Uto-Aztecan,family_analysis_mapping_reviewed.csv
pqm,Maliseet-Passamaquoddy,,,,,Latn,Latn,Latn,Latn,ltr,,True,False,1,False,False,False,False,cldr,48.2.0,alg,nai,North American Indian languages,Algonquian languages,Algic,2026-04-22,2026-06-15,pqm,,pqm,language_code,,True,pqm,,False,,False,Algic,Algic,family_reconciliation_reviewed:iso_glottolog_pair,,Algic,family_analysis_mapping_reviewed.csv
prd,Parsi-Dari,,,,,Arab,Arab,Arab,Arab,rtl,,True,False,1,False,False,False,False,cldr,48.2.0,ira,ine,Indo-European languages,Iranian languages,Indo-European languages,2026-04-22,2026-06-15,prd,,prd,language_code,,True,prd,,False,,False,Indo-European languages,Indo-European languages,family_reconciliation_reviewed:iso_glottolog_pair,,Indo-European languages,family_analysis_mapping_reviewed.csv
prg,Prussian,,,,,Latn,Latn,Latn,Latn,ltr,,True,False,1,False,False,False,False,cldr,48.2.0,bat,ine,Indo-European languages,Baltic languages,Indo-European languages,2026-04-22,2026-06-15,prg,,prg,language_code,,True,prg,,False,,False,Indo-European languages,Indo-European languages,pre_review_reconciled,,Indo-European languages,family_analysis_mapping_reviewed.csv
pro,Old Provençal,,,pro,,Latn,Latn,Latn,Latn,ltr,,True,False,1,False,True,False,False,cldr|iso639_2,48.2.0,roa,ine,Indo-European languages,Romance languages,Indo-European languages,2026-04-22,2026-06-15,pro,,pro,iso639_2_t,,True,pro,,False,,False,Indo-European languages,Indo-European languages,pre_review_reconciled,,Indo-European languages,family_analysis_mapping_reviewed.csv
ps,Pashto,پښتو,ps,pus,,Arab,Arab,Arab,Arab,rtl,rtl,True,True,1,True,True,True,False,cldr|iso639_1|iso639_2|wikimedia,48.2.0,ira,ine,Indo-European languages,Iranian languages,Indo-European languages,2026-04-22,2026-06-15,ps,ps,ps,iso639_1,,True,ps|pus,ps,True,,False,Indo-European languages,Indo-European languages,pre_review_reconciled,,Indo-European languages,family_analysis_mapping_reviewed.csv
pt,Portuguese,Português,pt,por,,Latn,Latn,Latn,Latn,ltr,ltr,True,True,1,True,True,True,False,cldr|iso639_1|iso639_2|wikimedia,48.2.0,roa,ine,Indo-European languages,Romance languages,Indo-European languages,2026-04-22,2026-06-15,pt,pt,pt,iso639_1,,True,pt|por,pt,True,pt,True,Indo-European languages,Indo-European languages,pre_review_reconciled,,Indo-European languages,family_analysis_mapping_reviewed.csv
puu,Punu,,,,,Latn,Latn,Latn,Latn,ltr,,True,False,1,False,False,False,False,cldr,48.2.0,bnt,nic,Niger-Kordofanian languages,Bantu languages,Atlantic-Congo,2026-04-22,2026-06-15,puu,,puu,language_code,,True,puu,,False,,False,Atlantic-Congo,Atlantic-Congo,family_reconciliation_reviewed:iso_glottolog_pair,,Atlantic-Congo,family_analysis_mapping_reviewed.csv
qu,Quechua,Runa Simi,qu,que,,Latn,Latn,Latn,Latn,ltr,ltr,True,True,1,True,True,True,False,cldr|iso639_1|iso639_2|wikimedia,48.2.0,sai,sai,South American Indian languages,South American Indian languages,South American Indian languages,2026-04-22,2026-06-15,qu,qu,qu,iso639_1,,True,que|qu,qu,True,,False,South American Indian languages,South American Indian languages,pre_review_reconciled,,South American Indian languages,family_analysis_mapping_reviewed.csv
quc,Kʼicheʼ,,,,,Latn,Latn,Latn,Latn,ltr,,True,False,1,False,False,False,False,cldr,48.2.0,cai,cai,Central American Indian languages,Central American Indian languages,Mayan,2026-04-22,2026-06-15,quc,,quc,language_code,,True,quc,,False,,False,Mayan,Mayan,family_reconciliation_reviewed:iso_glottolog_pair,,Mayan,family_analysis_mapping_reviewed.csv
qug,Chimborazo Highland Quichua,,,,,Latn,Latn,Latn,Latn,ltr,,True,False,1,False,False,False,False,cldr,48.2.0,sai,sai,South American Indian languages,South American Indian languages,Quechuan,2026-04-22,2026-06-15,qug,,qug,language_code,,True,qug,,False,,False,Quechuan,Quechuan,family_reconciliation_reviewed:iso_glottolog_pair,,Quechuan,family_analysis_mapping_reviewed.csv
raj,Rajasthani,,,raj,,Deva,Deva,Deva,Deva,ltr,,True,False,1,False,True,False,False,cldr|iso639_2,48.2.0,inc,ine,Indo-European languages,Indo-Aryan languages,Indo-European languages,2026-04-22,2026-06-15,raj,,raj,iso639_2_t,,True,raj,,False,,False,Indo-European languages,Indo-European languages,pre_review_reconciled,,Indo-European languages,family_analysis_mapping_reviewed.csv
rap,Rapanui,,,rap,,Latn,Latn,Latn,Latn,ltr,,True,False,1,False,True,False,False,cldr|iso639_2,48.2.0,map,map,Austronesian languages,Austronesian languages,Austronesian languages,2026-04-22,2026-06-15,rap,,rap,iso639_2_t,,True,rap,,False,,False,Austronesian languages,Austronesian languages,pre_review_reconciled,,Austronesian languages,family_analysis_mapping_reviewed.csv
rar,Rarotongan,,,rar,,Latn,Latn,Latn,Latn,ltr,,True,False,1,False,True,False,False,cldr|iso639_2,48.2.0,map,map,Austronesian languages,Austronesian languages,Austronesian languages,2026-04-22,2026-06-15,rar,,rar,iso639_2_t,,True,rar,,False,,False,Austronesian languages,Austronesian languages,pre_review_reconciled,,Austronesian languages,family_analysis_mapping_reviewed.csv
rcf,Réunion Creole French,,,,,Latn,Latn,Latn,Latn,ltr,,True,False,1,False,False,False,False,cldr,48.2.0,crp,crp,Creoles and pidgins,Creoles and pidgins,Creoles and pidgins,2026-04-22,2026-06-15,rcf,,rcf,language_code,,True,rcf,,False,,False,Creoles and pidgins,Creoles and pidgins,family_reconciliation_reviewed:iso_glottolog_pair,,Creoles and pidgins,family_analysis_mapping_reviewed.csv
rej,Rejang,,,,,Latn|Rjng,Latn|Rjng,Latn,Latn,ltr,,True,False,2,False,False,False,False,cldr,48.2.0,map,map,Austronesian languages,Austronesian languages,Austronesian languages,2026-04-22,2026-06-15,rej,,rej,language_code,,True,rej,,False,,False,Austronesian languages,Austronesian languages,pre_review_reconciled,,Austronesian languages,family_analysis_mapping_reviewed.csv
rgn,Romagnol,,,,,Latn,Latn,Latn,Latn,ltr,,True,False,1,False,False,False,False,cldr,48.2.0,roa,ine,Indo-European languages,Romance languages,Indo-European languages,2026-04-22,2026-06-15,rgn,,rgn,language_code,,True,rgn,,False,,False,Indo-European languages,Indo-European languages,pre_review_reconciled,,Indo-European languages,family_analysis_mapping_reviewed.csv
rhg,Rohingya,,,,,Rohg|Arab|Latn,Rohg|Arab|Latn,Rohg,Rohg,rtl,,True,False,3,False,False,False,False,cldr,48.2.0,inc,ine,Indo-European languages,Indo-Aryan languages,Indo-European languages,2026-04-22,2026-06-15,rhg,,rhg,language_code,,True,rhg,,False,,False,Indo-European languages,Indo-European languages,pre_review_reconciled,,Indo-European languages,family_analysis_mapping_reviewed.csv
ria,Riang (India),,,,,Latn,Latn,Latn,Latn,ltr,,True,False,1,False,False,False,False,cldr,48.2.0,sit,sit,Sino-Tibetan languages,Sino-Tibetan languages,Sino-Tibetan languages,2026-04-22,2026-06-15,ria,,ria,language_code,,True,ria,,False,,False,Sino-Tibetan languages,Sino-Tibetan languages,pre_review_reconciled,,Sino-Tibetan languages,family_analysis_mapping_reviewed.csv
rif,Riffian,,,,,Latn|Tfng,Latn|Tfng,Latn,Latn,ltr,,True,False,2,False,False,False,False,cldr,48.2.0,ber,afa,Afro-Asiatic languages,Berber languages,Afro-Asiatic languages,2026-04-22,2026-06-15,rif,,rif,language_code,,True,rif,,False,,False,Afro-Asiatic languages,Afro-Asiatic languages,pre_review_reconciled,,Afro-Asiatic languages,family_analysis_mapping_reviewed.csv
rjs,Rajbanshi,,,,,Deva,Deva,Deva,Deva,ltr,,True,False,1,False,False,False,False,cldr,48.2.0,inc,ine,Indo-European languages,Indo-Aryan languages,Indo-European languages,2026-04-22,2026-06-15,rjs,,rjs,language_code,,True,rjs,,False,,False,Indo-European languages,Indo-European languages,pre_review_reconciled,,Indo-European languages,family_analysis_mapping_reviewed.csv
rkt,Rangpuri,,,,,Beng,Beng,Beng,Beng,ltr,,True,False,1,False,False,False,False,cldr,48.2.0,inc,ine,Indo-European languages,Indo-Aryan languages,Indo-European languages,2026-04-22,2026-06-15,rkt,,rkt,language_code,,True,rkt,,False,,False,Indo-European languages,Indo-European languages,pre_review_reconciled,,Indo-European languages,family_analysis_mapping_reviewed.csv
rm,Romansh,Rumantsch,rm,roh,,Latn,Latn,Latn,Latn,ltr,ltr,True,False,1,True,True,True,False,cldr|iso639_1|iso639_2|wikimedia,48.2.0,roa,ine,Indo-European languages,Romance languages,Indo-European languages,2026-04-22,2026-06-15,rm,rm,rm,iso639_1,,True,rm|roh,,False,,False,Indo-European languages,Indo-European languages,pre_review_reconciled,,Indo-European languages,family_analysis_mapping_reviewed.csv
rmf,Kalo Finnish Romani,,,,,Latn,Latn,Latn,Latn,ltr,,True,False,1,False,False,False,False,cldr,48.2.0,inc,ine,Indo-European languages,Indo-Aryan languages,Indo-European languages,2026-04-22,2026-06-15,rmf,,rmf,language_code,,True,rmf,,False,,False,Indo-European languages,Indo-European languages,pre_review_reconciled,,Indo-European languages,family_analysis_mapping_reviewed.csv
rmo,Sinte Romani,,,,,Latn,Latn,Latn,Latn,ltr,,True,False,1,False,False,False,False,cldr,48.2.0,inc,ine,Indo-European languages,Indo-Aryan languages,Indo-European languages,2026-04-22,2026-06-15,rmo,,rmo,language_code,,True,rmo,,False,,False,Indo-European languages,Indo-European languages,pre_review_reconciled,,Indo-European languages,family_analysis_mapping_reviewed.csv
rmt,Domari,,,,,Arab,Arab,Arab,Arab,rtl,,True,False,1,False,False,False,False,cldr,48.2.0,ira,ine,Indo-European languages,Iranian languages,Indo-European languages,2026-04-22,2026-06-15,rmt,,rmt,language_code,,True,rmt,,False,,False,Indo-European languages,Indo-European languages,pre_review_reconciled,,Indo-European languages,family_analysis_mapping_reviewed.csv
rmu,Tavringer Romani,,,,,Latn,Latn,Latn,Latn,ltr,,True,False,1,False,False,False,False,cldr,48.2.0,inc,ine,Indo-European languages,Indo-Aryan languages,Indo-European languages,2026-04-22,2026-06-15,rmu,,rmu,language_code,,True,rmu,,False,,False,Indo-European languages,Indo-European languages,family_reconciliation_reviewed:iso_glottolog_pair,,Indo-European languages,family_analysis_mapping_reviewed.csv
rmy,Romani,Romani / रोमानी,,,,,,,,ltr,ltr,True,False,0,False,False,True,False,wikimedia_only,,inc,ine,Indo-European languages,Indo-Aryan languages,Indo-European languages,2026-04-22,2026-06-15,rmy,rmy,rmy,language_code,,True,rmy,,False,,False,Indo-European languages,Indo-European languages,pre_review_reconciled,,Indo-European languages,family_analysis_mapping_reviewed.csv
rn,Rundi,Kirundi,rn,run,,Latn,Latn,Latn,Latn,ltr,ltr,True,True,1,True,True,True,False,cldr|iso639_1|iso639_2|wikimedia,48.2.0,bnt,nic,Niger-Kordofanian languages,Bantu languages,Atlantic-Congo,2026-04-22,2026-06-15,rn,rn,rn,iso639_1,,True,rn|run,rn,True,,False,Atlantic-Congo,Atlantic-Congo,family_reconciliation_reviewed:iso_glottolog_pair,,Atlantic-Congo,family_analysis_mapping_reviewed.csv
rng,Ronga,,,,,Latn,Latn,Latn,Latn,ltr,,True,False,1,False,False,False,False,cldr,48.2.0,bnt,nic,Niger-Kordofanian languages,Bantu languages,Atlantic-Congo,2026-04-22,2026-06-15,rng,,rng,language_code,,True,rng,,False,,False,Atlantic-Congo,Atlantic-Congo,family_reconciliation_reviewed:iso_glottolog_pair,,Atlantic-Congo,family_analysis_mapping_reviewed.csv
ro,Romanian,Română,ro,ron,rum,Latn|Cyrl,Latn|Cyrl,Latn,Latn,ltr,ltr,True,True,2,True,True,True,False,cldr|iso639_1|iso639_2|wikimedia,48.2.0,roa,ine,Indo-European languages,Romance languages,Indo-European languages,2026-04-22,2026-06-15,ro,ro,ro,iso639_1,,True,mo|rum|ron|ro,ro,True,ro,True,Indo-European languages,Indo-European languages,pre_review_reconciled,,Indo-European languages,family_analysis_mapping_reviewed.csv
roa-rup,Aromanian,Armâneashti,,,,,,,,ltr,ltr,True,False,0,False,False,True,False,wikimedia_only,,roa,ine,Indo-European languages,Romance languages,Indo-European languages,2026-04-22,2026-06-15,roa-rup,roa-rup,rup,grandfathered_fallback,Wikimedia/legacy code roa-rup not in language_data IANA snapshot; mapped manually,False,rup|roa-rup,,False,,False,Indo-European languages,Indo-European languages,pre_review_reconciled,,Indo-European languages,family_analysis_mapping_reviewed.csv
rob,Tae',,,,,Latn,Latn,Latn,Latn,ltr,,True,False,1,False,False,False,False,cldr,48.2.0,map,map,Austronesian languages,Austronesian languages,Austronesian languages,2026-04-22,2026-06-15,rob,,rob,language_code,,True,rob,,False,,False,Austronesian languages,Austronesian languages,pre_review_reconciled,,Austronesian languages,family_analysis_mapping_reviewed.csv
rof,Rombo,,,,,Latn,Latn,Latn,Latn,ltr,,True,False,1,False,False,False,False,cldr,48.2.0,bnt,nic,Niger-Kordofanian languages,Bantu languages,Atlantic-Congo,2026-04-22,2026-06-15,rof,,rof,language_code,,True,rof,,False,,False,Atlantic-Congo,Atlantic-Congo,family_reconciliation_reviewed:iso_glottolog_pair,,Atlantic-Congo,family_analysis_mapping_reviewed.csv
rom,Romany,,,rom,,Latn|Cyrl,Latn|Cyrl,Latn,Latn,ltr,,True,False,2,False,True,False,False,cldr|iso639_2,48.2.0,inc,ine,Indo-European languages,Indo-Aryan languages,Indo-European languages,2026-04-22,2026-06-15,rom,,rom,iso639_2_t,,True,rom,rom,True,,False,Indo-European languages,Indo-European languages,pre_review_reconciled,,Indo-European languages,family_analysis_mapping_reviewed.csv
rtm,Rotuman,,,,,Latn,Latn,Latn,Latn,ltr,,True,False,1,False,False,False,False,cldr,48.2.0,map,map,Austronesian languages,Austronesian languages,Austronesian languages,2026-04-22,2026-06-15,rtm,,rtm,language_code,,True,rtm,,False,,False,Austronesian languages,Austronesian languages,pre_review_reconciled,,Austronesian languages,family_analysis_mapping_reviewed.csv
ru,Russian,Русский,ru,rus,,Cyrl,Cyrl,Cyrl,Cyrl,ltr,ltr,True,True,1,True,True,True,False,cldr|iso639_1|iso639_2|wikimedia,48.2.0,sla,ine,Indo-European languages,Slavic languages,Indo-European languages,2026-04-22,2026-06-15,ru,ru,ru,iso639_1,,True,rus|ru,ru,True,ru,True,Indo-European languages,Indo-European languages,pre_review_reconciled,,Indo-European languages,family_analysis_mapping_reviewed.csv
rue,Rusyn,,,,,Cyrl,Cyrl,Cyrl,Cyrl,ltr,,True,False,1,False,False,False,False,cldr,48.2.0,sla,ine,Indo-European languages,Slavic languages,Indo-European languages,2026-04-22,2026-06-15,rue,,rue,language_code,,True,rue,,False,,False,Indo-European languages,Indo-European languages,pre_review_reconciled,,Indo-European languages,family_analysis_mapping_reviewed.csv
rug,Roviana,,,,,Latn,Latn,Latn,Latn,ltr,,True,False,1,False,False,False,False,cldr,48.2.0,map,map,Austronesian languages,Austronesian languages,Austronesian languages,2026-04-22,2026-06-15,rug,,rug,language_code,,True,rug,,False,,False,Austronesian languages,Austronesian languages,pre_review_reconciled,,Austronesian languages,family_analysis_mapping_reviewed.csv
rup,Aromanian,,,rup,,Latn,Latn,Latn,Latn,ltr,,True,False,1,False,True,False,False,cldr|iso639_2,48.2.0,roa,ine,Indo-European languages,Romance languages,Indo-European languages,2026-04-22,2026-06-15,rup,,rup,iso639_2_t,,True,rup,,False,,False,Indo-European languages,Indo-European languages,pre_review_reconciled,,Indo-European languages,family_analysis_mapping_reviewed.csv
rw,Kinyarwanda,Kinyarwandi,rw,kin,,Latn,Latn,Latn,Latn,ltr,ltr,True,True,1,True,True,True,False,cldr|iso639_1|iso639_2|wikimedia,48.2.0,bnt,nic,Niger-Kordofanian languages,Bantu languages,Atlantic-Congo,2026-04-22,2026-06-15,rw,rw,rw,iso639_1,,True,kin|rw,rw,True,,False,Atlantic-Congo,Atlantic-Congo,family_reconciliation_reviewed:iso_glottolog_pair,,Atlantic-Congo,family_analysis_mapping_reviewed.csv
rwk,Rwa,,,,,Latn,Latn,Latn,Latn,ltr,,True,False,1,False,False,False,False,cldr,48.2.0,bnt,nic,Niger-Kordofanian languages,Bantu languages,Atlantic-Congo,2026-04-22,2026-06-15,rwk,,rwk,language_code,,True,rwk,,False,,False,Atlantic-Congo,Atlantic-Congo,family_reconciliation_reviewed:iso_glottolog_pair,,Atlantic-Congo,family_analysis_mapping_reviewed.csv
ryu,Central Okinawan,,,,,Kana,Kana,Kana,Kana,ltr,,True,False,1,False,False,False,False,cldr,48.2.0,jpx,jpx,Japonic languages,Japonic languages,Japonic languages,2026-04-22,2026-06-15,ryu,,ryu,language_code,,True,ryu,,False,,False,Japonic languages,Japonic languages,pre_review_reconciled,,Japonic languages,family_analysis_mapping_reviewed.csv
sa,Sanskrit,संस्कृतम्,sa,san,,Deva|Gran|Shrd|Sidd|Sinh,Deva|Gran|Shrd|Sidd|Sinh,Deva,Deva,ltr,ltr,True,False,5,True,True,True,False,cldr|iso639_1|iso639_2|wikimedia,48.2.0,inc,ine,Indo-European languages,Indo-Aryan languages,Indo-European languages,2026-04-22,2026-06-15,sa,sa,sa,iso639_1,,True,san|sa,sa,True,,False,Indo-European languages,Indo-European languages,pre_review_reconciled,,Indo-European languages,family_analysis_mapping_reviewed.csv
sad,Sandawe,,,sad,,Latn,Latn,Latn,Latn,ltr,,True,False,1,False,True,False,False,cldr|iso639_2,48.2.0,,,Language isolate,Language isolate,Language isolate,2026-04-22,2026-06-15,sad,,sad,iso639_2_t,,True,sad,,False,,False,Language isolate,Language isolate,pre_review_reconciled,,Language isolate,family_analysis_mapping_reviewed.csv
saf,Safaliba,,,,,Latn,Latn,Latn,Latn,ltr,,True,False,1,False,False,False,False,cldr,48.2.0,nic,nic,Niger-Kordofanian languages,Niger-Kordofanian languages,Atlantic-Congo,2026-04-22,2026-06-15,saf,,saf,language_code,,True,saf,,False,,False,Atlantic-Congo,Atlantic-Congo,family_reconciliation_reviewed:iso_glottolog_pair,,Atlantic-Congo,family_analysis_mapping_reviewed.csv
sah,Yakut,,,sah,,Cyrl,Cyrl,Cyrl,Cyrl,ltr,,True,False,1,False,True,False,False,cldr|iso639_2,48.2.0,trk,tut,Altaic languages,Turkic languages,Turkic,2026-04-22,2026-06-15,sah,,sah,iso639_2_t,,True,sah,,False,,False,Turkic,Turkic,family_reconciliation_reviewed:iso_glottolog_pair,,Turkic,family_analysis_mapping_reviewed.csv
sam,Samaritan Aramaic,,,sam,,Samr|Hebr,Samr|Hebr,Samr,Samr,ltr,,True,False,2,False,True,False,False,cldr|iso639_2,48.2.0,sem,afa,Afro-Asiatic languages,Semitic languages,Afro-Asiatic languages,2026-04-22,2026-06-15,sam,,sam,iso639_2_t,,True,sam,,False,,False,Afro-Asiatic languages,Afro-Asiatic languages,pre_review_reconciled,,Afro-Asiatic languages,family_analysis_mapping_reviewed.csv
saq,Samburu,,,,,Latn,Latn,Latn,Latn,ltr,,True,False,1,False,False,False,False,cldr,48.2.0,ssa,ssa,Nilo-Saharan languages,Nilo-Saharan languages,Nilotic,2026-04-22,2026-06-15,saq,,saq,language_code,,True,saq,,False,,False,Nilotic,Nilotic,family_reconciliation_reviewed:iso_glottolog_pair,,Nilotic,family_analysis_mapping_reviewed.csv
sas,Sasak,,,sas,,Latn,Latn,Latn,Latn,ltr,,True,False,1,False,True,False,False,cldr|iso639_2,48.2.0,map,map,Austronesian languages,Austronesian languages,Austronesian languages,2026-04-22,2026-06-15,sas,,sas,iso639_2_t,,True,sas,,False,,False,Austronesian languages,Austronesian languages,pre_review_reconciled,,Austronesian languages,family_analysis_mapping_reviewed.csv
sat,Santali,,,sat,,Olck|Beng|Deva|Latn|Orya,Olck|Beng|Deva|Latn|Orya,Olck,Olck,ltr,,True,False,5,False,True,False,False,cldr|iso639_2,48.2.0,aav,aav,Austro-Asiatic languages,Austro-Asiatic languages,Austro-Asiatic languages,2026-04-22,2026-06-15,sat,,sat,iso639_2_t,,True,sat,,False,,False,Austro-Asiatic languages,Austro-Asiatic languages,family_reconciliation_reviewed:iso_glottolog_pair,,Austro-Asiatic languages,family_analysis_mapping_reviewed.csv
saz,Sourashtra,,,,,Saur,Saur,Saur,Saur,ltr,,True,False,1,False,False,False,False,cldr,48.2.0,inc,ine,Indo-European languages,Indo-Aryan languages,Indo-European languages,2026-04-22,2026-06-15,saz,,saz,language_code,,True,saz,,False,,False,Indo-European languages,Indo-European languages,pre_review_reconciled,,Indo-European languages,family_analysis_mapping_reviewed.csv
sba,Ngambay,,,,,,,,,ltr,,True,True,0,False,False,False,False,cldr_v45,45,ssa,ssa,Nilo-Saharan languages,Nilo-Saharan languages,Central Sudanic,2026-04-22,2026-06-15,sba,,sba,language_code,,True,sba,,False,,False,Central Sudanic,Central Sudanic,family_reconciliation_reviewed:iso_glottolog_pair,,Central Sudanic,family_analysis_mapping_reviewed.csv
sbp,Sangu,,,,,Latn,Latn,Latn,Latn,ltr,,True,False,1,False,False,False,False,cldr,48.2.0,bnt,nic,Niger-Kordofanian languages,Bantu languages,Atlantic-Congo,2026-04-22,2026-06-15,sbp,,sbp,language_code,,True,sbp,,False,,False,Atlantic-Congo,Atlantic-Congo,family_reconciliation_reviewed:iso_glottolog_pair,,Atlantic-Congo,family_analysis_mapping_reviewed.csv
sc,Sardinian,Sardu,sc,srd,,Latn,Latn,Latn,Latn,ltr,ltr,True,False,1,True,True,True,False,cldr|iso639_1|iso639_2|wikimedia,48.2.0,roa,ine,Indo-European languages,Romance languages,Indo-European languages,2026-04-22,2026-06-15,sc,sc,sc,iso639_1,,True,srd|sc,,False,,False,Indo-European languages,Indo-European languages,pre_review_reconciled,,Indo-European languages,family_analysis_mapping_reviewed.csv
sck,Sadri,,,,,Deva,Deva,Deva,Deva,ltr,,True,False,1,False,False,False,False,cldr,48.2.0,inc,ine,Indo-European languages,Indo-Aryan languages,Indo-European languages,2026-04-22,2026-06-15,sck,,sck,language_code,,True,sck,,False,,False,Indo-European languages,Indo-European languages,pre_review_reconciled,,Indo-European languages,family_analysis_mapping_reviewed.csv
scn,Sicilian,Sicilianu,,scn,,Latn,Latn,Latn,Latn,ltr,ltr,True,False,1,False,True,True,False,cldr|iso639_2|wikimedia,48.2.0,roa,ine,Indo-European languages,Romance languages,Indo-European languages,2026-04-22,2026-06-15,scn,scn,scn,iso639_2_t,,True,scn,scn,True,,False,Indo-European languages,Indo-European languages,pre_review_reconciled,,Indo-European languages,family_analysis_mapping_reviewed.csv
sco,Scots,Scots,,sco,,Latn,Latn,Latn,Latn,ltr,ltr,True,False,1,False,True,True,False,cldr|iso639_2|wikimedia,48.2.0,gem,ine,Indo-European languages,Germanic languages,Indo-European languages,2026-04-22,2026-06-15,sco,sco,sco,iso639_2_t,,True,sco,,False,,False,Indo-European languages,Indo-European languages,pre_review_reconciled,,Indo-European languages,family_analysis_mapping_reviewed.csv
scs,North Slavey,,,,,Latn,Latn,Latn,Latn,ltr,,True,False,1,False,False,False,False,cldr,48.2.0,nai,nai,North American Indian languages,North American Indian languages,Athabaskan-Eyak-Tlingit,2026-04-22,2026-06-15,scs,,scs,language_code,,True,scs,,False,,False,Athabaskan-Eyak-Tlingit,Athabaskan-Eyak-Tlingit,family_reconciliation_reviewed:iso_glottolog_pair,,Athabaskan-Eyak-Tlingit,family_analysis_mapping_reviewed.csv
sd,Sindhi,सिंधी / سنڌي‎,sd,snd,,Arab|Deva|Khoj|Sind,Arab|Deva|Khoj|Sind,Arab,Arab,rtl,rtl,True,False,4,True,True,True,False,cldr|iso639_1|iso639_2|wikimedia,48.2.0,inc,ine,Indo-European languages,Indo-Aryan languages,Indo-European languages,2026-04-22,2026-06-15,sd,sd,sd,iso639_1,,True,snd|sd,sd,True,,False,Indo-European languages,Indo-European languages,pre_review_reconciled,,Indo-European languages,family_analysis_mapping_reviewed.csv
sdc,Sassarese Sardinian,,,,,Latn,Latn,Latn,Latn,ltr,,True,False,1,False,False,False,False,cldr,48.2.0,roa,ine,Indo-European languages,Romance languages,Indo-European languages,2026-04-22,2026-06-15,sdc,,sdc,language_code,,True,sdc,,False,,False,Indo-European languages,Indo-European languages,pre_review_reconciled,,Indo-European languages,family_analysis_mapping_reviewed.csv
sdh,Southern Kurdish,,,,,Arab,Arab,Arab,Arab,rtl,,True,False,1,False,False,False,False,cldr,48.2.0,ira,ine,Indo-European languages,Iranian languages,Indo-European languages,2026-04-22,2026-06-15,sdh,,sdh,language_code,,True,sdh,,False,,False,Indo-European languages,Indo-European languages,pre_review_reconciled,,Indo-European languages,family_analysis_mapping_reviewed.csv
se,Northern Sami,Davvisámegiella,se,sme,,Latn|Cyrl,Latn|Cyrl,Latn,Latn,ltr,ltr,True,False,2,True,True,True,False,cldr|iso639_1|iso639_2|wikimedia,48.2.0,smi,urj,Uralic languages,Sami languages,Uralic languages,2026-04-22,2026-06-15,se,se,se,iso639_1,,True,sme|se,,False,,False,Uralic languages,Uralic languages,pre_review_reconciled,,Uralic languages,family_analysis_mapping_reviewed.csv
see,Seneca,,,,,Latn,Latn,Latn,Latn,ltr,,True,False,1,False,False,False,False,cldr,48.2.0,nai,nai,North American Indian languages,North American Indian languages,Iroquoian,2026-04-22,2026-06-15,see,,see,language_code,,True,see,,False,,False,Iroquoian,Iroquoian,family_reconciliation_reviewed:iso_glottolog_pair,,Iroquoian,family_analysis_mapping_reviewed.csv
sef,Cebaara Senoufo,,,,,Latn,Latn,Latn,Latn,ltr,,True,False,1,False,False,False,False,cldr,48.2.0,nic,nic,Niger-Kordofanian languages,Niger-Kordofanian languages,Atlantic-Congo,2026-04-22,2026-06-15,sef,,sef,language_code,,True,sef,,False,,False,Atlantic-Congo,Atlantic-Congo,family_reconciliation_reviewed:iso_glottolog_pair,,Atlantic-Congo,family_analysis_mapping_reviewed.csv
seh,Sena,,,,,Latn,Latn,Latn,Latn,ltr,,True,False,1,False,False,False,False,cldr,48.2.0,bnt,nic,Niger-Kordofanian languages,Bantu languages,Atlantic-Congo,2026-04-22,2026-06-15,seh,,seh,language_code,,True,seh,,False,,False,Atlantic-Congo,Atlantic-Congo,family_reconciliation_reviewed:iso_glottolog_pair,,Atlantic-Congo,family_analysis_mapping_reviewed.csv
sei,Seri,,,,,Latn,Latn,Latn,Latn,ltr,,True,False,1,False,False,False,False,cldr,48.2.0,,,Language isolate,Language isolate,Language isolate,2026-04-22,2026-06-15,sei,,sei,language_code,,True,sei,,False,,False,Language isolate,Language isolate,pre_review_reconciled,,Language isolate,family_analysis_mapping_reviewed.csv
sel,Selkup,,,sel,,Cyrl,Cyrl,Cyrl,Cyrl,ltr,,True,False,1,False,True,False,False,cldr|iso639_2,48.2.0,fiu,urj,Uralic languages,Finno-Ugrian languages,Uralic languages,2026-04-22,2026-06-15,sel,,sel,iso639_2_t,,True,sel,,False,,False,Uralic languages,Uralic languages,pre_review_reconciled,,Uralic languages,family_analysis_mapping_reviewed.csv
ses,Koyraboro Senni,,,,,Latn,Latn,Latn,Latn,ltr,,True,False,1,False,False,False,False,cldr,48.2.0,ssa,ssa,Nilo-Saharan languages,Nilo-Saharan languages,Songhay,2026-04-22,2026-06-15,ses,,ses,language_code,,True,ses,,False,,False,Songhay,Songhay,family_reconciliation_reviewed:iso_glottolog_pair,,Songhay,family_analysis_mapping_reviewed.csv
sg,Sango,Sängö,sg,sag,,Latn,Latn,Latn,Latn,ltr,ltr,True,True,1,True,True,True,False,cldr|iso639_1|iso639_2|wikimedia,48.2.0,ssa,ssa,Nilo-Saharan languages,Nilo-Saharan languages,Atlantic-Congo,2026-04-22,2026-06-15,sg,sg,sg,iso639_1,,True,sg|sag,sg,True,,False,Atlantic-Congo,Atlantic-Congo,family_reconciliation_reviewed:iso_glottolog_pair,,Atlantic-Congo,family_analysis_mapping_reviewed.csv
sga,Old Irish,,,sga,,Latn|Ogam,Latn|Ogam,Latn,Latn,ltr,,True,False,2,False,True,False,False,cldr|iso639_2,48.2.0,cel,ine,Indo-European languages,Celtic languages,Indo-European languages,2026-04-22,2026-06-15,sga,,sga,iso639_2_t,,True,sga,,False,,False,Indo-European languages,Indo-European languages,pre_review_reconciled,,Indo-European languages,family_analysis_mapping_reviewed.csv
sgs,Samogitian,,,,,Latn,Latn,Latn,Latn,ltr,,True,False,1,False,False,False,False,cldr,48.2.0,bat,ine,Indo-European languages,Baltic languages,Indo-European languages,2026-04-22,2026-06-15,sgs,,sgs,language_code,,True,sgs,,False,,False,Indo-European languages,Indo-European languages,pre_review_reconciled,,Indo-European languages,family_analysis_mapping_reviewed.csv
sh,Serbo-Croatian,Srpskohrvatski / Српскохрватски,sh,,,,,,,ltr,ltr,True,False,0,True,False,True,False,wikimedia_only|iso639_1,,sla,ine,Indo-European languages,Slavic languages,Indo-European languages,2026-04-22,2026-06-15,sh,sh,sr-Latn,iso639_1,,False,hbs|sh|sr-Latn,,False,,False,Indo-European languages,Indo-European languages,pre_review_reconciled,,Indo-European languages,family_analysis_mapping_reviewed.csv
shi,Tachelhit,,,,,Tfng|Latn|Arab,Tfng|Latn|Arab,Tfng,Tfng,rtl,,True,False,3,False,False,False,False,cldr,48.2.0,ber,afa,Afro-Asiatic languages,Berber languages,Afro-Asiatic languages,2026-04-22,2026-06-15,shi,,shi,language_code,,True,shi,,False,,False,Afro-Asiatic languages,Afro-Asiatic languages,pre_review_reconciled,,Afro-Asiatic languages,family_analysis_mapping_reviewed.csv
shn,Shan,,,shn,,Mymr,Mymr,Mymr,Mymr,ltr,,True,False,1,False,True,False,False,cldr|iso639_2,48.2.0,tai,tai,Tai-Kadai languages,Tai-Kadai languages,Tai-Kadai languages,2026-04-22,2026-06-15,shn,,shn,iso639_2_t,,True,shn,shn,True,,False,Tai-Kadai languages,Tai-Kadai languages,pre_review_reconciled,,Tai-Kadai languages,family_analysis_mapping_reviewed.csv
shu,Chadian Arabic,,,,,,,,,rtl,,True,True,0,False,False,False,False,cldr_v45,45,sem,afa,Afro-Asiatic languages,Semitic languages,Afro-Asiatic languages,2026-04-22,2026-06-15,shu,,shu,language_code,,True,shu,,False,,False,Afro-Asiatic languages,Afro-Asiatic languages,pre_review_reconciled,,Afro-Asiatic languages,family_analysis_mapping_reviewed.csv
si,Sinhala,සිංහල,si,sin,,Sinh,Sinh,Sinh,Sinh,ltr,ltr,True,True,1,True,True,True,False,cldr|iso639_1|iso639_2|wikimedia,48.2.0,inc,ine,Indo-European languages,Indo-Aryan languages,Indo-European languages,2026-04-22,2026-06-15,si,si,si,iso639_1,,True,si|sin,si,True,,False,Indo-European languages,Indo-European languages,pre_review_reconciled,,Indo-European languages,family_analysis_mapping_reviewed.csv
sid,Sidamo,,,sid,,Latn,Latn,Latn,Latn,ltr,,True,False,1,False,True,False,False,cldr|iso639_2,48.2.0,cus,afa,Afro-Asiatic languages,Cushitic languages,Afro-Asiatic languages,2026-04-22,2026-06-15,sid,,sid,iso639_2_t,,True,sid,,False,,False,Afro-Asiatic languages,Afro-Asiatic languages,pre_review_reconciled,,Afro-Asiatic languages,family_analysis_mapping_reviewed.csv
sk,Slovak,Slovenčina,sk,slk,slo,Latn,Latn,Latn,Latn,ltr,ltr,True,True,1,True,True,True,False,cldr|iso639_1|iso639_2|wikimedia,48.2.0,sla,ine,Indo-European languages,Slavic languages,Indo-European languages,2026-04-22,2026-06-15,sk,sk,sk,iso639_1,,True,slo|sk|slk,sk,True,sk,True,Indo-European languages,Indo-European languages,pre_review_reconciled,,Indo-European languages,family_analysis_mapping_reviewed.csv
skr,Saraiki,,,,,Arab,Arab,Arab,Arab,rtl,,True,False,1,False,False,False,False,cldr,48.2.0,inc,ine,Indo-European languages,Indo-Aryan languages,Indo-European languages,2026-04-22,2026-06-15,skr,,skr,language_code,,True,skr,,False,,False,Indo-European languages,Indo-European languages,pre_review_reconciled,,Indo-European languages,family_analysis_mapping_reviewed.csv
sl,Slovenian,Slovenščina,sl,slv,,Latn,Latn,Latn,Latn,ltr,ltr,True,True,1,True,True,True,False,cldr|iso639_1|iso639_2|wikimedia,48.2.0,sla,ine,Indo-European languages,Slavic languages,Indo-European languages,2026-04-22,2026-06-15,sl,sl,sl,iso639_1,,True,slv|sl,sl,True,sl,True,Indo-European languages,Indo-European languages,pre_review_reconciled,,Indo-European languages,family_analysis_mapping_reviewed.csv
slh,Southern Lushootseed,,,,,,,,,ltr,,True,True,0,False,False,False,False,cldr_v45,45,nai,nai,North American Indian languages,North American Indian languages,Salishan,2026-04-22,2026-06-15,slh,,slh,language_code,,True,slh,,False,,False,Salishan,Salishan,family_reconciliation_reviewed:iso_glottolog_pair,,Salishan,family_analysis_mapping_reviewed.csv
sli,Lower Silesian,,,,,Latn,Latn,Latn,Latn,ltr,,True,False,1,False,False,False,False,cldr,48.2.0,gem,ine,Indo-European languages,Germanic languages,Indo-European languages,2026-04-22,2026-06-15,sli,,sli,language_code,,True,sli,,False,,False,Indo-European languages,Indo-European languages,pre_review_reconciled,,Indo-European languages,family_analysis_mapping_reviewed.csv
sly,Selayar,,,,,Latn,Latn,Latn,Latn,ltr,,True,False,1,False,False,False,False,cldr,48.2.0,map,map,Austronesian languages,Austronesian languages,Austronesian languages,2026-04-22,2026-06-15,sly,,sly,language_code,,True,sly,,False,,False,Austronesian languages,Austronesian languages,pre_review_reconciled,,Austronesian languages,family_analysis_mapping_reviewed.csv
sm,Samoan,Gagana Samoa,sm,smo,,Latn,Latn,Latn,Latn,ltr,ltr,True,True,1,True,True,True,False,cldr|iso639_1|iso639_2|wikimedia,48.2.0,map,map,Austronesian languages,Austronesian languages,Austronesian languages,2026-04-22,2026-06-15,sm,sm,sm,iso639_1,,True,sm|smo,sm,True,,False,Austronesian languages,Austronesian languages,pre_review_reconciled,,Austronesian languages,family_analysis_mapping_reviewed.csv
sma,Southern Sami,,,sma,,Latn,Latn,Latn,Latn,ltr,,True,False,1,False,True,False,False,cldr|iso639_2,48.2.0,smi,urj,Uralic languages,Sami languages,Uralic languages,2026-04-22,2026-06-15,sma,,sma,iso639_2_t,,True,sma,,False,,False,Uralic languages,Uralic languages,pre_review_reconciled,,Uralic languages,family_analysis_mapping_reviewed.csv
smj,Lule Sami,,,smj,,Latn,Latn,Latn,Latn,ltr,,True,False,1,False,True,False,False,cldr|iso639_2,48.2.0,smi,urj,Uralic languages,Sami languages,Uralic languages,2026-04-22,2026-06-15,smj,,smj,iso639_2_t,,True,smj,,False,,False,Uralic languages,Uralic languages,pre_review_reconciled,,Uralic languages,family_analysis_mapping_reviewed.csv
smn,Inari Sami,,,smn,,Latn,Latn,Latn,Latn,ltr,,True,False,1,False,True,False,False,cldr|iso639_2,48.2.0,smi,urj,Uralic languages,Sami languages,Uralic languages,2026-04-22,2026-06-15,smn,,smn,iso639_2_t,,True,smn,,False,,False,Uralic languages,Uralic languages,pre_review_reconciled,,Uralic languages,family_analysis_mapping_reviewed.csv
smp,Samaritan,,,,,Samr,Samr,Samr,Samr,ltr,,False,False,1,False,False,False,False,cldr,48.2.0,art,art,Artificial languages,Artificial languages,Afro-Asiatic,2026-04-22,2026-06-15,smp,,smp,language_code,,True,smp,,False,,False,Afro-Asiatic,Afro-Asiatic,family_reconciliation_reviewed:iso_glottolog_pair,,Afro-Asiatic languages,family_analysis_mapping_reviewed.csv
sms,Skolt Sami,,,sms,,Latn,Latn,Latn,Latn,ltr,,True,False,1,False,True,False,False,cldr|iso639_2,48.2.0,smi,urj,Uralic languages,Sami languages,Uralic languages,2026-04-22,2026-06-15,sms,,sms,iso639_2_t,,True,sms,,False,,False,Uralic languages,Uralic languages,pre_review_reconciled,,Uralic languages,family_analysis_mapping_reviewed.csv
sn,Shona,chiShona,sn,sna,,Latn,Latn,Latn,Latn,ltr,ltr,True,True,1,True,True,True,False,cldr|iso639_1|iso639_2|wikimedia,48.2.0,bnt,nic,Niger-Kordofanian languages,Bantu languages,Atlantic-Congo,2026-04-22,2026-06-15,sn,sn,sn,iso639_1,,True,sn|sna,sn,True,,False,Atlantic-Congo,Atlantic-Congo,family_reconciliation_reviewed:iso_glottolog_pair,,Atlantic-Congo,family_analysis_mapping_reviewed.csv
snf,Noon,,,,,Latn,Latn,Latn,Latn,ltr,,True,False,1,False,False,False,False,cldr,48.2.0,nic,nic,Niger-Kordofanian languages,Niger-Kordofanian languages,Atlantic-Congo,2026-05-15,2026-06-15,snf,,snf,language_code,,True,snf,,False,,False,Atlantic-Congo,Atlantic-Congo,family_reconciliation_reviewed:iso_glottolog_pair,,Atlantic-Congo,family_analysis_mapping_reviewed.csv
snk,Soninke,,,snk,,Latn,Latn,Latn,Latn,ltr,,True,False,1,False,True,False,False,cldr|iso639_2,48.2.0,nic,nic,Niger-Kordofanian languages,Niger-Kordofanian languages,Mande,2026-04-22,2026-06-15,snk,,snk,iso639_2_t,,True,snk,,False,,False,Mande,Mande,family_reconciliation_reviewed:iso_glottolog_pair,,Mande,family_analysis_mapping_reviewed.csv
so,Somali,Soomaaliga,so,som,,Latn|Arab|Osma,Latn|Arab|Osma,Latn,Latn,ltr,ltr,True,True,3,True,True,True,False,cldr|iso639_1|iso639_2|wikimedia,48.2.0,cus,afa,Afro-Asiatic languages,Cushitic languages,Afro-Asiatic languages,2026-04-22,2026-06-15,so,so,so,iso639_1,,True,so|som,so,True,so,True,Afro-Asiatic languages,Afro-Asiatic languages,pre_review_reconciled,,Afro-Asiatic languages,family_analysis_mapping_reviewed.csv
sog,Sogdian,,,sog,,,,,,ltr,,True,False,0,False,True,False,False,loc_only,,ira,ine,Indo-European languages,Iranian languages,Indo-European languages,2026-04-22,2026-06-15,sog,,sog,iso639_2_t,,True,sog,,False,,False,Indo-European languages,Indo-European languages,pre_review_reconciled,,Indo-European languages,family_analysis_mapping_reviewed.csv
sou,Southern Thai,,,,,Thai,Thai,Thai,Thai,ltr,,True,False,1,False,False,False,False,cldr,48.2.0,tai,tai,Tai-Kadai languages,Tai-Kadai languages,Tai-Kadai languages,2026-04-22,2026-06-15,sou,,sou,language_code,,True,sou,,False,,False,Tai-Kadai languages,Tai-Kadai languages,pre_review_reconciled,,Tai-Kadai languages,family_analysis_mapping_reviewed.csv
sq,Albanian,shqip,sq,sqi,alb,Latn|Elba,Latn|Elba,Latn,Latn,ltr,ltr,True,True,2,True,True,True,False,cldr|iso639_1|iso639_2|wikimedia,48.2.0,sqj,sqj,Albanian languages,Albanian languages,Albanian languages,2026-04-22,2026-06-15,sq,sq,sq,iso639_1,,True,sq|sqi|alb,sq,True,sq,True,Albanian languages,Albanian languages,pre_review_reconciled,,Albanian languages,family_analysis_mapping_reviewed.csv
sr,Serbian,Српски,sr,srp,,Cyrl|Latn,Cyrl|Latn,Cyrl,Cyrl,ltr,ltr,True,True,2,True,True,True,False,cldr|iso639_1|iso639_2|wikimedia,48.2.0,sla,ine,Indo-European languages,Slavic languages,Indo-European languages,2026-04-22,2026-06-15,sr,sr,sr,iso639_1,,True,sr|srp|scc,sr,True,sr,True,Indo-European languages,Indo-European languages,pre_review_reconciled,,Indo-European languages,family_analysis_mapping_reviewed.csv
srb,Sora,,,,,Latn|Sora,Latn|Sora,Latn,Latn,ltr,,True,False,2,False,False,False,False,cldr,48.2.0,aav,aav,Austro-Asiatic languages,Austro-Asiatic languages,Austro-Asiatic languages,2026-04-22,2026-06-15,srb,,srb,language_code,,True,srb,,False,,False,Austro-Asiatic languages,Austro-Asiatic languages,family_reconciliation_reviewed:iso_glottolog_pair,,Austro-Asiatic languages,family_analysis_mapping_reviewed.csv
srn,Sranan Tongo,,,srn,,Latn,Latn,Latn,Latn,ltr,,True,False,1,False,True,False,False,cldr|iso639_2,48.2.0,crp,crp,Creoles and pidgins,Creoles and pidgins,Creoles and pidgins,2026-04-22,2026-06-15,srn,,srn,iso639_2_t,,True,srn,,False,,False,Creoles and pidgins,Creoles and pidgins,family_reconciliation_reviewed:iso_glottolog_pair,,Creoles and pidgins,family_analysis_mapping_reviewed.csv
srr,Serer,,,srr,,Latn,Latn,Latn,Latn,ltr,,True,False,1,False,True,False,False,cldr|iso639_2,48.2.0,nic,nic,Niger-Kordofanian languages,Niger-Kordofanian languages,Atlantic-Congo,2026-04-22,2026-06-15,srr,,srr,iso639_2_t,,True,srr,,False,,False,Atlantic-Congo,Atlantic-Congo,family_reconciliation_reviewed:iso_glottolog_pair,,Atlantic-Congo,family_analysis_mapping_reviewed.csv
srx,Sirmauri,,,,,Deva,Deva,Deva,Deva,ltr,,True,False,1,False,False,False,False,cldr,48.2.0,inc,ine,Indo-European languages,Indo-Aryan languages,Indo-European languages,2026-04-22,2026-06-15,srx,,srx,language_code,,True,srx,,False,,False,Indo-European languages,Indo-European languages,pre_review_reconciled,,Indo-European languages,family_analysis_mapping_reviewed.csv
ss,Swati,SiSwati,ss,ssw,,Latn,Latn,Latn,Latn,ltr,ltr,True,True,1,True,True,True,False,cldr|iso639_1|iso639_2|wikimedia,48.2.0,bnt,nic,Niger-Kordofanian languages,Bantu languages,Atlantic-Congo,2026-04-22,2026-06-15,ss,ss,ss,iso639_1,,True,ss|ssw,ss,True,,False,Atlantic-Congo,Atlantic-Congo,family_reconciliation_reviewed:iso_glottolog_pair,,Atlantic-Congo,family_analysis_mapping_reviewed.csv
ssy,Saho,,,,,Latn,Latn,Latn,Latn,ltr,,True,False,1,False,False,False,False,cldr,48.2.0,cus,afa,Afro-Asiatic languages,Cushitic languages,Afro-Asiatic languages,2026-04-22,2026-06-15,ssy,,ssy,language_code,,True,ssy|aa-saaho,,False,,False,Afro-Asiatic languages,Afro-Asiatic languages,pre_review_reconciled,,Afro-Asiatic languages,family_analysis_mapping_reviewed.csv
st,Southern Sotho,Sesotho,st,sot,,Latn,Latn,Latn,Latn,ltr,ltr,True,True,1,True,True,True,False,cldr|iso639_1|iso639_2|wikimedia,48.2.0,bnt,nic,Niger-Kordofanian languages,Bantu languages,Atlantic-Congo,2026-04-22,2026-06-15,st,st,st,iso639_1,,True,sot|st,st,True,,False,Atlantic-Congo,Atlantic-Congo,family_reconciliation_reviewed:iso_glottolog_pair,,Atlantic-Congo,family_analysis_mapping_reviewed.csv
stq,Saterland Frisian,,,,,Latn,Latn,Latn,Latn,ltr,,True,False,1,False,False,False,False,cldr,48.2.0,gem,ine,Indo-European languages,Germanic languages,Indo-European languages,2026-04-22,2026-06-15,stq,,stq,language_code,,True,stq,,False,,False,Indo-European languages,Indo-European languages,pre_review_reconciled,,Indo-European languages,family_analysis_mapping_reviewed.csv
str,Straits Salish,,,,,,,,,ltr,,True,True,0,False,False,False,False,cldr_v45,45,nai,nai,North American Indian languages,North American Indian languages,Salishan,2026-04-22,2026-06-15,str,,str,language_code,,True,str,,False,,False,Salishan,Salishan,family_reconciliation_reviewed:iso_glottolog_pair,,Salishan,family_analysis_mapping_reviewed.csv
stu,Samtao,,,,,Lana|Tale,Lana|Tale,Lana,Lana,ltr,,True,False,2,False,False,False,False,cldr,48.2.0,tbq,sit,Sino-Tibetan languages,Tibeto-Burman languages,Austroasiatic,2026-05-15,2026-06-15,stu,,stu,language_code,,True,stu,,False,,False,Austroasiatic,Austroasiatic,family_reconciliation_reviewed:iso_glottolog_pair,,Austro-Asiatic languages,family_analysis_mapping_reviewed.csv
su,Sundanese,Basa Sunda,su,sun,,Latn|Sund,Latn|Sund,Latn,Latn,ltr,ltr,True,False,2,True,True,True,False,cldr|iso639_1|iso639_2|wikimedia,48.2.0,map,map,Austronesian languages,Austronesian languages,Austronesian languages,2026-04-22,2026-06-15,su,su,su,iso639_1,,True,sun|su,su,True,,False,Austronesian languages,Austronesian languages,pre_review_reconciled,,Austronesian languages,family_analysis_mapping_reviewed.csv
suk,Sukuma,,,suk,,Latn,Latn,Latn,Latn,ltr,,True,False,1,False,True,False,False,cldr|iso639_2,48.2.0,bnt,nic,Niger-Kordofanian languages,Bantu languages,Atlantic-Congo,2026-04-22,2026-06-15,suk,,suk,iso639_2_t,,True,suk,,False,,False,Atlantic-Congo,Atlantic-Congo,family_reconciliation_reviewed:iso_glottolog_pair,,Atlantic-Congo,family_analysis_mapping_reviewed.csv
sus,Susu,,,sus,,Latn|Arab,Latn|Arab,Latn,Latn,ltr,,True,False,2,False,True,False,False,cldr|iso639_2,48.2.0,nic,nic,Niger-Kordofanian languages,Niger-Kordofanian languages,Mande,2026-04-22,2026-06-15,sus,,sus,iso639_2_t,,True,sus,,False,,False,Mande,Mande,family_reconciliation_reviewed:iso_glottolog_pair,,Mande,family_analysis_mapping_reviewed.csv
sux,Sumerian,,,sux,,,,,,ltr,,True,False,0,False,True,False,False,loc_only,,,,Language isolate,Language isolate,Language isolate,2026-04-22,2026-06-15,sux,,sux,iso639_2_t,,True,sux,,False,,False,Language isolate,Language isolate,pre_review_reconciled,,Language isolate,family_analysis_mapping_reviewed.csv
suz,Sunwar,,,,,Deva|Sunu,Deva|Sunu,Deva,Deva,ltr,,True,False,2,False,False,False,False,cldr,48.2.0,tbq,sit,Sino-Tibetan languages,Tibeto-Burman languages,Sino-Tibetan languages,2026-05-15,2026-06-15,suz,,suz,language_code,,True,suz,,False,,False,Sino-Tibetan languages,Sino-Tibetan languages,pre_review_reconciled,,Sino-Tibetan languages,family_analysis_mapping_reviewed.csv
sv,Swedish,Svenska,sv,swe,,Latn,Latn,Latn,Latn,ltr,ltr,True,True,1,True,True,True,False,cldr|iso639_1|iso639_2|wikimedia,48.2.0,gem,ine,Indo-European languages,Germanic languages,Indo-European languages,2026-04-22,2026-06-15,sv,sv,sv,iso639_1,,True,sv|swe,sv,True,sv,True,Indo-European languages,Indo-European languages,pre_review_reconciled,,Indo-European languages,family_analysis_mapping_reviewed.csv
sw,Swahili,Kiswahili,sw,swa,,Latn,Latn,Latn,Latn,ltr,ltr,True,True,1,True,True,True,False,cldr|iso639_1|iso639_2|wikimedia,48.2.0,bnt,nic,Niger-Kordofanian languages,Bantu languages,Niger-Kordofanian languages,2026-04-22,2026-06-15,sw,sw,sw,iso639_1,,True,swa|sw,sw,True,sw,True,Niger-Kordofanian languages,Niger-Kordofanian languages,pre_review_reconciled,,Niger-Kordofanian languages,family_analysis_mapping_reviewed.csv
swb,Comorian,,,,,Arab|Latn,Arab|Latn,Arab,Arab,rtl,,True,False,2,False,False,False,False,cldr,48.2.0,bnt,nic,Niger-Kordofanian languages,Bantu languages,Atlantic-Congo,2026-04-22,2026-06-15,swb,,swb,language_code,,True,swb,,False,,False,Atlantic-Congo,Atlantic-Congo,family_reconciliation_reviewed:iso_glottolog_pair,,Atlantic-Congo,family_analysis_mapping_reviewed.csv
swg,Swabian,,,,,Latn,Latn,Latn,Latn,ltr,,True,False,1,False,False,False,False,cldr,48.2.0,gem,ine,Indo-European languages,Germanic languages,Indo-European languages,2026-04-22,2026-06-15,swg,,swg,language_code,,True,swg,,False,,False,Indo-European languages,Indo-European languages,pre_review_reconciled,,Indo-European languages,family_analysis_mapping_reviewed.csv
swv,Shekhawati,,,,,Deva,Deva,Deva,Deva,ltr,,True,False,1,False,False,False,False,cldr,48.2.0,inc,ine,Indo-European languages,Indo-Aryan languages,Indo-European languages,2026-04-22,2026-06-15,swv,,swv,language_code,,True,swv,,False,,False,Indo-European languages,Indo-European languages,pre_review_reconciled,,Indo-European languages,family_analysis_mapping_reviewed.csv
sxn,Sangir,,,,,Latn,Latn,Latn,Latn,ltr,,True,False,1,False,False,False,False,cldr,48.2.0,map,map,Austronesian languages,Austronesian languages,Austronesian languages,2026-04-22,2026-06-15,sxn,,sxn,language_code,,True,sxn,,False,,False,Austronesian languages,Austronesian languages,pre_review_reconciled,,Austronesian languages,family_analysis_mapping_reviewed.csv
syc,Classical Syriac,,,syc,,,,,,ltr,,True,False,0,False,True,False,False,loc_only,,sem,afa,Afro-Asiatic languages,Semitic languages,Afro-Asiatic languages,2026-04-22,2026-06-15,syc,,syc,iso639_2_t,,True,syc,,False,,False,Afro-Asiatic languages,Afro-Asiatic languages,pre_review_reconciled,,Afro-Asiatic languages,family_analysis_mapping_reviewed.csv
syi,Seki,,,,,Latn,Latn,Latn,Latn,ltr,,True,False,1,False,False,False,False,cldr,48.2.0,nic,nic,Niger-Kordofanian languages,Niger-Kordofanian languages,Atlantic-Congo,2026-04-22,2026-06-15,syi,,syi,language_code,,True,syi,,False,,False,Atlantic-Congo,Atlantic-Congo,family_reconciliation_reviewed:iso_glottolog_pair,,Atlantic-Congo,family_analysis_mapping_reviewed.csv
syl,Sylheti,,,,,Beng|Sylo,Beng|Sylo,Beng,Beng,ltr,,True,False,2,False,False,False,False,cldr,48.2.0,inc,ine,Indo-European languages,Indo-Aryan languages,Indo-European languages,2026-04-22,2026-06-15,syl,,syl,language_code,,True,syl,,False,,False,Indo-European languages,Indo-European languages,pre_review_reconciled,,Indo-European languages,family_analysis_mapping_reviewed.csv
syr,Syriac,,,syr,,Syrc,Syrc,Syrc,Syrc,rtl,,True,False,1,False,True,False,False,cldr|iso639_2,48.2.0,sem,afa,Afro-Asiatic languages,Semitic languages,Afro-Asiatic languages,2026-04-22,2026-06-15,syr,,syr,iso639_2_t,,True,syr,,False,,False,Afro-Asiatic languages,Afro-Asiatic languages,pre_review_reconciled,,Afro-Asiatic languages,family_analysis_mapping_reviewed.csv
szl,Silesian,,,,,Latn,Latn,Latn,Latn,ltr,,True,False,1,False,False,False,False,cldr,48.2.0,sla,ine,Indo-European languages,Slavic languages,Indo-European languages,2026-04-22,2026-06-15,szl,,szl,language_code,,True,szl,szl,True,,False,Indo-European languages,Indo-European languages,pre_review_reconciled,,Indo-European languages,family_analysis_mapping_reviewed.csv
ta,Tamil,தமிழ்,ta,tam,,Taml,Taml,Taml,Taml,ltr,ltr,True,True,1,True,True,True,False,cldr|iso639_1|iso639_2|wikimedia,48.2.0,dra,dra,Dravidian languages,Dravidian languages,Dravidian languages,2026-04-22,2026-06-15,ta,ta,ta,iso639_1,,True,tam|ta,ta,True,ta,True,Dravidian languages,Dravidian languages,pre_review_reconciled,,Dravidian languages,family_analysis_mapping_reviewed.csv
tab,Tabassaran,,,,,Cyrl,Cyrl,Cyrl,Cyrl,ltr,,True,False,1,False,False,False,False,cldr,48.2.0,ccn,cau,Caucasian languages,North Caucasian languages,Nakh-Daghestanian,2026-04-22,2026-06-15,tab,,tab,language_code,,True,tab,,False,,False,Nakh-Daghestanian,Nakh-Daghestanian,family_reconciliation_reviewed:iso_glottolog_pair,,Nakh-Daghestanian,family_analysis_mapping_reviewed.csv
taj,Eastern Tamang,,,,,Deva|Tibt,Deva|Tibt,Deva,Deva,ltr,,True,False,2,False,False,False,False,cldr,48.2.0,sit,sit,Sino-Tibetan languages,Sino-Tibetan languages,Sino-Tibetan languages,2026-04-22,2026-06-15,taj,,taj,language_code,,True,tsf|taj,,False,,False,Sino-Tibetan languages,Sino-Tibetan languages,pre_review_reconciled,,Sino-Tibetan languages,family_analysis_mapping_reviewed.csv
tbw,Tagbanwa,,,,,Latn|Tagb,Latn|Tagb,Latn,Latn,ltr,,True,False,2,False,False,False,False,cldr,48.2.0,map,map,Austronesian languages,Austronesian languages,Austronesian languages,2026-04-22,2026-06-15,tbw,,tbw,language_code,,True,tbw,,False,,False,Austronesian languages,Austronesian languages,pre_review_reconciled,,Austronesian languages,family_analysis_mapping_reviewed.csv
tce,Southern Tutchone,,,,,,,,,ltr,,True,True,0,False,False,False,False,cldr_v45,45,nai,nai,North American Indian languages,North American Indian languages,Athabaskan-Eyak-Tlingit,2026-04-22,2026-06-15,tce,,tce,language_code,,True,tce,,False,,False,Athabaskan-Eyak-Tlingit,Athabaskan-Eyak-Tlingit,family_reconciliation_reviewed:iso_glottolog_pair,,Athabaskan-Eyak-Tlingit,family_analysis_mapping_reviewed.csv
tcy,Tulu,,,,,Knda,Knda,Knda,Knda,ltr,,True,False,1,False,False,False,False,cldr,48.2.0,dra,dra,Dravidian languages,Dravidian languages,Dravidian languages,2026-04-22,2026-06-15,tcy,,tcy,language_code,,True,tcy,,False,,False,Dravidian languages,Dravidian languages,pre_review_reconciled,,Dravidian languages,family_analysis_mapping_reviewed.csv
tdd,Tai Nüa,,,,,Tale,Tale,Tale,Tale,ltr,,True,False,1,False,False,False,False,cldr,48.2.0,tai,tai,Tai-Kadai languages,Tai-Kadai languages,Tai-Kadai languages,2026-04-22,2026-06-15,tdd,,tdd,language_code,,True,tdd,,False,,False,Tai-Kadai languages,Tai-Kadai languages,pre_review_reconciled,,Tai-Kadai languages,family_analysis_mapping_reviewed.csv
tdg,Western Tamang,,,,,Deva|Tibt,Deva|Tibt,Deva,Deva,ltr,,True,False,2,False,False,False,False,cldr,48.2.0,sit,sit,Sino-Tibetan languages,Sino-Tibetan languages,Sino-Tibetan languages,2026-04-22,2026-06-15,tdg,,tdg,language_code,,True,tdg,,False,,False,Sino-Tibetan languages,Sino-Tibetan languages,pre_review_reconciled,,Sino-Tibetan languages,family_analysis_mapping_reviewed.csv
tdh,Thulung,,,,,Deva,Deva,Deva,Deva,ltr,,True,False,1,False,False,False,False,cldr,48.2.0,sit,sit,Sino-Tibetan languages,Sino-Tibetan languages,Sino-Tibetan languages,2026-04-22,2026-06-15,tdh,,tdh,language_code,,True,tdh,,False,,False,Sino-Tibetan languages,Sino-Tibetan languages,pre_review_reconciled,,Sino-Tibetan languages,family_analysis_mapping_reviewed.csv
te,Telugu,తెలుగు,te,tel,,Telu,Telu,Telu,Telu,ltr,ltr,True,False,1,True,True,True,False,cldr|iso639_1|iso639_2|wikimedia,48.2.0,dra,dra,Dravidian languages,Dravidian languages,Dravidian languages,2026-04-22,2026-06-15,te,te,te,iso639_1,,True,tel|te,te,True,te,True,Dravidian languages,Dravidian languages,pre_review_reconciled,,Dravidian languages,family_analysis_mapping_reviewed.csv
tem,Timne,,,tem,,Latn,Latn,Latn,Latn,ltr,,True,False,1,False,True,False,False,cldr|iso639_2,48.2.0,nic,nic,Niger-Kordofanian languages,Niger-Kordofanian languages,Atlantic-Congo,2026-04-22,2026-06-15,tem,,tem,iso639_2_t,,True,tem,,False,,False,Atlantic-Congo,Atlantic-Congo,family_reconciliation_reviewed:iso_glottolog_pair,,Atlantic-Congo,family_analysis_mapping_reviewed.csv
teo,Teso,,,,,Latn,Latn,Latn,Latn,ltr,,True,False,1,False,False,False,False,cldr,48.2.0,ssa,ssa,Nilo-Saharan languages,Nilo-Saharan languages,Nilotic,2026-04-22,2026-06-15,teo,,teo,language_code,,True,teo,,False,,False,Nilotic,Nilotic,family_reconciliation_reviewed:iso_glottolog_pair,,Nilotic,family_analysis_mapping_reviewed.csv
ter,Tereno,,,ter,,Latn,Latn,Latn,Latn,ltr,,True,False,1,False,True,False,False,cldr|iso639_2,48.2.0,sai,sai,South American Indian languages,South American Indian languages,Arawakan,2026-04-22,2026-06-15,ter,,ter,iso639_2_t,,True,ter,,False,,False,Arawakan,Arawakan,family_reconciliation_reviewed:iso_glottolog_pair,,Arawakan,family_analysis_mapping_reviewed.csv
tet,Tetum,Tetun,,tet,,Latn,Latn,Latn,Latn,ltr,ltr,True,True,1,False,True,True,False,cldr|iso639_2|wikimedia,48.2.0,map,map,Austronesian languages,Austronesian languages,Austronesian languages,2026-04-22,2026-06-15,tet,tet,tet,iso639_2_t,,True,tet,tet,True,,False,Austronesian languages,Austronesian languages,pre_review_reconciled,,Austronesian languages,family_analysis_mapping_reviewed.csv
tg,Tajik,Тоҷикӣ,tg,tgk,,Cyrl|Arab|Latn,Cyrl|Arab|Latn,Cyrl,Cyrl,ltr,ltr,True,True,3,True,True,True,False,cldr|iso639_1|iso639_2|wikimedia,48.2.0,ira,ine,Indo-European languages,Iranian languages,Indo-European languages,2026-04-22,2026-06-15,tg,tg,tg,iso639_1,,True,tg|tgk,tg,True,tg,True,Indo-European languages,Indo-European languages,pre_review_reconciled,,Indo-European languages,family_analysis_mapping_reviewed.csv
tgx,Tagish,,,,,,,,,ltr,,True,True,0,False,False,False,False,cldr_v45,45,nai,nai,North American Indian languages,North American Indian languages,Athabaskan-Eyak-Tlingit,2026-04-22,2026-06-15,tgx,,tgx,language_code,,True,tgx,,False,,False,Athabaskan-Eyak-Tlingit,Athabaskan-Eyak-Tlingit,family_reconciliation_reviewed:iso_glottolog_pair,,Athabaskan-Eyak-Tlingit,family_analysis_mapping_reviewed.csv
th,Thai,ไทย / Phasa Thai,th,tha,,Thai,Thai,Thai,Thai,ltr,ltr,True,True,1,True,True,True,False,cldr|iso639_1|iso639_2|wikimedia,48.2.0,tai,tai,Tai-Kadai languages,Tai-Kadai languages,Tai-Kadai languages,2026-04-22,2026-06-15,th,th,th,iso639_1,,True,th|tha,th,True,th,True,Tai-Kadai languages,Tai-Kadai languages,pre_review_reconciled,,Tai-Kadai languages,family_analysis_mapping_reviewed.csv
thl,Dangaura Tharu,,,,,Deva,Deva,Deva,Deva,ltr,,True,False,1,False,False,False,False,cldr,48.2.0,inc,ine,Indo-European languages,Indo-Aryan languages,Indo-European languages,2026-04-22,2026-06-15,thl,,thl,language_code,,True,thl,,False,,False,Indo-European languages,Indo-European languages,pre_review_reconciled,,Indo-European languages,family_analysis_mapping_reviewed.csv
thq,Kochila Tharu,,,,,Deva,Deva,Deva,Deva,ltr,,True,False,1,False,False,False,False,cldr,48.2.0,inc,ine,Indo-European languages,Indo-Aryan languages,Indo-European languages,2026-04-22,2026-06-15,thq,,thq,language_code,,True,thq,,False,,False,Indo-European languages,Indo-European languages,pre_review_reconciled,,Indo-European languages,family_analysis_mapping_reviewed.csv
thr,Rana Tharu,,,,,Deva,Deva,Deva,Deva,ltr,,True,False,1,False,False,False,False,cldr,48.2.0,inc,ine,Indo-European languages,Indo-Aryan languages,Indo-European languages,2026-04-22,2026-06-15,thr,,thr,language_code,,True,thr,,False,,False,Indo-European languages,Indo-European languages,pre_review_reconciled,,Indo-European languages,family_analysis_mapping_reviewed.csv
tht,Tahltan,,,,,,,,,ltr,,True,True,0,False,False,False,False,cldr_v45,45,nai,nai,North American Indian languages,North American Indian languages,Athabaskan-Eyak-Tlingit,2026-04-22,2026-06-15,tht,,tht,language_code,,True,tht,,False,,False,Athabaskan-Eyak-Tlingit,Athabaskan-Eyak-Tlingit,family_reconciliation_reviewed:iso_glottolog_pair,,Athabaskan-Eyak-Tlingit,family_analysis_mapping_reviewed.csv
ti,Tigrinya,ትግርኛ,ti,tir,,Ethi,Ethi,Ethi,Ethi,ltr,ltr,True,True,1,True,True,True,False,cldr|iso639_1|iso639_2|wikimedia,48.2.0,sem,afa,Afro-Asiatic languages,Semitic languages,Afro-Asiatic languages,2026-04-22,2026-06-15,ti,ti,ti,iso639_1,,True,ti|tir,ti,True,,False,Afro-Asiatic languages,Afro-Asiatic languages,pre_review_reconciled,,Afro-Asiatic languages,family_analysis_mapping_reviewed.csv
tig,Tigre,,,tig,,Ethi,Ethi,Ethi,Ethi,ltr,,True,False,1,False,True,False,False,cldr|iso639_2,48.2.0,sem,afa,Afro-Asiatic languages,Semitic languages,Afro-Asiatic languages,2026-04-22,2026-06-15,tig,,tig,iso639_2_t,,True,tig,,False,,False,Afro-Asiatic languages,Afro-Asiatic languages,pre_review_reconciled,,Afro-Asiatic languages,family_analysis_mapping_reviewed.csv
tiv,Tiv,,,tiv,,Latn,Latn,Latn,Latn,ltr,,True,False,1,False,True,False,False,cldr|iso639_2,48.2.0,nic,nic,Niger-Kordofanian languages,Niger-Kordofanian languages,Atlantic-Congo,2026-04-22,2026-06-15,tiv,,tiv,iso639_2_t,,True,tiv,,False,,False,Atlantic-Congo,Atlantic-Congo,family_reconciliation_reviewed:iso_glottolog_pair,,Atlantic-Congo,family_analysis_mapping_reviewed.csv
tk,Turkmen,Туркмен / تركمن,tk,tuk,,Latn|Arab|Cyrl,Latn|Arab|Cyrl,Latn,Latn,ltr,ltr,True,True,3,True,True,True,False,cldr|iso639_1|iso639_2|wikimedia,48.2.0,trk,tut,Altaic languages,Turkic languages,Turkic,2026-04-22,2026-06-15,tk,tk,tk,iso639_1,,True,tuk|tk,tk,True,,False,Turkic,Turkic,family_reconciliation_reviewed:iso_glottolog_pair,,Turkic,family_analysis_mapping_reviewed.csv
tkl,Tokelauan,,,tkl,,Latn,Latn,Latn,Latn,ltr,,True,True,1,False,True,False,False,cldr|iso639_2,48.2.0,map,map,Austronesian languages,Austronesian languages,Austronesian languages,2026-04-22,2026-06-15,tkl,,tkl,iso639_2_t,,True,tkl,,False,,False,Austronesian languages,Austronesian languages,pre_review_reconciled,,Austronesian languages,family_analysis_mapping_reviewed.csv
tkr,Tsakhur,,,,,Latn|Cyrl,Latn|Cyrl,Latn,Latn,ltr,,True,False,2,False,False,False,False,cldr,48.2.0,ccn,cau,Caucasian languages,North Caucasian languages,Nakh-Daghestanian,2026-04-22,2026-06-15,tkr,,tkr,language_code,,True,tkr,,False,,False,Nakh-Daghestanian,Nakh-Daghestanian,family_reconciliation_reviewed:iso_glottolog_pair,,Nakh-Daghestanian,family_analysis_mapping_reviewed.csv
tkt,Kathoriya Tharu,,,,,Deva,Deva,Deva,Deva,ltr,,True,False,1,False,False,False,False,cldr,48.2.0,inc,ine,Indo-European languages,Indo-Aryan languages,Indo-European languages,2026-04-22,2026-06-15,tkt,,tkt,language_code,,True,tkt,,False,,False,Indo-European languages,Indo-European languages,pre_review_reconciled,,Indo-European languages,family_analysis_mapping_reviewed.csv
tl,Tagalog,Tagalog / ᜆᜄᜎᜓᜄ᜔,tl,tgl,,,,,,ltr,ltr,True,False,0,True,True,True,False,wikimedia_only|iso639_1|iso639_2,,map,map,Austronesian languages,Austronesian languages,Austronesian languages,2026-04-22,2026-06-15,tl,tl,fil,iso639_1,,False,tgl|tl|fil,tl,True,tl,True,Austronesian languages,Austronesian languages,pre_review_reconciled,,Austronesian languages,family_analysis_mapping_reviewed.csv
tlh,Klingon,tlhIngan-Hol,,tlh,,,,,,ltr,ltr,True,False,0,False,True,True,False,wikimedia_only|iso639_2,,art,art,Artificial languages,Artificial languages,Artificial languages,2026-04-22,2026-06-15,tlh,tlh,tlh,iso639_2_t,,True,tlh|i-klingon,,False,,False,Artificial languages,Artificial languages,pre_review_reconciled,,Artificial languages,family_analysis_mapping_reviewed.csv
tli,Tlingit,,,tli,,Latn,Latn,Latn,Latn,ltr,,True,False,1,False,True,False,False,cldr|iso639_2,48.2.0,nai,nai,North American Indian languages,North American Indian languages,Athabaskan-Eyak-Tlingit,2026-04-22,2026-06-15,tli,,tli,iso639_2_t,,True,tli,,False,,False,Athabaskan-Eyak-Tlingit,Athabaskan-Eyak-Tlingit,family_reconciliation_reviewed:iso_glottolog_pair,,Athabaskan-Eyak-Tlingit,family_analysis_mapping_reviewed.csv
tly,Talysh,,,,,Latn|Arab|Cyrl,Latn|Arab|Cyrl,Latn,Latn,ltr,,True,False,3,False,False,False,False,cldr,48.2.0,ira,ine,Indo-European languages,Iranian languages,Indo-European languages,2026-04-22,2026-06-15,tly,,tly,language_code,,True,tly,,False,,False,Indo-European languages,Indo-European languages,pre_review_reconciled,,Indo-European languages,family_analysis_mapping_reviewed.csv
tmh,Tamashek,,,tmh,,Latn,Latn,Latn,Latn,ltr,,True,False,1,False,True,False,False,cldr|iso639_2,48.2.0,ber,afa,Afro-Asiatic languages,Berber languages,Afro-Asiatic languages,2026-04-22,2026-06-15,tmh,,tmh,iso639_2_t,,True,tmh,,False,,False,Afro-Asiatic languages,Afro-Asiatic languages,pre_review_reconciled,,Afro-Asiatic languages,family_analysis_mapping_reviewed.csv
tn,Tswana,Setswana,tn,tsn,,Latn,Latn,Latn,Latn,ltr,ltr,True,True,1,True,True,True,False,cldr|iso639_1|iso639_2|wikimedia,48.2.0,bnt,nic,Niger-Kordofanian languages,Bantu languages,Atlantic-Congo,2026-04-22,2026-06-15,tn,tn,tn,iso639_1,,True,tn|tsn,tn,True,,False,Atlantic-Congo,Atlantic-Congo,family_reconciliation_reviewed:iso_glottolog_pair,,Atlantic-Congo,family_analysis_mapping_reviewed.csv
tnr,Ménik,,,,,Latn,Latn,Latn,Latn,ltr,,True,False,1,False,False,False,False,cldr,48.2.0,bnt,nic,Niger-Kordofanian languages,Bantu languages,Atlantic-Congo,2026-05-15,2026-06-15,tnr,,tnr,language_code,,True,tnr,,False,,False,Atlantic-Congo,Atlantic-Congo,family_reconciliation_reviewed:iso_glottolog_pair,,Atlantic-Congo,family_analysis_mapping_reviewed.csv
to,Tongan,Lea Faka-Tonga,to,ton,,Latn,Latn,Latn,Latn,ltr,ltr,True,True,1,True,True,True,False,cldr|iso639_1|iso639_2|wikimedia,48.2.0,map,map,Austronesian languages,Austronesian languages,Austronesian languages,2026-04-22,2026-06-15,to,to,to,iso639_1,,True,ton|to,,False,,False,Austronesian languages,Austronesian languages,pre_review_reconciled,,Austronesian languages,family_analysis_mapping_reviewed.csv
tog,Nyasa Tonga,,,tog,,Latn,Latn,Latn,Latn,ltr,,True,False,1,False,True,False,False,cldr|iso639_2,48.2.0,bnt,nic,Niger-Kordofanian languages,Bantu languages,Atlantic-Congo,2026-04-22,2026-06-15,tog,,tog,iso639_2_t,,True,tog,,False,,False,Atlantic-Congo,Atlantic-Congo,family_reconciliation_reviewed:iso_glottolog_pair,,Atlantic-Congo,family_analysis_mapping_reviewed.csv
tok,Toki Pona,,,,,Latn,Latn,Latn,Latn,ltr,,True,False,1,False,False,False,False,cldr,48.2.0,art,art,Artificial languages,Artificial languages,Artificial languages,2026-04-22,2026-06-15,tok,,tok,language_code,,True,tok,,False,,False,Artificial languages,Artificial languages,pre_review_reconciled,,Artificial languages,family_analysis_mapping_reviewed.csv
tokipona,Toki Pona,tokipona,,,,,,,,ltr,ltr,True,False,0,False,False,True,False,wikimedia_only,,art,art,Artificial languages,Artificial languages,Artificial languages,2026-04-22,2026-06-15,tokipona,tokipona,tok,grandfathered_fallback,Wikimedia/legacy code tokipona not in language_data IANA snapshot; mapped manually,False,tok|tokipona,,False,,False,Artificial languages,Artificial languages,pre_review_reconciled,,Artificial languages,family_analysis_mapping_reviewed.csv
tpi,Tok Pisin,Tok Pisin,,tpi,,Latn,Latn,Latn,Latn,ltr,ltr,True,True,1,False,True,True,False,cldr|iso639_2|wikimedia,48.2.0,crp,crp,Creoles and pidgins,Creoles and pidgins,Creoles and pidgins,2026-04-22,2026-06-15,tpi,tpi,tpi,iso639_2_t,,True,tpi,,False,,False,Creoles and pidgins,Creoles and pidgins,family_reconciliation_reviewed:iso_glottolog_pair,,Creoles and pidgins,family_analysis_mapping_reviewed.csv
tr,Turkish,Türkçe,tr,tur,,Latn|Arab,Latn|Arab,Latn,Latn,ltr,ltr,True,True,2,True,True,True,False,cldr|iso639_1|iso639_2|wikimedia,48.2.0,trk,tut,Altaic languages,Turkic languages,Turkic,2026-04-22,2026-06-15,tr,tr,tr,iso639_1,,True,tur|tr,tr,True,tr,True,Turkic,Turkic,family_reconciliation_reviewed:iso_glottolog_pair,,Turkic,family_analysis_mapping_reviewed.csv
tru,Turoyo,,,,,Latn|Syrc,Latn|Syrc,Latn,Latn,ltr,,True,False,2,False,False,False,False,cldr,48.2.0,sem,afa,Afro-Asiatic languages,Semitic languages,Afro-Asiatic languages,2026-04-22,2026-06-15,tru,,tru,language_code,,True,tru,,False,,False,Afro-Asiatic languages,Afro-Asiatic languages,pre_review_reconciled,,Afro-Asiatic languages,family_analysis_mapping_reviewed.csv
trv,Taroko,,,,,Latn,Latn,Latn,Latn,ltr,,True,False,1,False,False,False,False,cldr,48.2.0,map,map,Austronesian languages,Austronesian languages,Austronesian languages,2026-04-22,2026-06-15,trv,,trv,language_code,,True,trv,,False,,False,Austronesian languages,Austronesian languages,pre_review_reconciled,,Austronesian languages,family_analysis_mapping_reviewed.csv
trw,Torwali,,,,,Arab,Arab,Arab,Arab,rtl,,True,False,1,False,False,False,False,cldr,48.2.0,inc,ine,Indo-European languages,Indo-Aryan languages,Indo-European languages,2026-04-22,2026-06-15,trw,,trw,language_code,,True,trw,,False,,False,Indo-European languages,Indo-European languages,pre_review_reconciled,,Indo-European languages,family_analysis_mapping_reviewed.csv
ts,Tsonga,Xitsonga,ts,tso,,Latn,Latn,Latn,Latn,ltr,ltr,True,False,1,True,True,True,False,cldr|iso639_1|iso639_2|wikimedia,48.2.0,bnt,nic,Niger-Kordofanian languages,Bantu languages,Atlantic-Congo,2026-04-22,2026-06-15,ts,ts,ts,iso639_1,,True,ts|tso,ts,True,,False,Atlantic-Congo,Atlantic-Congo,family_reconciliation_reviewed:iso_glottolog_pair,,Atlantic-Congo,family_analysis_mapping_reviewed.csv
tsd,Tsakonian,,,,,Grek,Grek,Grek,Grek,ltr,,True,False,1,False,False,False,False,cldr,48.2.0,grk,ine,Indo-European languages,Greek languages,Indo-European languages,2026-04-22,2026-06-15,tsd,,tsd,language_code,,True,tsd,,False,,False,Indo-European languages,Indo-European languages,pre_review_reconciled,,Indo-European languages,family_analysis_mapping_reviewed.csv
tsg,Tausug,,,,,Latn,Latn,Latn,Latn,ltr,,True,False,1,False,False,False,False,cldr,48.2.0,map,map,Austronesian languages,Austronesian languages,Austronesian languages,2026-04-22,2026-06-15,tsg,,tsg,language_code,,True,tsg,,False,,False,Austronesian languages,Austronesian languages,pre_review_reconciled,,Austronesian languages,family_analysis_mapping_reviewed.csv
tsi,Tsimshian,,,tsi,,Latn,Latn,Latn,Latn,ltr,,True,False,1,False,True,False,False,cldr|iso639_2,48.2.0,nai,nai,North American Indian languages,North American Indian languages,Tsimshian,2026-04-22,2026-06-15,tsi,,tsi,iso639_2_t,,True,tsi,,False,,False,Tsimshian,Tsimshian,family_reconciliation_reviewed:iso_glottolog_pair,,Tsimshian,family_analysis_mapping_reviewed.csv
tsj,Tshangla,,,,,Tibt,Tibt,Tibt,Tibt,ltr,,True,False,1,False,False,False,False,cldr,48.2.0,sit,sit,Sino-Tibetan languages,Sino-Tibetan languages,Sino-Tibetan languages,2026-04-22,2026-06-15,tsj,,tsj,language_code,,True,tsj,,False,,False,Sino-Tibetan languages,Sino-Tibetan languages,pre_review_reconciled,,Sino-Tibetan languages,family_analysis_mapping_reviewed.csv
tt,Tatar,Tatarça,tt,tat,,Cyrl,Cyrl,Cyrl,Cyrl,ltr,ltr,True,False,1,True,True,True,False,cldr|iso639_1|iso639_2|wikimedia,48.2.0,trk,tut,Altaic languages,Turkic languages,Turkic,2026-04-22,2026-06-15,tt,tt,tt,iso639_1,,True,tt|tat,tt,True,,False,Turkic,Turkic,family_reconciliation_reviewed:iso_glottolog_pair,,Turkic,family_analysis_mapping_reviewed.csv
ttj,Tooro,,,,,Latn,Latn,Latn,Latn,ltr,,True,False,1,False,False,False,False,cldr,48.2.0,bnt,nic,Niger-Kordofanian languages,Bantu languages,Atlantic-Congo,2026-04-22,2026-06-15,ttj,,ttj,language_code,,True,ttj,,False,,False,Atlantic-Congo,Atlantic-Congo,family_reconciliation_reviewed:iso_glottolog_pair,,Atlantic-Congo,family_analysis_mapping_reviewed.csv
ttm,Northern Tutchone,,,,,,,,,ltr,,True,True,0,False,False,False,False,cldr_v45,45,nai,nai,North American Indian languages,North American Indian languages,Athabaskan-Eyak-Tlingit,2026-04-22,2026-06-15,ttm,,ttm,language_code,,True,ttm,,False,,False,Athabaskan-Eyak-Tlingit,Athabaskan-Eyak-Tlingit,family_reconciliation_reviewed:iso_glottolog_pair,,Athabaskan-Eyak-Tlingit,family_analysis_mapping_reviewed.csv
tts,Northeastern Thai,,,,,Thai,Thai,Thai,Thai,ltr,,True,False,1,False,False,False,False,cldr,48.2.0,tai,tai,Tai-Kadai languages,Tai-Kadai languages,Tai-Kadai languages,2026-04-22,2026-06-15,tts,,tts,language_code,,True,tts,,False,,False,Tai-Kadai languages,Tai-Kadai languages,pre_review_reconciled,,Tai-Kadai languages,family_analysis_mapping_reviewed.csv
ttt,Muslim Tat,,,,,Latn|Arab|Cyrl,Latn|Arab|Cyrl,Latn,Latn,ltr,,True,False,3,False,False,False,False,cldr,48.2.0,ira,ine,Indo-European languages,Iranian languages,Indo-European languages,2026-04-22,2026-06-15,ttt,,ttt,language_code,,True,ttt,,False,,False,Indo-European languages,Indo-European languages,pre_review_reconciled,,Indo-European languages,family_analysis_mapping_reviewed.csv
tum,Tumbuka,chiTumbuka,,tum,,Latn,Latn,Latn,Latn,ltr,ltr,True,False,1,False,True,True,False,cldr|iso639_2|wikimedia,48.2.0,bnt,nic,Niger-Kordofanian languages,Bantu languages,Atlantic-Congo,2026-04-22,2026-06-15,tum,tum,tum,iso639_2_t,,True,tum,,False,,False,Atlantic-Congo,Atlantic-Congo,family_reconciliation_reviewed:iso_glottolog_pair,,Atlantic-Congo,family_analysis_mapping_reviewed.csv
tvl,Tuvalu,,,tvl,,Latn,Latn,Latn,Latn,ltr,,True,True,1,False,True,False,False,cldr|iso639_2,48.2.0,map,map,Austronesian languages,Austronesian languages,Austronesian languages,2026-04-22,2026-06-15,tvl,,tvl,iso639_2_t,,True,tvl,,False,,False,Austronesian languages,Austronesian languages,pre_review_reconciled,,Austronesian languages,family_analysis_mapping_reviewed.csv
tw,Twi,Twi,tw,twi,,,,,,ltr,ltr,True,False,0,True,True,True,False,wikimedia_only|iso639_1|iso639_2,,nic,nic,Niger-Kordofanian languages,Niger-Kordofanian languages,Niger-Kordofanian languages,2026-04-22,2026-06-15,tw,tw,tw,iso639_1,,True,tw|twi,,False,,False,Niger-Kordofanian languages,Niger-Kordofanian languages,pre_review_reconciled,,Niger-Kordofanian languages,family_analysis_mapping_reviewed.csv
twq,Tasawaq,,,,,Latn,Latn,Latn,Latn,ltr,,True,False,1,False,False,False,False,cldr,48.2.0,ssa,ssa,Nilo-Saharan languages,Nilo-Saharan languages,Songhay,2026-04-22,2026-06-15,twq,,twq,language_code,,True,twq,,False,,False,Songhay,Songhay,family_reconciliation_reviewed:iso_glottolog_pair,,Songhay,family_analysis_mapping_reviewed.csv
ty,Tahitian,Reo Mā`ohi,ty,tah,,Latn,Latn,Latn,Latn,ltr,ltr,True,True,1,True,True,True,False,cldr|iso639_1|iso639_2|wikimedia,48.2.0,map,map,Austronesian languages,Austronesian languages,Austronesian languages,2026-04-22,2026-06-15,ty,ty,ty,iso639_1,,True,tah|ty,,False,,False,Austronesian languages,Austronesian languages,pre_review_reconciled,,Austronesian languages,family_analysis_mapping_reviewed.csv
tyv,Tuvinian,,,tyv,,Cyrl,Cyrl,Cyrl,Cyrl,ltr,,True,False,1,False,True,False,False,cldr|iso639_2,48.2.0,trk,tut,Altaic languages,Turkic languages,Turkic,2026-04-22,2026-06-15,tyv,,tyv,iso639_2_t,,True,tyv,,False,,False,Turkic,Turkic,family_reconciliation_reviewed:iso_glottolog_pair,,Turkic,family_analysis_mapping_reviewed.csv
tzm,Central Atlas Tamazight,,,,,Latn|Tfng,Latn|Tfng,Latn,Latn,ltr,,True,True,2,False,False,False,False,cldr,48.2.0,ber,afa,Afro-Asiatic languages,Berber languages,Afro-Asiatic languages,2026-04-22,2026-06-15,tzm,,tzm,language_code,,True,tzm,,False,,False,Afro-Asiatic languages,Afro-Asiatic languages,pre_review_reconciled,,Afro-Asiatic languages,family_analysis_mapping_reviewed.csv
ude,Udihe,,,,,Cyrl,Cyrl,Cyrl,Cyrl,ltr,,True,False,1,False,False,False,False,cldr,48.2.0,tut,tut,Altaic languages,Altaic languages,Tungusic,2026-04-22,2026-06-15,ude,,ude,language_code,,True,ude,,False,,False,Tungusic,Tungusic,family_reconciliation_reviewed:iso_glottolog_pair,,Tungusic,family_analysis_mapping_reviewed.csv
udm,Udmurt,Удмурт кыл,,udm,,Cyrl|Latn,Cyrl|Latn,Cyrl,Cyrl,ltr,ltr,True,False,2,False,True,True,False,cldr|iso639_2|wikimedia,48.2.0,fiu,urj,Uralic languages,Finno-Ugrian languages,Uralic languages,2026-04-22,2026-06-15,udm,udm,udm,iso639_2_t,,True,udm,,False,,False,Uralic languages,Uralic languages,pre_review_reconciled,,Uralic languages,family_analysis_mapping_reviewed.csv
ug,Uyghur,Uyƣurqə / ئۇيغۇرچە,ug,uig,,Arab|Cyrl|Latn,Arab|Cyrl|Latn,Arab,Arab,rtl,ltr,True,False,3,True,True,True,False,cldr|iso639_1|iso639_2|wikimedia,48.2.0,trk,tut,Altaic languages,Turkic languages,Turkic,2026-04-22,2026-06-15,ug,ug,ug,iso639_1,,True,ug|uig,ug,True,,False,Turkic,Turkic,family_reconciliation_reviewed:iso_glottolog_pair,,Turkic,family_analysis_mapping_reviewed.csv
uga,Ugaritic,,,uga,,Ugar,Ugar,Ugar,Ugar,ltr,,False,False,1,False,True,False,False,cldr|iso639_2,48.2.0,sem,afa,Afro-Asiatic languages,Semitic languages,Afro-Asiatic languages,2026-04-22,2026-06-15,uga,,uga,iso639_2_t,,True,uga,,False,,False,Afro-Asiatic languages,Afro-Asiatic languages,pre_review_reconciled,,Afro-Asiatic languages,family_analysis_mapping_reviewed.csv
uk,Ukrainian,Українська,uk,ukr,,Cyrl,Cyrl,Cyrl,Cyrl,ltr,ltr,True,True,1,True,True,True,False,cldr|iso639_1|iso639_2|wikimedia,48.2.0,sla,ine,Indo-European languages,Slavic languages,Indo-European languages,2026-04-22,2026-06-15,uk,uk,uk,iso639_1,,True,ukr|uk,uk,True,uk,True,Indo-European languages,Indo-European languages,pre_review_reconciled,,Indo-European languages,family_analysis_mapping_reviewed.csv
uli,Ulithian,,,,,Latn,Latn,Latn,Latn,ltr,,True,False,1,False,False,False,False,cldr,48.2.0,map,map,Austronesian languages,Austronesian languages,Austronesian languages,2026-04-22,2026-06-15,uli,,uli,language_code,,True,uli,,False,,False,Austronesian languages,Austronesian languages,pre_review_reconciled,,Austronesian languages,family_analysis_mapping_reviewed.csv
umb,Umbundu,,,umb,,Latn,Latn,Latn,Latn,ltr,,True,False,1,False,True,False,False,cldr|iso639_2,48.2.0,bnt,nic,Niger-Kordofanian languages,Bantu languages,Atlantic-Congo,2026-04-22,2026-06-15,umb,,umb,iso639_2_t,,True,umb,,False,,False,Atlantic-Congo,Atlantic-Congo,family_reconciliation_reviewed:iso_glottolog_pair,,Atlantic-Congo,family_analysis_mapping_reviewed.csv
unr,Mundari,,,,,Beng|Deva,Beng|Deva,Beng,Beng,ltr,,True,False,2,False,False,False,False,cldr,48.2.0,aav,aav,Austro-Asiatic languages,Austro-Asiatic languages,Austro-Asiatic languages,2026-04-22,2026-06-15,unr,,unr,language_code,,True,unr,,False,,False,Austro-Asiatic languages,Austro-Asiatic languages,family_reconciliation_reviewed:iso_glottolog_pair,,Austro-Asiatic languages,family_analysis_mapping_reviewed.csv
unx,Munda,,,,,Beng|Deva,Beng|Deva,Beng,Beng,ltr,,True,False,2,False,False,False,False,cldr,48.2.0,aav,aav,Austro-Asiatic languages,Austro-Asiatic languages,Austro-Asiatic languages,2026-04-22,2026-06-15,unx,,unx,language_code,,True,unx,,False,,False,Austro-Asiatic languages,Austro-Asiatic languages,family_reconciliation_reviewed:iso_glottolog_pair,,Austro-Asiatic languages,family_analysis_mapping_reviewed.csv
ur,Urdu,اردو,ur,urd,,Arab,Arab,Arab,Arab,rtl,rtl,True,True,1,True,True,True,False,cldr|iso639_1|iso639_2|wikimedia,48.2.0,inc,ine,Indo-European languages,Indo-Aryan languages,Indo-European languages,2026-04-22,2026-06-15,ur,ur,ur,iso639_1,,True,ur|urd,ur,True,ur,True,Indo-European languages,Indo-European languages,pre_review_reconciled,,Indo-European languages,family_analysis_mapping_reviewed.csv
uz,Uzbek,Ўзбек,uz,uzb,,Latn|Cyrl|Arab,Latn|Cyrl|Arab,Latn,Latn,ltr,ltr,True,True,3,True,True,True,False,cldr|iso639_1|iso639_2|wikimedia,48.2.0,trk,tut,Altaic languages,Turkic languages,Altaic languages,2026-04-22,2026-06-15,uz,uz,uz,iso639_1,,True,uz|uzb,uz,True,uz,True,Altaic languages,Altaic languages,pre_review_reconciled,,Altaic languages,family_analysis_mapping_reviewed.csv
uz_AF,Uzbeki Afghanistan,اوزبیکی,,,,,,,,rtl,rtl,True,False,0,False,False,True,False,wikimedia_only,,trk,tut,Altaic languages,Turkic languages,Altaic languages,2026-04-22,2026-06-15,uz_AF,uz_AF,uz-AF,language_code,,True,uz-AF|uz_AF,,False,,False,Altaic languages,Altaic languages,pre_review_reconciled,,Altaic languages,family_analysis_mapping_reviewed.csv
vai,Vai,,,vai,,Vaii|Latn,Vaii|Latn,Vaii,Vaii,ltr,,True,False,2,False,True,False,False,cldr|iso639_2,48.2.0,nic,nic,Niger-Kordofanian languages,Niger-Kordofanian languages,Mande,2026-04-22,2026-06-15,vai,,vai,iso639_2_t,,True,vai,,False,,False,Mande,Mande,family_reconciliation_reviewed:iso_glottolog_pair,,Mande,family_analysis_mapping_reviewed.csv
ve,Venda,Tshivenḓa,ve,ven,,Latn,Latn,Latn,Latn,ltr,ltr,True,False,1,True,True,True,False,cldr|iso639_1|iso639_2|wikimedia,48.2.0,bnt,nic,Niger-Kordofanian languages,Bantu languages,Atlantic-Congo,2026-04-22,2026-06-15,ve,ve,ve,iso639_1,,True,ven|ve,,False,,False,Atlantic-Congo,Atlantic-Congo,family_reconciliation_reviewed:iso_glottolog_pair,,Atlantic-Congo,family_analysis_mapping_reviewed.csv
vec,Venetian,Vèneto,,,,Latn,Latn,Latn,Latn,ltr,ltr,True,False,1,False,False,True,False,cldr|wikimedia,48.2.0,roa,ine,Indo-European languages,Romance languages,Indo-European languages,2026-04-22,2026-06-15,vec,vec,vec,language_code,,True,vec,,False,,False,Indo-European languages,Indo-European languages,pre_review_reconciled,,Indo-European languages,family_analysis_mapping_reviewed.csv
vep,Veps,,,,,Latn,Latn,Latn,Latn,ltr,,True,False,1,False,False,False,False,cldr,48.2.0,fiu,urj,Uralic languages,Finno-Ugrian languages,Uralic languages,2026-04-22,2026-06-15,vep,,vep,language_code,,True,vep,,False,,False,Uralic languages,Uralic languages,pre_review_reconciled,,Uralic languages,family_analysis_mapping_reviewed.csv
vi,Vietnamese,Tiếng Việt,vi,vie,,Latn|Hani,Latn|Hani,Latn,Latn,ltr,ltr,True,True,2,True,True,True,False,cldr|iso639_1|iso639_2|wikimedia,48.2.0,mkh,aav,Austro-Asiatic languages,Mon-Khmer languages,Austro-Asiatic languages,2026-04-22,2026-06-15,vi,vi,vi,iso639_1,,True,vie|vi,vi,True,vi,True,Austro-Asiatic languages,Austro-Asiatic languages,family_reconciliation_reviewed:iso_glottolog_pair,,Austro-Asiatic languages,family_analysis_mapping_reviewed.csv
vic,Virgin Islands Creole English,,,,,Latn,Latn,Latn,Latn,ltr,,True,False,1,False,False,False,False,cldr,48.2.0,crp,crp,Creoles and pidgins,Creoles and pidgins,Creoles and pidgins,2026-04-22,2026-06-15,vic,,vic,language_code,,True,vic,,False,,False,Creoles and pidgins,Creoles and pidgins,family_reconciliation_reviewed:iso_glottolog_pair,,Creoles and pidgins,family_analysis_mapping_reviewed.csv
vls,West Flemish,West-Vlaoms,,,,Latn,Latn,Latn,Latn,ltr,ltr,True,False,1,False,False,True,False,cldr|wikimedia,48.2.0,gem,ine,Indo-European languages,Germanic languages,Indo-European languages,2026-04-22,2026-06-15,vls,vls,vls,language_code,,True,vls,,False,,False,Indo-European languages,Indo-European languages,pre_review_reconciled,,Indo-European languages,family_analysis_mapping_reviewed.csv
vmf,Main-Franconian,,,,,Latn,Latn,Latn,Latn,ltr,,True,False,1,False,False,False,False,cldr,48.2.0,gem,ine,Indo-European languages,Germanic languages,Indo-European languages,2026-04-22,2026-06-15,vmf,,vmf,language_code,,True,vmf,,False,,False,Indo-European languages,Indo-European languages,pre_review_reconciled,,Indo-European languages,family_analysis_mapping_reviewed.csv
vmw,Makhuwa,,,,,Latn,Latn,Latn,Latn,ltr,,True,False,1,False,False,False,False,cldr,48.2.0,bnt,nic,Niger-Kordofanian languages,Bantu languages,Atlantic-Congo,2026-04-22,2026-06-15,vmw,,vmw,language_code,,True,vmw,,False,,False,Atlantic-Congo,Atlantic-Congo,family_reconciliation_reviewed:iso_glottolog_pair,,Atlantic-Congo,family_analysis_mapping_reviewed.csv
vo,Volapük,Volapük,vo,vol,,Latn,Latn,Latn,Latn,ltr,ltr,True,False,1,True,True,True,False,cldr|iso639_1|iso639_2|wikimedia,48.2.0,art,art,Artificial languages,Artificial languages,Artificial languages,2026-04-22,2026-06-15,vo,vo,vo,iso639_1,,True,vo|vol,,False,,False,Artificial languages,Artificial languages,pre_review_reconciled,,Artificial languages,family_analysis_mapping_reviewed.csv
vot,Votic,,,vot,,Latn,Latn,Latn,Latn,ltr,,True,False,1,False,True,False,False,cldr|iso639_2,48.2.0,fiu,urj,Uralic languages,Finno-Ugrian languages,Uralic languages,2026-04-22,2026-06-15,vot,,vot,iso639_2_t,,True,vot,,False,,False,Uralic languages,Uralic languages,pre_review_reconciled,,Uralic languages,family_analysis_mapping_reviewed.csv
vro,Võro,,,,,Latn,Latn,Latn,Latn,ltr,,True,False,1,False,False,False,False,cldr,48.2.0,fiu,urj,Uralic languages,Finno-Ugrian languages,Uralic languages,2026-04-22,2026-06-15,vro,,vro,language_code,,True,vro,,False,,False,Uralic languages,Uralic languages,pre_review_reconciled,,Uralic languages,family_analysis_mapping_reviewed.csv
vun,Vunjo,,,,,Latn,Latn,Latn,Latn,ltr,,True,False,1,False,False,False,False,cldr,48.2.0,bnt,nic,Niger-Kordofanian languages,Bantu languages,Atlantic-Congo,2026-04-22,2026-06-15,vun,,vun,language_code,,True,vun,,False,,False,Atlantic-Congo,Atlantic-Congo,family_reconciliation_reviewed:iso_glottolog_pair,,Atlantic-Congo,family_analysis_mapping_reviewed.csv
wa,Walloon,Walon,wa,wln,,Latn,Latn,Latn,Latn,ltr,ltr,True,False,1,True,True,True,False,cldr|iso639_1|iso639_2|wikimedia,48.2.0,roa,ine,Indo-European languages,Romance languages,Indo-European languages,2026-04-22,2026-06-15,wa,wa,wa,iso639_1,,True,wln|wa,,False,,False,Indo-European languages,Indo-European languages,pre_review_reconciled,,Indo-European languages,family_analysis_mapping_reviewed.csv
wae,Walser,,,,,Latn,Latn,Latn,Latn,ltr,,True,False,1,False,False,False,False,cldr,48.2.0,gem,ine,Indo-European languages,Germanic languages,Indo-European languages,2026-04-22,2026-06-15,wae,,wae,language_code,,True,wae,,False,,False,Indo-European languages,Indo-European languages,pre_review_reconciled,,Indo-European languages,family_analysis_mapping_reviewed.csv
wal,Wolaytta,Wolayttattuwa,,wal,,Ethi,Ethi,Ethi,Ethi,ltr,ltr,True,False,1,False,True,True,False,cldr|iso639_2|wikimedia,48.2.0,afa,afa,Afro-Asiatic languages,Afro-Asiatic languages,Afro-Asiatic languages,2026-04-22,2026-06-15,wal,wal,wal,iso639_2_t,,True,wal,,False,,False,Afro-Asiatic languages,Afro-Asiatic languages,family_reconciliation_reviewed:iso_glottolog_pair,,Afro-Asiatic languages,family_analysis_mapping_reviewed.csv
war,Waray,Winaray / Binisaya Lineyte-Samarnon,,war,,Latn,Latn,Latn,Latn,ltr,ltr,True,False,1,False,True,True,False,cldr|iso639_2|wikimedia,48.2.0,map,map,Austronesian languages,Austronesian languages,Austronesian languages,2026-04-22,2026-06-15,war,war,war,iso639_2_t,,True,war,,False,,False,Austronesian languages,Austronesian languages,pre_review_reconciled,,Austronesian languages,family_analysis_mapping_reviewed.csv
was,Washo,,,was,,Latn,Latn,Latn,Latn,ltr,,True,False,1,False,True,False,False,cldr|iso639_2,48.2.0,,,Language isolate,Language isolate,Language isolate,2026-04-22,2026-06-15,was,,was,iso639_2_t,,True,was,,False,,False,Language isolate,Language isolate,pre_review_reconciled,,Language isolate,family_analysis_mapping_reviewed.csv
wbp,Warlpiri,,,,,Latn,Latn,Latn,Latn,ltr,,True,False,1,False,False,False,False,cldr,48.2.0,aus,aus,Australian languages,Australian languages,Pama-Nyungan,2026-04-22,2026-06-15,wbp,,wbp,language_code,,True,wbp,,False,,False,Pama-Nyungan,Pama-Nyungan,family_reconciliation_reviewed:iso_glottolog_pair,,Pama-Nyungan,family_analysis_mapping_reviewed.csv
wbq,Waddar,,,,,Telu,Telu,Telu,Telu,ltr,,True,False,1,False,False,False,False,cldr,48.2.0,inc,ine,Indo-European languages,Indo-Aryan languages,Dravidian,2026-04-22,2026-06-15,wbq,,wbq,language_code,,True,wbq,,False,,False,Dravidian,Dravidian,family_reconciliation_reviewed:iso_glottolog_pair,,Dravidian languages,family_analysis_mapping_reviewed.csv
wbr,Wagdi,,,,,Deva,Deva,Deva,Deva,ltr,,True,False,1,False,False,False,False,cldr,48.2.0,inc,ine,Indo-European languages,Indo-Aryan languages,Indo-European languages,2026-04-22,2026-06-15,wbr,,wbr,language_code,,True,wbr,,False,,False,Indo-European languages,Indo-European languages,pre_review_reconciled,,Indo-European languages,family_analysis_mapping_reviewed.csv
wls,Wallisian,,,,,Latn,Latn,Latn,Latn,ltr,,True,False,1,False,False,False,False,cldr,48.2.0,map,map,Austronesian languages,Austronesian languages,Austronesian languages,2026-04-22,2026-06-15,wls,,wls,language_code,,True,wls,,False,,False,Austronesian languages,Austronesian languages,pre_review_reconciled,,Austronesian languages,family_analysis_mapping_reviewed.csv
wni,Ndzwani Comorian,,,,,Arab,Arab,Arab,Arab,rtl,,True,True,1,False,False,False,False,cldr,48.2.0,bnt,nic,Niger-Kordofanian languages,Bantu languages,Atlantic-Congo,2026-04-22,2026-06-15,wni,,wni,language_code,,True,wni,,False,,False,Atlantic-Congo,Atlantic-Congo,family_reconciliation_reviewed:iso_glottolog_pair,,Atlantic-Congo,family_analysis_mapping_reviewed.csv
wo,Wolof,Wollof,wo,wol,,Latn|Arab,Latn|Arab,Latn,Latn,ltr,ltr,True,True,2,True,True,True,False,cldr|iso639_1|iso639_2|wikimedia,48.2.0,nic,nic,Niger-Kordofanian languages,Niger-Kordofanian languages,Atlantic-Congo,2026-04-22,2026-06-15,wo,wo,wo,iso639_1,,True,wo|wol,,False,,False,Atlantic-Congo,Atlantic-Congo,family_reconciliation_reviewed:iso_glottolog_pair,,Atlantic-Congo,family_analysis_mapping_reviewed.csv
wtm,Mewati,,,,,Deva,Deva,Deva,Deva,ltr,,True,False,1,False,False,False,False,cldr,48.2.0,inc,ine,Indo-European languages,Indo-Aryan languages,Indo-European languages,2026-04-22,2026-06-15,wtm,,wtm,language_code,,True,wtm,,False,,False,Indo-European languages,Indo-European languages,pre_review_reconciled,,Indo-European languages,family_analysis_mapping_reviewed.csv
wuu,Wu Chinese,,,,,Hans,Hans,Hans,Hans,ltr,,True,False,1,False,False,False,False,cldr,48.2.0,sit,sit,Sino-Tibetan languages,Sino-Tibetan languages,Sino-Tibetan languages,2026-04-22,2026-06-15,wuu,,wuu,language_code,,True,wuu|zh-wuu,,False,,False,Sino-Tibetan languages,Sino-Tibetan languages,pre_review_reconciled,,Sino-Tibetan languages,family_analysis_mapping_reviewed.csv
xal,Kalmyk,Хальмг,,xal,,Cyrl,Cyrl,Cyrl,Cyrl,ltr,ltr,True,False,1,False,True,True,False,cldr|iso639_2|wikimedia,48.2.0,xgn,tut,Altaic languages,Mongolian languages,Mongolic-Khitan,2026-04-22,2026-06-15,xal,xal,xal,iso639_2_t,,True,xal,,False,,False,Mongolic-Khitan,Mongolic-Khitan,family_reconciliation_reviewed:iso_glottolog_pair,,Mongolic-Khitan,family_analysis_mapping_reviewed.csv
xav,Xavánte,,,,,Latn,Latn,Latn,Latn,ltr,,True,False,1,False,False,False,False,cldr,48.2.0,sai,sai,South American Indian languages,South American Indian languages,Nuclear-Macro-Je,2026-04-22,2026-06-15,xav,,xav,language_code,,True,xav,,False,,False,Nuclear-Macro-Je,Nuclear-Macro-Je,family_reconciliation_reviewed:iso_glottolog_pair,,Nuclear-Macro-Je,family_analysis_mapping_reviewed.csv
xcr,Carian,,,,,Cari,Cari,Cari,Cari,ltr,,False,False,1,False,False,False,False,cldr,48.2.0,ine,ine,Indo-European languages,Indo-European languages,Indo-European languages,2026-04-22,2026-06-15,xcr,,xcr,language_code,,True,xcr,,False,,False,Indo-European languages,Indo-European languages,pre_review_reconciled,,Indo-European languages,family_analysis_mapping_reviewed.csv
xh,Xhosa,isiXhosa,xh,xho,,Latn,Latn,Latn,Latn,ltr,ltr,True,False,1,True,True,True,False,cldr|iso639_1|iso639_2|wikimedia,48.2.0,bnt,nic,Niger-Kordofanian languages,Bantu languages,Atlantic-Congo,2026-04-22,2026-06-15,xh,xh,xh,iso639_1,,True,xh|xho,xh,True,,False,Atlantic-Congo,Atlantic-Congo,family_reconciliation_reviewed:iso_glottolog_pair,,Atlantic-Congo,family_analysis_mapping_reviewed.csv
xlc,Lycian,,,,,Lyci,Lyci,Lyci,Lyci,ltr,,False,False,1,False,False,False,False,cldr,48.2.0,ine,ine,Indo-European languages,Indo-European languages,Indo-European languages,2026-04-22,2026-06-15,xlc,,xlc,language_code,,True,xlc,,False,,False,Indo-European languages,Indo-European languages,pre_review_reconciled,,Indo-European languages,family_analysis_mapping_reviewed.csv
xld,Lydian,,,,,Lydi,Lydi,Lydi,Lydi,rtl,,False,False,1,False,False,False,False,cldr,48.2.0,ine,ine,Indo-European languages,Indo-European languages,Indo-European languages,2026-04-22,2026-06-15,xld,,xld,language_code,,True,xld,,False,,False,Indo-European languages,Indo-European languages,pre_review_reconciled,,Indo-European languages,family_analysis_mapping_reviewed.csv
xmf,Mingrelian,მარგალური,,,,Geor,Geor,Geor,Geor,ltr,ltr,True,False,1,False,False,True,False,cldr|wikimedia,48.2.0,ccs,cau,Caucasian languages,South Caucasian languages,Kartvelian,2026-04-22,2026-06-15,xmf,xmf,xmf,language_code,,True,xmf,,False,,False,Kartvelian,Kartvelian,family_reconciliation_reviewed:iso_glottolog_pair,,Kartvelian,family_analysis_mapping_reviewed.csv
xmn,Manichaean Middle Persian,,,,,Mani,Mani,Mani,Mani,ltr,,False,False,1,False,False,False,False,cldr,48.2.0,ira,ine,Indo-European languages,Iranian languages,Indo-European languages,2026-04-22,2026-06-15,xmn,,xmn,language_code,,True,xmn,,False,,False,Indo-European languages,Indo-European languages,pre_review_reconciled,,Indo-European languages,family_analysis_mapping_reviewed.csv
xmr,Meroitic,,,,,Merc,Merc,Merc,Merc,ltr,,False,False,1,False,False,False,False,cldr,48.2.0,,,Language isolate,Language isolate,Language isolate,2026-04-22,2026-06-15,xmr,,xmr,language_code,,True,xmr,,False,,False,Language isolate,Language isolate,pre_review_reconciled,,Language isolate,family_analysis_mapping_reviewed.csv
xna,Ancient North Arabian,,,,,Narb,Narb,Narb,Narb,rtl,,False,False,1,False,False,False,False,cldr,48.2.0,sem,afa,Afro-Asiatic languages,Semitic languages,Afro-Asiatic languages,2026-04-22,2026-06-15,xna,,xna,language_code,,True,xna,,False,,False,Afro-Asiatic languages,Afro-Asiatic languages,pre_review_reconciled,,Afro-Asiatic languages,family_analysis_mapping_reviewed.csv
xnr,Kangri,,,,,Deva,Deva,Deva,Deva,ltr,,True,False,1,False,False,False,False,cldr,48.2.0,inc,ine,Indo-European languages,Indo-Aryan languages,Indo-European languages,2026-04-22,2026-06-15,xnr,,xnr,language_code,,True,xnr,,False,,False,Indo-European languages,Indo-European languages,pre_review_reconciled,,Indo-European languages,family_analysis_mapping_reviewed.csv
xog,Soga,,,,,Latn,Latn,Latn,Latn,ltr,,True,False,1,False,False,False,False,cldr,48.2.0,bnt,nic,Niger-Kordofanian languages,Bantu languages,Atlantic-Congo,2026-04-22,2026-06-15,xog,,xog,language_code,,True,xog,,False,,False,Atlantic-Congo,Atlantic-Congo,family_reconciliation_reviewed:iso_glottolog_pair,,Atlantic-Congo,family_analysis_mapping_reviewed.csv
xpr,Parthian,,,,,Prti,Prti,Prti,Prti,rtl,,False,False,1,False,False,False,False,cldr,48.2.0,ira,ine,Indo-European languages,Iranian languages,Indo-European languages,2026-04-22,2026-06-15,xpr,,xpr,language_code,,True,xpr,,False,,False,Indo-European languages,Indo-European languages,pre_review_reconciled,,Indo-European languages,family_analysis_mapping_reviewed.csv
xsa,Sabaean,,,,,Sarb,Sarb,Sarb,Sarb,rtl,,False,False,1,False,False,False,False,cldr,48.2.0,sem,afa,Afro-Asiatic languages,Semitic languages,Afro-Asiatic languages,2026-04-22,2026-06-15,xsa,,xsa,language_code,,True,xsa,,False,,False,Afro-Asiatic languages,Afro-Asiatic languages,pre_review_reconciled,,Afro-Asiatic languages,family_analysis_mapping_reviewed.csv
xsr,Sherpa,,,,,Deva,Deva,Deva,Deva,ltr,,True,False,1,False,False,False,False,cldr,48.2.0,sit,sit,Sino-Tibetan languages,Sino-Tibetan languages,Sino-Tibetan languages,2026-04-22,2026-06-15,xsr,,xsr,language_code,,True,xsr,,False,,False,Sino-Tibetan languages,Sino-Tibetan languages,pre_review_reconciled,,Sino-Tibetan languages,family_analysis_mapping_reviewed.csv
xum,Umbrian,,,,,Latn|Ital,Latn|Ital,Latn,Latn,ltr,,True,False,2,False,False,False,False,cldr,48.2.0,ine,ine,Indo-European languages,Indo-European languages,Indo-European languages,2026-04-22,2026-06-15,xum,,xum,language_code,,True,xum,,False,,False,Indo-European languages,Indo-European languages,pre_review_reconciled,,Indo-European languages,family_analysis_mapping_reviewed.csv
yao,Yao,,,yao,,Latn,Latn,Latn,Latn,ltr,,True,False,1,False,True,False,False,cldr|iso639_2,48.2.0,bnt,nic,Niger-Kordofanian languages,Bantu languages,Atlantic-Congo,2026-04-22,2026-06-15,yao,,yao,iso639_2_t,,True,yao,,False,,False,Atlantic-Congo,Atlantic-Congo,family_reconciliation_reviewed:iso_glottolog_pair,,Atlantic-Congo,family_analysis_mapping_reviewed.csv
yap,Yapese,,,yap,,Latn,Latn,Latn,Latn,ltr,,True,False,1,False,True,False,False,cldr|iso639_2,48.2.0,map,map,Austronesian languages,Austronesian languages,Austronesian languages,2026-04-22,2026-06-15,yap,,yap,iso639_2_t,,True,yap,,False,,False,Austronesian languages,Austronesian languages,pre_review_reconciled,,Austronesian languages,family_analysis_mapping_reviewed.csv
yav,Yangben,,,,,Latn,Latn,Latn,Latn,ltr,,True,False,1,False,False,False,False,cldr,48.2.0,bnt,nic,Niger-Kordofanian languages,Bantu languages,Atlantic-Congo,2026-04-22,2026-06-15,yav,,yav,language_code,,True,yav,,False,,False,Atlantic-Congo,Atlantic-Congo,family_reconciliation_reviewed:iso_glottolog_pair,,Atlantic-Congo,family_analysis_mapping_reviewed.csv
ybb,Yemba,,,,,Latn,Latn,Latn,Latn,ltr,,True,False,1,False,False,False,False,cldr,48.2.0,bnt,nic,Niger-Kordofanian languages,Bantu languages,Atlantic-Congo,2026-04-22,2026-06-15,ybb,,ybb,language_code,,True,ybb,,False,,False,Atlantic-Congo,Atlantic-Congo,family_reconciliation_reviewed:iso_glottolog_pair,,Atlantic-Congo,family_analysis_mapping_reviewed.csv
yi,Yiddish,ייִדיש,yi,yid,,Hebr,Hebr,Hebr,Hebr,rtl,rtl,True,False,1,True,True,True,False,cldr|iso639_1|iso639_2|wikimedia,48.2.0,gem,ine,Indo-European languages,Germanic languages,Indo-European languages,2026-04-22,2026-06-15,yi,yi,yi,iso639_1,,True,ji|yid|yi,yi,True,,False,Indo-European languages,Indo-European languages,pre_review_reconciled,,Indo-European languages,family_analysis_mapping_reviewed.csv
yo,Yoruba,Yorùbá,yo,yor,,Latn,Latn,Latn,Latn,ltr,ltr,True,True,1,True,True,True,False,cldr|iso639_1|iso639_2|wikimedia,48.2.0,nic,nic,Niger-Kordofanian languages,Niger-Kordofanian languages,Atlantic-Congo,2026-04-22,2026-06-15,yo,yo,yo,iso639_1,,True,yo|yor,yo,True,,False,Atlantic-Congo,Atlantic-Congo,family_reconciliation_reviewed:iso_glottolog_pair,,Atlantic-Congo,family_analysis_mapping_reviewed.csv
yrk,Nenets,,,,,Cyrl,Cyrl,Cyrl,Cyrl,ltr,,True,False,1,False,False,False,False,cldr,48.2.0,fiu,urj,Uralic languages,Finno-Ugrian languages,Uralic languages,2026-04-22,2026-06-15,yrk,,yrk,language_code,,True,yrk,,False,,False,Uralic languages,Uralic languages,pre_review_reconciled,,Uralic languages,family_analysis_mapping_reviewed.csv
yrl,Nheengatu,,,,,Latn,Latn,Latn,Latn,ltr,,True,False,1,False,False,False,False,cldr,48.2.0,sai,sai,South American Indian languages,South American Indian languages,Tupian,2026-04-22,2026-06-15,yrl,,yrl,language_code,,True,yrl,,False,,False,Tupian,Tupian,family_reconciliation_reviewed:iso_glottolog_pair,,Tupian,family_analysis_mapping_reviewed.csv
yua,Yucateco,,,,,Latn,Latn,Latn,Latn,ltr,,True,False,1,False,False,False,False,cldr,48.2.0,cai,cai,Central American Indian languages,Central American Indian languages,Mayan,2026-04-22,2026-06-15,yua,,yua,language_code,,True,yua,yua,True,,False,Mayan,Mayan,family_reconciliation_reviewed:iso_glottolog_pair,,Mayan,family_analysis_mapping_reviewed.csv
yue,Cantonese,,,,,Hant|Hans,Hant|Hans,Hant,Hant,ltr,,True,True,2,False,False,False,False,cldr,48.2.0,sit,sit,Sino-Tibetan languages,Sino-Tibetan languages,Sino-Tibetan languages,2026-04-22,2026-06-15,yue,,yue,language_code,,True,zh-yue|yue,yue,True,,False,Sino-Tibetan languages,Sino-Tibetan languages,pre_review_reconciled,,Sino-Tibetan languages,family_analysis_mapping_reviewed.csv
za,Zhuang,Cuengh / Tôô / 壮语,za,zha,,Latn|Hans,Latn|Hans,Latn,Latn,ltr,ltr,True,False,2,True,True,True,False,cldr|iso639_1|iso639_2|wikimedia,48.2.0,tai,tai,Tai-Kadai languages,Tai-Kadai languages,Tai-Kadai languages,2026-04-22,2026-06-15,za,za,za,iso639_1,,True,za|zha,,False,,False,Tai-Kadai languages,Tai-Kadai languages,pre_review_reconciled,,Tai-Kadai languages,family_analysis_mapping_reviewed.csv
zag,Zaghawa,,,,,Latn,Latn,Latn,Latn,ltr,,True,False,1,False,False,False,False,cldr,48.2.0,ssa,ssa,Nilo-Saharan languages,Nilo-Saharan languages,Saharan,2026-04-22,2026-06-15,zag,,zag,language_code,,True,zag,,False,,False,Saharan,Saharan,family_reconciliation_reviewed:iso_glottolog_pair,,Saharan,family_analysis_mapping_reviewed.csv
zap,Zapotec,,,zap,,Latn,Latn,Latn,Latn,ltr,,True,False,1,False,True,False,False,cldr|iso639_2,48.2.0,cai,cai,Central American Indian languages,Central American Indian languages,Central American Indian languages,2026-04-22,2026-06-15,zap,,zap,iso639_2_t,,True,zap,,False,,False,Central American Indian languages,Otomanguean,family_reconciliation_reviewed:json_fallback_language,,Otomanguean,family_analysis_mapping_reviewed.csv
zbl,Blissymbols,,,zbl,,,,,,ltr,,True,False,0,False,True,False,False,loc_only,,art,art,Artificial languages,Artificial languages,Artificial languages,2026-04-22,2026-06-15,zbl,,zbl,iso639_2_t,,True,zbl,,False,,False,Artificial languages,Artificial languages,pre_review_reconciled,,Artificial languages,family_analysis_mapping_reviewed.csv
zdj,Ngazidja Comorian,,,,,Arab,Arab,Arab,Arab,rtl,,True,True,1,False,False,False,False,cldr,48.2.0,bnt,nic,Niger-Kordofanian languages,Bantu languages,Atlantic-Congo,2026-04-22,2026-06-15,zdj,,zdj,language_code,,True,zdj,,False,,False,Atlantic-Congo,Atlantic-Congo,family_reconciliation_reviewed:iso_glottolog_pair,,Atlantic-Congo,family_analysis_mapping_reviewed.csv
zea,Zeelandic,,,,,Latn,Latn,Latn,Latn,ltr,,True,False,1,False,False,False,False,cldr,48.2.0,gem,ine,Indo-European languages,Germanic languages,Indo-European languages,2026-04-22,2026-06-15,zea,,zea,language_code,,True,zea,,False,,False,Indo-European languages,Indo-European languages,pre_review_reconciled,,Indo-European languages,family_analysis_mapping_reviewed.csv
zen,Zenaga,,,zen,,Tfng,Tfng,Tfng,Tfng,rtl,,True,False,1,False,True,False,False,cldr|iso639_2,48.2.0,ber,afa,Afro-Asiatic languages,Berber languages,Afro-Asiatic languages,2026-04-22,2026-06-15,zen,,zen,iso639_2_t,,True,zen,,False,,False,Afro-Asiatic languages,Afro-Asiatic languages,pre_review_reconciled,,Afro-Asiatic languages,family_analysis_mapping_reviewed.csv
zg,Moroccan Amazigh,ⵜⴰⵎⴰⵣⵉⵖⵜ,zg,,,,,,,ltr,ltr,True,False,0,True,False,True,False,wikimedia_only|iso639_1,,ber,afa,Afro-Asiatic languages,Berber languages,Afro-Asiatic languages,2026-04-22,2026-06-15,zg,zg,zg,iso639_1,,True,zg,,False,,False,Afro-Asiatic languages,Afro-Asiatic languages,pre_review_reconciled,,Afro-Asiatic languages,family_analysis_mapping_reviewed.csv
zgh,Standard Moroccan Tamazight,,,zgh,,Tfng,Tfng,Tfng,Tfng,rtl,,True,False,1,False,True,False,False,cldr|iso639_2,48.2.0,ber,afa,Afro-Asiatic languages,Berber languages,Afro-Asiatic languages,2026-04-22,2026-06-15,zgh,,zgh,iso639_2_t,,True,zgh,,False,,False,Afro-Asiatic languages,Afro-Asiatic languages,pre_review_reconciled,,Afro-Asiatic languages,family_analysis_mapping_reviewed.csv
zh,Chinese,中文,zh,zho,chi,Hans|Hant|Bopo|Latn|Phag,Hans|Hant|Bopo|Latn|Phag,Hans,Hans,ltr,ltr,True,True,5,True,True,True,False,cldr|iso639_1|iso639_2|wikimedia,48.2.0,sit,sit,Sino-Tibetan languages,Sino-Tibetan languages,Sino-Tibetan languages,2026-04-22,2026-06-15,zh,zh,zh,iso639_1,,True,chi|zh|zh-cmn|zh-guoyu|zho,zh,True,zh,True,Sino-Tibetan languages,Sino-Tibetan languages,pre_review_reconciled,,Sino-Tibetan languages,family_analysis_mapping_reviewed.csv
zh-classical,Classical Chinese,文言,,,,,,,,ltr,ltr,True,False,0,False,False,True,False,wikimedia_only,,sit,sit,Sino-Tibetan languages,Sino-Tibetan languages,Sino-Tibetan languages,2026-04-22,2026-06-15,zh-classical,zh-classical,lzh,grandfathered_fallback,Wikimedia/legacy code zh-classical not in language_data IANA snapshot; mapped manually,False,lzh|zh-classical,,False,,False,Sino-Tibetan languages,Sino-Tibetan languages,pre_review_reconciled,,Sino-Tibetan languages,family_analysis_mapping_reviewed.csv
zh-min-nan,Minnan,Bân-lâm-gú,,,,,,,,ltr,ltr,True,False,0,False,False,True,False,wikimedia_only,,sit,sit,Sino-Tibetan languages,Sino-Tibetan languages,Sino-Tibetan languages,2026-04-22,2026-06-15,zh-min-nan,zh-min-nan,nan,language_code,,False,zh-min-nan|nan,,False,,False,Sino-Tibetan languages,Sino-Tibetan languages,pre_review_reconciled,,Sino-Tibetan languages,family_analysis_mapping_reviewed.csv
zh-tw,Traditional Chinese,‪中文(台灣)‬,,,,,,,,ltr,ltr,True,False,0,False,False,True,False,wikimedia_only,,sit,sit,Sino-Tibetan languages,Sino-Tibetan languages,Sino-Tibetan languages,2026-04-22,2026-06-15,zh-tw,zh-tw,zh-TW,language_code,,True,zh-TW|zh-tw,zh-TW,True,zh-TW,True,Sino-Tibetan languages,Sino-Tibetan languages,pre_review_reconciled,,Sino-Tibetan languages,family_analysis_mapping_reviewed.csv
zh-yue,Cantonese,粵語 / 粤语,,,,,,,,ltr,ltr,True,False,0,False,False,True,False,wikimedia_only,,sit,sit,Sino-Tibetan languages,Sino-Tibetan languages,Sino-Tibetan languages,2026-04-22,2026-06-15,zh-yue,zh-yue,yue,language_code,,False,zh-yue|yue,yue,True,,False,Sino-Tibetan languages,Sino-Tibetan languages,pre_review_reconciled,,Sino-Tibetan languages,family_analysis_mapping_reviewed.csv
zmi,Negeri Sembilan Malay,,,,,Latn,Latn,Latn,Latn,ltr,,True,False,1,False,False,False,False,cldr,48.2.0,map,map,Austronesian languages,Austronesian languages,Austronesian languages,2026-04-22,2026-06-15,zmi,,zmi,language_code,,True,zmi,,False,,False,Austronesian languages,Austronesian languages,pre_review_reconciled,,Austronesian languages,family_analysis_mapping_reviewed.csv
zu,Zulu,isiZulu,zu,zul,,Latn,Latn,Latn,Latn,ltr,ltr,True,False,1,True,True,True,False,cldr|iso639_1|iso639_2|wikimedia,48.2.0,bnt,nic,Niger-Kordofanian languages,Bantu languages,Atlantic-Congo,2026-04-22,2026-06-15,zu,zu,zu,iso639_1,,True,zul|zu,zu,True,zu,True,Atlantic-Congo,Atlantic-Congo,family_reconciliation_reviewed:iso_glottolog_pair,,Atlantic-Congo,family_analysis_mapping_reviewed.csv
zun,Zuni,,,zun,,Latn,Latn,Latn,Latn,ltr,,True,False,1,False,True,False,False,cldr|iso639_2,48.2.0,,,Language isolate,Language isolate,Language isolate,2026-04-22,2026-06-15,zun,,zun,iso639_2_t,,True,zun,,False,,False,Language isolate,Language isolate,pre_review_reconciled,,Language isolate,family_analysis_mapping_reviewed.csv
zza,Zaza,,,zza,,Latn,Latn,Latn,Latn,ltr,,True,False,1,False,True,False,False,cldr|iso639_2,48.2.0,ira,ine,Indo-European languages,Iranian languages,Indo-European languages,2026-04-22,2026-06-15,zza,,zza,iso639_2_t,,True,zza,,False,,False,Indo-European languages,Indo-European languages,pre_review_reconciled,,Indo-European languages,family_analysis_mapping_reviewed.csv
