language_code,language_name,term_source,ollama_translated_term,ollama_content,ollama_created_at,ollama_done_reason,ollama_eval_count,ollama_eval_duration,ollama_extracted_dictionaries,ollama_load_duration,ollama_model,ollama_prompt_eval_count,ollama_prompt_eval_duration,ollama_total_duration,ollama_translation,term,wikipedia_translated_term,coding_dh_date,exclude_google_cloud_translate,gt_translated_term,exclude_easynmt,enmt_translated_term,exclude_lingvanex,lingvanex_translated_term,exclude_ollama,ollama_translation_rationale
zh-yue,Cantonese,Digital Humanities,dak bit gai,"{
  ""translated_term"": ""dak bit gai"" ,
  ""translation_rationale"": ""In Cantonese, \u3000'dak' (\u5316) means digital, and \u3000'bit gai' (\u5e73\u79c1) refers to humanities. This translation preserves the technical precision of Digital Humanities by using \u3000'dak' to convey its digital aspect, while using \u3000'gai' (\u79c1) to refer to humanistic studies.""
}",2026-04-07T07:24:08.283653Z,stop,113.0,3907188747.0,[],78601666.0,llama3.1,134.0,367147542.0,4384306958.0,,,,2026-04-07 08:24:08,False,數碼人文,True,,True,,False,"In Cantonese, 　'dak' (化) means digital, and 　'bit gai' (平私) refers to humanities. This translation preserves the technical precision of Digital Humanities by using 　'dak' to convey its digital aspect, while using 　'gai' (私) to refer to humanistic studies."
zh-min-nan,Minnan,Digital Humanities,\[chûi-sèk-tâi kŭan-hòa̍k\],"{
  ""translated_term"": ""\[chûi-sèk-tâi kŭan-hòa̍k\]"",
  ""translation_rationale"": ""I translated 'Digital Humanities' into Minnan by breaking down the term into its constituent parts. 'Chûi-sèk-tâi' means 'digital', derived from Chinese \u5e73\u53d1, which is commonly used in Taiwanese to refer to digital technologies. 'Kŭan-hòa̍k' means 'humanities', combining the word for 'humanity' (\u4ec0\u6c17) with the suffix '-hòa̍k', indicating a field of study or academic discipline.""
}",2026-04-07T07:24:01.873555Z,stop,152.0,5392196460.0,[],75292542.0,llama3.1,135.0,385719833.0,5901487625.0,,,,2026-04-07 08:24:01,True,,True,,True,,False,"I translated 'Digital Humanities' into Minnan by breaking down the term into its constituent parts. 'Chûi-sèk-tâi' means 'digital', derived from Chinese 平发, which is commonly used in Taiwanese to refer to digital technologies. 'Kŭan-hòa̍k' means 'humanities', combining the word for 'humanity' (什気) with the suffix '-hòa̍k', indicating a field of study or academic discipline."
xmf,Megrelian,Digital Humanities,Txaltek'itxa digitali,"{
  ""translated_term"": ""Txaltek'itxa digitali"",
  ""translation_rationale"": ""I used the Georgian suffix '-txa' to form a plural noun from 'txaltek'i', which is derived from the Megrelian word for 'humanities'. Adding 'digitali' indicates that it's related to technology and computing.""
}",2026-04-07T07:23:53.950888Z,stop,75.0,1705283119.0,[],69972375.0,llama3.1,135.0,373378334.0,2169468375.0,,,,2026-04-07 08:23:53,True,,True,,True,,False,"I used the Georgian suffix '-txa' to form a plural noun from 'txaltek'i', which is derived from the Megrelian word for 'humanities'. Adding 'digitali' indicates that it's related to technology and computing."
xal,Kalmyk,Digital Humanities,Khölömii khöltüül,"{
  ""translated_term"": ""Khölömii khöltüül"",
  ""translation_rationale"": 
    ""The term 'Digital Humanities' is translated as 'Khölömii khöltüül'. 'Khölömii' means digital or electronic, and 'khöltüül' refers to the study of humanities. This translation aims to convey the technical precision of the original term while preserving its disciplinary significance in an academic context.""
}",2026-04-07T07:23:49.76472Z,stop,96.0,3104695962.0,[],82077250.0,llama3.1,135.0,389439000.0,3603097833.0,,,,2026-04-07 08:23:49,True,,True,,True,,False,"The term 'Digital Humanities' is translated as 'Khölömii khöltüül'. 'Khölömii' means digital or electronic, and 'khöltüül' refers to the study of humanities. This translation aims to convey the technical precision of the original term while preserving its disciplinary significance in an academic context."
war,Waray / Samar-Leyte Visayan,Digital Humanities,Humanidades Digital,"{
  ""translated_term"": ""Humanidades Digital"",
  ""translation_rationale"": ""The term 'Digital Humanities' is translated to 'Humanidades Digital' by adapting the Waray phrase for 'humanities' (humanidades) and adding the adjective 'digital' as a direct borrowing from English, given its technical specificity in an academic context. This approach ensures both the accuracy of the translation and the preservation of the term's disciplinary significance.""
}",2026-04-07T07:23:44.137242Z,stop,91.0,2983630372.0,[],83378333.0,llama3.1,148.0,359669625.0,3453227250.0,,,,2026-04-07 08:23:44,False,Digital nga Katawhan,True,,True,,False,"The term 'Digital Humanities' is translated to 'Humanidades Digital' by adapting the Waray phrase for 'humanities' (humanidades) and adding the adjective 'digital' as a direct borrowing from English, given its technical specificity in an academic context. This approach ensures both the accuracy of the translation and the preservation of the term's disciplinary significance."
vls,West Flemish,Digital Humanities,Digitale Geesteswetenschappen,"{
  ""translated_term"": ""Digitale Geesteswetenschappen"",
  ""translation_rationale"": ""I have translated the term 'Digital Humanities' literally, keeping the English words for precision and accuracy in an academic context. In West Flemish (vls), 'digitale' is used to translate 'digital', and 'geesteswetenschappen' covers the meaning of 'humanities'. This translation maintains the technical precision and disciplinary significance required for an academic field or scholarly concept.""
}",2026-04-07T07:23:38.661881Z,stop,105.0,3741295831.0,[],81004375.0,llama3.1,135.0,394732333.0,4248229500.0,,,,2026-04-07 08:23:38,True,,True,,True,,False,"I have translated the term 'Digital Humanities' literally, keeping the English words for precision and accuracy in an academic context. In West Flemish (vls), 'digitale' is used to translate 'digital', and 'geesteswetenschappen' covers the meaning of 'humanities'. This translation maintains the technical precision and disciplinary significance required for an academic field or scholarly concept."
vec,Venetian,Digital Humanities,Umanità Digitali,"{
  ""translated_term"": ""Umanità Digitali"",
  ""translation_rationale"": ""I've used the Venetian equivalent of 'umanità' (humanities) and added 'digitali' to reflect the digital aspect, as in Italian. This translation aims to preserve the technical precision and disciplinary significance of the original term.""
}",2026-04-07T07:23:32.382407Z,stop,71.0,1171688625.0,[],71479083.0,llama3.1,134.0,373996542.0,1636389083.0,,,,2026-04-07 08:23:32,False,Siense umane digitałi,True,,True,,False,"I've used the Venetian equivalent of 'umanità' (humanities) and added 'digitali' to reflect the digital aspect, as in Italian. This translation aims to preserve the technical precision and disciplinary significance of the original term."
uz_AF,Uzbeki Afghanistan,Digital Humanities,Digital Ilm-fan,"{
  ""translated_term"": ""Digital Ilm-fan"",
  ""translation_rationale"": ""In Uzbeki Afghanistan, I have used \""Ilm-fan\"", which is a direct loanword from Persian (ilm-e fan) and is widely accepted in academic and scholarly contexts to refer to the study of humanities. Adding the prefix \""Digital\"" to it makes it clear that this field of study focuses on digital methods and tools. This translation preserves the technical precision and disciplinary significance of the original term, making it suitable for academic use.""
}",2026-04-07T07:23:28.731204Z,stop,110.0,3768881292.0,[],68702125.0,llama3.1,135.0,362387458.0,4232542584.0,,,,2026-04-07 08:23:28,True,,True,,True,,False,"In Uzbeki Afghanistan, I have used ""Ilm-fan"", which is a direct loanword from Persian (ilm-e fan) and is widely accepted in academic and scholarly contexts to refer to the study of humanities. Adding the prefix ""Digital"" to it makes it clear that this field of study focuses on digital methods and tools. This translation preserves the technical precision and disciplinary significance of the original term, making it suitable for academic use."
udm,Udmurt,Digital Humanities,Džigitalläižine filologii,"{
  ""translated_term"": ""Džigitalläižine filologii"",
  ""translation_rationale"": ""I used \""Džigitall\"" to adapt the digital prefix, which is a loanword from Russian. In Udmurt, the suffix \""-läižine\"" indicates a connection to or specialization in something (e.g., läižine fizika = physics). This choice conveys the technical precision and disciplinary significance of the field.""
}",2026-04-07T07:23:22.475502Z,stop,96.0,3126627035.0,[],82901500.0,llama3.1,135.0,361455042.0,3598840834.0,,,,2026-04-07 08:23:22,False,Цифровой гуманитарной наукаос,True,,True,,False,"I used ""Džigitall"" to adapt the digital prefix, which is a loanword from Russian. In Udmurt, the suffix ""-läižine"" indicates a connection to or specialization in something (e.g., läižine fizika = physics). This choice conveys the technical precision and disciplinary significance of the field."
tum,Tumbuka,Digital Humanities,Muunganisho wa Digital,"{
  ""translated_term"": ""Muunganisho wa Digital"",
  ""translation_rationale"": ""I translated 'Digital Humanities' to Muunganisho wa Digital, combining the Tumbuka prefix 'mu-,' which indicates a field of study or academic discipline (e.g., muunganisho wa daktari = medical field), with the word 'digital' and the term for humanities (wanjananijenga). This translation aims to preserve the technical precision and disciplinary significance of the original term.""
}",2026-04-07T07:23:16.853863Z,stop,106.0,3555888791.0,[],82278500.0,llama3.1,134.0,361604167.0,4030802666.0,,,,2026-04-07 08:23:16,False,Ŵanthu ŵa pa intaneti,True,,True,,False,"I translated 'Digital Humanities' to Muunganisho wa Digital, combining the Tumbuka prefix 'mu-,' which indicates a field of study or academic discipline (e.g., muunganisho wa daktari = medical field), with the word 'digital' and the term for humanities (wanjananijenga). This translation aims to preserve the technical precision and disciplinary significance of the original term."
tpi,Tok Pisin,Digital Humanities,Kain Bilong Digital,"{
  ""translated_term"": ""Kain Bilong Digital"",
  ""translation_rationale"": ""I used \""Kain\"" (kind, type) to specify the academic field or scholarly concept, and \""Bilong\"" (belonging to, of) to indicate its connection to the digital aspect. This construction is commonly used in Tok Pisin to describe academic disciplines, such as \""Kain Bilong Fisiolaji\"" for Physiology.""
}",2026-04-07T07:23:10.798984Z,stop,94.0,3002259205.0,[],103632834.0,llama3.1,135.0,368706500.0,3500497917.0,,,,2026-04-07 08:23:10,False,Dijitel Humanitis,False,Ol Samting Ol Man i Mekim,True,,False,"I used ""Kain"" (kind, type) to specify the academic field or scholarly concept, and ""Bilong"" (belonging to, of) to indicate its connection to the digital aspect. This construction is commonly used in Tok Pisin to describe academic disciplines, such as ""Kain Bilong Fisiolaji"" for Physiology."
tokipona,tokipona,Digital Humanities,Tanomali Kesi,"{
  ""translated_term"": ""Tanomali Kesi"",
  ""translation_rationale"": ""I combined the root words for 'digital' (tanoma) and 'humanities' (kesi), as tokipona often employs compounds to convey meaning. Tanoma implies a connection to technology or digital devices, while kesi captures the essence of humanities as encompassing various disciplines in the human sciences.""
}",2026-04-07T07:23:05.274667Z,stop,84.0,2821186832.0,[],80393875.0,llama3.1,136.0,364916458.0,3290582042.0,,,,2026-04-07 08:23:05,True,,True,,True,,False,"I combined the root words for 'digital' (tanoma) and 'humanities' (kesi), as tokipona often employs compounds to convey meaning. Tanoma implies a connection to technology or digital devices, while kesi captures the essence of humanities as encompassing various disciplines in the human sciences."
tlh,Klingon,Digital Humanities,jIQongwIj DaHghaj,"{
  ""translated_term"": ""jIQongwIj DaHghaj"",
  ""translation_rationale"": 
    ""To translate 'Digital Humanities' into Klingon, I've broken it down into its constituent parts. 'Digital' is rendered as 'jIQongwIj', which combines the verb prefix 'jIQo-' (relating to technology or computers) with the suffix '-ngwIj' (indicative of something digital or electronic). 
    'Humanities' is translated as 'DaHghaj', derived from the Klingon noun 'DaH' (referring to abstract concepts or the humanities) and the augmentative suffix '-ghaj' (implying a broad or sweeping scope).
    Together, 'jIQongwIj DaHghaj' accurately conveys the idea of an academic field focused on digital technologies in service to humanistic inquiry, preserving both technical precision and disciplinary significance.""
}",2026-04-07T07:22:59.959954Z,stop,196.0,7043247206.0,[],84628000.0,llama3.1,133.0,361740042.0,7544545708.0,,,,2026-04-07 08:22:59,True,,True,,True,,False,"To translate 'Digital Humanities' into Klingon, I've broken it down into its constituent parts. 'Digital' is rendered as 'jIQongwIj', which combines the verb prefix 'jIQo-' (relating to technology or computers) with the suffix '-ngwIj' (indicative of something digital or electronic). 
    'Humanities' is translated as 'DaHghaj', derived from the Klingon noun 'DaH' (referring to abstract concepts or the humanities) and the augmentative suffix '-ghaj' (implying a broad or sweeping scope).
    Together, 'jIQongwIj DaHghaj' accurately conveys the idea of an academic field focused on digital technologies in service to humanistic inquiry, preserving both technical precision and disciplinary significance."
tet,Tetum,Digital Humanities,Humanidades Digitais,"{
  ""translated_term"": ""Humanidades Digitais"",
  ""translation_rationale"": ""The term 'Digital Humanities' was translated into Tetum as 'Humanidades Digitais'. This is because the prefix 'digita'l, which refers to digital technology or data, is added directly to the root word 'humanidade', meaning humanity or humanist studies. The resulting compound word accurately conveys the concept of combining humanities disciplines with digital methods and tools.""
}",2026-04-07T07:22:50.39242Z,stop,94.0,3237534378.0,[],71605417.0,llama3.1,132.0,372114875.0,3708067750.0,,,,2026-04-07 08:22:50,False,Umanidade Dijitál,True,,True,,False,"The term 'Digital Humanities' was translated into Tetum as 'Humanidades Digitais'. This is because the prefix 'digita'l, which refers to digital technology or data, is added directly to the root word 'humanidade', meaning humanity or humanist studies. The resulting compound word accurately conveys the concept of combining humanities disciplines with digital methods and tools."
sco,Scots,Digital Humanities,Digi Humanities,"{
  ""translated_term"": ""Digi Humanities"",
  ""translation_rationale"": ""I've chosen to translate 'Digital' as 'Digi' to preserve the technical precision and modernity of the term. This is a common way to translate 'digital' in Scots, which often uses a mix of English loanwords and Scottish Gaelic influences. I've kept the second part of the term, 'Humanities', unchanged to convey its disciplinary significance and academic context.""
}",2026-04-07T07:22:44.666803Z,stop,97.0,3687996671.0,[],80521167.0,llama3.1,130.0,365701208.0,4161734834.0,,,,2026-04-07 08:22:44,True,,True,,True,,False,"I've chosen to translate 'Digital' as 'Digi' to preserve the technical precision and modernity of the term. This is a common way to translate 'digital' in Scots, which often uses a mix of English loanwords and Scottish Gaelic influences. I've kept the second part of the term, 'Humanities', unchanged to convey its disciplinary significance and academic context."
scn,Sicilian,Digital Humanities,Umanità Digitali,"{
  ""translated_term"": ""Umanità Digitali"",
  ""translation_rationale"": ""The term 'Digital Humanities' has been translated into Sicilian as 'Umanità Digitali'. This choice aims to preserve the technical precision and disciplinary significance of the original term. The word 'Umanità' is used to convey the meaning of 'Humanities', which refers to the academic field that studies human culture, including language, literature, history, art, and music. The adjective 'Digitali' is added to indicate the digital aspect of this field, emphasizing its reliance on technology and digital methods.""
}",2026-04-07T07:22:38.482807Z,stop,128.0,4669158165.0,[],102008792.0,llama3.1,132.0,356562834.0,5164646959.0,,,,2026-04-07 08:22:38,False,Scienzi umanistichi diggitali,True,,True,,False,"The term 'Digital Humanities' has been translated into Sicilian as 'Umanità Digitali'. This choice aims to preserve the technical precision and disciplinary significance of the original term. The word 'Umanità' is used to convey the meaning of 'Humanities', which refers to the academic field that studies human culture, including language, literature, history, art, and music. The adjective 'Digitali' is added to indicate the digital aspect of this field, emphasizing its reliance on technology and digital methods."
roa-rup,Aromanian,Digital Humanities,Umiltari Digitali,"{
  ""translated_term"": ""Umiltari Digitali"",
  ""translation_rationale"": 
    ""I translated 'Digital Humanities' to Umiltari Digitali, choosing a phrase that accurately conveys the meaning in an academic context. 
     In Aromanian, 'umil' or 'umiltar' means 'digital' or related to digital technology, while 'umili' can also mean 'humanities' or study of the arts and sciences.
    The word order follows a typical European Romance language structure, with the adjective ('Digitali') preceding the noun ('Umiltari'). 
     This translation aims to preserve both technical precision and disciplinary significance in an academic context.""
}",2026-04-07T07:22:31.296003Z,stop,143.0,5335109876.0,[],84587292.0,llama3.1,137.0,403004542.0,5863156042.0,,,,2026-04-07 08:22:31,True,,True,,True,,False,"I translated 'Digital Humanities' to Umiltari Digitali, choosing a phrase that accurately conveys the meaning in an academic context. 
     In Aromanian, 'umil' or 'umiltar' means 'digital' or related to digital technology, while 'umili' can also mean 'humanities' or study of the arts and sciences.
    The word order follows a typical European Romance language structure, with the adjective ('Digitali') preceding the noun ('Umiltari'). 
     This translation aims to preserve both technical precision and disciplinary significance in an academic context."
rmy,Romani,Digital Humanities,Džilnal Umanistiko,"{
  ""translated_term"": ""Džilnal Umanistiko"",
  ""translation_rationale"": ""I combined the Romani prefix \""džilnal-\"", which is derived from the English word 'digital' and is commonly used in Romani language to convey technical or modern concepts, with the Romani root \""uman-\"" meaning 'human' or 'people', which corresponds to the Latin-based term 'Humanities'. The resulting term \""Džilnal Umanistiko\"" accurately conveys the digital nature of this academic field while preserving its disciplinary significance.""
}",2026-04-07T07:22:23.410974Z,stop,117.0,4334307289.0,[],83220084.0,llama3.1,133.0,360479167.0,4812203667.0,,,,2026-04-07 08:22:23,False,Digitalno Humaniàlo,True,,True,,False,"I combined the Romani prefix ""džilnal-"", which is derived from the English word 'digital' and is commonly used in Romani language to convey technical or modern concepts, with the Romani root ""uman-"" meaning 'human' or 'people', which corresponds to the Latin-based term 'Humanities'. The resulting term ""Džilnal Umanistiko"" accurately conveys the digital nature of this academic field while preserving its disciplinary significance."
pms,Piedmontese,Digital Humanities,Umanità digitàle,"{
  ""translated_term"": ""Umanità digitàle"",
  ""translation_rationale"": ""In Piedmontese, I have translated \""Digital Humanities\"" by using the adjective \""digitàle\"", which is a direct loanword from Italian, to convey the digital aspect. The noun \""umanità\"" retains its original meaning, emphasizing the study of human culture and expression in a digital context. This translation aims to preserve both technical precision and disciplinary significance.""
}",2026-04-07T07:22:16.576524Z,stop,95.0,3864181958.0,[],104279125.0,llama3.1,135.0,362885792.0,4360518125.0,,,,2026-04-07 08:22:16,True,,True,,True,,False,"In Piedmontese, I have translated ""Digital Humanities"" by using the adjective ""digitàle"", which is a direct loanword from Italian, to convey the digital aspect. The noun ""umanità"" retains its original meaning, emphasizing the study of human culture and expression in a digital context. This translation aims to preserve both technical precision and disciplinary significance."
pih,Norfolk,Digital Humanities,,"I do not have information about the language code ""pih"" or the term ""Norfolk"".",2026-04-07T07:22:10.194702Z,stop,21.0,238239957.0,[],78606208.0,llama3.1,131.0,362890458.0,686335500.0,,,,2026-04-07 08:22:10,True,,True,,True,,False,
pdc,Pennsylvania German,Digital Humanities,Digital Menschliche Kinst,"{
  ""translated_term"": ""Digital Menschliche Kinst"",
  ""translation_rationale"": ""I translated \""Digital Humanities\"" by breaking it down into its components. \""Digital\"" remains the same, as it refers to the digital aspect of this field. \""Menschliche\"" is used instead of \""Humanities\"", as it conveys the idea of human studies and culture in a more precise manner. Finally, I added the Pennsylvania German word for \""Arts\"" or \""Kinst\"", which encompasses the creative and aesthetic aspects associated with Humanities.""
}",2026-04-07T07:22:07.484561Z,stop,114.0,4690803461.0,[],85481625.0,llama3.1,133.0,415577708.0,5225213541.0,,,,2026-04-07 08:22:07,True,,True,,True,,False,"I translated ""Digital Humanities"" by breaking it down into its components. ""Digital"" remains the same, as it refers to the digital aspect of this field. ""Menschliche"" is used instead of ""Humanities"", as it conveys the idea of human studies and culture in a more precise manner. Finally, I added the Pennsylvania German word for ""Arts"" or ""Kinst"", which encompasses the creative and aesthetic aspects associated with Humanities."
pap,Papiamentu,Digital Humanities,Bihumuña Teknolóhiko,"{
  ""translated_term"": ""Bihumuña Teknolóhiko"",
  ""translation_rationale"": ""The term 'Digital Humanities' is translated into Papiamentu by combining 'Bihumuña', which refers to the humanities or human sciences, with 'Teknolóhiko', meaning digital or related to technology. This translation aims to preserve the technical precision and disciplinary significance of the original term.""
}",2026-04-07T07:22:00.236525Z,stop,89.0,3771589665.0,[],78892125.0,llama3.1,136.0,404413042.0,4281095500.0,,,,2026-04-07 08:22:00,False,Humanidatnan Digital,False,Di Con Asina Tantu Cos Humano,True,,False,"The term 'Digital Humanities' is translated into Papiamentu by combining 'Bihumuña', which refers to the humanities or human sciences, with 'Teknolóhiko', meaning digital or related to technology. This translation aims to preserve the technical precision and disciplinary significance of the original term."
pam,Kapampangan,Digital Humanities,Digital na Pannasinagpang,"{
  ""translated_term"": ""Digital na Pannasinagpang"",
  ""translation_rationale"": 
    ""I combined the prefix \""digital\"" with the word \""Pannasinagpang\"", which is a borrowing from Spanish and refers to humanities or liberal arts. This term accurately conveys the technical precision and disciplinary significance of Digital Humanities in an academic context, while also reflecting its relevance to the Kapampangan language.""
}",2026-04-07T07:21:53.938025Z,stop,90.0,3938171921.0,[],86212166.0,llama3.1,134.0,377818250.0,4429638958.0,,,,2026-04-07 08:21:53,False,Digital Humanities,True,,True,,False,"I combined the prefix ""digital"" with the word ""Pannasinagpang"", which is a borrowing from Spanish and refers to humanities or liberal arts. This term accurately conveys the technical precision and disciplinary significance of Digital Humanities in an academic context, while also reflecting its relevance to the Kapampangan language."
pag,Pangasinan,Digital Humanities,Digmales na Pagtuturo,"{
  ""translated_term"": ""Digmales na Pagtuturo"",
  ""translation_rationale"": 
    ""I translated 'Digital Humanities' as 'Digmales na Pagtuturo' because I combined two concepts to convey its meaning. 'Digmales' is the Pangasinan term for digital, which means related to or involving computers and technology. 'Pagtuturo' is a common term in Pangasinan for humanities, referring to academic disciplines such as literature, language, history, and philosophy. By combining these two words, I aimed to create a translation that accurately conveys the technical precision and disciplinary significance of Digital Humanities in an academic context.""
}",2026-04-07T07:21:47.484355Z,stop,140.0,6321977453.0,[],82056542.0,llama3.1,134.0,349655084.0,6795034167.0,,,,2026-04-07 08:21:47,False,Digital Humanities,False,Saray Manangiyabawag na Too,True,,False,"I translated 'Digital Humanities' as 'Digmales na Pagtuturo' because I combined two concepts to convey its meaning. 'Digmales' is the Pangasinan term for digital, which means related to or involving computers and technology. 'Pagtuturo' is a common term in Pangasinan for humanities, referring to academic disciplines such as literature, language, history, and philosophy. By combining these two words, I aimed to create a translation that accurately conveys the technical precision and disciplinary significance of Digital Humanities in an academic context."
nso,Northern Sotho,Digital Humanities,Meša ya Dialektra,"{
  ""translated_term"": ""Meša ya Dialektra"",
  ""translation_rationale"": ""I combined the Northern Sotho word for \""digital\"" (Meša) with the suffix -ya, which is commonly used to indicate a field of study or a discipline. The term Dialektra is borrowed from the English word \""digital\"", as it's not directly translatable into Northern Sotho.""
}",2026-04-07T07:21:38.665652Z,stop,90.0,4019003129.0,[],82422542.0,llama3.1,137.0,362682208.0,4491591333.0,,,,2026-04-07 08:21:38,False,Thuto ya Botho ya Dijithale,False,Ditekanyo tša Batho,True,,False,"I combined the Northern Sotho word for ""digital"" (Meša) with the suffix -ya, which is commonly used to indicate a field of study or a discipline. The term Dialektra is borrowed from the English word ""digital"", as it's not directly translatable into Northern Sotho."
nrm,Norman,Digital Humanities,Les Humanities Digitales,"{
  ""translated_term"": ""Les Humanities Digitales"",
  ""translation_rationale"": ""I have translated 'Digital Humanities' into Norman as 'Les Humanities Digitals'. The use of the plural form for both 'Humanities' and 'Digitals' is intended to convey a sense of academic discipline or field, while also acknowledging the digital component that differentiates this field from traditional humanities. In Norman, the adjective 'digital' (digitals) is used as a direct translation of its English counterpart, ensuring that the technical precision and disciplinary significance are preserved.""
}",2026-04-07T07:21:32.153445Z,stop,115.0,5308414836.0,[],83356417.0,llama3.1,131.0,364779250.0,5790706375.0,,,,2026-04-07 08:21:32,True,,True,,True,,False,"I have translated 'Digital Humanities' into Norman as 'Les Humanities Digitals'. The use of the plural form for both 'Humanities' and 'Digitals' is intended to convey a sense of academic discipline or field, while also acknowledging the digital component that differentiates this field from traditional humanities. In Norman, the adjective 'digital' (digitals) is used as a direct translation of its English counterpart, ensuring that the technical precision and disciplinary significance are preserved."
new,Newar,Digital Humanities,Dhimīlā Sānghitikā,"{
  ""translated_term"": ""Dhimīlā Sānghitikā"",
  ""translation_rationale"": ""In Newar, 'Dhimīlā' (धिमिला) means 'digit' or 'number', and 'Sānghitikā' (साङ्घिटिका) is derived from the Sanskrit word 'saṅgītiḥ' (सङ्गीति), meaning 'collected knowledge' or 'compiled information'. This combination accurately conveys the concept of Digital Humanities as a field that brings together digital technologies and humanities scholarship.""
}",2026-04-07T07:21:24.337919Z,stop,129.0,6006588579.0,[],81250708.0,llama3.1,132.0,368771541.0,6495787583.0,,,,2026-04-07 08:21:24,False,डिजिटल मानविकी,True,,True,,False,"In Newar, 'Dhimīlā' (धिमिला) means 'digit' or 'number', and 'Sānghitikā' (साङ्घिटिका) is derived from the Sanskrit word 'saṅgītiḥ' (सङ्गीति), meaning 'collected knowledge' or 'compiled information'. This combination accurately conveys the concept of Digital Humanities as a field that brings together digital technologies and humanities scholarship."
nds-nl,Dutch Low Saxon,Digital Humanities,Digitale Kultuurwetenschappen,"{
  ""translated_term"": ""Digitale Kultuurwetenschappen"",
  ""translation_rationale"": ""I translated 'Digital Humanities' directly into Dutch Low Saxon, using the terms that are commonly used in academic contexts. 'Digitale' corresponds to the English term's first part, referring to digital technology and methods. 'Kultuurwetenschappen' is a translation of 'Humanities', which encompasses various fields of study focused on human culture, history, language, and literature.""
}",2026-04-07T07:21:15.816606Z,stop,105.0,4927247625.0,[],97895000.0,llama3.1,139.0,539722500.0,5606177875.0,,,,2026-04-07 08:21:15,True,,True,,True,,False,"I translated 'Digital Humanities' directly into Dutch Low Saxon, using the terms that are commonly used in academic contexts. 'Digitale' corresponds to the English term's first part, referring to digital technology and methods. 'Kultuurwetenschappen' is a translation of 'Humanities', which encompasses various fields of study focused on human culture, history, language, and literature."
nds,Low German / Low Saxon,Digital Humanities,Digitale Humanisten,"{
  ""translated_term"": ""Digitale Humanisten"",
  ""translation_rationale"": ""I have chosen to translate 'Digital Humanities' as 'Digitale Humanisten'. This choice is based on the idea that 'Humanities' refers to the field of study, while 'digital' refers to the application of digital methods and tools. In Low German, '-nen' is a common suffix used to form plural nouns or collective nouns, hence 'Humanisten' instead of 'Humanität'. Additionally, 'Digitale' has been kept as it directly translates from English.""
}",2026-04-07T07:21:08.181575Z,stop,117.0,6156836165.0,[],124238042.0,llama3.1,143.0,648212625.0,7004641958.0,,,,2026-04-07 08:21:08,True,,True,,True,,False,"I have chosen to translate 'Digital Humanities' as 'Digitale Humanisten'. This choice is based on the idea that 'Humanities' refers to the field of study, while 'digital' refers to the application of digital methods and tools. In Low German, '-nen' is a common suffix used to form plural nouns or collective nouns, hence 'Humanisten' instead of 'Humanität'. Additionally, 'Digitale' has been kept as it directly translates from English."
nap,Neapolitan,Digital Humanities,Umanità Digitałe,"{
  ""translated_term"": ""Umanità Digitałe"",
  ""translation_rationale"": ""I have translated 'Digital Humanities' as 'Umanità Digitałe'. The adjective 'digitałe' is derived from the Italian word 'digitale', which is a direct borrowing from English. This choice maintains the technical precision and disciplinary significance of the original term in an academic context, while adapting it to the Neapolitan language. The noun 'umanità' accurately conveys the meaning of 'humanities' as a field of study focused on human culture, history, and expression.""
}",2026-04-07T07:20:59.138102Z,stop,123.0,7600665878.0,[],128794875.0,llama3.1,134.0,674887291.0,8564366333.0,,,,2026-04-07 08:20:59,True,,True,,True,,False,"I have translated 'Digital Humanities' as 'Umanità Digitałe'. The adjective 'digitałe' is derived from the Italian word 'digitale', which is a direct borrowing from English. This choice maintains the technical precision and disciplinary significance of the original term in an academic context, while adapting it to the Neapolitan language. The noun 'umanità' accurately conveys the meaning of 'humanities' as a field of study focused on human culture, history, and expression."
nah,Nahuatl,Digital Humanities,Tēcpān Tlācatlacuīcahuiliztli,"{
  ""translated_term"": ""Tēcpān Tlācatlacuīcahuiliztli"",
  ""translation_rationale"": ""I chose to translate 'Digital Humanities' as \""Tēcpān Tlācatlacuīcahuiliztli\"" because:

- \""Tēcpān\"" comes from the Nahuatl word for 'digital', derived from 'tecpan', meaning 'place of counting' or 'calculating place'. This etymology is fitting, given the field's focus on computational and numerical methods.
- \""Tlācatlacuīcahuiliztli\"" means 'the care or tending to humans (tlācatl)' with a specific emphasis on 'tlacuīcā', which can be translated as 'science' or 'study'. This part of the term acknowledges the humanities aspect, focusing on the study and analysis of human culture, history, and expression.
- The combination of these two Nahuatl words aims to capture the essence of Digital Humanities, highlighting both its computational (digital) and scholarly (humanities) aspects.""
}",2026-04-07T07:20:48.53862Z,stop,229.0,19394730285.0,[],123974958.0,llama3.1,134.0,686558542.0,20425295667.0,,,,2026-04-07 08:20:48,True,,True,,True,,False,"I chose to translate 'Digital Humanities' as ""Tēcpān Tlācatlacuīcahuiliztli"" because:

- ""Tēcpān"" comes from the Nahuatl word for 'digital', derived from 'tecpan', meaning 'place of counting' or 'calculating place'. This etymology is fitting, given the field's focus on computational and numerical methods.
- ""Tlācatlacuīcahuiliztli"" means 'the care or tending to humans (tlācatl)' with a specific emphasis on 'tlacuīcā', which can be translated as 'science' or 'study'. This part of the term acknowledges the humanities aspect, focusing on the study and analysis of human culture, history, and expression.
- The combination of these two Nahuatl words aims to capture the essence of Digital Humanities, highlighting both its computational (digital) and scholarly (humanities) aspects."
mwl,Mirandese,Digital Humanities,Humanidades Digitales,"{
  ""translated_term"": ""Humanidades Digitales"",
  ""translation_rationale"": ""The translation of 'Digital Humanities' into Mirandese follows the usual order of modifying nouns with adjectives in Portuguese, its closely related language. 'Digitales' is a direct borrowing from Portuguese, adapted to Mirandese grammar rules.""
}",2026-04-07T07:20:26.07222Z,stop,69.0,6862718328.0,[],88333833.0,llama3.1,135.0,509302333.0,7503405875.0,,,,2026-04-07 08:20:26,True,,True,,True,,False,"The translation of 'Digital Humanities' into Mirandese follows the usual order of modifying nouns with adjectives in Portuguese, its closely related language. 'Digitales' is a direct borrowing from Portuguese, adapted to Mirandese grammar rules."
mus,Creek / Muskogee,Digital Humanities,Cvlsi Hociyali Ishtokv,"{
""translated_term"": ""Cvlsi Hociyali Ishtokv"",
""translation_rationale"": ""I translated the term \""Digital Humanities\"" into Creek (Muskogee) by breaking it down into its constituent parts. \""Digital\"" is rendered as Cvlsi, which conveys the idea of electronic or computer-based technology. The word for \""Humanities\"" in Muskogee is Ishtokv, which accurately captures the field's focus on human culture, language, and experience. This translation aims to preserve the technical precision and disciplinary significance of the original term.""
}",2026-04-07T07:20:16.542124Z,stop,121.0,12017110833.0,[],89004000.0,llama3.1,140.0,419083334.0,12573347125.0,,,,2026-04-07 08:20:16,True,,True,,True,,False,"I translated the term ""Digital Humanities"" into Creek (Muskogee) by breaking it down into its constituent parts. ""Digital"" is rendered as Cvlsi, which conveys the idea of electronic or computer-based technology. The word for ""Humanities"" in Muskogee is Ishtokv, which accurately captures the field's focus on human culture, language, and experience. This translation aims to preserve the technical precision and disciplinary significance of the original term."
mrh,Mara,Digital Humanities,Ţiţipāra Mānaṭha,"{
  ""translated_term"": ""Ţiţipāra Mānaṭha"",
  ""translation_rationale"": ""I have chosen to break down the term into two parts, as it is composed of two words in the original language. Ţiţipāra refers to the digital aspect, using the Mara word for 'digits' or 'numbers', and Mānaṭha encompasses the concept of humanities, using a word that conveys intellectual pursuit or study.""
}",2026-04-07T07:20:01.94392Z,stop,103.0,7642395425.0,[],83620958.0,llama3.1,131.0,404509834.0,8165262833.0,,,,2026-04-07 08:20:01,True,,True,,True,,False,"I have chosen to break down the term into two parts, as it is composed of two words in the original language. Ţiţipāra refers to the digital aspect, using the Mara word for 'digits' or 'numbers', and Mānaṭha encompasses the concept of humanities, using a word that conveys intellectual pursuit or study."
mo,Moldovan,Digital Humanities,Umaniste Digitale,"{
  ""translated_term"": ""Umaniste Digitale"",
  ""translation_rationale"": ""I used the word \""umanist\"" as it directly corresponds to the English term, which is a direct borrowing from French. The adjective \""digitale\"" (digital) was added to convey the modern technological aspect, following common Romanian terminology in this field.""
}",2026-04-07T07:19:51.758077Z,stop,73.0,4243773745.0,[],83551958.0,llama3.1,132.0,383158667.0,4732933166.0,,,,2026-04-07 08:19:51,False,Științe Umaniste Digitale,True,,True,,False,"I used the word ""umanist"" as it directly corresponds to the English term, which is a direct borrowing from French. The adjective ""digitale"" (digital) was added to convey the modern technological aspect, following common Romanian terminology in this field."
min,Minangkabau,Digital Humanities,Humaniora Digital,"{
  ""translated_term"": ""Humaniora Digital"",
  ""translation_rationale"": ""I translated \""Digital Humanities\"" into Minangkabau by retaining the core concept of \""humaniora\"" (humanities) and appending \""digital\"", which is a loanword in many Indonesian languages, including Minangkabau. This approach preserves the technical precision and disciplinary significance of the original term while adapting it to the local linguistic context.""
}",2026-04-07T07:19:45.002481Z,stop,92.0,4165537249.0,[],100378708.0,llama3.1,138.0,407305042.0,4700553833.0,,,,2026-04-07 08:19:45,False,Kamanusiaan Digital,True,,True,,False,"I translated ""Digital Humanities"" into Minangkabau by retaining the core concept of ""humaniora"" (humanities) and appending ""digital"", which is a loanword in many Indonesian languages, including Minangkabau. This approach preserves the technical precision and disciplinary significance of the original term while adapting it to the local linguistic context."
map-bms,Banyumasan,Digital Humanities,Kemanusiaan Digital,"{
  ""translated_term"": ""Kemanusiaan Digital"",
  ""translation_rationale"": ""I translate 'Digital Humanities' as 'Kemanusiaan Digital' because in Banyumasan, 'digital' is equivalent to 'digital', and it directly follows the root word 'manusiaan' (humanities). This phrase has been adopted in Indonesian academia, where Banyumasan language speakers are likely familiar with its usage. The term 'Kemanusiaan Digital' aims to convey the intersection of humanities disciplines with digital methods and tools.""
}",2026-04-07T07:19:38.27382Z,stop,118.0,4178925045.0,[],83388833.0,llama3.1,138.0,370146541.0,4666970375.0,,,,2026-04-07 08:19:38,True,,True,,True,,False,"I translate 'Digital Humanities' as 'Kemanusiaan Digital' because in Banyumasan, 'digital' is equivalent to 'digital', and it directly follows the root word 'manusiaan' (humanities). This phrase has been adopted in Indonesian academia, where Banyumasan language speakers are likely familiar with its usage. The term 'Kemanusiaan Digital' aims to convey the intersection of humanities disciplines with digital methods and tools."
man,Mandarin,Digital Humanities,常代具六历,"{
  ""translated_term"": ""\u5e38\u4ee3\u5177\u516d\u5386"",
  ""translation_rationale"": ""I chose to translate 'Digital Humanities' as '\u5e38\u4ee3\u5177\u516d\u5386', which combines the Mandarin terms for 'digital' (\u5e38\u4ee3) and 'humanities' (\u5177\u516d). This translation preserves the technical precision of the original term, conveying its meaning as an academic field that engages with digital technologies. The term '\u5e38\u4ee3\u5177\u516d\u5386' is commonly used in Chinese-language academic contexts to refer to this interdisciplinary field.""
}",2026-04-07T07:19:31.580704Z,stop,154.0,4578521330.0,[],102780375.0,llama3.1,130.0,364057583.0,5088086417.0,,,,2026-04-07 08:19:31,True,,True,,True,,False,"I chose to translate 'Digital Humanities' as '常代具六历', which combines the Mandarin terms for 'digital' (常代) and 'humanities' (具六). This translation preserves the technical precision of the original term, conveying its meaning as an academic field that engages with digital technologies. The term '常代具六历' is commonly used in Chinese-language academic contexts to refer to this interdisciplinary field."
lzz,Laz,Digital Humanities,Digitallı Güzel Sanatlar,"{
  ""translated_term"": ""Digitallı Güzel Sanatlar"",
  ""translation_rationale"": ""I chose to translate \""Digital Humanities\"" as \""Digitallı Güzel Sanatlar\"", preserving the technical precision and disciplinary significance of the original term. \""Digitallı\"" conveys the digital aspect, while \""Güzel Sanatlar\"" refers to humanities in a broad sense, encompassing various fields like literature, history, and art. This translation aims to accurately convey the meaning of Digital Humanities within an academic context.""
}",2026-04-07T07:19:24.466806Z,stop,108.0,2310498003.0,[],77744458.0,llama3.1,131.0,377721209.0,2796650708.0,,,,2026-04-07 08:19:24,True,,True,,True,,False,"I chose to translate ""Digital Humanities"" as ""Digitallı Güzel Sanatlar"", preserving the technical precision and disciplinary significance of the original term. ""Digitallı"" conveys the digital aspect, while ""Güzel Sanatlar"" refers to humanities in a broad sense, encompassing various fields like literature, history, and art. This translation aims to accurately convey the meaning of Digital Humanities within an academic context."
lmo,Lombard,Digital Humanities,Umanità dìgitée,"{
  ""translated_term"": ""Umanità dìgitée"",
  ""translation_rationale"": ""In Lombard, I have chosen to combine the adjective 'dìgitée' (derived from 'digitàl', which is a direct loanword from Italian) with the noun 'umanità'. This translation aims to preserve the technical precision and disciplinary significance of the original term. The use of 'dìgitée' captures the digital aspect, while 'umanità' conveys the academic or scholarly focus.""
}",2026-04-07T07:19:19.652867Z,stop,111.0,1821701580.0,[],82006542.0,llama3.1,133.0,399144333.0,2334234334.0,,,Informatega umanistega,2026-04-07 08:19:19,False,Scienzi umanistich digitai,True,,True,,False,"In Lombard, I have chosen to combine the adjective 'dìgitée' (derived from 'digitàl', which is a direct loanword from Italian) with the noun 'umanità'. This translation aims to preserve the technical precision and disciplinary significance of the original term. The use of 'dìgitée' captures the digital aspect, while 'umanità' conveys the academic or scholarly focus."
lij,Ligurian,Digital Humanities,Umanità Digitali,"{
  ""translated_term"": ""Umanità Digitali"",
  ""translation_rationale"": ""I have translated 'Digital Humanities' as 'Umanità Digitali'. The term 'Umanità' is derived from the Italian word for 'Humanities', and it preserves the technical precision of the original concept. I chose to retain the Latin root, as it accurately conveys the field's interdisciplinary and humanistic nature. The addition of 'Digitali' makes clear that this is a specific area of study within the broader humanities discipline.""
}",2026-04-07T07:19:15.294729Z,stop,111.0,1501736083.0,[],69297458.0,llama3.1,134.0,371894333.0,1973766208.0,,,,2026-04-07 08:19:15,False,Sciense umañe digitale,True,,True,,False,"I have translated 'Digital Humanities' as 'Umanità Digitali'. The term 'Umanità' is derived from the Italian word for 'Humanities', and it preserves the technical precision of the original concept. I chose to retain the Latin root, as it accurately conveys the field's interdisciplinary and humanistic nature. The addition of 'Digitali' makes clear that this is a specific area of study within the broader humanities discipline."
lan,Lango,Digital Humanities,Kabarakala ya Digital,"{
  ""translated_term"": ""Kabarakala ya Digital"",
  ""translation_rationale"": ""I've chosen to translate 'Digital Humanities' as 'Kabarakala ya Digital'. This combines the Lango word for 'humanities' (kabaraka) with a prefix indicating digitization or electronic media (ya digital), thus conveying the sense of a field that integrates humanistic inquiry and digital methods.""
}",2026-04-07T07:19:11.299276Z,stop,86.0,1028750961.0,[],86267292.0,llama3.1,132.0,371196166.0,1510877667.0,,,,2026-04-07 08:19:11,True,,True,,True,,False,"I've chosen to translate 'Digital Humanities' as 'Kabarakala ya Digital'. This combines the Lango word for 'humanities' (kabaraka) with a prefix indicating digitization or electronic media (ya digital), thus conveying the sense of a field that integrates humanistic inquiry and digital methods."
lad,Ladino / Judeo-Spanish,Digital Humanities,Humanidades Digitales,"{
  ""translated_term"": ""Humanidades Digitales"",
  ""translation_rationale"": ""I chose to translate \""Digital Humanities\"" as \""Humanidades Digitales\"", following the standard convention in Spanish for expressing digital concepts. I preserved the order of words and added the adjective \""digitales\"" (digital) to convey the technical precision and disciplinary significance of the term.""
}",2026-04-07T07:19:07.764786Z,stop,76.0,912294339.0,[],81402250.0,llama3.1,146.0,370904750.0,1386746625.0,,,,2026-04-07 08:19:07,True,,True,,True,,False,"I chose to translate ""Digital Humanities"" as ""Humanidades Digitales"", following the standard convention in Spanish for expressing digital concepts. I preserved the order of words and added the adjective ""digitales"" (digital) to convey the technical precision and disciplinary significance of the term."
ksh,Ripuarian,Digital Humanities,Digiitaler Huusbücherei,"{
  ""translated_term"": ""Digiitaler Huusbücherei"",
  ""translation_rationale"": ""I translated \""Digital Humanities\"" into Ripuarian by breaking it down into its constituent parts. \""Digiitaler\"" comes from the English word \""digital\"", which has a direct equivalent in German, and I used the cognate form to convey the meaning of digital technology. \""Huusbücherei\"" is a composite term formed from the words \""huus\"" (house) and \""Bücherei\"" (library), reflecting the intersection of humanities scholarship with digital tools and methods. This translation aims to preserve the technical precision and disciplinary significance of the original term, while adapting it to the linguistic and cultural context of Ripuarian.""
}",2026-04-07T07:19:04.350386Z,stop,161.0,2229086872.0,[],92130916.0,llama3.1,135.0,378185541.0,2744531375.0,,,,2026-04-07 08:19:04,True,,True,,True,,False,"I translated ""Digital Humanities"" into Ripuarian by breaking it down into its constituent parts. ""Digiitaler"" comes from the English word ""digital"", which has a direct equivalent in German, and I used the cognate form to convey the meaning of digital technology. ""Huusbücherei"" is a composite term formed from the words ""huus"" (house) and ""Bücherei"" (library), reflecting the intersection of humanities scholarship with digital tools and methods. This translation aims to preserve the technical precision and disciplinary significance of the original term, while adapting it to the linguistic and cultural context of Ripuarian."
khw,Khowar,Digital Humanities,دھاتی انساینسی,"{
  ""translated_term"": ""دھاتی انساینسی"",
  ""translation_rationale"": ""I have translated the term \""Digital Humanities\"" into Khowar, preserving its technical precision and disciplinary significance. The word \""دھاتی\"" (dhati) in Khowar means 'digital' or related to computers, as it is borrowed from Persian/Urdu, where it has been adopted to mean digital. The word \""انساینسی\"" (insaenasi) in Khowar translates to 'humanities', which refers to the academic discipline of studying human culture, society, and behavior. This combination accurately conveys the meaning of the term \""Digital Humanities\"" in an academic context.""
}",2026-04-07T07:18:59.58183Z,stop,150.0,1829319463.0,[],79962667.0,llama3.1,135.0,402729708.0,2354915000.0,,,,2026-04-07 08:18:59,True,,True,,True,,False,"I have translated the term ""Digital Humanities"" into Khowar, preserving its technical precision and disciplinary significance. The word ""دھاتی"" (dhati) in Khowar means 'digital' or related to computers, as it is borrowed from Persian/Urdu, where it has been adopted to mean digital. The word ""انساینسی"" (insaenasi) in Khowar translates to 'humanities', which refers to the academic discipline of studying human culture, society, and behavior. This combination accurately conveys the meaning of the term ""Digital Humanities"" in an academic context."
jbo,Lojban,Digital Humanities,Cinse Dansi,"{
  ""translated_term"": ""Cinse Dansi"",
  ""translation_rationale"": ""In Lojban, 'cinsa' (n3) means 'computer' or 'digital', and 'dansi' (n1) is derived from 'humanities' (with the suffix '-si' indicating a general category). The combination of these words conveys the meaning of Digital Humanities as an academic field focused on digital tools, methods, and theories in the humanities disciplines.""
}",2026-04-07T07:18:55.202641Z,stop,102.0,1210059703.0,[],76137167.0,llama3.1,135.0,393946000.0,1713720459.0,,,,2026-04-07 08:18:55,True,,True,,True,,False,"In Lojban, 'cinsa' (n3) means 'computer' or 'digital', and 'dansi' (n1) is derived from 'humanities' (with the suffix '-si' indicating a general category). The combination of these words conveys the meaning of Digital Humanities as an academic field focused on digital tools, methods, and theories in the humanities disciplines."
inh,Ingush,Digital Humanities,Дигиталон цӏарахой,"{
  ""translated_term"": ""Дигиталон цӏарахой"",
  ""translation_rationale"": ""I used \""Дигиталон\"" to convey the sense of 'digital' or 'computer-related', drawing from the Russian loanword. \""Цӏарахой\"" is a direct translation of 'Humanities', incorporating the Ingush suffix \""-ой\"", which indicates a field or discipline, similar to how it's used in other academic contexts.""
}",2026-04-07T07:18:51.462391Z,stop,101.0,1197543500.0,[],77368417.0,llama3.1,132.0,375343458.0,1678729750.0,,,,2026-04-07 08:18:51,True,,True,,True,,False,"I used ""Дигиталон"" to convey the sense of 'digital' or 'computer-related', drawing from the Russian loanword. ""Цӏарахой"" is a direct translation of 'Humanities', incorporating the Ingush suffix ""-ой"", which indicates a field or discipline, similar to how it's used in other academic contexts."
ilo,Ilokano,Digital Humanities,Dagitalen Aghimatua,"{
  ""translated_term"": ""Dagitalen Aghimatua"",
  ""translation_rationale"": ""I translated 'Digital Humanities' to 'Dagitalen Aghimatua' by breaking down the term into its constituent parts. 'Digita' comes from the Ilokano word for 'digital', which is influenced by English loanword 'digita'. In Ilokano, it's adapted as 'dagitale', and I've kept this spelling to maintain consistency. 'Humanities' is translated to 'Aghimatua', which conveys the idea of humanistic studies or the humanities disciplines. The combination of these two words accurately represents the field of Digital Humanities in an academic context, preserving its technical precision and disciplinary significance.""
}",2026-04-07T07:18:47.756401Z,stop,153.0,1845517084.0,[],80089542.0,llama3.1,135.0,380778125.0,2349130834.0,,,,2026-04-07 08:18:47,False,Digital a Humanities,False,Digital Humanies,True,,False,"I translated 'Digital Humanities' to 'Dagitalen Aghimatua' by breaking down the term into its constituent parts. 'Digita' comes from the Ilokano word for 'digital', which is influenced by English loanword 'digita'. In Ilokano, it's adapted as 'dagitale', and I've kept this spelling to maintain consistency. 'Humanities' is translated to 'Aghimatua', which conveys the idea of humanistic studies or the humanities disciplines. The combination of these two words accurately represents the field of Digital Humanities in an academic context, preserving its technical precision and disciplinary significance."
haw,Hawaiian,Digital Humanities,Humu ke Kūkā o ka Poʻe,"{
  ""translated_term"": ""Humu ke Kūkā o ka Poʻe"",
  ""translation_rationale"": ""I translated 'Digital Humanities' into Hawaiian by breaking it down into its components. 'Digital' was translated to 'Humu', which means 'digital' or 'electronic'. 'Humanities' was translated to 'Kūkā o ka Poʻe', where 'Kūkā' refers to the humanities as a field of study, and 'o ka Poʻe' means 'of people' or 'human'. The phrase 'Humu ke Kūkā o ka Poʻe' accurately conveys the meaning of 'Digital Humanities' in an academic context, preserving its technical precision and disciplinary significance.""
}",2026-04-07T07:18:43.383177Z,stop,160.0,1880732998.0,[],77818875.0,llama3.1,131.0,379931333.0,2382231375.0,,,,2026-04-07 08:18:43,False,Nā Humanities Kikohoʻe,True,,False,Digital Humanities,False,"I translated 'Digital Humanities' into Hawaiian by breaking it down into its components. 'Digital' was translated to 'Humu', which means 'digital' or 'electronic'. 'Humanities' was translated to 'Kūkā o ka Poʻe', where 'Kūkā' refers to the humanities as a field of study, and 'o ka Poʻe' means 'of people' or 'human'. The phrase 'Humu ke Kūkā o ka Poʻe' accurately conveys the meaning of 'Digital Humanities' in an academic context, preserving its technical precision and disciplinary significance."
got,Gothic,Digital Humanities,Mahtijahs jah Digitala Wissenschafts,"{
  ""translated_term"": ""Mahtijahs jah Digitala Wissenschafts"",
  ""translation_rationale"": 
    ""I translated 'Digital Humanities' into Gothic by breaking down the term into its constituent parts. 'Humanities' corresponds to 'Wissenschafts', a cognate of Modern German 'Wissenschaften'. I used the Gothic plural form '-s' to indicate the field's disciplinary scope. For 'digital', I chose 'jah', which conveys a sense of intersection or overlap between traditional humanistic inquiry and digital technologies.""
}",2026-04-07T07:18:38.980417Z,stop,119.0,1386735130.0,[],80474125.0,llama3.1,130.0,376307208.0,1876812167.0,,,,2026-04-07 08:18:38,True,,True,,True,,False,"I translated 'Digital Humanities' into Gothic by breaking down the term into its constituent parts. 'Humanities' corresponds to 'Wissenschafts', a cognate of Modern German 'Wissenschaften'. I used the Gothic plural form '-s' to indicate the field's disciplinary scope. For 'digital', I chose 'jah', which conveys a sense of intersection or overlap between traditional humanistic inquiry and digital technologies."
gbm,Garhwali,Digital Humanities,Digital Sanskriti Vigyan,"{
  ""translated_term"": ""Digital Sanskriti Vigyan"",
  ""translation_rationale"": ""I chose 'Digital' (digital) to preserve the technical precision of the term, as it refers to digital methods and tools. For 'Humanities', I used 'Sanskriti' (संस्कृति), which conveys a sense of culture, literature, or humanistic studies, aligning with the field's disciplinary significance. 'Vigyan' (विज्ञान) means science or knowledge, acknowledging that Digital Humanities is an interdisciplinary field combining humanities and technology.""
}",2026-04-07T07:18:35.078804Z,stop,122.0,1426496544.0,[],78640334.0,llama3.1,135.0,407421500.0,1947274292.0,,,,2026-04-07 08:18:35,True,,True,,True,,False,"I chose 'Digital' (digital) to preserve the technical precision of the term, as it refers to digital methods and tools. For 'Humanities', I used 'Sanskriti' (संस्कृति), which conveys a sense of culture, literature, or humanistic studies, aligning with the field's disciplinary significance. 'Vigyan' (विज्ञान) means science or knowledge, acknowledging that Digital Humanities is an interdisciplinary field combining humanities and technology."
gan,Gan Chinese,Digital Humanities,Sûng-gê Siông-kip,"{
  ""translated_term"": ""Sûng-gê Siông-kip"",
  ""translation_rationale"": ""I translated \""Digital Humanities\"" into Gan Chinese by breaking down the term into its constituent parts. \""Digital\"" is represented by """" (sûng), which means \""number\"" or \""digit\"" in this context, and also implies a connection to computing and technology. \""Humanities\"" is translated as """" (siông-kip), where """" (siông) conveys the sense of humanities or liberal arts, and """" (kip) suggests a focus on humanistic studies. The combination of these two elements accurately conveys the meaning of Digital Humanities in an academic context.""
}",2026-04-07T07:18:31.107039Z,stop,142.0,1659251376.0,[],79414209.0,llama3.1,132.0,399956375.0,2177580167.0,,,,2026-04-07 08:18:31,True,,True,,True,,False,"I translated ""Digital Humanities"" into Gan Chinese by breaking down the term into its constituent parts. ""Digital"" is represented by  (sûng), which means ""number"" or ""digit"" in this context, and also implies a connection to computing and technology. ""Humanities"" is translated as  (siông-kip), where  (siông) conveys the sense of humanities or liberal arts, and  (kip) suggests a focus on humanistic studies. The combination of these two elements accurately conveys the meaning of Digital Humanities in an academic context."
fur,Friulian,Digital Humanities,Umanitaris Digital,"{
  ""translated_term"": ""Umanitaris Digital"",
  ""translation_rationale"": ""In Friulian, \""umanitaris\"" conveys the sense of humanities as a broad field of study focused on human culture and experience. Adding \""digital\"", which is borrowed from English due to its direct relevance and technical accuracy, provides clarity on the specific focus of this subfield. This translation preserves both the disciplinary significance and technical precision of 'Digital Humanities' in an academic context.""
}",2026-04-07T07:18:26.906816Z,stop,100.0,1160776205.0,[],80177833.0,llama3.1,134.0,376245459.0,1645342542.0,,,,2026-04-07 08:18:26,False,Lis siencis umanis digjitâls,True,,True,,False,"In Friulian, ""umanitaris"" conveys the sense of humanities as a broad field of study focused on human culture and experience. Adding ""digital"", which is borrowed from English due to its direct relevance and technical accuracy, provides clarity on the specific focus of this subfield. This translation preserves both the disciplinary significance and technical precision of 'Digital Humanities' in an academic context."
frp,Arpitan / Franco-Provençal,Digital Humanities,Umanitats Digitéles,"{
  ""translated_term"": ""Umanitats Digitéles"",
  ""translation_rationale"": ""The term 'Umanitats' is derived from the Arpitan word for 'humanities,' which aligns with the field's academic focus. Adding 'Digitéles' to the end conveys the digital aspect, as 'digitéle' means 'digital' in Arpitan.""
}",2026-04-07T07:18:23.239274Z,stop,85.0,983937248.0,[],81173375.0,llama3.1,149.0,382578000.0,1472734625.0,,,,2026-04-07 08:18:23,True,,True,,True,,False,"The term 'Umanitats' is derived from the Arpitan word for 'humanities,' which aligns with the field's academic focus. Adding 'Digitéles' to the end conveys the digital aspect, as 'digitéle' means 'digital' in Arpitan."
fiu-vro,Võro,Digital Humanities,Digitaalne humanitaaria,"{
  ""translated_term"": ""Digitaalne humanitaaria"",
  ""translation_rationale"": ""I've translated 'Digital Humanities' into Võro by breaking down the term into its constituent parts. 'Digi-'' is a prefix that can be used in both Estonian and Võro to convey the idea of something being digital or related to technology, so I've retained it as-is. The word for 'humanities' in Võro is adapted from the Estonian phrase 'humanitaaria', which is widely used in academic contexts in Estonia and can be understood in Võro as well.""
}",2026-04-07T07:18:19.740966Z,stop,129.0,1505789675.0,[],79798959.0,llama3.1,137.0,377990208.0,2000224084.0,,,,2026-04-07 08:18:19,True,,True,,True,,False,"I've translated 'Digital Humanities' into Võro by breaking down the term into its constituent parts. 'Digi-'' is a prefix that can be used in both Estonian and Võro to convey the idea of something being digital or related to technology, so I've retained it as-is. The word for 'humanities' in Võro is adapted from the Estonian phrase 'humanitaaria', which is widely used in academic contexts in Estonia and can be understood in Võro as well."
ext,Extremaduran,Digital Humanities,Humanidades Digitales,"{
  ""translated_term"": ""Humanidades Digitales"",
  ""translation_rationale"": ""I translated 'Digital Humanities' to 'Humanidades Digitales', which accurately conveys the academic field's meaning in an Extremaduran context. The term 'Humanidades' is a direct translation of 'Humanities', preserving its disciplinary significance, and 'Digitales' reflects the digital aspect of the field, maintaining technical precision.""
}",2026-04-07T07:18:15.714229Z,stop,88.0,1022368248.0,[],82927750.0,llama3.1,136.0,388274041.0,1518114584.0,,,,2026-04-07 08:18:15,True,,True,,True,,False,"I translated 'Digital Humanities' to 'Humanidades Digitales', which accurately conveys the academic field's meaning in an Extremaduran context. The term 'Humanidades' is a direct translation of 'Humanities', preserving its disciplinary significance, and 'Digitales' reflects the digital aspect of the field, maintaining technical precision."
dsb,Lower Sorbian,Digital Humanities,Wuměłne humanistika,"{
  ""translated_term"": ""Wuměłne humanistika"",
  ""translation_rationale"": ""I chose to translate 'Digital Humanities' as \""Wuměłne humanistika\"" because it combines the Lower Sorbian prefix 'wuměl-,' meaning 'digital' or related to computers, with the existing term 'humanistika,' which is already used in academic contexts. This translation aims to convey the technical and disciplinary precision of the original term while using Lower Sorbian vocabulary.""
}",2026-04-07T07:18:12.17429Z,stop,105.0,1227488710.0,[],82581209.0,llama3.1,135.0,377894375.0,1717332209.0,,,,2026-04-07 08:18:12,True,,True,,True,,False,"I chose to translate 'Digital Humanities' as ""Wuměłne humanistika"" because it combines the Lower Sorbian prefix 'wuměl-,' meaning 'digital' or related to computers, with the existing term 'humanistika,' which is already used in academic contexts. This translation aims to convey the technical and disciplinary precision of the original term while using Lower Sorbian vocabulary."
diq,Dimli,Digital Humanities,Hinûkiyezariyênê,"{
  ""translated_term"": ""Hinûkiyezariyênê"",
  ""translation_rationale"": ""I've used a combination of existing Dimli words to create a term that accurately conveys the meaning of Digital Humanities in an academic context. 'Hinûki' comes from 'hîn', meaning 'new' or 'modern', and '-uki', a suffix indicating something related to or involving technology. 'Yezariyên' is derived from 'yezar', meaning 'study' or 'science', and the plural suffix '-yen'. This combination of words suggests a modern, technologically-enabled approach to studying humanities.""
}",2026-04-07T07:18:08.435146Z,stop,135.0,1581049337.0,[],78710250.0,llama3.1,133.0,378785208.0,2076179417.0,,,,2026-04-07 08:18:08,True,,True,,True,,False,"I've used a combination of existing Dimli words to create a term that accurately conveys the meaning of Digital Humanities in an academic context. 'Hinûki' comes from 'hîn', meaning 'new' or 'modern', and '-uki', a suffix indicating something related to or involving technology. 'Yezariyên' is derived from 'yezar', meaning 'study' or 'science', and the plural suffix '-yen'. This combination of words suggests a modern, technologically-enabled approach to studying humanities."
csb,Kashubian,Digital Humanities,Cyberhumanistyka,"{
  ""translated_term"": ""Cyberhumanistyka"",
  ""translation_rationale"": ""I translated \""Digital Humanities\"" into Kashubian as \""Cyberhumanistyka\"", combining the prefixes from Polish and Russian, which are commonly used in Slavic languages to form new words. The term \""cyber-\"" is derived from Polish \""cyber-\"", while \""humanistyka\"" comes directly from Polish, which means 'Humanities'. This translation aims to preserve the technical precision and disciplinary significance of the original term.""
}",2026-04-07T07:18:04.334788Z,stop,110.0,1285830668.0,[],83426666.0,llama3.1,135.0,387096125.0,1787895750.0,,,,2026-04-07 08:18:04,True,,True,,True,,False,"I translated ""Digital Humanities"" into Kashubian as ""Cyberhumanistyka"", combining the prefixes from Polish and Russian, which are commonly used in Slavic languages to form new words. The term ""cyber-"" is derived from Polish ""cyber-"", while ""humanistyka"" comes directly from Polish, which means 'Humanities'. This translation aims to preserve the technical precision and disciplinary significance of the original term."
ckb,Kurdish (Sorani),Digital Humanities,دایڕێژۆی ئینسایکڵۆپیدی,"{
  ""translated_term"": ""دایڕێژۆی ئینسایکڵۆپیدی"",
  ""translation_rationale"": ""I translated \""Digital Humanities\"" into Kurdish (Sorani) as \""دایڕێژۆی ئینسایکڵۆپیدی\"", following the standard transliteration of English terms in Sorani. \""دایڕێژۆ\"" is a loanword from Persian, meaning \""digital\"", and it has been widely adopted in Kurdish languages to translate technical terms related to computers and technology. I combined this prefix with \""ئینسایکڵۆپیدی\"", which is the Sorani translation of \""Humanities\"", to convey the accurate meaning and technical precision required for an academic context.""
}",2026-04-07T07:18:00.525892Z,stop,173.0,2034293252.0,[],81962375.0,llama3.1,140.0,374940459.0,2540072292.0,,,,2026-04-07 08:18:00,False,زانستە مرۆییە دیجیتاڵییەکان,True,,True,,False,"I translated ""Digital Humanities"" into Kurdish (Sorani) as ""دایڕێژۆی ئینسایکڵۆپیدی"", following the standard transliteration of English terms in Sorani. ""دایڕێژۆ"" is a loanword from Persian, meaning ""digital"", and it has been widely adopted in Kurdish languages to translate technical terms related to computers and technology. I combined this prefix with ""ئینسایکڵۆپیدی"", which is the Sorani translation of ""Humanities"", to convey the accurate meaning and technical precision required for an academic context."
chy,Cheyenne,Digital Humanities,Oóhkaate'éshneeya Wicoti'kiciye,"{
  ""translated_term"": ""Oóhkaate'éshneeya Wicoti'kiciye"",
  ""translation_rationale"": ""To translate 'Digital Humanities', I combined elements from Cheyenne to convey the concept's technical and academic nuances. 'Oóhkaate'éshneeya' means 'new knowledge' or 'novel understanding', which captures the digital aspect of exploring new methods and technologies in humanities research. 'Wicoti'kiciye' translates to 'scholarly pursuit' or 'academic endeavor', emphasizing the field's disciplinary focus on humanities.""
}",2026-04-07T07:17:55.968638Z,stop,124.0,1459542834.0,[],81020666.0,llama3.1,134.0,412326000.0,1989198500.0,,,,2026-04-07 08:17:55,True,,True,,True,,False,"To translate 'Digital Humanities', I combined elements from Cheyenne to convey the concept's technical and academic nuances. 'Oóhkaate'éshneeya' means 'new knowledge' or 'novel understanding', which captures the digital aspect of exploring new methods and technologies in humanities research. 'Wicoti'kiciye' translates to 'scholarly pursuit' or 'academic endeavor', emphasizing the field's disciplinary focus on humanities."
chr,Cherokee,Digital Humanities,ᏧᏚᎵ ᏣᎳᎩ ᎯᎪᏔᎶ,"{
  ""translated_term"": ""ᏧᏚᎵ ᏣᎳᎩ ᎯᎪᏔᎶ"",
  ""translation_rationale"": ""I translated \""Digital Humanities\"" into Cherokee (ISO code: chr) as follows:

- \""ᏧᏚᎵ\"" translates to \""digital\"" from the English word, using the Cherokee root \""ᏧᏚᎵ\"", which has been adapted to convey the concept of digital or electronic.
- \""ᏣᎳᎩ\"" means \""humanities\"" in Cherokee. In an academic context, this term is used to refer to a broad range of disciplines that study human culture and society.
- The suffix \""ᎯᎪᏔᎶ\"" indicates the plural form of the term and serves as a nominalizer, signifying the subject matter or discipline being referred to. It is derived from the root \""ᎯᎪ\"", which means 'thing' or 'object,' and the suffixes \""-tvl-,""""",2026-04-07T07:17:51.956086Z,stop,233.0,2732108750.0,[],109843459.0,llama3.1,130.0,377141625.0,3282123959.0,,,,2026-04-07 08:17:51,True,,True,,True,,False,"I translated ""Digital Humanities"" into Cherokee (ISO code: chr) as follows:

- ""ᏧᏚᎵ"" translates to ""digital"" from the English word, using the Cherokee root ""ᏧᏚᎵ"", which has been adapted to convey the concept of digital or electronic.
- ""ᏣᎳᎩ"" means ""humanities"" in Cherokee. In an academic context, this term is used to refer to a broad range of disciplines that study human culture and society.
- The suffix ""ᎯᎪᏔᎶ"" indicates the plural form of the term and serves as a nominalizer, signifying the subject matter or discipline being referred to. It is derived from the root ""ᎯᎪ"", which means 'thing' or 'object,' and the suffixes ""-tvl-,"
cho,Choctaw,Digital Humanities,Okla Homaalakchi Hoksholisi,"{
""translated_term"": ""Okla Homaalakchi Hoksholisi"",
""translation_rationale"": ""I combined elements of the Choctaw language to convey the meaning of Digital Humanities. \""Okla\"" means 'people' or 'nation', emphasizing the community aspect of academic inquiry. \""Homaalakchi\"" is derived from \""hommaa\"", meaning 'written' or 'recorded', and \""lakchi\"", indicating a place or location, suggesting the digital realm. Finally, \""hoksholisi\"" comes from \""hoka\"", meaning 'science' or 'knowledge', implying the pursuit of understanding in this field.""
}",2026-04-07T07:17:46.645968Z,stop,135.0,1572972926.0,[],83268542.0,llama3.1,134.0,396642917.0,2091085708.0,,,,2026-04-07 08:17:46,True,,True,,True,,False,"I combined elements of the Choctaw language to convey the meaning of Digital Humanities. ""Okla"" means 'people' or 'nation', emphasizing the community aspect of academic inquiry. ""Homaalakchi"" is derived from ""hommaa"", meaning 'written' or 'recorded', and ""lakchi"", indicating a place or location, suggesting the digital realm. Finally, ""hoksholisi"" comes from ""hoka"", meaning 'science' or 'knowledge', implying the pursuit of understanding in this field."
ceb,Cebuano,Digital Humanities,Kagamhanan sa Pagdayeg ng Digital,"{
  ""translated_term"": ""Kagamhanan sa Pagdayeg ng Digital"",
  ""translation_rationale"": ""Nakuha ang termino \""digital\"" sama sa Cebuano, ug naghimo og tukuran para makabalo na ini nga campo sa akademiko.
  Sa tradusyon, gipasaka ang katagang \""humanidades\"" diin makapahimugso ang mga kagamhanan sa panitik, historya, sining, ug mga uban pang aspeto 
  sa kultura ug panlipunan. Ang termino nagahatag og pagtuon niini ug naghimo usa ka tibuok-nga-kulang han-panid na pamaagi sa pagpahimugsong sa digital.""
}",2026-04-07T07:17:42.532932Z,stop,172.0,1996260873.0,[],82495292.0,llama3.1,137.0,367257417.0,2495369709.0,,,,2026-04-07 08:17:42,False,Digital nga mga Humanidad,False,Digital nga mga Tawhanon,False,Digital Humanities,False,"Nakuha ang termino ""digital"" sama sa Cebuano, ug naghimo og tukuran para makabalo na ini nga campo sa akademiko.
  Sa tradusyon, gipasaka ang katagang ""humanidades"" diin makapahimugso ang mga kagamhanan sa panitik, historya, sining, ug mga uban pang aspeto 
  sa kultura ug panlipunan. Ang termino nagahatag og pagtuon niini ug naghimo usa ka tibuok-nga-kulang han-panid na pamaagi sa pagpahimugsong sa digital."
bxr,Buriat (Russia),Digital Humanities,Их зуралиин нэмэгтэй байдал,"{
  ""translated_term"": ""Их зуралиин нэмэгтэй байдал"",
  ""translation_rationale"": ""In Buriat, I translated the term \""Digital Humanities\"" to preserve its technical precision and disciplinary significance. I used a literal translation approach, focusing on conveying the concept of digital methods applied to humanities research.

  - \""Их\"" is a prefix meaning 'digital' or 'electronic', commonly used in Mongolian languages.
  - \""зуралиин\"" comes from the word \""зурам\"", which means 'method', 'approach', or 'technique'. This conveys the idea of applying digital methods to humanities research.
  - \""нэмэгтэй\"" is an adjective meaning 'humanistic' or 'relating to the humanities'.
  - \""байдал\"" is a noun meaning 'state', 'condition', or 'field'. This emphasizes that Digital Humanities is an academic field of study.""

}",2026-04-07T07:17:38.016181Z,stop,203.0,2353479708.0,[],83972583.0,llama3.1,140.0,361408291.0,2856421958.0,,,,2026-04-07 08:17:38,False,Тоон хүнэй эрдэм ухаан,True,,True,,False,"In Buriat, I translated the term ""Digital Humanities"" to preserve its technical precision and disciplinary significance. I used a literal translation approach, focusing on conveying the concept of digital methods applied to humanities research.

  - ""Их"" is a prefix meaning 'digital' or 'electronic', commonly used in Mongolian languages.
  - ""зуралиин"" comes from the word ""зурам"", which means 'method', 'approach', or 'technique'. This conveys the idea of applying digital methods to humanities research.
  - ""нэмэгтэй"" is an adjective meaning 'humanistic' or 'relating to the humanities'.
  - ""байдал"" is a noun meaning 'state', 'condition', or 'field'. This emphasizes that Digital Humanities is an academic field of study."
bug,Buginese,Digital Humanities,Pangandaranan Digital,"{
  ""translated_term"": ""Pangandaranan Digital"",
  ""translation_rationale"": ""I chose 'Pangandaranan Digital' as it literally translates to 'Digital Humanities'. In Buginese, 'pangandaranan' (પંગાન્ದરણ) is equivalent to the term 'humanities', which encompasses social sciences, arts, and humanities. Adding 'digital' in front of it emphasizes the field's focus on digital methods and tools.""
}",2026-04-07T07:17:33.136873Z,stop,111.0,1276450958.0,[],78770083.0,llama3.1,132.0,360938584.0,1747278333.0,,,,2026-04-07 08:17:33,True,,True,,True,,False,"I chose 'Pangandaranan Digital' as it literally translates to 'Digital Humanities'. In Buginese, 'pangandaranan' (પંગાન્ದરણ) is equivalent to the term 'humanities', which encompasses social sciences, arts, and humanities. Adding 'digital' in front of it emphasizes the field's focus on digital methods and tools."
brx,Boro,Digital Humanities,Khaas Bhasha Adhyayan,"{
  ""translated_term"": ""Khaas Bhasha Adhyayan"",
  ""translation_rationale"": ""I used 'khaas' to convey the sense of a specialized or academic field, and 'bhasha adhyayan' to translate 'humanities'. I replaced 'digital' with 'khaas', which is often used in Boro to mean 'specialized' or 'high-tech'. This translation aims to preserve the technical precision and disciplinary significance of the original term.""
}",2026-04-07T07:17:29.363576Z,stop,104.0,1196230870.0,[],77604625.0,llama3.1,133.0,385095125.0,1688452125.0,,,,2026-04-07 08:17:29,True,,True,,True,,False,"I used 'khaas' to convey the sense of a specialized or academic field, and 'bhasha adhyayan' to translate 'humanities'. I replaced 'digital' with 'khaas', which is often used in Boro to mean 'specialized' or 'high-tech'. This translation aims to preserve the technical precision and disciplinary significance of the original term."
bpy,Bishnupriya Manipuri,Digital Humanities,ডিজিটাল মানৱত্ব,"{
  ""translated_term"": ""ডিজিটাল মানৱত্ব"",
  ""translation_rationale"": ""I translated the term using a combination of Sanskrit and English loanwords. In Bishnupriya Manipuri, 'ডিজিটাল' (dijitāla) is used to translate 'digital', and 'মানৱত্ব' (mānabantva) conveys the sense of humanities or humanistic studies. This translation aims to preserve the technical precision and disciplinary significance of the original term.""
}",2026-04-07T07:17:25.648329Z,stop,130.0,1497090465.0,[],81955250.0,llama3.1,144.0,392038125.0,2008523458.0,,,,2026-04-07 08:17:25,True,,True,,True,,False,"I translated the term using a combination of Sanskrit and English loanwords. In Bishnupriya Manipuri, 'ডিজিটাল' (dijitāla) is used to translate 'digital', and 'মানৱত্ব' (mānabantva) conveys the sense of humanities or humanistic studies. This translation aims to preserve the technical precision and disciplinary significance of the original term."
be-x-old,Belarusian (Taraškievica),Digital Humanities,Дыджітальныя гуманітарныя навукі,"{
  ""translated_term"": ""Дыджітальныя гуманітарныя навукі"",
  ""translation_rationale"": ""I translated the term by combining \""дыджітальныя\"", an adjective form of \""дыджытальны\"" (digital), with \""гуманітарныя\"", an adjective form of \""гуманітарная наука\"" (humanities). The word order and grammatical agreement are according to Belarusian language rules.""
}",2026-04-07T07:17:21.617648Z,stop,101.0,1167389260.0,[],89934125.0,llama3.1,149.0,373937041.0,1659596542.0,,,,2026-04-07 08:17:21,False,Лічбавыя гуманітарныя навукі,True,,True,,False,"I translated the term by combining ""дыджітальныя"", an adjective form of ""дыджытальны"" (digital), with ""гуманітарныя"", an adjective form of ""гуманітарная наука"" (humanities). The word order and grammatical agreement are according to Belarusian language rules."
bcl,Bikol,Digital Humanities,Digitong mga Dakilang Sining,"{
  ""translated_term"": ""Digitong mga Dakilang Sining"",
  ""translation_rationale"": ""The term 'Digital Humanities' is translated to Bikol as 'Digitong mga Dakilang Sining'. This translation preserves the technical precision and disciplinary significance of the original term. 'Digitong' (from Filipino word 'digital') refers to digital or electronic, while 'mga Dakilang Sining' means Great Arts or High Culture, conveying the idea of a distinct field of study that combines humanities with technology.""
}",2026-04-07T07:17:17.939536Z,stop,110.0,1268343456.0,[],80062958.0,llama3.1,133.0,359024708.0,1738784125.0,,,,2026-04-07 08:17:17,False,Digital Humanities,False,Mga Pag - eksister nin Tawo,True,,False,"The term 'Digital Humanities' is translated to Bikol as 'Digitong mga Dakilang Sining'. This translation preserves the technical precision and disciplinary significance of the original term. 'Digitong' (from Filipino word 'digital') refers to digital or electronic, while 'mga Dakilang Sining' means Great Arts or High Culture, conveying the idea of a distinct field of study that combines humanities with technology."
bat-smg,Samogitian,Digital Humanities,Dydzinės mokslinės humanitaristėkas,"{
  ""translated_term"": ""Dydzinės mokslinės humanitaristėkas"",
  ""translation_rationale"": ""The Samogitian term is constructed by combining the words for 'digital' (dydzinė) and 'humanities' or 'mokslėnios humanitaristėkas'. The latter phrase is a direct translation of the English term, preserving its technical precision and disciplinary significance. In academic contexts, this term should be recognized as referring to the same field or scholarly concept as Digital Humanities.""
}",2026-04-07T07:17:14.176688Z,stop,122.0,1403028670.0,[],82291667.0,llama3.1,136.0,361667708.0,1881817125.0,,,,2026-04-07 08:17:14,True,,True,,True,,False,"The Samogitian term is constructed by combining the words for 'digital' (dydzinė) and 'humanities' or 'mokslėnios humanitaristėkas'. The latter phrase is a direct translation of the English term, preserving its technical precision and disciplinary significance. In academic contexts, this term should be recognized as referring to the same field or scholarly concept as Digital Humanities."
bar,Bavarian,Digital Humanities,Digitale Geisteswissenschaften,"{
  ""translated_term"": ""Digitale Geisteswissenschaften"",
  ""translation_rationale"": ""The term \""Digital Humanities\"" can be translated into Bavarian as \""Digitale Geisteswissenschaften\"". The word \""digitale\"" preserves the technical aspect of the field, referring to its digital nature. \""Geisteswissenschaften\"" is a widely used German term for the humanities, encompassing disciplines such as history, philosophy, and philology. This translation maintains the disciplinary significance and academic connotation of the original term.""
}",2026-04-07T07:17:10.27238Z,stop,112.0,1285621917.0,[],81583375.0,llama3.1,132.0,360904208.0,1759911500.0,,,,2026-04-07 08:17:10,True,,True,,True,,False,"The term ""Digital Humanities"" can be translated into Bavarian as ""Digitale Geisteswissenschaften"". The word ""digitale"" preserves the technical aspect of the field, referring to its digital nature. ""Geisteswissenschaften"" is a widely used German term for the humanities, encompassing disciplines such as history, philosophy, and philology. This translation maintains the disciplinary significance and academic connotation of the original term."
awa,Awadhi,Digital Humanities,Dīgitala Mānav Vigyān,"{
  ""translated_term"": ""Dīgitala Mānav Vigyān"",
  ""translation_rationale"": ""To preserve technical precision, I used 'Dīgitala' to directly translate 'Digital', which is an adjective modifying the noun. For 'Humanities', I chose 'Mānav Vigyān', literally meaning 'human knowledge', as it conveys the interdisciplinary nature of the field while being academically precise.""
}",2026-04-07T07:17:06.49143Z,stop,94.0,1078485797.0,[],77362416.0,llama3.1,135.0,381228708.0,1563274958.0,,,,2026-04-07 08:17:06,False,डिजिटल मानविकी,True,,True,,False,"To preserve technical precision, I used 'Dīgitala' to directly translate 'Digital', which is an adjective modifying the noun. For 'Humanities', I chose 'Mānav Vigyān', literally meaning 'human knowledge', as it conveys the interdisciplinary nature of the field while being academically precise."
ast,Asturian,Digital Humanities,Humanidaes Digitales,"{
  ""translated_term"": ""Humanidaes Digitales"",
  ""translation_rationale"": ""I chose to translate 'Digital Humanities' as 'Humanidaes Digitales' because it accurately conveys the concept's focus on humanistic studies in a digital context. I preserved the technical precision of the original term by translating 'Digital' as 'Digitales', which is commonly used in Asturian to describe things related to computing and technology. The word 'Humanidaes' maintains its meaning from the original term, emphasizing the humanities aspect of this field.""
}",2026-04-07T07:17:02.901782Z,stop,115.0,1323718835.0,[],72543666.0,llama3.1,134.0,364737667.0,1792349750.0,,,,2026-04-07 08:17:02,True,,True,,True,,False,"I chose to translate 'Digital Humanities' as 'Humanidaes Digitales' because it accurately conveys the concept's focus on humanistic studies in a digital context. I preserved the technical precision of the original term by translating 'Digital' as 'Digitales', which is commonly used in Asturian to describe things related to computing and technology. The word 'Humanidaes' maintains its meaning from the original term, emphasizing the humanities aspect of this field."
arz,Egyptian Arabic,Digital Humanities,الرحيطات الإلكترونية,"{
  ""translated_term"": ""الرحيطات الإلكترونية"",
  ""translation_rationale"": ""I have chosen to translate \""Digital Humanities\"" as \""الرحيطات الإلكترونية\"". This term accurately conveys the meaning of Digital Humanities, combining the concepts of \""digital\"" (الإلكتروني) and \""humanities\"" (الرحيطة), which refers to the study of the humanities disciplines in a digital context. The word \""الرحيطات\"" is a feminine plural form of \""الرحيطة\"", used to describe academic fields or scholarly concepts, thus maintaining the technical precision and disciplinary significance of the original term.""
}",2026-04-07T07:16:59.088162Z,stop,143.0,1649395537.0,[],81317375.0,llama3.1,132.0,362701583.0,2131615417.0,,,,2026-04-07 08:16:59,True,,True,,True,,False,"I have chosen to translate ""Digital Humanities"" as ""الرحيطات الإلكترونية"". This term accurately conveys the meaning of Digital Humanities, combining the concepts of ""digital"" (الإلكتروني) and ""humanities"" (الرحيطة), which refers to the study of the humanities disciplines in a digital context. The word ""الرحيطات"" is a feminine plural form of ""الرحيطة"", used to describe academic fields or scholarly concepts, thus maintaining the technical precision and disciplinary significance of the original term."
arc,Aramaic,Digital Humanities,makhnutha d-roshanuth,"{
  ""translated_term"": ""makhnutha d-roshanuth"",
  ""translation_rationale"":
    ""I translated 'Digital Humanities' into Aramaic as 'makhnutha d-roshanuth'. The term 'digital' is rendered with the Aramaic word 'makhnu', which conveys a sense of modernity and novelty. This choice was made to preserve the technical precision of the original term.
    The term 'Humanities' is translated using the concept of 'roshanut', which refers to the liberal arts or the study of human culture in all its aspects. This translation aims to maintain the disciplinary significance of the original term within an academic context.""
}",2026-04-07T07:16:54.940136Z,stop,144.0,1659986964.0,[],79983125.0,llama3.1,134.0,360669166.0,2138852792.0,,,,2026-04-07 08:16:54,True,,True,,True,,False,"I translated 'Digital Humanities' into Aramaic as 'makhnutha d-roshanuth'. The term 'digital' is rendered with the Aramaic word 'makhnu', which conveys a sense of modernity and novelty. This choice was made to preserve the technical precision of the original term.
    The term 'Humanities' is translated using the concept of 'roshanut', which refers to the liberal arts or the study of human culture in all its aspects. This translation aims to maintain the disciplinary significance of the original term within an academic context."
ang,Anglo-Saxon / Old English,Digital Humanities,Hwæþwudu Geþeohtwisc,"{
  ""translated_term"": ""Hwæþwudu Geþeohtwisc"",
  ""translation_rationale"": ""To translate Digital Humanities into Anglo-Saxon, I broke down the term into its constituent parts. \""Digital\"" can be rendered as 'hwæþwudu' (literally 'wooden' or ' artificial', but used here to convey the idea of something created through human ingenuity), and 'Humanities' as 'Geþeohtwisc' (a combination of 'geþeoht' meaning 'thought' or 'mental faculties', and 'wisc' meaning 'human' or 'of humans'). This translation aims to preserve the technical precision and disciplinary significance of the original term, conveying the idea of a field that engages with human thought and culture in a digital context.""
}",2026-04-07T07:16:50.778043Z,stop,169.0,1947873501.0,[],76302750.0,llama3.1,142.0,385660834.0,2454742167.0,,,,2026-04-07 08:16:50,True,,True,,True,,False,"To translate Digital Humanities into Anglo-Saxon, I broke down the term into its constituent parts. ""Digital"" can be rendered as 'hwæþwudu' (literally 'wooden' or ' artificial', but used here to convey the idea of something created through human ingenuity), and 'Humanities' as 'Geþeohtwisc' (a combination of 'geþeoht' meaning 'thought' or 'mental faculties', and 'wisc' meaning 'human' or 'of humans'). This translation aims to preserve the technical precision and disciplinary significance of the original term, conveying the idea of a field that engages with human thought and culture in a digital context."
als,Alemannic,Digital Humanities,Digitale Kulturuschichte,"{
  ""translated_term"": ""Digitale Kulturuschichte"",
  ""translation_rationale"": ""I have chosen to translate \""Digital Humanities\"" as \""Digitale Kulturuschichte\"", which preserves the technical precision and disciplinary significance of the original term. In Alemannic, \""digitale\"" corresponds to the English word 'digital', and \""Kulturuschichte\"" roughly translates to 'humanities' or 'cultural studies'. This translation is inspired by Swiss German terminology, where 'Digitale Kulturuschichte' is commonly used in academic contexts.""
}",2026-04-07T07:16:46.300349Z,stop,121.0,1396914377.0,[],2850140875.0,llama3.1,136.0,400443125.0,4683027167.0,,,,2026-04-07 08:16:46,False,Shkencat Humane Dixhitale,True,,True,,False,"I have chosen to translate ""Digital Humanities"" as ""Digitale Kulturuschichte"", which preserves the technical precision and disciplinary significance of the original term. In Alemannic, ""digitale"" corresponds to the English word 'digital', and ""Kulturuschichte"" roughly translates to 'humanities' or 'cultural studies'. This translation is inspired by Swiss German terminology, where 'Digitale Kulturuschichte' is commonly used in academic contexts."
yue,,Digital Humanities,Dai yih hok gaa si,"{
  ""translated_term"": ""Dai yih hok gaa si"",
  ""translation_rationale"": ""I chose to translate 'Digital Humanities' into Cantonese as 'Dai yih hok gaa si'. This translation is based on a direct borrowing from English, using the same characters to preserve technical precision and disciplinary significance. In Cantonese, 'Dai yih' means digital, 'hok' refers to humanities or studies, and 'gaa si' conveys the idea of an academic field or scholarly concept. This translation aims to accurately convey the meaning of Digital Humanities in an academic context.""
}",2026-04-04T14:24:26.028504Z,stop,129.0,1493691167.0,[],96757334.0,llama3.1,131.0,369366084.0,1995961792.0,,,數碼人文學,2026-04-04 09:24:26,False,,False,,False,,False,"I chose to translate 'Digital Humanities' into Cantonese as 'Dai yih hok gaa si'. This translation is based on a direct borrowing from English, using the same characters to preserve technical precision and disciplinary significance. In Cantonese, 'Dai yih' means digital, 'hok' refers to humanities or studies, and 'gaa si' conveys the idea of an academic field or scholarly concept. This translation aims to accurately convey the meaning of Digital Humanities in an academic context."
ja,Japanese,Digital Humanities,本安致,"{
  ""translated_term"": ""\u672c\u5b89\u81f4"",
  ""translation_rationale"": ""The term '\u672c\u5b89\u81f4' is a direct loanword from English, where it was adapted to the Japanese script. It accurately conveys the meaning of 'Digital Humanities' in an academic context, preserving its technical precision and disciplinary significance.""
}",2026-04-04T14:24:22.01178Z,stop,84.0,966727042.0,[],76808042.0,llama3.1,130.0,384545292.0,1450836167.0,,デジタル・ヒューマニティーズ,デジタル・ヒューマニティーズ,2026-04-04 09:24:22,False,デジタルヒューマニティーズ,True,,False,デジタル人文学,False,"The term '本安致' is a direct loanword from English, where it was adapted to the Japanese script. It accurately conveys the meaning of 'Digital Humanities' in an academic context, preserving its technical precision and disciplinary significance."
zu,Zulu,Digital Humanities,Umbombo lweminyaka yeDigital,"{
  ""translated_term"": ""Umbombo lweminyaka yeDigital"",
  ""translation_rationale"": ""I translated 'Digital Humanities' by breaking it down into its constituent parts. 'Digital' is translated as 'umbombo' (, meaning electronic or digital), and 'Humanities' is translated as 'minyaka ye-' (, which carries a sense of study or field of knowledge). The prefix 'u-' is used to indicate the subject or object of study, which in this case is 'digital'. This translation aims to preserve the technical precision and disciplinary significance of the term.""
}",2026-04-04T02:32:28.562073Z,stop,124.0,1973276453.0,[],83881875.0,llama3.1,132.0,383208625.0,2474850167.0,,,Ezezibhangqiwe zoLuntu,2026-04-03 21:32:28,False,I-Digital Humanities,True,,False,Digital Humanities,False,"I translated 'Digital Humanities' by breaking it down into its constituent parts. 'Digital' is translated as 'umbombo' (, meaning electronic or digital), and 'Humanities' is translated as 'minyaka ye-' (, which carries a sense of study or field of knowledge). The prefix 'u-' is used to indicate the subject or object of study, which in this case is 'digital'. This translation aims to preserve the technical precision and disciplinary significance of the term."
zh,Chinese,Digital Humanities,平台使用,"{
  ""translated_term"": ""\u5e73\u53f0\u4f7f\u7528"",
  ""translation_rationale"": ""The term \""\u5e73\u53f0\u4f7f\u7528\"" is composed of two Chinese characters: \u5e73 (digital) and \u4f7f\u7528 (humanities). This translation accurately conveys the technical precision and disciplinary significance of the original term, preserving its meaning as an academic field or scholarly concept.""
}",2026-04-04T02:32:24.065707Z,stop,110.0,1604401040.0,[],82432041.0,llama3.1,130.0,381460500.0,2098644416.0,,,數位人文,2026-04-03 21:32:24,False,数字人文,False,数字人文,False,数字人文,False,"The term ""平台使用"" is composed of two Chinese characters: 平 (digital) and 使用 (humanities). This translation accurately conveys the technical precision and disciplinary significance of the original term, preserving its meaning as an academic field or scholarly concept."
za,"Zhuang, Chuang",Digital Humanities,Bajqeqe siydzaej boux,"{
  ""translated_term"": ""Bajqeqe siydzaej boux"",
  ""translation_rationale"": ""I translated 'Digital Humanities' into Zhuang, Chuang as \""Bajqeqe siydzaej boux\"". Here's a breakdown of my choices:

* \""Bajqeqe\"" is the Zhuang word for \""digital\"", which is derived from the Chinese loanword.
* \""Siydzaej\"" means \""humanities\"" or \""arts and sciences\"", conveying the field's interdisciplinary nature.
* \""Boux\"" is a suffix indicating a discipline, similar to how \""-ology\"" or \""-istics\"" are used in English.

This translation aims to accurately convey the technical precision and disciplinary significance of 'Digital Humanities' within an academic context in Zhuang, Chuang.""
}",2026-04-04T02:32:19.942475Z,stop,174.0,3522812537.0,[],80304542.0,llama3.1,138.0,399487417.0,4051143709.0,,,,2026-04-03 21:32:19,True,,True,,True,,False,"I translated 'Digital Humanities' into Zhuang, Chuang as ""Bajqeqe siydzaej boux"". Here's a breakdown of my choices:

* ""Bajqeqe"" is the Zhuang word for ""digital"", which is derived from the Chinese loanword.
* ""Siydzaej"" means ""humanities"" or ""arts and sciences"", conveying the field's interdisciplinary nature.
* ""Boux"" is a suffix indicating a discipline, similar to how ""-ology"" or ""-istics"" are used in English.

This translation aims to accurately convey the technical precision and disciplinary significance of 'Digital Humanities' within an academic context in Zhuang, Chuang."
yo,Yoruba,Digital Humanities,Àgbọ̀n álàhàn Digitálì,"{
  ""translated_term"": ""Àgbọ̀n álàhàn Digitálì"",
  ""translation_rationale"": ""I translated the term 'Digital Humanities' by breaking it down into its constituent parts. 'Digitálì' is a direct translation of 'digital', which in Yoruba means 'computer-based' or 'electronic'. 'Àgbọ̀n álàhàn' is a combination of two words: 'Àgbọ̀n', meaning 'humanities' or 'arts and social sciences', and the prefix 'álàhàn', which conveys a sense of 'digital' or 'computer-based'. This prefix is derived from the word 'áláwọn', meaning 'machine' or 'device'. The resulting phrase, 'Àgbọ̀n álàhàn Digitálì', accurately conveys the technical precision and disciplinary significance of the original term in an academic context.""
}",2026-04-04T02:32:09.735143Z,stop,194.0,3308160376.0,[],73478500.0,llama3.1,134.0,378286500.0,3814885500.0,,,,2026-04-03 21:32:09,False,Àwọn Ènìyàn Oní-nọ́ńbà,True,,False,Digital Humanities,False,"I translated the term 'Digital Humanities' by breaking it down into its constituent parts. 'Digitálì' is a direct translation of 'digital', which in Yoruba means 'computer-based' or 'electronic'. 'Àgbọ̀n álàhàn' is a combination of two words: 'Àgbọ̀n', meaning 'humanities' or 'arts and social sciences', and the prefix 'álàhàn', which conveys a sense of 'digital' or 'computer-based'. This prefix is derived from the word 'áláwọn', meaning 'machine' or 'device'. The resulting phrase, 'Àgbọ̀n álàhàn Digitálì', accurately conveys the technical precision and disciplinary significance of the original term in an academic context."
yi,Yiddish,Digital Humanities,Digitale Menshlichkeit,"{
  ""translated_term"": ""Digitale Menshlichkeit"",
  ""translation_rationale"": ""I have chosen to translate \""Digital Humanities\"" literally, using the Yiddish adjective \""digitale\"" (borrowed from German) to describe a field of study that is inherently connected to technology. In Yiddish, the noun \""Menschlichkeit\"" refers to humanism or humanities, reflecting the interdisciplinary nature of this field. The phrase \""Digitale Menshlichkeit\"" accurately conveys the academic concept's focus on the intersection of digital methods and humanities disciplines.""
}",2026-04-04T02:32:03.894862Z,stop,116.0,1562754704.0,[],82405792.0,llama3.1,134.0,406920292.0,2088553750.0,,,,2026-04-03 21:32:03,False,דיגיטאַלע הומאַניטיעס,True,,False,דיגיטאַל הומאַניטיעס,False,"I have chosen to translate ""Digital Humanities"" literally, using the Yiddish adjective ""digitale"" (borrowed from German) to describe a field of study that is inherently connected to technology. In Yiddish, the noun ""Menschlichkeit"" refers to humanism or humanities, reflecting the interdisciplinary nature of this field. The phrase ""Digitale Menshlichkeit"" accurately conveys the academic concept's focus on the intersection of digital methods and humanities disciplines."
xh,Xhosa,Digital Humanities,Iintlonzi zokuphuhlisa,"{
  ""translated_term"": ""Iintlonzi zokuphuhlisa"",
  ""translation_rationale"": 
    ""The term 'Digital Humanities' has been translated into Xhosa, preserving its technical precision and disciplinary significance. 
    The word 'Iintlonzi' is derived from the Zulu language (a closely related Bantu language) to mean 'humane' or 'humanities', 
    which has been adopted in Xhosa as a loanword due to linguistic similarity. 
    'Zokuphuhlisa' means 'digital', combining the prefix 'zoku-' indicating a connection to digital technology with the verb '-phuhlisa', 
    meaning 'to use' or 'to employ'. This compound term accurately conveys the field of study that integrates humanities disciplines with digital methods and tools."" 
}",2026-04-04T02:31:59.778618Z,stop,174.0,2412296786.0,[],82369667.0,llama3.1,135.0,403330083.0,2950908375.0,,,,2026-04-03 21:31:59,False,Uluntu lweDijithali,False,Ubuntu bamanani,False,Ubuntu beDijithali,False,"The term 'Digital Humanities' has been translated into Xhosa, preserving its technical precision and disciplinary significance. 
    The word 'Iintlonzi' is derived from the Zulu language (a closely related Bantu language) to mean 'humane' or 'humanities', 
    which has been adopted in Xhosa as a loanword due to linguistic similarity. 
    'Zokuphuhlisa' means 'digital', combining the prefix 'zoku-' indicating a connection to digital technology with the verb '-phuhlisa', 
    meaning 'to use' or 'to employ'. This compound term accurately conveys the field of study that integrates humanities disciplines with digital methods and tools."
wo,Wolof,Digital Humanities,Injyarmuwug Wɔlofi,"{
  ""translated_term"": ""Injyarmuwug Wɔlofi"",
  ""translation_rationale"": ""I combined the Wolof word for 'digital' (injuryam) with the French loanword for 'humanities' (wolofi), which is commonly used in West African contexts. The term preserves the technical precision of Digital Humanities while adapting to local linguistic and cultural norms.""
}",2026-04-04T02:31:54.807181Z,stop,85.0,1070462255.0,[],80734041.0,llama3.1,132.0,380396875.0,1555737416.0,,,,2026-04-03 21:31:54,False,Humanité numérique,True,,True,,False,"I combined the Wolof word for 'digital' (injuryam) with the French loanword for 'humanities' (wolofi), which is commonly used in West African contexts. The term preserves the technical precision of Digital Humanities while adapting to local linguistic and cultural norms."
wa,Walloon,Digital Humanities,Lès Humanités Dijitåles,"{
  ""translated_term"": ""Lès Humanités Dijitåles"",
  ""translation_rationale"": ""I've used the Walloon phrase 'Djitåles' to maintain the technical precision and disciplinary significance of the original term. In Walloon, '-åle' is a suffix commonly used in academic contexts to denote something related or belonging to a particular field (e.g., 'djital', digital; 'informatike', information technology). The phrase 'Lès Humanités' directly translates to 'Les Humanités', preserving the original meaning and significance of the term within an academic context.""
}",2026-04-04T02:31:51.227148Z,stop,126.0,1685804412.0,[],81068125.0,llama3.1,132.0,379310375.0,2182342166.0,,,,2026-04-03 21:31:51,True,,True,,True,,False,"I've used the Walloon phrase 'Djitåles' to maintain the technical precision and disciplinary significance of the original term. In Walloon, '-åle' is a suffix commonly used in academic contexts to denote something related or belonging to a particular field (e.g., 'djital', digital; 'informatike', information technology). The phrase 'Lès Humanités' directly translates to 'Les Humanités', preserving the original meaning and significance of the term within an academic context."
vo,Volapük,Digital Humanities,Digitalum Humansität,"{
  ""translated_term"": ""Digitalum Humansität"",
  ""translation_rationale"": ""The word \""Digitalum\"" is a combination of \""digital\"" and the Latin suffix -um, which forms an abstract noun. In Volapük, this suffix is used to form nouns denoting concepts or qualities. \""Humansität\"" is derived from the root words \""human\"" (referring to humans in general) and the suffix \""-itas\"", which indicates a state or condition. This combination of words preserves the technical precision of the term 'Digital Humanities' by conveying its focus on digital technologies and humanistic studies.""
}",2026-04-04T02:31:47.020233Z,stop,129.0,1841498953.0,[],78012792.0,llama3.1,134.0,382949458.0,2338544625.0,,,,2026-04-03 21:31:47,True,,True,,True,,False,"The word ""Digitalum"" is a combination of ""digital"" and the Latin suffix -um, which forms an abstract noun. In Volapük, this suffix is used to form nouns denoting concepts or qualities. ""Humansität"" is derived from the root words ""human"" (referring to humans in general) and the suffix ""-itas"", which indicates a state or condition. This combination of words preserves the technical precision of the term 'Digital Humanities' by conveying its focus on digital technologies and humanistic studies."
vi,Vietnamese,Digital Humanities,Nghiên cứu Nhân văn số,"{
  ""translated_term"": ""Nghiên cứu Nhân văn số"",
  ""translation_rationale"": ""I translated 'Digital Humanities' into Vietnamese as \\""Nghiên cứu Nhân văn số\\"" because it preserves the technical precision and disciplinary significance of the original term. 'Nhân văn' is the standard Vietnamese translation for 'Humanities', conveying the same meaning as in English. Adding '\\""số\\"" to this phrase, which literally means 'digital' or 'number', accurately conveys the concept's focus on digital methods and tools applied to the Humanities field.""
}",2026-04-04T02:31:42.662167Z,stop,118.0,1551881001.0,[],79846916.0,llama3.1,130.0,392633250.0,2058416750.0,,,Nhân văn số,2026-04-03 21:31:42,False,Nhân văn kỹ thuật số,False,Hệ bình bình bình bình bình bình bình bình bình bình bình bình bình bình bình bình bình đẳng,False,Nhân văn kỹ thuật số,False,I translated 'Digital Humanities' into Vietnamese as \\
ve,Venda,Digital Humanities,Makonjongwane a Vhumunu,"{
  ""translated_term"": ""Makonjongwane a Vhumunu"",
  ""translation_rationale"": ""I chose to translate Digital Humanities into Makonjongwane a Vhumunu, which literally means 'Humanities of the digital' in Venda. This translation accurately conveys the technical precision and disciplinary significance of the term by preserving its core components: 'digital' (Vhumunu) and 'humanities' (Makonjongwane). The use of 'a' as a prefix to indicate the digital aspect is common in Venda, making it clear that this refers to a specific subset of humanities disciplines that engage with digital technologies.""
}",2026-04-04T02:31:38.576943Z,stop,138.0,1721232372.0,[],80455834.0,llama3.1,132.0,383173584.0,2223893084.0,,,,2026-04-03 21:31:38,False,Vhuthu ha Didzhithala,True,,True,,False,"I chose to translate Digital Humanities into Makonjongwane a Vhumunu, which literally means 'Humanities of the digital' in Venda. This translation accurately conveys the technical precision and disciplinary significance of the term by preserving its core components: 'digital' (Vhumunu) and 'humanities' (Makonjongwane). The use of 'a' as a prefix to indicate the digital aspect is common in Venda, making it clear that this refers to a specific subset of humanities disciplines that engage with digital technologies."
uz,Uzbek,Digital Humanities,Digital Ilmio Fanlari,"{
  ""translated_term"": ""Digital Ilmio Fanlari"",
  ""translation_rationale"": ""I translated \""Digital Humanities\"" as \""Ilmio Fanlari\"", where \""Ilmio\"" (ilm) means knowledge or science, and \""Fanlari\"" is the plural form of \""fan\"", which roughly translates to discipline, field of study or branch of knowledge. This choice aims to preserve the technical precision and disciplinary significance of the term in an academic context.""
}",2026-04-04T02:31:34.327629Z,stop,100.0,1189517046.0,[],77333625.0,llama3.1,130.0,381699208.0,1677066583.0,,,,2026-04-03 21:31:34,False,Raqamli gumanitar fanlar,True,,False,Raqamli gumanitar fanlar,False,"I translated ""Digital Humanities"" as ""Ilmio Fanlari"", where ""Ilmio"" (ilm) means knowledge or science, and ""Fanlari"" is the plural form of ""fan"", which roughly translates to discipline, field of study or branch of knowledge. This choice aims to preserve the technical precision and disciplinary significance of the term in an academic context."
ur,Urdu,Digital Humanities,ذریعہ Humanities,"{
  ""translated_term"": ""ذریعہ Humanities"",
  ""translation_rationale"": ""I chose to translate 'Digital' as \""ذریعہ\"" (daree'a), which means a tool or an instrument, conveying the digital aspect of the field. I then followed it with 'Humanities', which remains unchanged as it's a direct borrowing from the original term.""
}",2026-04-04T02:31:30.628835Z,stop,83.0,979446208.0,[],80550042.0,llama3.1,130.0,380767833.0,1465329584.0,,,,2026-04-03 21:31:30,False,ڈیجیٹل ہیومینٹیز,False,انسانی کمزوریوں کی وجہ سے,False,ڈیجیٹل ہیومینٹیز,False,"I chose to translate 'Digital' as ""ذریعہ"" (daree'a), which means a tool or an instrument, conveying the digital aspect of the field. I then followed it with 'Humanities', which remains unchanged as it's a direct borrowing from the original term."
uk,Ukrainian,Digital Humanities,Дigital Humanities (діжитальна гуманітаристика),"{
  ""translated_term"": ""Дigital Humanities (діжитальна гуманітаристика)"",
  ""translation_rationale"": ""I used a direct translation of the phrase, combining the Ukrainian term for 'digital' ('діжитальна') with the English borrowed term 'Humanities', to preserve technical precision and disciplinary significance. This combination is commonly used in Ukrainian academic contexts to refer to this field.""
}",2026-04-04T02:31:27.139037Z,stop,85.0,1065425914.0,[],68837125.0,llama3.1,130.0,391805042.0,1550289125.0,,,Цифрові гуманітарні науки,2026-04-03 21:31:27,False,Цифрові гуманітарні науки,False,Цифрові гуманітарні дані,False,Цифрові гуманітарні,False,"I used a direct translation of the phrase, combining the Ukrainian term for 'digital' ('діжитальна') with the English borrowed term 'Humanities', to preserve technical precision and disciplinary significance. This combination is commonly used in Ukrainian academic contexts to refer to this field."
ug,"Uighur, Uyghur",Digital Humanities,Taymazorlik Ilmi,"{
  ""translated_term"": ""Taymazorlik Ilmi"",
  ""translation_rationale"": ""The term 'Digital Humanities' is translated to Uyghur as \""Taymazorlik Ilmi\"". In this context, I have chosen to combine the words 'Taymazorlik' (digital) and 'Ilmi' (science/knowledge), which preserves the technical precision of the original term. This combination is intended to convey the idea that Digital Humanities is a field of study that deals with digital methods and tools in the humanities.""
}",2026-04-04T02:31:23.562036Z,stop,115.0,1528798487.0,[],84548375.0,llama3.1,142.0,382067500.0,2027791083.0,,,,2026-04-03 21:31:23,False,رەقەملىك ئىنسانىيەت,True,,False,رەقەملىك ئادىمىيەت,False,"The term 'Digital Humanities' is translated to Uyghur as ""Taymazorlik Ilmi"". In this context, I have chosen to combine the words 'Taymazorlik' (digital) and 'Ilmi' (science/knowledge), which preserves the technical precision of the original term. This combination is intended to convey the idea that Digital Humanities is a field of study that deals with digital methods and tools in the humanities."
ty,Tahitian,Digital Humanities,Tahitiana o Te Māra Hou,"{
  ""translated_term"": ""Tahitiana o Te Māra Hou"",
  ""translation_rationale"": ""I broke down the term into its components to ensure accuracy and precision. 'Tahitiana' means 'relating to Tahiti or in this context, digital', derived from 'tai' (computer) + '-hiti' (-an adjective suffix). 'o Te Māra Hou' translates to 'of the New Method' or 'of Digital Scholarship', with 'Māra Hou' meaning 'new method' or 'digital'. This combination accurately conveys the essence of the term in an academic context, capturing both its technical aspects and disciplinary significance.""
}",2026-04-04T02:31:19.507009Z,stop,142.0,1958168005.0,[],69276875.0,llama3.1,132.0,387513917.0,2454814958.0,,,,2026-04-03 21:31:19,False,Te mau taata mamati,False,Digital Te mau mea ora o te taata,True,,False,"I broke down the term into its components to ensure accuracy and precision. 'Tahitiana' means 'relating to Tahiti or in this context, digital', derived from 'tai' (computer) + '-hiti' (-an adjective suffix). 'o Te Māra Hou' translates to 'of the New Method' or 'of Digital Scholarship', with 'Māra Hou' meaning 'new method' or 'digital'. This combination accurately conveys the essence of the term in an academic context, capturing both its technical aspects and disciplinary significance."
tw,Twi,Digital Humanities,Mmere Beaeɛ Mmara,"{
  ""translated_term"": ""Mmere Beaeɛ Mmara"",
  ""translation_rationale"": ""The term 'Digital Humanities' is translated by breaking it down into its components. 'Digital' is rendered as 'mmere', which conveys the sense of digital technology and computing. 'Humanities' is translated as 'baeɛ mmara', where 'baeɛ' means 'arts' or 'human sciences' and 'mmara' implies a focus on the study of human culture, history, and expression through various mediums. The combination of these two components accurately conveys the academic field's interdisciplinary approach to the intersection of digital technology and traditional humanities disciplines.""
}",2026-04-04T02:31:15.034362Z,stop,143.0,1911638791.0,[],79377709.0,llama3.1,132.0,405685416.0,2436017625.0,,,,2026-04-03 21:31:15,False,Digitals Nnipa Ho Adesua,False,Nneɛma a Ɛyɛ Hu,True,,False,"The term 'Digital Humanities' is translated by breaking it down into its components. 'Digital' is rendered as 'mmere', which conveys the sense of digital technology and computing. 'Humanities' is translated as 'baeɛ mmara', where 'baeɛ' means 'arts' or 'human sciences' and 'mmara' implies a focus on the study of human culture, history, and expression through various mediums. The combination of these two components accurately conveys the academic field's interdisciplinary approach to the intersection of digital technology and traditional humanities disciplines."
tt,Tatar,Digital Humanities,Dijital Təhsil Fənn,"{
  ""translated_term"": ""Dijital Təhsil Fənn"",
  ""translation_rationale"": ""I used the Turkish loanword \""Dijital\"" to convey the digital aspect, and then appended \""Təhsil\"" (meaning education or learning) followed by \""Fənn\"", which means a discipline or field of study. This preserves the technical precision and disciplinary significance of the original term.""
}",2026-04-04T02:31:10.57732Z,stop,88.0,1126417999.0,[],80891583.0,llama3.1,132.0,383730625.0,1615718250.0,,,,2026-04-03 21:31:10,False,Цифрлы гуманитар фәннәр,True,,False,Санлы гуманитар,False,"I used the Turkish loanword ""Dijital"" to convey the digital aspect, and then appended ""Təhsil"" (meaning education or learning) followed by ""Fənn"", which means a discipline or field of study. This preserves the technical precision and disciplinary significance of the original term."
ts,Tsonga,Digital Humanities,Matswalo a Vutomi,"{
  ""translated_term"": ""Matswalo a Vutomi"",
  ""translation_rationale"": ""I've chosen to translate 'Digital Humanities' as 'Matswalo a Vutomi'. This translation aims to preserve the technical precision and disciplinary significance of the original term. 'Matswalo' is the Tsonga equivalent for 'humanities', which refers to the academic study of human culture, including language, history, philosophy, and social sciences. Adding the prefix 'a' to 'Vutomi' (which means 'digital') indicates that these humanities are being studied or approached in a digital context. This translation should accurately convey the meaning of 'Digital Humanities' in an academic setting.""
}",2026-04-04T02:31:06.943477Z,stop,147.0,2076617751.0,[],73468459.0,llama3.1,132.0,392448792.0,2583143500.0,,,,2026-04-03 21:31:06,False,Vutivi bya Vanhu bya Dijitali,False,Vutivi Bya Vanhu,True,,False,"I've chosen to translate 'Digital Humanities' as 'Matswalo a Vutomi'. This translation aims to preserve the technical precision and disciplinary significance of the original term. 'Matswalo' is the Tsonga equivalent for 'humanities', which refers to the academic study of human culture, including language, history, philosophy, and social sciences. Adding the prefix 'a' to 'Vutomi' (which means 'digital') indicates that these humanities are being studied or approached in a digital context. This translation should accurately convey the meaning of 'Digital Humanities' in an academic setting."
tr,Turkish,Digital Humanities,Dijital Humaniteralar,"{
  ""translated_term"": ""Dijital Humaniteralar"",
  ""translation_rationale"": ""Bilimsel bir alan veya akademik kavram olarak Dijital Humaniteralar terimini çevirirken, teknik doğruluğu ve disiplinlerarası önemi korumak için 'Dijital' ile 'Humaniteralar' kelimelerini tamlamasını oluşturmak üzere birleştirdim. 'Dijital'in Türkçedeki karşılığı olarak 'Dijital' kelimesini bırakarak, 'Humaniteralar'ın Türkçe tercümesi olan 'İnsani Bilimler' terimini kullanmayı tercih etmedim çünkü bu ifade daha çok İnsanî bilimler disiplinini kastederken, Dijital Humaniteralar terimi farklı bir anlam yüklüyor. Bu nedenle, iki kelimeyi bir araya getirmek suretiyle tek bir kelime oluşturarak çeviriyi sağlamak istedim.""
}",2026-04-04T02:31:02.343732Z,stop,205.0,3578577872.0,[],75303292.0,llama3.1,130.0,383840833.0,4095118833.0,,,Dijital beşeri bilimler,2026-04-03 21:31:02,False,Dijital Beşeri Bilimler,True,,False,Dijital Beşeri Bilimler,False,"Bilimsel bir alan veya akademik kavram olarak Dijital Humaniteralar terimini çevirirken, teknik doğruluğu ve disiplinlerarası önemi korumak için 'Dijital' ile 'Humaniteralar' kelimelerini tamlamasını oluşturmak üzere birleştirdim. 'Dijital'in Türkçedeki karşılığı olarak 'Dijital' kelimesini bırakarak, 'Humaniteralar'ın Türkçe tercümesi olan 'İnsani Bilimler' terimini kullanmayı tercih etmedim çünkü bu ifade daha çok İnsanî bilimler disiplinini kastederken, Dijital Humaniteralar terimi farklı bir anlam yüklüyor. Bu nedenle, iki kelimeyi bir araya getirmek suretiyle tek bir kelime oluşturarak çeviriyi sağlamak istedim."
to,Tonga,Digital Humanities,Fakamauʻi Faka-Lahi,"{
  ""translated_term"": ""Fakamauʻi Faka-Lahi"",
  ""translation_rationale"": ""I translated 'Digital Humanities' into Tongan by breaking down the term. 'Digital' is conveyed through 'Faka-', a prefix indicating something related to or done with technology or machines, similar to how 'digital' is used in other languages to describe computer-related concepts. 'Humanities' is then translated as 'Lahi', which means 'arts' or 'human knowledge'. This combination, Fakamauʻi Faka-Lahi, accurately conveys the field's focus on digital technologies applied to arts and humanities disciplines.""
}",2026-04-04T02:30:56.221975Z,stop,136.0,1831516328.0,[],67538333.0,llama3.1,132.0,388686666.0,2326167125.0,,,,2026-04-03 21:30:56,False,Ngaahi Ngaue Fakaetangata Fakakomipiuta,False,"Ngaahi Anga'itangata "" o e Fa'ahinga "" o e Tangatá",True,,False,"I translated 'Digital Humanities' into Tongan by breaking down the term. 'Digital' is conveyed through 'Faka-', a prefix indicating something related to or done with technology or machines, similar to how 'digital' is used in other languages to describe computer-related concepts. 'Humanities' is then translated as 'Lahi', which means 'arts' or 'human knowledge'. This combination, Fakamauʻi Faka-Lahi, accurately conveys the field's focus on digital technologies applied to arts and humanities disciplines."
tn,Tswana,Digital Humanities,Tsheko ya Dijitaali ya Tlhomamisa,"{
  ""translated_term"": ""Tsheko ya Dijitaali ya Tlhomamisa"",
  ""translation_rationale"": ""I translated the term by breaking it down into its constituent parts. 'Digital' is equivalent to 'dijitāli', which I translated from English. In Setswana, we do not have a direct word for Humanities, so I used the concept of 'tlhomamisa', which refers to the study or cultivation of liberal arts and sciences.""
}",2026-04-04T02:30:51.871211Z,stop,103.0,1331558919.0,[],80297625.0,llama3.1,132.0,385633750.0,1827658292.0,,,,2026-04-03 21:30:51,False,Dithuto tsa Botho tsa Dijithale,False,Batho ba ba Itshekileng,True,,False,"I translated the term by breaking it down into its constituent parts. 'Digital' is equivalent to 'dijitāli', which I translated from English. In Setswana, we do not have a direct word for Humanities, so I used the concept of 'tlhomamisa', which refers to the study or cultivation of liberal arts and sciences."
tl,Tagalog,Digital Humanities,Digital na Panitikan,"{
  ""translated_term"": ""Digital na Panitikan"",
  ""translation_rationale"": ""Ang salita 'digital' ay tinutukoy ang mga teknolohiya at mga pamamaraan, habang 'panitikan' ay tumutukoy sa larangan ng agham o akademya. Kaya't ang paglipat mula sa orihinal na Ingles na 'Digital Humanities' ay nangangahulugang 'Panitikang digital' o 'Agham Panitika sa teknolohiya'.""
}",2026-04-04T02:30:48.026007Z,stop,122.0,1574111547.0,[],100196625.0,llama3.1,132.0,385268958.0,2094646167.0,,,,2026-04-03 21:30:48,False,Digital Humanities,False,Digital na mga Tao,False,Digital Humanities,False,"Ang salita 'digital' ay tinutukoy ang mga teknolohiya at mga pamamaraan, habang 'panitikan' ay tumutukoy sa larangan ng agham o akademya. Kaya't ang paglipat mula sa orihinal na Ingles na 'Digital Humanities' ay nangangahulugang 'Panitikang digital' o 'Agham Panitika sa teknolohiya'."
tk,Turkmen,Digital Humanities,Digital Humanitar Salynda,"{
  ""translated_term"": ""Digital Humanitar Salynda"",
  ""translation_rationale"": ""I translated \""Digital Humanities\"" into Turkmen by combining the borrowed terms. \""Digital\"" remains as is, while \""Humanitar\"" conveys the meaning of humanities in a way that's familiar to Turkic languages, emphasizing the study of human culture and values. The word \""Salynda\"" is an adaptation of \""Studies\"", commonly used in academic contexts, particularly in Central Asian countries.""
}",2026-04-04T02:30:43.91122Z,stop,102.0,1272468461.0,[],80959000.0,llama3.1,132.0,379075625.0,1762526208.0,,,,2026-04-03 21:30:43,False,Sanly ynsanperwerlik,True,,False,Sanly gumanitar ylymlar,False,"I translated ""Digital Humanities"" into Turkmen by combining the borrowed terms. ""Digital"" remains as is, while ""Humanitar"" conveys the meaning of humanities in a way that's familiar to Turkic languages, emphasizing the study of human culture and values. The word ""Salynda"" is an adaptation of ""Studies"", commonly used in academic contexts, particularly in Central Asian countries."
ti,Tigrinya,Digital Humanities,ጋታ ስራ ኪነጣጥ,"{
  ""translated_term"": ""ጋታ ስራ ኪነጣጥ"",
  ""translation_rationale"": ""I translated 'Digital Humanities' into Tigrinya by breaking down the term into its constituent parts. 'Digital' is rendered as ጋታ (gata), which conveys the idea of electronic or computer-mediated aspects. 'Humanities' is translated as ስራ (sra), meaning sciences or liberal arts, and ኪነጣጥ (kinätäqti), a suffix indicating the study or scholarship aspect.""
}",2026-04-04T02:30:40.121935Z,stop,141.0,1891748325.0,[],80931250.0,llama3.1,134.0,382013916.0,2393474125.0,,,,2026-04-03 21:30:40,False,ዲጂታል ሰብኣዊ ስነፍልጠት,False,ሰብኣዊ ባህርያት,True,,False,"I translated 'Digital Humanities' into Tigrinya by breaking down the term into its constituent parts. 'Digital' is rendered as ጋታ (gata), which conveys the idea of electronic or computer-mediated aspects. 'Humanities' is translated as ስራ (sra), meaning sciences or liberal arts, and ኪነጣጥ (kinätäqti), a suffix indicating the study or scholarship aspect."
th,Thai,Digital Humanities,มนุษยศาสตร์ดิจิทัล,"{
  ""translated_term"": ""มนุษยศาสตร์ดิจิทัล"",
  ""translation_rationale"": ""Translation rationale: \u00e2\u0080\u009cมนุษยศาสตร\u2019\u00d4\u202f (humanities) refers to the study of the arts, humanities, and social sciences. Adding \u00e2\u0080\u009dดิจิทัล\u2019 (digital) emphasizes the use of digital methods and tools in these fields. The term is a direct calque from English.""
}",2026-04-04T02:30:35.704017Z,stop,114.0,1379354750.0,[],78620209.0,llama3.1,130.0,382469208.0,1872628042.0,,มนุษยศาสตร์ดิจิทัล,มนุษยศาสตร์ดิจิทัล,2026-04-03 21:30:35,False,มนุษยศาสตร์ดิจิทัล,True,,False,มนุษยศาสตร์ดิจิทัล,False,"Translation rationale: âมนุษยศาสตร’Ô  (humanities) refers to the study of the arts, humanities, and social sciences. Adding âดิจิทัล’ (digital) emphasizes the use of digital methods and tools in these fields. The term is a direct calque from English."
tg,Tajik,Digital Humanities,адабиёти дигитали,"{
  ""translated_term"": ""адабиёти дигитали"",
  ""translation_rationale"": ""The term \""Digital Humanities\"" is translated by combining the Tajik word for humanities, \""adabiyoti,\"" with a direct translation of \""digital,\"" which is \""dijitalli.\"" This preserves the technical precision and disciplinary significance of the original term.""
}",2026-04-04T02:30:31.80202Z,stop,78.0,953416045.0,[],78724917.0,llama3.1,132.0,400571000.0,1455060334.0,,,,2026-04-03 21:30:31,False,Гуманитаризми рақамӣ,True,,False,Гуманитарии рақамӣ,False,"The term ""Digital Humanities"" is translated by combining the Tajik word for humanities, ""adabiyoti,"" with a direct translation of ""digital,"" which is ""dijitalli."" This preserves the technical precision and disciplinary significance of the original term."
te,Telugu,Digital Humanities,డిజిటల్ మానవ శాస్త్రాలు,"{
  ""translated_term"": ""డిజిటల్ మానవ శాస్త్రాలు"",
  ""translation_rationale"": ""I have translated 'Digital Humanities' into Telugu by breaking down the term into its components. 'Digital' is directly translatable as \""డిజిటల్\"" (di-jital), and 'Humanities' has been adapted from the Telugu word for 'human knowledge' or 'arts', which is \""మానవ శాస్త్రాలు\"" (mānav śāstrālu). The resulting term accurately conveys the meaning of Digital Humanities in an academic context, preserving its technical precision and disciplinary significance.""
}",2026-04-04T02:30:28.321944Z,stop,195.0,4046420630.0,[],74484666.0,llama3.1,132.0,413634334.0,4587600083.0,,,,2026-04-03 21:30:28,False,డిజిటల్ హ్యుమానిటీస్,True,,False,డిజిటల్ హ్యుమానిటీస్,False,"I have translated 'Digital Humanities' into Telugu by breaking down the term into its components. 'Digital' is directly translatable as ""డిజిటల్"" (di-jital), and 'Humanities' has been adapted from the Telugu word for 'human knowledge' or 'arts', which is ""మానవ శాస్త్రాలు"" (mānav śāstrālu). The resulting term accurately conveys the meaning of Digital Humanities in an academic context, preserving its technical precision and disciplinary significance."
ta,Tamil,Digital Humanities,மென்பொருள் மாந்திரீயவியல்,"{
  ""translated_term"": ""மென்பொருள் மாந்திரீயவியல்"",
  ""translation_rationale"": ""I have translated 'Digital Humanities' into Tamil as 'மென்பொருள் மாந்திரீயவியல்'. The term 'மென்பொருள்' (meṉporuḷ) means 'digital', and it is combined with the word for Humanities, 'மாந்திரீயவியல்' (māntirīyaviyal), to convey the academic field of Digital Humanities. This translation aims to preserve the technical precision and disciplinary significance of the original term.""
}",2026-04-04T02:30:21.711773Z,stop,205.0,5011311002.0,[],79991667.0,llama3.1,130.0,396947959.0,5554315375.0,,எண்ணிம மனிதவியல்,எண்ணிம மனிதவியல்,2026-04-03 21:30:21,False,டிஜிட்டல் மானுடவியல்,True,,False,டிஜிட்டல் மனிதநேயம்,False,"I have translated 'Digital Humanities' into Tamil as 'மென்பொருள் மாந்திரீயவியல்'. The term 'மென்பொருள்' (meṉporuḷ) means 'digital', and it is combined with the word for Humanities, 'மாந்திரீயவியல்' (māntirīyaviyal), to convey the academic field of Digital Humanities. This translation aims to preserve the technical precision and disciplinary significance of the original term."
sw,Swahili,Digital Humanities,Uhandisi wa Digitali,"{
  ""translated_term"": ""Uhandisi wa Digitali"",
  ""translation_rationale"": ""In Swahili, \""Digital\"" is translated to \""Ikiwa na digitali\"" or simply \""digitali\"", but in this context, I chose to use the adjective form \""Digitali\"" and add the noun \""Handisi\"" (meaning \""humanities\"") to preserve the disciplinary significance. This translation has been used by Swahili-speaking scholars in East Africa to refer to Digital Humanities.""
}",2026-04-04T02:30:14.136242Z,stop,104.0,1246940712.0,[],81020667.0,llama3.1,134.0,455126208.0,1814040167.0,,,,2026-04-03 21:30:14,False,Binadamu Dijitali,False,Viasili vya Kielektroni,False,Binadamu Dijiti,False,"In Swahili, ""Digital"" is translated to ""Ikiwa na digitali"" or simply ""digitali"", but in this context, I chose to use the adjective form ""Digitali"" and add the noun ""Handisi"" (meaning ""humanities"") to preserve the disciplinary significance. This translation has been used by Swahili-speaking scholars in East Africa to refer to Digital Humanities."
sv,Swedish,Digital Humanities,Datoriserade humaniora,"{
  ""translated_term"": ""Datoriserade humaniora"",
  ""translation_rationale"": ""I have translated 'Digital Humanities' into Swedish as 'Datoriserade humaniora'. The prefix 'datoriserad' is derived from 'dator', the Swedish word for 'computer', and conveys the digital aspect of the field. 'Humaniora' is the direct translation of 'humanities', preserving its disciplinary significance in an academic context.""
}",2026-04-04T02:30:10.297469Z,stop,98.0,1165051080.0,[],83277291.0,llama3.1,130.0,384665125.0,1660676500.0,,Digital humaniora,Digital humaniora,2026-04-03 21:30:10,False,Digital humaniora,False,Digital humaniora,False,Digital humaniora,False,"I have translated 'Digital Humanities' into Swedish as 'Datoriserade humaniora'. The prefix 'datoriserad' is derived from 'dator', the Swedish word for 'computer', and conveys the digital aspect of the field. 'Humaniora' is the direct translation of 'humanities', preserving its disciplinary significance in an academic context."
su,Sundanese,Digital Humanities,Manusa Ngadéngék Digital,"{
  ""translated_term"": ""Manusa Ngadéngék Digital"",
  ""translation_rationale"": ""I chose to use \""Manusa Ngadéngék\"" as a direct translation of \""Humanities\"", which refers to the study of human culture, society, and behavior. Adding \""Digital\"" to it conveys the digital aspect of this field, making it accurate for an academic context.""
}",2026-04-04T02:30:06.615046Z,stop,84.0,1015602210.0,[],90510875.0,llama3.1,134.0,377858042.0,1507530708.0,,,,2026-04-03 21:30:06,False,Élmu Kamanusaan Digital,True,,False,Kamanusaan Digital,False,"I chose to use ""Manusa Ngadéngék"" as a direct translation of ""Humanities"", which refers to the study of human culture, society, and behavior. Adding ""Digital"" to it conveys the digital aspect of this field, making it accurate for an academic context."
st,Southern Sotho,Digital Humanities,Digital Humanities e e tsoaneng,"{
  ""translated_term"": ""Digital Humanities e e tsoaneng"",
  ""translation_rationale"": ""I've used the compound phrase 'Digital Humanities' directly, as it is widely recognized and adopted in Southern African academia. The term 'e e tsoaneng' is a Sesotho prefix meaning 'of or pertaining to', which adds a sense of belonging and connection to the field.""
}",2026-04-04T02:30:03.083934Z,stop,84.0,1017863040.0,[],82912083.0,llama3.1,136.0,382781625.0,1508156042.0,,,,2026-04-03 21:30:03,False,Botho ba Dijithale,False,Lik'hemik'hale Tseo Batho ba li Hlokang,False,Digital Humanities,False,"I've used the compound phrase 'Digital Humanities' directly, as it is widely recognized and adopted in Southern African academia. The term 'e e tsoaneng' is a Sesotho prefix meaning 'of or pertaining to', which adds a sense of belonging and connection to the field."
ss,Swati,Digital Humanities,u-Bučweti bwakatswe,"{
  ""translated_term"": ""u-Bučweti bwakatswe"",
  ""translation_rationale"": 
    ""In Swati, 'u-' is a prefix indicating something related to or connected with, and 'Bučweti' means humanity. 
    'bwa-' is a prefix indicating the digital aspect, often translated as 'computer' or 'digital'. 
    '-katswe' implies an academic or scholarly context, similar to English suffixes like -ology or -ics.""
}",2026-04-04T02:29:59.555268Z,stop,106.0,1347443585.0,[],80984125.0,llama3.1,132.0,378965667.0,1837953583.0,,,,2026-04-03 21:29:59,False,Tifundvo Tebantfu Tedijithali,False,Imibono Lemayelana Nendzawo Tabantfu,True,,False,"In Swati, 'u-' is a prefix indicating something related to or connected with, and 'Bučweti' means humanity. 
    'bwa-' is a prefix indicating the digital aspect, often translated as 'computer' or 'digital'. 
    '-katswe' implies an academic or scholarly context, similar to English suffixes like -ology or -ics."
sr,Serbian,Digital Humanities,Digitalne humanistike,"{
  ""translated_term"": ""Digitalne humanistike"",
  ""translation_rationale"": ""The term 'Digital Humanities' is translated by combining the Serbian equivalents of 'digital' and 'humanities'. In Serbian, \""dijelekt\"" (or in a more formal context, \""digitalno\"") means digital or computer-based. This prefix is combined with the noun \""humanistike\"", which directly translates to humanities or human sciences, encompassing fields such as history, literature, philosophy, and linguistics. This translation preserves the technical precision of the term while conveying its disciplinary significance in an academic context.""
}",2026-04-04T02:29:55.692939Z,stop,126.0,1589883924.0,[],76913083.0,llama3.1,130.0,381741209.0,2085215375.0,,,Дигитална хуманистика,2026-04-03 21:29:55,False,Дигиталне хуманистичке науке,True,,False,Дигиталне Хуманистичке,False,"The term 'Digital Humanities' is translated by combining the Serbian equivalents of 'digital' and 'humanities'. In Serbian, ""dijelekt"" (or in a more formal context, ""digitalno"") means digital or computer-based. This prefix is combined with the noun ""humanistike"", which directly translates to humanities or human sciences, encompassing fields such as history, literature, philosophy, and linguistics. This translation preserves the technical precision of the term while conveying its disciplinary significance in an academic context."
sq,Albanian,Digital Humanities,Dijitale Mësimit Shkencore,"{
  ""translated_term"": ""Dijitale Mësimit Shkencore"",
  ""translation_rationale"": ""I translated 'Digital Humanities' by preserving the word order and maintaining its technical precision. 'Dijital' is the Albanian equivalent of 'digital', while 'Mësimi' means 'humanities' or 'arts'. 'Shkencore' is used to convey the academic or scholarly aspect, aligning with the definition provided.""
}",2026-04-04T02:29:51.58226Z,stop,99.0,1220304832.0,[],79972458.0,llama3.1,132.0,381488958.0,1709409333.0,,,,2026-04-03 21:29:51,False,Shkencat Humane Dixhitale,False,Humanitetet Dixhitale,False,Shkenca Humane Dixhitale,False,"I translated 'Digital Humanities' by preserving the word order and maintaining its technical precision. 'Dijital' is the Albanian equivalent of 'digital', while 'Mësimi' means 'humanities' or 'arts'. 'Shkencore' is used to convey the academic or scholarly aspect, aligning with the definition provided."
so,Somali,Digital Humanities,Digiiliska Aduunka,"{
  ""translated_term"": ""Digiiliska Aduunka"",
  ""translation_rationale"": ""I translated 'Digital Humanities' as 'Digiiliska Aduunka' to preserve the technical precision and disciplinary significance of the term. I combined the Somali word for 'digital', 'digiil' (which is derived from English 'digital'), with the phrase 'Aduunka', which means 'humanities' or 'arts'. This translation accurately conveys the concept of using digital tools and methods in the study and analysis of humanities disciplines.""
}",2026-04-04T02:29:47.846889Z,stop,118.0,1505543503.0,[],77048625.0,llama3.1,130.0,454274375.0,2068815792.0,,,,2026-04-03 21:29:47,False,Bani&#39;aadamnimada Dijital ah,True,,False,Bani'aadamnimada Dijital ah,False,"I translated 'Digital Humanities' as 'Digiiliska Aduunka' to preserve the technical precision and disciplinary significance of the term. I combined the Somali word for 'digital', 'digiil' (which is derived from English 'digital'), with the phrase 'Aduunka', which means 'humanities' or 'arts'. This translation accurately conveys the concept of using digital tools and methods in the study and analysis of humanities disciplines."
sn,Shona,Digital Humanities,Mambo ya Digital,"{
  ""translated_term"": ""Mambo ya Digital"",
  ""translation_rationale"": ""In Shona, the word 'mambo' is often used to translate English terms related to academia or scholarly fields. It roughly translates to 'discipline' or 'field of study', making it a suitable choice for this context. The addition of 'digital' before it, clearly indicates that this field is focused on digital aspects and methods.""
}",2026-04-04T02:29:43.751908Z,stop,91.0,1167185368.0,[],84323500.0,llama3.1,132.0,384881584.0,1662023958.0,,,,2026-04-03 21:29:43,False,Hunhu hweDigital,False,Vanhu Vanogutsikana,False,Digital Humanities,False,"In Shona, the word 'mambo' is often used to translate English terms related to academia or scholarly fields. It roughly translates to 'discipline' or 'field of study', making it a suitable choice for this context. The addition of 'digital' before it, clearly indicates that this field is focused on digital aspects and methods."
sm,Samoan,Digital Humanities,Ua le mafutaga o le faasaienataga digital,"{
  ""translated_term"": ""Ua le mafutaga o le faasaienataga digital"",
  ""translation_rationale"": ""I translated 'Digital Humanities' as \""Ua le mafutaga o le faasaienataga digital\"" because:
   - 'Ua le mafutaga' is a Sāmoan term for 'field of study' or 'academic discipline', which accurately conveys the concept's technical precision.
   - 'faasaienataga' means 'humanities' in Samoan, preserving the disciplinary significance of the original term.
   - 'digital' was retained as is, given its widespread usage and recognition across languages.""
}",2026-04-04T02:29:40.064764Z,stop,147.0,1989992658.0,[],73368208.0,llama3.1,134.0,392351000.0,2497351333.0,,,,2026-04-03 21:29:40,False,Mataupu Fa&#39;atekinolosi Fa&#39;atekinolosi,False,Digital Man's,False,Digital Humanities,False,"I translated 'Digital Humanities' as ""Ua le mafutaga o le faasaienataga digital"" because:
   - 'Ua le mafutaga' is a Sāmoan term for 'field of study' or 'academic discipline', which accurately conveys the concept's technical precision.
   - 'faasaienataga' means 'humanities' in Samoan, preserving the disciplinary significance of the original term.
   - 'digital' was retained as is, given its widespread usage and recognition across languages."
sl,Slovene,Digital Humanities,Digitalne umetnosti,"{
  ""translated_term"": ""Digitalne umetnosti"",
  ""translation_rationale"": ""I chose 'digitalne' to convey the digital aspect of the field, as it is a widely used prefix in Slovene to describe things related to computers and technology. I followed it with 'umetnosti', which translates to 'arts' or 'humanities', accurately conveying the disciplinary significance of the term within an academic context.""
}",2026-04-04T02:29:35.549035Z,stop,89.0,1072238830.0,[],79595875.0,llama3.1,132.0,378665791.0,1556628084.0,,Digitalna humanistika,Digitalna humanistika,2026-04-03 21:29:35,False,Digitalna humanistika,True,,False,Digitalna humanistika,False,"I chose 'digitalne' to convey the digital aspect of the field, as it is a widely used prefix in Slovene to describe things related to computers and technology. I followed it with 'umetnosti', which translates to 'arts' or 'humanities', accurately conveying the disciplinary significance of the term within an academic context."
sk,Slovak,Digital Humanities,digitálne humanitné vedy,"{
  ""translated_term"": ""digitálne humanitné vedy"",
  ""translation_rationale"": ""I used the prefix \""digitálny\"", which is a direct loan from English and commonly used in Slovak to convey digital or computer-related concepts. The term \""humanitné vedy\"" corresponds to the English phrase 'humanities', implying social sciences, philosophy, and history fields. This combination accurately conveys the academic field's meaning.""
}",2026-04-04T02:29:31.965567Z,stop,93.0,1162602538.0,[],78906458.0,llama3.1,130.0,381188958.0,1649966833.0,,,,2026-04-03 21:29:31,False,Digitálne humanitné vedy,False,Digitálne humanitné vedy,False,Digitálne humanitné vedy,False,"I used the prefix ""digitálny"", which is a direct loan from English and commonly used in Slovak to convey digital or computer-related concepts. The term ""humanitné vedy"" corresponds to the English phrase 'humanities', implying social sciences, philosophy, and history fields. This combination accurately conveys the academic field's meaning."
si,"Sinhala, Sinhalese",Digital Humanities,පුරණ මානව විද්‍යා,"{
  ""translated_term"": ""පුරණ මානව විද්‍යා"",
  ""translation_rationale"": ""I have translated 'Digital Humanities' into Sinhala by breaking down the term into its constituent parts. 'Digital' is rendered as \""පුරණ\"" (puranna), which conveys the idea of digital or computer-based technology. 'Humanities' is translated as \""මානව විද්‍යා\"" (manava vidyā), emphasizing its focus on human culture, history, and social sciences.""
}",2026-04-04T02:29:28.292428Z,stop,151.0,1997099751.0,[],78466750.0,llama3.1,140.0,374641334.0,2493947916.0,,,,2026-04-03 21:29:28,False,ඩිජිටල් මානව ශාස්ත්‍ර,True,,False,ඩිජිටල් මානව ශාස්ත්ර,False,"I have translated 'Digital Humanities' into Sinhala by breaking down the term into its constituent parts. 'Digital' is rendered as ""පුරණ"" (puranna), which conveys the idea of digital or computer-based technology. 'Humanities' is translated as ""මානව විද්‍යා"" (manava vidyā), emphasizing its focus on human culture, history, and social sciences."
sh,Serbo-Crotian,Digital Humanities,Digitalne Umetnosti,"{
  ""translated_term"": ""Digitalne Umetnosti"",
  ""translation_rationale"": ""I used the word \""Digitalne\"" to convey the digital aspect, as it is a direct loanword from English. The word \""Umetnosti\"" translates to 'Humanities' or 'Arts', which accurately conveys the field's academic focus on humanities disciplines in a digital context.""
}",2026-04-04T02:29:23.774396Z,stop,81.0,974806415.0,[],74514750.0,llama3.1,138.0,381199667.0,1453810125.0,,Дигиталне хуманистичке науке,Digitalne humanističke nauke,2026-04-03 21:29:23,False,Дигиталне хуманистичке науке,True,,True,,False,"I used the word ""Digitalne"" to convey the digital aspect, as it is a direct loanword from English. The word ""Umetnosti"" translates to 'Humanities' or 'Arts', which accurately conveys the field's academic focus on humanities disciplines in a digital context."
sg,Sango,Digital Humanities,Tiwàpèsè Digitâli,"{
  ""translated_term"": ""Tiwàpèsè Digitâli"",
  ""translation_rationale"": ""Tiwàpèsè"" is the Sango word for ""humanities"", derived from ""tiva"" (human) and ""pésè"" (studies). Adding ""Digitâli"" to the beginning conveys the digital aspect, using the French loanword ""digitale"" which has been incorporated into the Sango language. This translation aims to preserve the technical precision and disciplinary significance of the original term while being faithful to the grammatical structure and vocabulary of the Sango language.
}",2026-04-04T02:29:20.294889Z,stop,127.0,1717917496.0,[],82088334.0,llama3.1,132.0,381945542.0,2217096334.0,,,,2026-04-03 21:29:20,False,Humanité numérique,False,Gi ti duti na aye mingi ape na yâ ti fini ti mo,True,,False,Tiwàpèsè
se,Northern Sami,Digital Humanities,Digitális árbores jáhki,"{
  ""translated_term"": ""Digitális árbores jáhki"",
  ""translation_rationale"": ""I've translated 'Digital Humanities' as 'Digitális árbores jáhki' (in Northern Sami, ISO code: se). 
    - 'Digitális' is used to convey the digital aspect of the field.
    - 'árbores' translates to 'humanities', emphasizing the study of human culture and expression.
    - 'jahki' means 'science' or 'field of study', indicating that Digital Humanities is a specific area of academic inquiry.""
}",2026-04-04T02:29:16.056102Z,stop,127.0,1662605374.0,[],81238625.0,llama3.1,134.0,378389833.0,2157054792.0,,,,2026-04-03 21:29:16,False,Digitála humanisttalaš dieđat,True,,True,,False,"I've translated 'Digital Humanities' as 'Digitális árbores jáhki' (in Northern Sami, ISO code: se). 
    - 'Digitális' is used to convey the digital aspect of the field.
    - 'árbores' translates to 'humanities', emphasizing the study of human culture and expression.
    - 'jahki' means 'science' or 'field of study', indicating that Digital Humanities is a specific area of academic inquiry."
sd,Sindhi,Digital Humanities,ڈيجيٹل مानवيات,"{
  ""translated_term"": ""ڈيجيٹل مानवيات"",
  ""translation_rationale"": ""I have chosen to translate 'Digital Humanities' into Sindhi as \""ڈيجيٹل مानवيات\"", where \""ڈيجيٹل\"" is derived from the Urdu word for digital, which is widely understood and used in Pakistani contexts. I have kept \""ماحوليات\"" (humanities) intact, as it directly translates to the field of study in Sindhi.""
}",2026-04-04T02:29:11.871886Z,stop,106.0,1358507832.0,[],91885000.0,llama3.1,132.0,412387916.0,1892447708.0,,,,2026-04-03 21:29:11,False,ڊجيٽل هيومنٽيز,True,,False,ڊجيٽل انسانيت,False,"I have chosen to translate 'Digital Humanities' into Sindhi as ""ڈيجيٹل مानवيات"", where ""ڈيجيٹل"" is derived from the Urdu word for digital, which is widely understood and used in Pakistani contexts. I have kept ""ماحوليات"" (humanities) intact, as it directly translates to the field of study in Sindhi."
sc,Sardinian,Digital Humanities,Istittorìas Digitàles,"{
  ""translated_term"": ""Istittorìas Digitàles"",
  ""translation_rationale"": 
    ""I chose to translate the term as 'Istittorìas' (from Italian 'istituzioni', referring to institutions and fields of study), followed by the adjective 'Digitàles', which directly conveys the digital aspect. This combination accurately represents the field's intersection of humanities and digital scholarship, while maintaining technical precision in an academic context.""
}",2026-04-04T02:29:07.959596Z,stop,100.0,1297314578.0,[],98909750.0,llama3.1,134.0,384733750.0,1809166625.0,,,,2026-04-03 21:29:07,True,,True,,True,,False,"I chose to translate the term as 'Istittorìas' (from Italian 'istituzioni', referring to institutions and fields of study), followed by the adjective 'Digitàles', which directly conveys the digital aspect. This combination accurately represents the field's intersection of humanities and digital scholarship, while maintaining technical precision in an academic context."
sa,Sanskrit (Saṁskṛta),Digital Humanities,Dīpavikātana,"{
  ""translated_term"": ""Dīpavikātana"",
  ""translation_rationale"": ""To translate 'Digital Humanities' into Sanskrit, I have chosen to break down the term into its constituent parts. 'Digital' is translated as 'dīpa', which means light or electronic in a broad sense, and also references the digital realm of computers and technology. 'Humanities' is translated as 'vikātana', which is derived from the root 'vika-', meaning to cultivate or attend to, and '-tana', indicating a field or domain. The combination of these two parts, therefore, accurately conveys the technical precision and disciplinary significance of the term in an academic context.""
}",2026-04-04T02:29:04.124765Z,stop,148.0,2072039964.0,[],87419334.0,llama3.1,149.0,413374334.0,2614109084.0,,,,2026-04-03 21:29:04,False,डिजिटल मानविकी,True,,True,,False,"To translate 'Digital Humanities' into Sanskrit, I have chosen to break down the term into its constituent parts. 'Digital' is translated as 'dīpa', which means light or electronic in a broad sense, and also references the digital realm of computers and technology. 'Humanities' is translated as 'vikātana', which is derived from the root 'vika-', meaning to cultivate or attend to, and '-tana', indicating a field or domain. The combination of these two parts, therefore, accurately conveys the technical precision and disciplinary significance of the term in an academic context."
rw,Kinyarwanda,Digital Humanities,Urukikizigaro rwa Stima za Digitali,"{
  ""translated_term"": ""Urukikizigaro rwa Stima za Digitali"",
  ""translation_rationale"": ""I translated 'Digital Humanities' to Kinyarwanda by using the adjective form of 'digital' (rukiki) and combining it with the noun for humanities (stima). The word 'rukikizigaro' is a loanword from English, but its meaning has been adapted to fit the local linguistic context. I chose this translation because it accurately conveys the technical precision and disciplinary significance of the term in an academic setting.""
}",2026-04-04T02:28:59.483237Z,stop,119.0,1588191706.0,[],70147708.0,llama3.1,138.0,395649375.0,2088534667.0,,,,2026-04-03 21:28:59,False,Ubuhanga mu by&#39;Ikoranabuhanga,False,Ubwoko bw'Abantu,False,Ubumuntu bwa Digital,False,"I translated 'Digital Humanities' to Kinyarwanda by using the adjective form of 'digital' (rukiki) and combining it with the noun for humanities (stima). The word 'rukikizigaro' is a loanword from English, but its meaning has been adapted to fit the local linguistic context. I chose this translation because it accurately conveys the technical precision and disciplinary significance of the term in an academic setting."
ru,Russian,Digital Humanities,Дискуссионный Искусственный,"{
  ""translated_term"": ""Дискуссионный Искусственный"",
  ""translation_rationale"": ""I chose \""Дискуссионный Искусственный\"" (Diskussionnyj Isskustvennij) because it accurately conveys the academic and interdisciplinary nature of Digital Humanities in Russian. However, a more widely used term in Russia is \""Искусственные Интеллект\"" or simply \""Искусство\"" (Isskustvo), which also encompasses digital humanities aspects. To maintain technical precision and disciplinary significance, I translated it as 'Дискуссионный Искусственный', emphasizing the discussion-based and humanistic focus of Digital Humanities.""
}",2026-04-04T02:28:55.373451Z,stop,141.0,1874548996.0,[],77344875.0,llama3.1,130.0,391241291.0,2383011250.0,,Цифровые гуманитарные науки,Цифровые гуманитарные науки,2026-04-03 21:28:55,False,Цифровые гуманитарные науки,False,Цифровые гуманитарные науки,False,Цифровые гуманитарные науки,False,"I chose ""Дискуссионный Искусственный"" (Diskussionnyj Isskustvennij) because it accurately conveys the academic and interdisciplinary nature of Digital Humanities in Russian. However, a more widely used term in Russia is ""Искусственные Интеллект"" or simply ""Искусство"" (Isskustvo), which also encompasses digital humanities aspects. To maintain technical precision and disciplinary significance, I translated it as 'Дискуссионный Искусственный', emphasizing the discussion-based and humanistic focus of Digital Humanities."
ro,"Romanian, Moldavan",Digital Humanities,Umaniste Digitale,"{
  ""translated_term"": ""Umaniste Digitale"",
  ""translation_rationale"": ""The term 'Digital Humanities' is translated into Romanian as 'Umaniste Digitale', which accurately conveys the field's focus on humanities disciplines that utilize digital methods and tools. This translation preserves the technical precision of the original term, while also maintaining its disciplinary significance in an academic context.""
}",2026-04-04T02:28:50.96439Z,stop,80.0,998768538.0,[],80334042.0,llama3.1,136.0,382994958.0,1485019917.0,,,,2026-04-03 21:28:50,False,Științe Umaniste Digitale,False,Umanități digitale,False,Științe umaniste digitale,False,"The term 'Digital Humanities' is translated into Romanian as 'Umaniste Digitale', which accurately conveys the field's focus on humanities disciplines that utilize digital methods and tools. This translation preserves the technical precision of the original term, while also maintaining its disciplinary significance in an academic context."
rn,Kirundi,Digital Humanities,Kutumia Sanaa za Habari,"{
  ""translated_term"": ""Kutumia Sanaa za Habari"",
  ""translation_rationale"": ""I have translated 'Digital Humanities' into Kirundi, using the verb 'kutumia' (to use) to convey the sense of digital tools and methods being applied in a humanities context. The adjective 'sanaa' means 'art' or 'humanities', while 'za habari' means 'of information' or 'digital'. This translation aims to preserve the technical precision and disciplinary significance of the original term.""
}",2026-04-04T02:28:47.453895Z,stop,114.0,1450370207.0,[],77516583.0,llama3.1,132.0,385993333.0,1950337166.0,,,,2026-04-03 21:28:47,False,Ubumuntu bwa digitale,False,Abantu b’intagondwa,True,,False,"I have translated 'Digital Humanities' into Kirundi, using the verb 'kutumia' (to use) to convey the sense of digital tools and methods being applied in a humanities context. The adjective 'sanaa' means 'art' or 'humanities', while 'za habari' means 'of information' or 'digital'. This translation aims to preserve the technical precision and disciplinary significance of the original term."
rm,Romansh,Digital Humanities,Umanitads digitalas,"{
  ""translated_term"": ""Umanitads digitalas"",
  ""translation_rationale"": ""I have chosen to translate \""Digital Humanities\"" as \""Umanitads digitalas\"", preserving the technical precision of the original term. In Romansh, \""umanitas\"" means 'humanity' or 'human culture', and «digitalas» is derived from the Latin «digitalis», meaning 'of or pertaining to computers'. This combination accurately conveys the meaning of Digital Humanities as a field that explores the intersection of human culture with digital technologies.""
}",2026-04-04T02:28:43.479084Z,stop,114.0,1428126955.0,[],78760625.0,llama3.1,132.0,380510041.0,1920345667.0,,,,2026-04-03 21:28:43,True,,True,,True,,False,"I have chosen to translate ""Digital Humanities"" as ""Umanitads digitalas"", preserving the technical precision of the original term. In Romansh, ""umanitas"" means 'humanity' or 'human culture', and «digitalas» is derived from the Latin «digitalis», meaning 'of or pertaining to computers'. This combination accurately conveys the meaning of Digital Humanities as a field that explores the intersection of human culture with digital technologies."
qu,Quechua,Digital Humanities,Simi Suyana Kawsay Kuraqiy,"{
  ""translated_term"": ""Simi Suyana Kawsay Kuraqiy"" ,
  ""translation_rationale"":
    ""I have translated 'Digital Humanities' into Quechua by breaking down the term into its constituent parts and translating them accordingly. 

    * 'Digital': In Quechua, the word for 'digital' is not explicitly used. However, I chose to use the loanword 'Simi', which has been adopted from Spanish as a calque (loan translation) of 'digital'. This choice is justified by the fact that in academic contexts, such as computer science and information technology, the term 'simi' has become widely accepted.

    * 'Humanities': I translated this part as 'Kawsay', which means 'humanity' or 'worldly concerns', capturing the essence of what humanities studies entail. 

    * 'Studies' (or discipline): The Quechua word for 'studies' is 'Kuraqiy'. This term conveys a sense of academic inquiry and scholarly investigation, accurately conveying the meaning of 'digital humanities' in an academic context.
"" }",2026-04-04T02:28:39.532988Z,stop,232.0,4389795288.0,[],78150917.0,llama3.1,134.0,384662333.0,4920289000.0,,,,2026-04-03 21:28:39,False,Humanidades Digitales nisqa,True,,True,,False,"I have translated 'Digital Humanities' into Quechua by breaking down the term into its constituent parts and translating them accordingly. 

    * 'Digital': In Quechua, the word for 'digital' is not explicitly used. However, I chose to use the loanword 'Simi', which has been adopted from Spanish as a calque (loan translation) of 'digital'. This choice is justified by the fact that in academic contexts, such as computer science and information technology, the term 'simi' has become widely accepted.

    * 'Humanities': I translated this part as 'Kawsay', which means 'humanity' or 'worldly concerns', capturing the essence of what humanities studies entail. 

    * 'Studies' (or discipline): The Quechua word for 'studies' is 'Kuraqiy'. This term conveys a sense of academic inquiry and scholarly investigation, accurately conveying the meaning of 'digital humanities' in an academic context.
"
pt,Portuguese,Digital Humanities,Humanidades Digitais,"{
  ""translated_term"": ""Humanidades Digitais"",
  ""translation_rationale"": ""A tradução 'Humanidades Digitais' foi escolhida para preservar a precisão técnica e a relevância disciplinar do termo original. A palavra 'Digital Humanities' é frequentemente utilizada em inglês para descrever uma área de estudo interdisciplinar que combina ferramentas e métodos digitais com as humanidades tradicionais, como história, literatura e arte. A expressão portuguesa 'Humanidades Digitais' captura essa ideia de integração entre a humanidade e o digital.""
}",2026-04-04T02:28:32.593007Z,stop,138.0,1878451967.0,[],79804500.0,llama3.1,130.0,382373167.0,2380182791.0,,,Humanidades digitais,2026-04-03 21:28:32,False,Humanidades Digitais,True,,False,Humanidades Digitais,False,"A tradução 'Humanidades Digitais' foi escolhida para preservar a precisão técnica e a relevância disciplinar do termo original. A palavra 'Digital Humanities' é frequentemente utilizada em inglês para descrever uma área de estudo interdisciplinar que combina ferramentas e métodos digitais com as humanidades tradicionais, como história, literatura e arte. A expressão portuguesa 'Humanidades Digitais' captura essa ideia de integração entre a humanidade e o digital."
ps,"Pashto, Pushto",Digital Humanities,ديجیتال انځورمنځی,"{
  ""translated_term"": ""ديجیتال انځورمنځی"",
  ""translation_rationale"": ""The term 'Digital Humanities' has been translated into Pashto (Pushto) as 'ديجیتال انځورمنځی'. The choice to use the phrase 'انځورمنځی' is intentional, as it directly translates to 'humanities', which in this context refers to the academic field of study. This approach ensures that the technical precision and disciplinary significance of the original term are preserved.

The prefix 'ديجیتال' (de-jitaal) has been used to translate 'digital', drawing from modern Pashto vocabulary to convey a sense of computer-mediated or internet-related aspects. This choice acknowledges the intersection of technology with humanistic inquiry in this field.

This translation aims to accurately convey the meaning and connotation of 'Digital Humanities' within an academic context, suitable for use in scholarly publications and discussions among Pashto-speaking academics.""",2026-04-04T02:28:28.191053Z,stop,211.0,3810273961.0,[],71169708.0,llama3.1,144.0,397447750.0,4340668416.0,,,,2026-04-03 21:28:28,False,ډیجیټل انسانیتونه,True,,False,ډیجیټل انسانیتونه,False,"The term 'Digital Humanities' has been translated into Pashto (Pushto) as 'ديجیتال انځورمنځی'. The choice to use the phrase 'انځورمنځی' is intentional, as it directly translates to 'humanities', which in this context refers to the academic field of study. This approach ensures that the technical precision and disciplinary significance of the original term are preserved.

The prefix 'ديجیتال' (de-jitaal) has been used to translate 'digital', drawing from modern Pashto vocabulary to convey a sense of computer-mediated or internet-related aspects. This choice acknowledges the intersection of technology with humanistic inquiry in this field.

This translation aims to accurately convey the meaning and connotation of 'Digital Humanities' within an academic context, suitable for use in scholarly publications and discussions among Pashto-speaking academics."
pl,Polish,Digital Humanities,Humanistyczne Nauki Cyfrowe,"{
  ""translated_term"": ""Humanistyczne Nauki Cyfrowe"",
  ""translation_rationale"": ""I translated 'Digital Humanities' as 'Humanistyczne Nauki Cyfrowe' because in Polish, the word 'cyfrowe' is widely used to refer to digital or computer-related concepts. I also added the adjective 'humanistyczne' to preserve the field's disciplinary significance and connection to humanities studies. This translation should accurately convey the meaning of Digital Humanities in an academic context.""
}",2026-04-04T02:28:21.830624Z,stop,111.0,1461716919.0,[],80583250.0,llama3.1,130.0,374282500.0,1950240000.0,,,Humanistyka cyfrowa,2026-04-03 21:28:21,False,Humanistyka cyfrowa,True,,False,Humanistyka cyfrowa,False,"I translated 'Digital Humanities' as 'Humanistyczne Nauki Cyfrowe' because in Polish, the word 'cyfrowe' is widely used to refer to digital or computer-related concepts. I also added the adjective 'humanistyczne' to preserve the field's disciplinary significance and connection to humanities studies. This translation should accurately convey the meaning of Digital Humanities in an academic context."
pi,Pāli,Digital Humanities,Gāthavilāsa Sahitya,"{
  ""translated_term"": ""Gāthavilāsa Sahitya"",
  ""translation_rationale"": ""I have chosen to translate 'Digital Humanities' into Pāli by combining two words: Gāthavilāsa and Sahitya. 
  - 'Gāthavilāsa' is derived from the Pāli word for 'digital', which is 'gātha' (गाथ), referring to a collection or gathering of digital data. The suffix '-vilāsa' is inspired by the Sanskrit term 'vivarta', meaning 'digital transformation'. 
  - 'Sahitya' directly translates to 'humanities' from Sanskrit, as it has been adopted in many Indian languages, including Pāli.
  This translation aims to convey the technical precision of digital technologies applied to humanities research while being sensitive to its disciplinary significance.""
}",2026-04-04T02:28:17.85715Z,stop,185.0,3203971754.0,[],85392083.0,llama3.1,134.0,380809292.0,3721176500.0,,,,2026-04-03 21:28:17,True,,True,,True,,False,"I have chosen to translate 'Digital Humanities' into Pāli by combining two words: Gāthavilāsa and Sahitya. 
  - 'Gāthavilāsa' is derived from the Pāli word for 'digital', which is 'gātha' (गाथ), referring to a collection or gathering of digital data. The suffix '-vilāsa' is inspired by the Sanskrit term 'vivarta', meaning 'digital transformation'. 
  - 'Sahitya' directly translates to 'humanities' from Sanskrit, as it has been adopted in many Indian languages, including Pāli.
  This translation aims to convey the technical precision of digital technologies applied to humanities research while being sensitive to its disciplinary significance."
pa,"Panjabi, Punjabi",Digital Humanities,Digital Tākneek (Punjabi) / Dijitil Manuskiyāt (ਦਿੱਜਿਟਲ ਮਨੁਸ਼ੀਅਤ),"{
  ""translated_term"": ""Digital Tākneek (Punjabi) / Dijitil Manuskiyāt (ਦਿੱਜਿਟਲ ਮਨੁਸ਼ੀਅਤ)"",
  ""translation_rationale"": ""I have used a compound term 'Dijitil Tākneek' to directly translate 'Digital Humanities', maintaining the core meaning of digital and humanities. To add more specificity, I've also provided an alternative translation 'Manuskiyāt' which roughly translates to humanities or human sciences, making it clear that this is a field within humanities. This approach ensures technical precision and disciplinary significance in an academic context.""
}",2026-04-04T02:28:12.120991Z,stop,155.0,2309211787.0,[],76657583.0,llama3.1,138.0,384870167.0,2814715167.0,,,,2026-04-03 21:28:12,False,ਡਿਜੀਟਲ ਹਿਊਮੈਨਿਟੀਜ਼,True,,False,ਡਿਜੀਟਲ ਮਨੁੱਖਤਾ,False,"I have used a compound term 'Dijitil Tākneek' to directly translate 'Digital Humanities', maintaining the core meaning of digital and humanities. To add more specificity, I've also provided an alternative translation 'Manuskiyāt' which roughly translates to humanities or human sciences, making it clear that this is a field within humanities. This approach ensures technical precision and disciplinary significance in an academic context."
os,"Ossetian, Ossetic",Digital Humanities,Цифровы хуманитеты,"{
  ""translated_term"": ""Цифровы хуманитеты"",
  ""translation_rationale"": ""I've translated \""Digital Humanities\"" into Ossetian, using a combination of loanwords and adaptation to convey the technical precision and disciplinary significance. \""Цифровы\"" is derived from Russian \""цифровые\"", meaning digital or computer-based. This term has been adopted in many post-Soviet languages, including Ossetian. The second part, \""хуманитеты\"", directly translates the Russian term for Humanities, preserving its academic context and disciplinary significance.""
}",2026-04-04T02:28:07.279883Z,stop,121.0,1575736920.0,[],89294834.0,llama3.1,142.0,380079667.0,2080561917.0,,,,2026-04-03 21:28:07,False,Нымæцон гуманитарон зонæдтæ,True,,True,,False,"I've translated ""Digital Humanities"" into Ossetian, using a combination of loanwords and adaptation to convey the technical precision and disciplinary significance. ""Цифровы"" is derived from Russian ""цифровые"", meaning digital or computer-based. This term has been adopted in many post-Soviet languages, including Ossetian. The second part, ""хуманитеты"", directly translates the Russian term for Humanities, preserving its academic context and disciplinary significance."
or,Oriya,Digital Humanities,Digital Samparka Sahityika,"{
  ""translated_term"": ""Digital Samparka Sahityika"",
  ""translation_rationale"": ""I have translated \""Digital Humanities\"" into Oriya as \""Samparka\"" (digital) + \""Sahityika\"" (humanities). This choice aims to preserve the technical precision and disciplinary significance of the original term. \""Samparka\"" is a common Oriya term for digital or electronic, while \""Sahityika\"" is used to refer to humanities disciplines in general.""
}",2026-04-04T02:28:03.172423Z,stop,105.0,1324994711.0,[],82664917.0,llama3.1,132.0,383218083.0,1820571125.0,,,,2026-04-03 21:28:03,False,ଡିଜିଟାଲ୍ ମାନବିକତା,True,,False,ଡିଜିଟାଲ୍ ମାନବିକତା,False,"I have translated ""Digital Humanities"" into Oriya as ""Samparka"" (digital) + ""Sahityika"" (humanities). This choice aims to preserve the technical precision and disciplinary significance of the original term. ""Samparka"" is a common Oriya term for digital or electronic, while ""Sahityika"" is used to refer to humanities disciplines in general."
om,Oromo,Digital Humanities,Kaartaa Aadaa,"{
  ""translated_term"": ""Kaartaa Aadaa"",
  ""translation_rationale"": ""I translated 'Digital Humanities' into Oromo as \""Kaartaa Aadaa\"", following a direct and descriptive approach to convey the technical precision of the term. 

  - 'Kaarataa' is an Oromo translation for 'digital', which has become increasingly relevant in modern Oromo language due to technological advancements.
  
  - 'Aadaa' means 'humanities' or 'the humanities field' in Oromo, reflecting its academic and scholarly context.""

}",2026-04-04T02:27:59.327623Z,stop,119.0,1541644048.0,[],85985333.0,llama3.1,132.0,379915792.0,2041228833.0,,,,2026-04-03 21:27:59,False,Saayinsii Namoomaa Dijiitaalaa,False,WANTA IRRATTI HUNDAAʼE,True,,False,"I translated 'Digital Humanities' into Oromo as ""Kaartaa Aadaa"", following a direct and descriptive approach to convey the technical precision of the term. 

  - 'Kaarataa' is an Oromo translation for 'digital', which has become increasingly relevant in modern Oromo language due to technological advancements.
  
  - 'Aadaa' means 'humanities' or 'the humanities field' in Oromo, reflecting its academic and scholarly context."
oj,"Ojibwe, Ojibwa",Digital Humanities,Gikinoo'amaagookwe Waadiziinh,"{
  ""translated_term"": ""Gikinoo'amaagookwe Waadiziinh"",
  ""translation_rationale"": ""I broke down the term 'Digital Humanities' into its components to ensure an accurate and precise translation. 'Digital' was translated to 'Waadiziinh' (wa-adj-i-n), which conveys the idea of digital or electronic, as it is related to computers and technology. 'Humanities' was translated to 'Gikinoo'amaagookwe', which roughly translates to 'the study of humans' or 'human knowledge'. The term 'Gikinoo'amaagookwe Waadiziinh' captures the essence of Digital Humanities as a field that combines humanistic inquiry with digital methods and tools.""
}",2026-04-04T02:27:55.261135Z,stop,158.0,2089358422.0,[],80451542.0,llama3.1,147.0,385735333.0,2599759042.0,,,,2026-04-03 21:27:55,True,,True,,True,,False,"I broke down the term 'Digital Humanities' into its components to ensure an accurate and precise translation. 'Digital' was translated to 'Waadiziinh' (wa-adj-i-n), which conveys the idea of digital or electronic, as it is related to computers and technology. 'Humanities' was translated to 'Gikinoo'amaagookwe', which roughly translates to 'the study of humans' or 'human knowledge'. The term 'Gikinoo'amaagookwe Waadiziinh' captures the essence of Digital Humanities as a field that combines humanistic inquiry with digital methods and tools."
oc,Occitan,Digital Humanities,Umanisme digital,"{
  ""translated_term"": ""Umanisme digital"",
  ""translation_rationale"": ""In Occitan, I have combined the loanword \""digital\"" with the existing term for humanities (umanisme), which is derived from Latin. This construction preserves the technical precision and disciplinary significance of the original term.""
}",2026-04-04T02:27:50.636022Z,stop,64.0,764456958.0,[],81469791.0,llama3.1,132.0,380211916.0,1246655041.0,,,,2026-04-03 21:27:50,False,Umanitats numericas,True,,True,,False,"In Occitan, I have combined the loanword ""digital"" with the existing term for humanities (umanisme), which is derived from Latin. This construction preserves the technical precision and disciplinary significance of the original term."
ny,Chichewa; Chewa; Nyanja,Digital Humanities,,"{
  ""translated_term"": {
    ""Chichewa; Chewa; Nyanja"": ""Mawmbega ya Digitale""
  },
  ""translation_rationale"": ""I translated 'Digital Humanities' as 'Mawmbega ya Digitale'. Here's why: 
- 'Mawmbega' is the Chichewa, Chewa, and Nyanja translation of the term 'humanities', which refers to the study of human culture, history, languages, and social practices.
- 'Digitale' is added to convey the digital aspect, drawing from English loanwords that have been integrated into local languages. This construction aims to preserve the technical precision and disciplinary significance of the original term.""
}",2026-04-04T02:27:47.364902Z,stop,150.0,2237370087.0,[],79432041.0,llama3.1,150.0,425532750.0,2783184333.0,,,,2026-04-03 21:27:47,False,Zaumunthu Za digito,False,Digital Humans,False,Digital Humanities,False,
nv,"Navajo, Navaho",Digital Humanities,Diné Bikéyah Dinéeshjįʼ Kajíní,"{
  ""translated_term"": ""Diné Bikéyah Dinéeshjįʼ Kajíní"",
  ""translation_rationale"": ""I've broken down the term into its Navajo components to convey the meaning accurately. 

'Diné' means 'people', referencing the humanistic aspect of the field.

'Bikéyah' refers to 'world' or 'sphere', indicating the digital dimension.

'Dinéeshjįʼ' is derived from 'Diné' and 'ishjįʼ', meaning 'study' or 'scholarship'.

'Kajíní' is a suffix used in Navajo to indicate a specific area of study or discipline, similar to '-logy' in English.

Therefore, the translation 'Diné Bikéyah Dinéeshjįʼ Kajíní' accurately conveys the meaning of Digital Humanities as an academic field that studies human culture and expression through digital means."" }",2026-04-04T02:27:42.555722Z,stop,203.0,2973039836.0,[],78877917.0,llama3.1,138.0,381254583.0,3489124542.0,,,,2026-04-03 21:27:42,True,,True,,True,,False,"I've broken down the term into its Navajo components to convey the meaning accurately. 

'Diné' means 'people', referencing the humanistic aspect of the field.

'Bikéyah' refers to 'world' or 'sphere', indicating the digital dimension.

'Dinéeshjįʼ' is derived from 'Diné' and 'ishjįʼ', meaning 'study' or 'scholarship'.

'Kajíní' is a suffix used in Navajo to indicate a specific area of study or discipline, similar to '-logy' in English.

Therefore, the translation 'Diné Bikéyah Dinéeshjįʼ Kajíní' accurately conveys the meaning of Digital Humanities as an academic field that studies human culture and expression through digital means."
nr,South Ndebele,Digital Humanities,Ibhekele lezwe lesi Digital,"{
  ""translated_term"": ""Ibhekele lezwe lesi Digital"",
  ""translation_rationale"": ""In South Ndebele, 'ibhekele' means \""humanities\"" or \""arts\"", which is a close equivalent to the original term. Adding \""lesi\"" makes it clear that it's referring to the digital aspect, and \""Digital\"" is directly translated from English.""
}",2026-04-04T02:27:37.04036Z,stop,85.0,1032382748.0,[],75687750.0,llama3.1,138.0,384748584.0,1516854584.0,,,,2026-04-03 21:27:37,False,I-Digital Humanities,True,,True,,False,"In South Ndebele, 'ibhekele' means ""humanities"" or ""arts"", which is a close equivalent to the original term. Adding ""lesi"" makes it clear that it's referring to the digital aspect, and ""Digital"" is directly translated from English."
no,Norwegian,Digital Humanities,Digital humaniora,"{
  ""translated_term"": ""Digital humaniora"",
  ""translation_rationale"": ""I have chosen to translate the term directly, using the English phrase \""Digital\"" and then the Norwegian word for Humanities, which is \""humaniora\"". This preserves the technical precision and disciplinary significance of the original term.""
}",2026-04-04T02:27:33.501047Z,stop,66.0,796972333.0,[],85435250.0,llama3.1,130.0,389846000.0,1292143250.0,,,,2026-04-03 21:27:33,False,Digital humaniora,True,,False,Digital Humanities,False,"I have chosen to translate the term directly, using the English phrase ""Digital"" and then the Norwegian word for Humanities, which is ""humaniora"". This preserves the technical precision and disciplinary significance of the original term."
nn,Norwegian Nynorsk,Digital Humanities,Digitale humaniora,"{
  ""translated_term"": ""Digitale humaniora"",
  ""translation_rationale"": ""Jeg har valt å overføre overskriftsordet Digital Humanities direkte, siden det er veldig vanleg å bruke engelske terminologi i denne forskningsfeltet. I norsk akademisk tekst ville 'digitale humaniora' være eit godt val å overføre den tekniske prisen og faglig signifikansen til. Det norske ordet 'humaniora' er allereie i bruk i norsk akademisk tekst, og 'digital' har vore innført i norsk som et teknologisk begrep.""
}",2026-04-04T02:27:30.183493Z,stop,142.0,1966267801.0,[],79036417.0,llama3.1,136.0,383764750.0,2470081792.0,,,,2026-04-03 21:27:30,True,,True,,True,,False,"Jeg har valt å overføre overskriftsordet Digital Humanities direkte, siden det er veldig vanleg å bruke engelske terminologi i denne forskningsfeltet. I norsk akademisk tekst ville 'digitale humaniora' være eit godt val å overføre den tekniske prisen og faglig signifikansen til. Det norske ordet 'humaniora' er allereie i bruk i norsk akademisk tekst, og 'digital' har vore innført i norsk som et teknologisk begrep."
nl,Dutch,Digital Humanities,Digitale Geesteswetenschappen,"{
  ""translated_term"": ""Digitale Geesteswetenschappen"",
  ""translation_rationale"": ""Ik heb gekozen voor \""Geesteswetenschappen\"" in plaats van \""humaniora\"" om de precieze betekenis in een academisch kader te behouden. \""Digitale\"" wordt rechtstreeks toegevoegd aan het begrip Geesteswetenschappen om de nieuwe dimensie en focus van deze discipline aan te duiden.""
}",2026-04-04T02:27:25.686664Z,stop,110.0,1378989167.0,[],79488542.0,llama3.1,130.0,382155625.0,1872398417.0,,,Digitale geesteswetenschappen,2026-04-03 21:27:25,False,Digitale Geesteswetenschappen,False,Digitale geesteswetenschappen,False,Digital Humanities,False,"Ik heb gekozen voor ""Geesteswetenschappen"" in plaats van ""humaniora"" om de precieze betekenis in een academisch kader te behouden. ""Digitale"" wordt rechtstreeks toegevoegd aan het begrip Geesteswetenschappen om de nieuwe dimensie en focus van deze discipline aan te duiden."
ng,Ndonga,Digital Humanities,Ondalumbu dhaTango,"{
  ""translated_term"": ""Ondalumbu dhaTango"",
  ""translation_rationale"": 
    ""I have chosen to combine the Ndonga words for 'digital' (ondalumbu) and 'humanities' or 'arts' (dhaTango), which is a direct translation of the concept. The prefix 'o-' is used to indicate a modern, technological aspect, while 'dh-' is used to refer to the arts, literature, or humanities.""
}",2026-04-04T02:27:21.792669Z,stop,104.0,1318268876.0,[],80891667.0,llama3.1,134.0,374528333.0,1803101875.0,,,,2026-04-03 21:27:21,True,,False,Omithikampango dhaantu odha li hadhi ningitha aantu ya kale ye na ekwatathano ewanawa,True,,False,"I have chosen to combine the Ndonga words for 'digital' (ondalumbu) and 'humanities' or 'arts' (dhaTango), which is a direct translation of the concept. The prefix 'o-' is used to indicate a modern, technological aspect, while 'dh-' is used to refer to the arts, literature, or humanities."
ne,Nepali,Digital Humanities,डिजिटल मानविकी,"{
  ""translated_term"": ""डिजिटल मानविकी"",
  ""translation_rationale"": ""I used the prefix \""डिजिटल\"" (digital) to convey the intersection of technology and humanities, and then added \""मानविकी\"" (humanities) to specify the field. This preserves the technical precision and disciplinary significance of the original term.""
}",2026-04-04T02:27:17.964788Z,stop,78.0,991032625.0,[],76068458.0,llama3.1,132.0,380854583.0,1469867208.0,,,,2026-04-03 21:27:17,False,डिजिटल मानविकी,True,,False,डिजिटल मानविकी,False,"I used the prefix ""डिजिटल"" (digital) to convey the intersection of technology and humanities, and then added ""मानविकी"" (humanities) to specify the field. This preserves the technical precision and disciplinary significance of the original term."
nd,North Ndebele,Digital Humanities,Digma le Tshintshelo,"{
  ""translated_term"": ""Digma le Tshintshelo"",
  ""translation_rationale"": ""I have combined the words 'digma' (digital) and 'tshintshelo' (humanities) to create a term that accurately conveys the meaning of Digital Humanities in North Ndebele. The word 'digma' is derived from English, but it has become widely used in South African languages, including North Ndebele, to refer to digital technology and concepts. I have chosen 'tshintshelo' as the equivalent for humanities because it implies a focus on human studies, culture, and learning.""
}",2026-04-04T02:27:14.471322Z,stop,132.0,1863748828.0,[],70607708.0,llama3.1,138.0,382858625.0,2364401042.0,,,,2026-04-03 21:27:14,True,,True,,True,,False,"I have combined the words 'digma' (digital) and 'tshintshelo' (humanities) to create a term that accurately conveys the meaning of Digital Humanities in North Ndebele. The word 'digma' is derived from English, but it has become widely used in South African languages, including North Ndebele, to refer to digital technology and concepts. I have chosen 'tshintshelo' as the equivalent for humanities because it implies a focus on human studies, culture, and learning."
nb,Norwegian Bokmål,Digital Humanities,Digitale humaniora,"{
  ""translated_term"": ""Digitale humaniora"",
  ""translation_rationale"": ""Jeg valgte denne oversettelsen fordi den er vanlig brukt innen akademisk sammenheng og presiserer både det tekniske aspektet og det faglige betydningen. \""Digitale\"" er nødvendig for å angi at feltet har en digital komponent, mens \""humaniora\"" kommuniserer med den akademiske konteksten.""
}",2026-04-04T02:27:10.083003Z,stop,103.0,1358933547.0,[],73861750.0,llama3.1,138.0,397834833.0,1860983208.0,,,,2026-04-03 21:27:10,False,Digital humaniora,True,,True,,False,"Jeg valgte denne oversettelsen fordi den er vanlig brukt innen akademisk sammenheng og presiserer både det tekniske aspektet og det faglige betydningen. ""Digitale"" er nødvendig for å angi at feltet har en digital komponent, mens ""humaniora"" kommuniserer med den akademiske konteksten."
na,Nauru,Digital Humanities,E-Betaan,"{
  ""translated_term"": ""E-Betaan"",
  ""translation_rationale"": ""I've combined 'E' (electronic/computer) from the Nauruan word for computer, and 'Betaan' which means 'arts/sciences', to convey the concept of digital scholarship in humanities.""
}",2026-04-04T02:27:06.202385Z,stop,64.0,785267167.0,[],67930542.0,llama3.1,134.0,401744667.0,1275618250.0,,,,2026-04-03 21:27:06,True,,True,,True,,False,"I've combined 'E' (electronic/computer) from the Nauruan word for computer, and 'Betaan' which means 'arts/sciences', to convey the concept of digital scholarship in humanities."
my,Burmese,Digital Humanities,ဒီဂျစ်တယ် ဟာမန်ဝိဇ္ဍာန်,"{
  ""translated_term"": ""ဒီဂျစ်တယ် ဟာမန်ဝိဇ္ဍာန်"",
  ""translation_rationale"": ""I translated 'Digital Humanities' into Burmese as 'ဒီဂျစ်တယ် ဟာမန်ဝိဇ္ဍာန်', preserving the exact word order and technical precision of the original term. In Burmese, 'Digital' is translated as 'ဒီဂျစ်တယ်' (di jít tí), which directly corresponds to the English word. The second part, 'Humanities', is translated as 'ဟာမန်ဝိဇ္ဍာန်' (hàman wítsàhn), combining the Burmese words for 'human' and 'studies/sciences'. This translation aims to accurately convey the meaning of 'Digital Humanities' in an academic context, reflecting its technical precision and disciplinary significance.""
}",2026-04-04T02:27:02.904262Z,stop,270.0,6179116992.0,[],95908583.0,llama3.1,134.0,390562958.0,6747917542.0,,,,2026-04-03 21:27:02,False,ဒစ်ဂျစ်တယ် လူသားပညာ,True,,False,ဒစ်ဂျစ်တယ်လူ့ပညာ,False,"I translated 'Digital Humanities' into Burmese as 'ဒီဂျစ်တယ် ဟာမန်ဝိဇ္ဍာန်', preserving the exact word order and technical precision of the original term. In Burmese, 'Digital' is translated as 'ဒီဂျစ်တယ်' (di jít tí), which directly corresponds to the English word. The second part, 'Humanities', is translated as 'ဟာမန်ဝိဇ္ဍာန်' (hàman wítsàhn), combining the Burmese words for 'human' and 'studies/sciences'. This translation aims to accurately convey the meaning of 'Digital Humanities' in an academic context, reflecting its technical precision and disciplinary significance."
mt,Maltese,Digital Humanities,Umanitarjiċi Digitali,"{
  ""translated_term"": ""Umanitarjiċi Digitali"",
  ""translation_rationale"": ""I translated 'Digital Humanities' into Maltese by combining the two words. 'Umanitarjiċi' conveys the humanities aspect, while adding '-jìc' to the end is a common way to indicate 'digital' or related concepts in Maltese. This translation aims to preserve the technical precision and disciplinary significance of the original term.""
}",2026-04-04T02:26:54.130285Z,stop,100.0,1305750832.0,[],77255250.0,llama3.1,134.0,395765583.0,1810208250.0,,,,2026-04-03 21:26:54,False,Umanistika Diġitali,False,L-istudji umanistiċi diġitali,False,Umanistika Diġitali,False,"I translated 'Digital Humanities' into Maltese by combining the two words. 'Umanitarjiċi' conveys the humanities aspect, while adding '-jìc' to the end is a common way to indicate 'digital' or related concepts in Maltese. This translation aims to preserve the technical precision and disciplinary significance of the original term."
ms,Malay,Digital Humanities,Humaniti Digital,"{
  ""translated_term"": ""Humaniti Digital"",
  ""translation_rationale"": ""In Malay, the term 'Digital Humanities' is translated as 'Humaniti Digital'. The word 'Humaniti' retains its original meaning from the Latin 'humanitas', conveying a sense of academic and scholarly inquiry. The addition of 'Digital' indicates the field's emphasis on digital tools and methods, accurately capturing the technical precision and disciplinary significance of the term in an academic context.""
}",2026-04-04T02:26:50.299589Z,stop,96.0,1252071665.0,[],75872083.0,llama3.1,130.0,403071042.0,1757977416.0,,,,2026-04-03 21:26:50,False,Kemanusiaan Digital,True,,False,Kemanusiaan Digital,False,"In Malay, the term 'Digital Humanities' is translated as 'Humaniti Digital'. The word 'Humaniti' retains its original meaning from the Latin 'humanitas', conveying a sense of academic and scholarly inquiry. The addition of 'Digital' indicates the field's emphasis on digital tools and methods, accurately capturing the technical precision and disciplinary significance of the term in an academic context."
mr,Marathi (Marāṭhī),Digital Humanities,डिजिटल मानवशास्त्र (ḍijitaal manavaśāstra),"{
  ""translated_term"": ""डिजिटल मानवशास्त्र (ḍijitaal manavaśāstra)"",
  ""translation_rationale"": ""I translated the term using a direct approach, combining the Marathi words for 'digital' and 'humanities'. 'Digital' is translated as 'ḍijitaal', which comes from English. This word has been adopted into various Indian languages, including Marathi. For 'humanities', I used the loanword 'मानवशास्त्र' (manavaśāstra), which is commonly used in academic contexts to refer to the humanities. The phrase 'डिजिटल मानवशास्त्र' accurately conveys the meaning of Digital Humanities, emphasizing its intersection of technology and humanistic studies.""
}",2026-04-04T02:26:46.515967Z,stop,166.0,2929656245.0,[],100007625.0,llama3.1,147.0,402545791.0,3481693125.0,,,,2026-04-03 21:26:46,False,डिजिटल मानविकी,False,मानवी क्षमता,False,डिजिटल मानवता,False,"I translated the term using a direct approach, combining the Marathi words for 'digital' and 'humanities'. 'Digital' is translated as 'ḍijitaal', which comes from English. This word has been adopted into various Indian languages, including Marathi. For 'humanities', I used the loanword 'मानवशास्त्र' (manavaśāstra), which is commonly used in academic contexts to refer to the humanities. The phrase 'डिजिटल मानवशास्त्र' accurately conveys the meaning of Digital Humanities, emphasizing its intersection of technology and humanistic studies."
mn,Mongolian,Digital Humanities,Дигитал ойртсоновын уян,"{
  ""translated_term"": ""Дигитал ойртсоновын уян"",
  ""translation_rationale"": ""I translated \""Digital Humanities\"" into Mongolian by breaking down the term into its constituent parts. \""Digital\"" is represented by \""Дигитал\"", which is a direct loanword from English. \""Humanities\"" is translated as \""ойртсоновын уян\"", where \""ойртсоновын\"" refers to human knowledge and culture, and \""уян\"" means humanities or liberal arts. This translation aims to preserve the technical precision of the term by using a direct loanword for \""digital\"" and combining it with a Mongolian equivalent for \""humanities\"" that reflects its academic context.""
}",2026-04-04T02:26:41.008204Z,stop,157.0,2692705875.0,[],91943417.0,llama3.1,132.0,404942500.0,3234440084.0,,,,2026-04-03 21:26:41,False,Дижитал хүмүүнлэгийн ухаан,True,,False,Дижитал хүмүүнлэг,False,"I translated ""Digital Humanities"" into Mongolian by breaking down the term into its constituent parts. ""Digital"" is represented by ""Дигитал"", which is a direct loanword from English. ""Humanities"" is translated as ""ойртсоновын уян"", where ""ойртсоновын"" refers to human knowledge and culture, and ""уян"" means humanities or liberal arts. This translation aims to preserve the technical precision of the term by using a direct loanword for ""digital"" and combining it with a Mongolian equivalent for ""humanities"" that reflects its academic context."
ml,Malayalam,Digital Humanities,ഡിജിറ്റൽ മാനവികത,"{
  ""translated_term"": ""ഡിജിറ്റൽ മാനവികത"",
  ""translation_rationale"": ""I translated \""Digital Humanities\"" to ഡിജിറ്റൽ മാനവികത, as it is a direct translation of the term. In Malayalam, 'ഡിജിറ്റൽ' means digital and 'മാനവികത' means humanities or humanistic studies. This preserves the technical precision and disciplinary significance of the original term in an academic context.""
}",2026-04-04T02:26:35.747998Z,stop,157.0,2531121794.0,[],74742250.0,llama3.1,132.0,423799875.0,3075959708.0,,,,2026-04-03 21:26:35,False,ഡിജിറ്റൽ മാനവികത,False,മാനവരാശി,False,ഡിജിറ്റൽ ഹ്യുമാനിറ്റീസ്,False,"I translated ""Digital Humanities"" to ഡിജിറ്റൽ മാനവികത, as it is a direct translation of the term. In Malayalam, 'ഡിജിറ്റൽ' means digital and 'മാനവികത' means humanities or humanistic studies. This preserves the technical precision and disciplinary significance of the original term in an academic context."
mk,Macedonian,Digital Humanities,Дигитални уметности,"{
  ""translated_term"": ""Дигитални уметности"",
  ""translation_rationale"": ""In Macedonian, the term \""Digital Humanities\"" is translated as \""Дигитални уметности\"", which accurately conveys its meaning in an academic context. The word \""Дигитални\"" (digital) refers to the use of digital tools and methods, while \""уметности\"" (humanities) encompasses the various disciplines such as history, literature, philosophy, etc. that are studied in this field.""
}",2026-04-04T02:26:30.637283Z,stop,112.0,1602004206.0,[],79364292.0,llama3.1,132.0,381349083.0,2094967500.0,,,,2026-04-03 21:26:30,False,Дигитални хуманистички науки,False,Дигитални хуманости,False,Дигитални хуманистички науки,False,"In Macedonian, the term ""Digital Humanities"" is translated as ""Дигитални уметности"", which accurately conveys its meaning in an academic context. The word ""Дигитални"" (digital) refers to the use of digital tools and methods, while ""уметности"" (humanities) encompasses the various disciplines such as history, literature, philosophy, etc. that are studied in this field."
mi,Māori,Digital Humanities,Ngā Pūrongo Matihiko,"{
  ""translated_term"": ""Ngā Pūrongo Matihiko"",
  ""translation_rationale"": ""I've translated 'Digital Humanities' into Māori by combining two key elements. \""Ngā Pūrongo\"" is derived from the English word 'digital', with a slight modification to reflect the specific context and sound of the Māori language. It means 'of or pertaining to the digital realm'. \""Matihiko\"", on the other hand, is directly translated from 'humanities', maintaining its original meaning within an academic context.""
}",2026-04-04T02:26:26.5168Z,stop,116.0,1992157426.0,[],76268083.0,llama3.1,134.0,427391250.0,2530513708.0,,,,2026-04-03 21:26:26,False,Ngā Tikanga Mamati,True,,False,Mamati Tangata,False,"I've translated 'Digital Humanities' into Māori by combining two key elements. ""Ngā Pūrongo"" is derived from the English word 'digital', with a slight modification to reflect the specific context and sound of the Māori language. It means 'of or pertaining to the digital realm'. ""Matihiko"", on the other hand, is directly translated from 'humanities', maintaining its original meaning within an academic context."
mh,Marshallese,Digital Humanities,Ijui Ikuwaan,"{
  ""translated_term"": ""Ijui Ikuwaan"",
  ""translation_rationale"": ""In Marshallese, \u0027Ijui\u0027 means \u0027to understand\u0027 or \u0027scholarship\u0027, and \u0027Ikuwaan\u0027 is the adjective form of \u0027digital\u0027, derived from the Marshallese word for \u0027computer\u0027 or \u0027electronic\u0027. Together, they convey the meaning of an academic field that uses digital tools and methods to study humanities.""
}",2026-04-04T02:26:21.964342Z,stop,134.0,2223806243.0,[],76586792.0,llama3.1,134.0,402762292.0,2739646500.0,,,,2026-04-03 21:26:21,False,Digital Humanities,False,Ta ko Rej Wal̦o̦k ñan Armej?,True,,False,"In Marshallese, 'Ijui' means 'to understand' or 'scholarship', and 'Ikuwaan' is the adjective form of 'digital', derived from the Marshallese word for 'computer' or 'electronic'. Together, they convey the meaning of an academic field that uses digital tools and methods to study humanities."
mg,Malagasy,Digital Humanities,Fiompiana vaovao,"{
  ""translated_term"": ""Fiompiana vaovao"",
  ""translation_rationale"": ""I chose to translate 'Digital Humanities' as Fiompiana vaovao, where Fiompiana means 'digital' and Vaovao is a term used in Malagasy to refer to the humanities. This translation preserves the technical precision of the original term while adapting it to the Malagasy language.""
}",2026-04-04T02:26:17.204214Z,stop,85.0,1264901709.0,[],80465916.0,llama3.1,134.0,398249833.0,1768151208.0,,,,2026-04-03 21:26:17,False,Siansa momba ny maha-olona nomerika,False,Maha-olombelona nomerika,False,Digital Humanities,False,"I chose to translate 'Digital Humanities' as Fiompiana vaovao, where Fiompiana means 'digital' and Vaovao is a term used in Malagasy to refer to the humanities. This translation preserves the technical precision of the original term while adapting it to the Malagasy language."
lv,Latvian,Digital Humanities,Datorizētie Humanitārijas zinātnes,"{
  ""translated_term"": ""Datorizētie Humanitārijas zinātnes"",
  ""translation_rationale"": ""I translated \""Digital Humanities\"" by breaking it down into its constituent parts. \""Digital\"" is translated as \""datorizētīs\"", which conveys the idea of digital technology and computing. \""Humanities\"" is translated as \""humanitārijas zinātnes\"", where \""zinātnes\"" emphasizes the academic and scholarly nature of the field.""
}",2026-04-04T02:26:13.415751Z,stop,110.0,2135599456.0,[],72300042.0,llama3.1,134.0,413466583.0,2653202042.0,,,,2026-04-03 21:26:13,False,Digitālās humanitārās zinātnes,True,,False,Digitālās humanitārās zinātnes,False,"I translated ""Digital Humanities"" by breaking it down into its constituent parts. ""Digital"" is translated as ""datorizētīs"", which conveys the idea of digital technology and computing. ""Humanities"" is translated as ""humanitārijas zinātnes"", where ""zinātnes"" emphasizes the academic and scholarly nature of the field."
lu,Luba-Katanga,Digital Humanities,Imibale ya Kipekee,"{
  ""translated_term"": ""Imibale ya Kipekee"",
  ""translation_rationale"": ""The term \u2018Digital Humanities\u2019 can be translated as \u2018Imibale ya Kipekee\u2019, where \u2018Imibale\u2019 roughly translates to \u2018Humanities\u2019 or \u2018Social Sciences\u2019 and \u2018Kipekee\u2019 means \u2018Digital\u2019. This translation preserves the technical precision of the term by conveying its interdisciplinary and digital nature, which is central to the field.""
}",2026-04-04T02:26:08.745259Z,stop,132.0,1798466417.0,[],81286167.0,llama3.1,138.0,410271708.0,2325691209.0,,,,2026-04-03 21:26:08,True,,False,BISHINTE BYA KWIFUNDA,True,,False,"The term ‘Digital Humanities’ can be translated as ‘Imibale ya Kipekee’, where ‘Imibale’ roughly translates to ‘Humanities’ or ‘Social Sciences’ and ‘Kipekee’ means ‘Digital’. This translation preserves the technical precision of the term by conveying its interdisciplinary and digital nature, which is central to the field."
lt,Lithuanian,Digital Humanities,Daugialypis mokslai,"{
  ""translated_term"": ""Daugialypis mokslai"",
  ""translation_rationale"": ""I used the compound word \""daugialypis\"" to convey the idea of multiple disciplines (from \""duali\"", meaning \""many\"" or \""multiple\"") coming together in the field of humanities. The suffix \""-lys\"" is a common way to form nouns in Lithuanian indicating a discipline, institution, or a group of people engaged in a particular activity.""
}",2026-04-04T02:26:04.399622Z,stop,101.0,1318442334.0,[],75729917.0,llama3.1,134.0,383632167.0,1807041959.0,,,,2026-04-03 21:26:04,False,Skaitmeniniai humanitariniai mokslai,True,,False,Skaitmeniniai humanitariniai mokslai,False,"I used the compound word ""daugialypis"" to convey the idea of multiple disciplines (from ""duali"", meaning ""many"" or ""multiple"") coming together in the field of humanities. The suffix ""-lys"" is a common way to form nouns in Lithuanian indicating a discipline, institution, or a group of people engaged in a particular activity."
lo,Lao,Digital Humanities,ວິຕິກຸນທາງເຕົກໂຄດ,"{
  ""translated_term"": ""ວິຕິກຸນທາງເຕົກໂຄດ"",
  ""translation_rationale"": ""The Lao translation of 'Digital Humanities' combines the loanword 'ວິຕິກຸນ' (witsi khun) meaning 'digital', with 'ທາງ' (thang) meaning 'field' or 'discipline', and 'ເຕົກໂຄດ' (tik khok khot) meaning 'humanities'. This translation aims to preserve the technical precision of the term, highlighting its intersection between digital technology and humanities scholarship.""
}",2026-04-04T02:26:00.566932Z,stop,164.0,3184105497.0,[],81325625.0,llama3.1,132.0,396147916.0,3709679792.0,,,,2026-04-03 21:26:00,False,ມະນຸດສາດດິຈິຕອນ,True,,False,Digital Humanities,False,"The Lao translation of 'Digital Humanities' combines the loanword 'ວິຕິກຸນ' (witsi khun) meaning 'digital', with 'ທາງ' (thang) meaning 'field' or 'discipline', and 'ເຕົກໂຄດ' (tik khok khot) meaning 'humanities'. This translation aims to preserve the technical precision of the term, highlighting its intersection between digital technology and humanities scholarship."
ln,Lingala,Digital Humanities,Nkisi ya Digitale,"{
  ""translated_term"": ""Nkisi ya Digitale"",
  ""translation_rationale"": ""The term 'Digital Humanities' is translated by combining the concept of digital technology ('digitale') with the general category of humanities studies. The phrase 'nkisi' is used to convey a sense of academic or scholarly pursuit, similar to how one might refer to a particular field of study (e.g., nkisi ya leta, or political science). This approach preserves both the technical precision and disciplinary significance of the original term.""
}",2026-04-04T02:25:54.838234Z,stop,109.0,1429266117.0,[],76217083.0,llama3.1,132.0,386536292.0,1924642708.0,,,,2026-04-03 21:25:54,False,Humanités numériques,False,Biloko oyo bato bazali na yango,True,,False,"The term 'Digital Humanities' is translated by combining the concept of digital technology ('digitale') with the general category of humanities studies. The phrase 'nkisi' is used to convey a sense of academic or scholarly pursuit, similar to how one might refer to a particular field of study (e.g., nkisi ya leta, or political science). This approach preserves both the technical precision and disciplinary significance of the original term."
li,Limburgish,Digital Humanities,Digitale Geisteswissenschaften,"{
""translated_term"": ""Digitale Geisteswissenschaften"",
""translation_rationale"": ""I chose to translate \""Digital Humanities\"" as \""Digitale Geisteswissenschaften\"", following the standard German term, which is widely used in academic contexts. In Limburgish, this can be adapted to maintain technical precision and disciplinary significance. The word 'geisteswissenschaften' corresponds to the English term 'humanities', emphasizing the focus on qualitative, non-quantitative fields of study that are distinct from sciences.""
}",2026-04-04T02:25:47.189469Z,stop,108.0,1403785538.0,[],105378167.0,llama3.1,134.0,424427792.0,1964645417.0,,,,2026-04-03 21:25:47,False,Digitale geestesweitesjappe,True,,True,,False,"I chose to translate ""Digital Humanities"" as ""Digitale Geisteswissenschaften"", following the standard German term, which is widely used in academic contexts. In Limburgish, this can be adapted to maintain technical precision and disciplinary significance. The word 'geisteswissenschaften' corresponds to the English term 'humanities', emphasizing the focus on qualitative, non-quantitative fields of study that are distinct from sciences."
lg,Luganda,Digital Humanities,Omumyuka gwa Digital,"{
  ""translated_term"": ""Omumyuka gwa Digital"",
  ""translation_rationale"": ""I have used the Luganda prefix \""omu-\"" to indicate a scholar or academic in the field of digital humanities. The word \""myuka\"" roughly translates to 'humanities' in English, and adding \""digital\"" before it conveys the modern and technological aspect of this field.""
}",2026-04-04T02:25:43.204911Z,stop,82.0,1091259087.0,[],81166292.0,llama3.1,132.0,428749250.0,1624527000.0,,,,2026-04-03 21:25:43,False,Eby’obuntubulamu ebya Digital,False,Obusobozi bw'Abantu,True,,False,"I have used the Luganda prefix ""omu-"" to indicate a scholar or academic in the field of digital humanities. The word ""myuka"" roughly translates to 'humanities' in English, and adding ""digital"" before it conveys the modern and technological aspect of this field."
lb,Luxembourgish,Digital Humanities,Digitale Musekëschten,"{
  ""translated_term"": ""Digitale Musekëschten"",
  ""translation_rationale"": ""The term 'Digitale' is used to convey the digital aspect, and 'Musekëschten' is a direct translation of 'Humanities', with a slight adaptation to make it fit Luxembourgish grammar. The word 'Musek' means 'arts' or 'culture', and the suffix '-eschten' refers to the study or academic field.""
}",2026-04-04T02:25:39.559305Z,stop,98.0,1291221796.0,[],79272792.0,llama3.1,132.0,394490834.0,1794206792.0,,,,2026-04-03 21:25:39,False,Digital Humanities,True,,False,Digital Geeschteswëssenschaft,False,"The term 'Digitale' is used to convey the digital aspect, and 'Musekëschten' is a direct translation of 'Humanities', with a slight adaptation to make it fit Luxembourgish grammar. The word 'Musek' means 'arts' or 'culture', and the suffix '-eschten' refers to the study or academic field."
la,Latin,Digital Humanities,Humanitates Digitales,"{
  ""translated_term"": ""Humanitates Digitales"",
  ""translation_rationale"": ""I have translated \""Digital Humanities\"" into Latin by breaking it down into its component parts. \""Digitalis\"" is the adjective form of \""digitus,\"" meaning related to fingers or digits, and is used to describe things that are electronic or computer-based. I have paired this with the noun \""Humanitates,\"" which is derived from \""humanitas,\"" a concept in Latin referring to education, culture, or humanity. The use of the plural form \""-ates\"" indicates a discipline or field of study.""
}",2026-04-04T02:25:35.742108Z,stop,122.0,1861914916.0,[],109150792.0,llama3.1,130.0,404229667.0,2413555750.0,,Humanitates digitales,Humanitates digitales,2026-04-03 21:25:35,False,Humanitates Digitales,True,,False,Digital Humanities,False,"I have translated ""Digital Humanities"" into Latin by breaking it down into its component parts. ""Digitalis"" is the adjective form of ""digitus,"" meaning related to fingers or digits, and is used to describe things that are electronic or computer-based. I have paired this with the noun ""Humanitates,"" which is derived from ""humanitas,"" a concept in Latin referring to education, culture, or humanity. The use of the plural form ""-ates"" indicates a discipline or field of study."
ky,"Kirghiz, Kyrgyz",Digital Humanities,Дигиталдык адабият тану,"{
  ""translated_term"": ""Дигиталдык адабият тану"",
  ""translation_rationale"": ""I translated 'Digital Humanities' as \""Дигиталдык адабият тану\"". This translation is based on the official ISO code ky, which corresponds to the Kyrgyz language.

The term 'Дигиталдык' (digital) comes from the English loanword 'дигиталдык', while 'адабият тану' is a compound word meaning 'study of literature'. The word 'адабият' itself means 'literature', and 'тану' means 'knowledge' or 'study'.

In Kyrgyz, the term \""Дигиталдык адабият тану\"" accurately conveys the technical precision and disciplinary significance of 'Digital Humanities', suggesting a field of study that focuses on the intersection of digital technologies with literary studies.""
}",2026-04-04T02:25:31.302744Z,stop,194.0,3903912461.0,[],72512125.0,llama3.1,140.0,390780333.0,4425049584.0,,,,2026-04-03 21:25:31,False,Санариптик гуманитардык илимдер,True,,False,Санариптик гуманитардык илимдер,False,"I translated 'Digital Humanities' as ""Дигиталдык адабият тану"". This translation is based on the official ISO code ky, which corresponds to the Kyrgyz language.

The term 'Дигиталдык' (digital) comes from the English loanword 'дигиталдык', while 'адабият тану' is a compound word meaning 'study of literature'. The word 'адабият' itself means 'literature', and 'тану' means 'knowledge' or 'study'.

In Kyrgyz, the term ""Дигиталдык адабият тану"" accurately conveys the technical precision and disciplinary significance of 'Digital Humanities', suggesting a field of study that focuses on the intersection of digital technologies with literary studies."
kw,Cornish,Digital Humanities,Arghansethow Dhywelsydhel,"{
  ""translated_term"": ""Arghansethow Dhywelsydhel"",
  ""translation_rationale"": ""I have translated 'Digital Humanities' as 'Arghansethow Dhywelsydhel'. 
    'Arghansethow' is a compound of 'arghans' (digital, from Cornish 'a-r-g-hans', possibly related to the Latin 'argentum') and 'sethow' (humanities), conveying the idea of digital scholarship or humanities.
    'Dhywelsydhel' is derived from Cornish 'dhywel' (to cultivate) and 'sydhel' (science, knowledge), implying a cultivated or developed form of humanistic inquiry.""
}",2026-04-04T02:25:24.851337Z,stop,157.0,3204622456.0,[],72843083.0,llama3.1,132.0,406447125.0,3730628000.0,,,,2026-04-03 21:25:24,True,,True,,True,,False,"I have translated 'Digital Humanities' as 'Arghansethow Dhywelsydhel'. 
    'Arghansethow' is a compound of 'arghans' (digital, from Cornish 'a-r-g-hans', possibly related to the Latin 'argentum') and 'sethow' (humanities), conveying the idea of digital scholarship or humanities.
    'Dhywelsydhel' is derived from Cornish 'dhywel' (to cultivate) and 'sydhel' (science, knowledge), implying a cultivated or developed form of humanistic inquiry."
kv,Komi,Digital Humanities,Digitala humanitari,"{
  ""translated_term"": ""Digitala humanitari"",
  ""translation_rationale"": ""I've translated \""Digital Humanities\"" into Komi by combining the loanwords \""digitala\"" (from Finnish \""digitaalinen\"", meaning digital) and \""humanitari\"" (from Swedish \""humanistisk\"", influenced by Russian \""гуманитарный\"") to create a term that accurately conveys its meaning in an academic context. The choice of words reflects the borrowing of technical terms from other languages, a common practice in Komi language development.""
}",2026-04-04T02:25:19.102105Z,stop,116.0,1676626413.0,[],78699084.0,llama3.1,132.0,425647833.0,2214404334.0,,,,2026-04-03 21:25:19,False,Цифрӧвӧй гуманитарнӧй наукаяс,True,,True,,False,"I've translated ""Digital Humanities"" into Komi by combining the loanwords ""digitala"" (from Finnish ""digitaalinen"", meaning digital) and ""humanitari"" (from Swedish ""humanistisk"", influenced by Russian ""гуманитарный"") to create a term that accurately conveys its meaning in an academic context. The choice of words reflects the borrowing of technical terms from other languages, a common practice in Komi language development."
ku,Kurdish,Digital Humanities,Bingehên nûjenî,"{
  ""translated_term"": ""Bingehên nûjenî"",
  ""translation_rationale"": ""The term 'Digital Humanities' combines two concepts: 'digital' (nûjen) and 'humanities' (bingehên). I chose to translate it as 'Bingehên nûjenî' to preserve its technical precision and disciplinary significance in an academic context. In Kurdish, 'nûjen' is a common prefix used to describe digital or new technologies, and 'bingehên' is the plural form of 'bineh', meaning humanities or human sciences.""
}",2026-04-04T02:25:14.864283Z,stop,123.0,1654551705.0,[],75948875.0,llama3.1,130.0,389195708.0,2155412583.0,,,,2026-04-03 21:25:14,False,Mirovahiyên Dîjîtal,True,,False,Humanities dîjîtal,False,"The term 'Digital Humanities' combines two concepts: 'digital' (nûjen) and 'humanities' (bingehên). I chose to translate it as 'Bingehên nûjenî' to preserve its technical precision and disciplinary significance in an academic context. In Kurdish, 'nûjen' is a common prefix used to describe digital or new technologies, and 'bingehên' is the plural form of 'bineh', meaning humanities or human sciences."
ks,Kashmiri,Digital Humanities,Digital Humaniyat,"{
  ""translated_term"": ""Digital Humaniyat"",
  ""translation_rationale"": ""In Kashmiri, I have combined the English term 'Digital' with the concept of 'Humaniyat', which is a direct loanword from Arabic \""Humanity\"". This term accurately conveys the idea of interdisciplinary and humanities-focused digital scholarship in an academic context.""
}",2026-04-04T02:25:10.684797Z,stop,75.0,906518624.0,[],64962750.0,llama3.1,132.0,408789083.0,1401826750.0,,,,2026-04-03 21:25:10,True,,True,,True,,False,"In Kashmiri, I have combined the English term 'Digital' with the concept of 'Humaniyat', which is a direct loanword from Arabic ""Humanity"". This term accurately conveys the idea of interdisciplinary and humanities-focused digital scholarship in an academic context."
kr,Kanuri,Digital Humanities,Taī́ ēmōhō̅ñ,"{
  ""translated_term"": ""Ta\u012b\u0301 \u0113m\u014dh\u014d\u0305n\u0303"",
  ""translation_rationale"": ""I translated 'Digital Humanities' by using the Kanuri equivalent for 'digital' (\u01c4\u0301\u0301) which is a loanword from Hausa, and combining it with the concept of \u0113m\u014dh\u014d\u0305n\u0303 (humanities), which is borrowed from Arabic.""
}",2026-04-04T02:25:07.268061Z,stop,114.0,1564711881.0,[],73559875.0,llama3.1,132.0,408750208.0,2078287958.0,,,,2026-04-03 21:25:07,False,Ilmu adamganabe zamanbe,True,,True,,False,"I translated 'Digital Humanities' by using the Kanuri equivalent for 'digital' (Ǆ́́) which is a loanword from Hausa, and combining it with the concept of ēmōhō̅ñ (humanities), which is borrowed from Arabic."
ko,Korean,Digital Humanities,디지털 인문학,"{
  ""translated_term"": ""디지털 인문학"",
  ""translation_rationale"": ""디지털 (digital)과 인문학 (humanities)의 조합은 기술적 정밀성과 학문적 중요성을 유지하기 위해 정확히 번역됩니다. '인문학' 단어는 한국어로 '인문학' (, insaekhak) 또는 '인문과학' (, inmunhaksaeng)으로 번역될 수 있지만, 이 경우에선 더 일반적으로 사용되는 '인문학'을 선택했습니다.""
}",2026-04-04T02:25:03.149812Z,stop,126.0,1696960416.0,[],92512167.0,llama3.1,130.0,410150000.0,2237243250.0,,디지털 인문학,디지털 인문학,2026-04-03 21:25:03,False,디지털 인문학,True,,False,디지털 인문학,False,"디지털 (digital)과 인문학 (humanities)의 조합은 기술적 정밀성과 학문적 중요성을 유지하기 위해 정확히 번역됩니다. '인문학' 단어는 한국어로 '인문학' (, insaekhak) 또는 '인문과학' (, inmunhaksaeng)으로 번역될 수 있지만, 이 경우에선 더 일반적으로 사용되는 '인문학'을 선택했습니다."
kn,Kannada,Digital Humanities,ಡಿಜಿಟಲ್ ಮಾನವಶಾಸ್ತ್ರ,"{
  ""translated_term"": ""ಡಿಜಿಟಲ್ ಮಾನವಶಾಸ್ತ್ರ"",
  ""translation_rationale"": ""In Kannada, 'ಡಿಜಿಟಲ್' (Digital) is derived from the English loanword, while 'ಮಾನವಶಾಸ್ತ್ರ' (Humanities) is a direct translation of the Sanskrit word 'ಮಾನವ ಶಾಸ್ತ್ರ'. This combination accurately conveys the technical precision and disciplinary significance of the term in an academic context.""
}",2026-04-04T02:24:58.885753Z,stop,165.0,2935060584.0,[],78376333.0,llama3.1,132.0,383883958.0,3441142208.0,,,,2026-04-03 21:24:58,False,ಡಿಜಿಟಲ್ ಮಾನವಿಕಗಳು,True,,False,ಡಿಜಿಟಲ್ ಹ್ಯುಮಾನಿಟೀಸ್,False,"In Kannada, 'ಡಿಜಿಟಲ್' (Digital) is derived from the English loanword, while 'ಮಾನವಶಾಸ್ತ್ರ' (Humanities) is a direct translation of the Sanskrit word 'ಮಾನವ ಶಾಸ್ತ್ರ'. This combination accurately conveys the technical precision and disciplinary significance of the term in an academic context."
km,Khmer,Digital Humanities,ប្រព័ន្ធទូរទស្សន៍វិទ្យា,"{
  ""translated_term"": ""ប្រព័ន្ធទូរទស្សន៍វិទ្យា"",
  ""translation_rationale"": ""I've translated 'Digital Humanities' into Khmer by combining two words: 'ប្រព័ន្ធ' (praphanot, meaning 'digital' or 'system') and 'ទូរទស្សន៍វិទ្យា' (tūrdasànnaya, a direct translation of 'Humanities' with the addition of 'ទូរ', meaning 'digital'). This combination accurately conveys the technical and disciplinary precision of the original term in an academic context.""
}",2026-04-04T02:24:53.424794Z,stop,176.0,3037367501.0,[],77235291.0,llama3.1,132.0,382336958.0,3544971875.0,,,,2026-04-03 21:24:53,False,មនុស្សសាស្ត្រឌីជីថល,True,,False,មនុស្សធម៌ឌីជីថល។,False,"I've translated 'Digital Humanities' into Khmer by combining two words: 'ប្រព័ន្ធ' (praphanot, meaning 'digital' or 'system') and 'ទូរទស្សន៍វិទ្យា' (tūrdasànnaya, a direct translation of 'Humanities' with the addition of 'ទូរ', meaning 'digital'). This combination accurately conveys the technical and disciplinary precision of the original term in an academic context."
kl,Kalaallisut,Digital Humanities,Nunilersuit Ulluminniarfik,"{
""translated_term"": ""Nunilersuit Ulluminniarfik"",
""translation_rationale"": ""I've chosen to translate 'Digital Humanities' as 'Nunilersuit Ulluminniarfik', which combines two key Kalaallisut words. 'Nunilersuit' is derived from 'nuna', meaning 'land' or 'earth', and 'lersuit', which means 'digital' or 'computer-based'. This choice reflects the field's focus on digital technologies and their application to humanistic studies. 'Ulluminniarfik' comes from 'ullu', meaning 'culture', 'people', or 'human', and 'minniarfik', which denotes a place of study, knowledge, or scholarship. Together, they form a term that accurately conveys the interdisciplinary nature of Digital Humanities in an academic context.""
}",2026-04-04T02:24:47.855472Z,stop,173.0,2831323208.0,[],71719250.0,llama3.1,136.0,382198334.0,3336396000.0,,,,2026-04-03 21:24:47,False,Digitalimik inuussutissarsiorneq,True,,True,,False,"I've chosen to translate 'Digital Humanities' as 'Nunilersuit Ulluminniarfik', which combines two key Kalaallisut words. 'Nunilersuit' is derived from 'nuna', meaning 'land' or 'earth', and 'lersuit', which means 'digital' or 'computer-based'. This choice reflects the field's focus on digital technologies and their application to humanistic studies. 'Ulluminniarfik' comes from 'ullu', meaning 'culture', 'people', or 'human', and 'minniarfik', which denotes a place of study, knowledge, or scholarship. Together, they form a term that accurately conveys the interdisciplinary nature of Digital Humanities in an academic context."
kk,Kazakh,Digital Humanities,Дидгиалдық адабиеттану,"{
  ""translated_term"": ""Дидгиалдық адабиеттану"",
  ""translation_rationale"": ""I chose to translate \""Digital Humanities\"" as \""Дидгиалдық адабиеттану\"" because it preserves the technical precision and disciplinary significance of the term. \""Диджи\"" (di-jee) is a loanword from English, representing the concept of digital technology. I combined it with the Kazakh word for humanities, \""адабиеттану\"", to convey the academic field or scholarly concept that Digital Humanities represents.""
}",2026-04-04T02:24:42.49479Z,stop,123.0,1686155373.0,[],94244542.0,llama3.1,132.0,379889375.0,2195643625.0,,,,2026-04-03 21:24:42,False,Сандық гуманитарлық ғылымдар,True,,False,Сандық гуманитарлық ғылымдар,False,"I chose to translate ""Digital Humanities"" as ""Дидгиалдық адабиеттану"" because it preserves the technical precision and disciplinary significance of the term. ""Диджи"" (di-jee) is a loanword from English, representing the concept of digital technology. I combined it with the Kazakh word for humanities, ""адабиеттану"", to convey the academic field or scholarly concept that Digital Humanities represents."
kj,"Kwanyama, Kuanyama",Digital Humanities,Omwana wa Teknolojia wa Uhumunhu,"{
  ""translated_term"": ""Omwana wa Teknolojia wa Uhumunhu"",
  ""translation_rationale"": ""The translation combines two words to convey the meaning of Digital Humanities. 'Omwana' means 'child' or 'newcomer', but in an academic context, it can also mean a discipline or field that is emerging and evolving. It's used here as a direct translation for 'Digital'. 'wa Teknolojia' specifically translates 'digital' to convey the technical aspect of the term. 'Uhumunhu' comes from the phrase 'mwenye umuhimu', meaning 'of importance' or 'of significance', but it's commonly used in academic contexts to translate 'humanities' as a field of study that values human culture and experience.""
}",2026-04-04T02:24:38.273192Z,stop,163.0,2611417369.0,[],81802792.0,llama3.1,142.0,376655875.0,3123033334.0,,,,2026-04-03 21:24:38,True,,False,Kala u na etaleko liwa li na sha novanhu,True,,False,"The translation combines two words to convey the meaning of Digital Humanities. 'Omwana' means 'child' or 'newcomer', but in an academic context, it can also mean a discipline or field that is emerging and evolving. It's used here as a direct translation for 'Digital'. 'wa Teknolojia' specifically translates 'digital' to convey the technical aspect of the term. 'Uhumunhu' comes from the phrase 'mwenye umuhimu', meaning 'of importance' or 'of significance', but it's commonly used in academic contexts to translate 'humanities' as a field of study that values human culture and experience."
ki,"Kikuyu, Gikuyu",Digital Humanities,Mugo wa Kijamii,"{
  ""translated_term"": ""Mugo wa Kijamii"",
  ""translation_rationale"": ""I translated 'Digital Humanities' as 'Mugo wa Kijamii'. I chose this phrase because 'mugo' means 'digital' or 'computer-related', and 'kijamii' means 'humanities' or 'arts and social sciences'. This combination accurately conveys the meaning of Digital Humanities in an academic context, capturing its technical precision as a field that combines digital methods with humanities research.""
}",2026-04-04T02:24:33.126427Z,stop,107.0,1414977459.0,[],79988291.0,llama3.1,142.0,389163542.0,1913896000.0,,,,2026-04-03 21:24:33,True,,True,,True,,False,"I translated 'Digital Humanities' as 'Mugo wa Kijamii'. I chose this phrase because 'mugo' means 'digital' or 'computer-related', and 'kijamii' means 'humanities' or 'arts and social sciences'. This combination accurately conveys the meaning of Digital Humanities in an academic context, capturing its technical precision as a field that combines digital methods with humanities research."
kg,Kongo,Digital Humanities,Nkisi ya Biti,"{
  ""translated_term"": ""Nkisi ya Biti"",
  ""translation_rationale"": ""I have chosen to use the prefix 'Nkisi' (meaning \""power,\"" \""energy,\"" or \""spirit\"" in Kongo) to convey the concept of a field or scholarly discipline that is empowered by digital tools and methods. The term 'ya Biti' (literally, \""of the computer\"") emphasizes the connection between digital technologies and the Humanities.""
}",2026-04-04T02:24:29.18628Z,stop,96.0,1319286211.0,[],69284875.0,llama3.1,132.0,405313916.0,1820962792.0,,,,2026-04-03 21:24:29,False,Bantu ya Dijital,False,Mambu ya Mfunu Yina Bantu Ketudilaka Ntima,True,,False,"I have chosen to use the prefix 'Nkisi' (meaning ""power,"" ""energy,"" or ""spirit"" in Kongo) to convey the concept of a field or scholarly discipline that is empowered by digital tools and methods. The term 'ya Biti' (literally, ""of the computer"") emphasizes the connection between digital technologies and the Humanities."
ka,Georgian,Digital Humanities,საზოგადოებრივი ჰუმანიტარიზმი,"{
  ""translated_term"": ""საზოგადოებრივი ჰუმანიტარიზმი"",
  ""translation_rationale"": ""In Georgian, I used the loanword \""საზოგადოებრივი\"" (sazogadobrivili), which means 'public' or 'social', to convey the idea of an interdisciplinary field that is open to collaboration and community engagement. I combined it with \""ჰუმანიტარიზმი\"" (humantiarizmi), which is a loanword from English, to emphasize its humanistic focus. This translation accurately conveys the technical precision and disciplinary significance of Digital Humanities in an academic context.""
}",2026-04-04T02:24:25.342788Z,stop,218.0,3804807129.0,[],70834333.0,llama3.1,130.0,390317500.0,4323246666.0,,,,2026-04-03 21:24:25,False,ციფრული ჰუმანიტარული მეცნიერებები,True,,False,ციფრული ჰუმანიტარული,False,"In Georgian, I used the loanword ""საზოგადოებრივი"" (sazogadobrivili), which means 'public' or 'social', to convey the idea of an interdisciplinary field that is open to collaboration and community engagement. I combined it with ""ჰუმანიტარიზმი"" (humantiarizmi), which is a loanword from English, to emphasize its humanistic focus. This translation accurately conveys the technical precision and disciplinary significance of Digital Humanities in an academic context."
jv,Javanese,Digital Humanities,Kawruh Digital,"{
  ""translated_term"": ""Kawruh Digital"",
  ""translation_rationale"": ""I chose \'Kawruh\' to convey the sense of academic knowledge or scholarship, as it is commonly used in Javanese to refer to intellectual pursuits. \'Digital\' is translated literally as \"", which refers to anything related to computers or technology. This translation aims to preserve the technical precision and disciplinary significance of the original term.""
}",2026-04-04T02:24:19.001575Z,stop,88.0,1120809255.0,[],101469250.0,llama3.1,135.0,386900750.0,1634649584.0,,,,2026-04-03 21:24:19,False,Humaniora Digital,True,,False,Kamanungsan Digital,False,"I chose 'Kawruh' to convey the sense of academic knowledge or scholarship, as it is commonly used in Javanese to refer to intellectual pursuits. 'Digital' is translated literally as "", which refers to anything related to computers or technology. This translation aims to preserve the technical precision and disciplinary significance of the original term."
iu,Inuktitut,Digital Humanities,ᓄᐊᕗᒃ ᑭᖅᑎᔨᓂᕐᒥᒃ,"{
  ""translated_term"": ""ᓄᐊᕗᒃ ᑭᖅᑎᔨᓂᕐᒥᒃ"",
  ""translation_rationale"": ""I used the compound noun \""ᓄᐊᕗᒃ\"" to convey 'digital' as a descriptive term, drawing from the root \""ᓄᐊᕗ-\"", which is associated with technology and modernity. The second part of the translation, \""ᑭᖅᑎᔨᓂᕐᒥᒃ\"", comes from the root \""ᑭᖅᑎ-\"" meaning 'humanities' or 'arts', which is commonly used in Inuktitut to refer to the study of language, literature, and culture. By combining these roots, I aimed to preserve the technical precision and disciplinary significance of the term in an academic context.""
}",2026-04-04T02:24:11.302865Z,stop,210.0,4596812457.0,[],74863375.0,llama3.1,137.0,402106917.0,5135189334.0,,,,2026-04-03 21:24:11,False,ᖃᕆᑕᐅᔭᒃᑯᑦ ᐃᓄᓕᕆᓂᕐᒧᑦ,True,,True,,False,"I used the compound noun ""ᓄᐊᕗᒃ"" to convey 'digital' as a descriptive term, drawing from the root ""ᓄᐊᕗ-"", which is associated with technology and modernity. The second part of the translation, ""ᑭᖅᑎᔨᓂᕐᒥᒃ"", comes from the root ""ᑭᖅᑎ-"" meaning 'humanities' or 'arts', which is commonly used in Inuktitut to refer to the study of language, literature, and culture. By combining these roots, I aimed to preserve the technical precision and disciplinary significance of the term in an academic context."
it,Italian,Digital Humanities,Umanesimo Digitale,"{
  ""translated_term"": ""Umanesimo Digitale"",
  ""translation_rationale"": ""The term 'Digital Humanities' is translated into Italian as 'Umanesimo Digitale'. This choice preserves the technical precision and disciplinary significance of the original term. 'Umanesimo' is used instead of 'umanistica' to convey a sense of interdisciplinary study, while 'Digitale' clearly indicates the digital aspect. This translation is commonly used in Italian academic contexts.""
}",2026-04-04T02:24:04.148435Z,stop,99.0,1260074370.0,[],78070125.0,llama3.1,130.0,410359083.0,1776783375.0,,Informatica umanistica,Informatica umanistica,2026-04-03 21:24:04,False,Discipline umanistiche digitali,False,Digital Humanities,False,Scienze umanistiche digitali,False,"The term 'Digital Humanities' is translated into Italian as 'Umanesimo Digitale'. This choice preserves the technical precision and disciplinary significance of the original term. 'Umanesimo' is used instead of 'umanistica' to convey a sense of interdisciplinary study, while 'Digitale' clearly indicates the digital aspect. This translation is commonly used in Italian academic contexts."
is,Icelandic,Digital Humanities,Digiárfræði,"{
  ""translated_term"": ""Digiárfræði"",
  ""translation_rationale"": ""I used the prefix 'digi-' (digital) and combined it with the word 'árfræði' (humanities or liberal arts), which is commonly used in Icelandic to refer to this field of study. This translation accurately conveys the technical precision and disciplinary significance of the term.""
}",2026-04-04T02:24:00.348983Z,stop,84.0,1022342210.0,[],78283500.0,llama3.1,130.0,422373125.0,1547344792.0,,,,2026-04-03 21:24:00,False,Stafræn hugvísindi,False,Stafræn mannvera,False,Stafræn hugvísindi,False,"I used the prefix 'digi-' (digital) and combined it with the word 'árfræði' (humanities or liberal arts), which is commonly used in Icelandic to refer to this field of study. This translation accurately conveys the technical precision and disciplinary significance of the term."
io,Ido,Digital Humanities,Digitala Humanistiko,"{
  ""translated_term"": ""Digitala Humanistiko"",
  ""translation_rationale"": ""I used the prefix 'digital-' to indicate the technological aspect, and 'humanistiko' as a noun formed from humanismo, which is the Ido equivalent of humanities. This preserves both technical precision and disciplinary significance.""
}",2026-04-04T02:23:56.777295Z,stop,67.0,855648708.0,[],81714750.0,llama3.1,132.0,431373542.0,1388077500.0,,,,2026-04-03 21:23:56,True,,True,,True,,False,"I used the prefix 'digital-' to indicate the technological aspect, and 'humanistiko' as a noun formed from humanismo, which is the Ido equivalent of humanities. This preserves both technical precision and disciplinary significance."
ik,Inupiaq,Digital Humanities,Aglukatigiqtiqarvik,"{
  ""translated_term"": ""Aglukatigiqtiqarvik"",
  ""translation_rationale"": ""I've chosen to use the Inupiaq term 'Aglukatigiqtiqarvik' as it conveys the meaning of 'digital humanities' in an academic context. The word 'agluqatiq' (plur. aglukatit) refers to a thing that is related to or concerning digital technology, whereas 'qarvik' means scholarly pursuit or discipline. Together, they signify an area of study that focuses on the intersection of digital tools and methods with humanistic inquiry.""
}",2026-04-04T02:23:53.363628Z,stop,132.0,2739094450.0,[],73457959.0,llama3.1,136.0,393258833.0,3244406584.0,,,,2026-04-03 21:23:53,True,,True,,True,,False,"I've chosen to use the Inupiaq term 'Aglukatigiqtiqarvik' as it conveys the meaning of 'digital humanities' in an academic context. The word 'agluqatiq' (plur. aglukatit) refers to a thing that is related to or concerning digital technology, whereas 'qarvik' means scholarly pursuit or discipline. Together, they signify an area of study that focuses on the intersection of digital tools and methods with humanistic inquiry."
ii,Nuosu,Digital Humanities,Caxɨdək sɯb si,"{
  ""translated_term"": ""Caxɨdək sɯb si"",
  ""translation_rationale"": ""In Nuosu, 'Caxɨdək' is a loanword derived from the Chinese character for 'digital', and it has become commonly used in the language to refer to digital technology. 'Sɯb si' means 'humanities' or 'arts'. Together, they form a phrase that accurately conveys the meaning of Digital Humanities as an academic field.""
}",2026-04-04T02:23:48.101792Z,stop,106.0,1440393918.0,[],77955875.0,llama3.1,132.0,412959292.0,1962481583.0,,,,2026-04-03 21:23:48,True,,True,,True,,False,"In Nuosu, 'Caxɨdək' is a loanword derived from the Chinese character for 'digital', and it has become commonly used in the language to refer to digital technology. 'Sɯb si' means 'humanities' or 'arts'. Together, they form a phrase that accurately conveys the meaning of Digital Humanities as an academic field."
ig,Igbo,Digital Humanities,Ụkpụrụ Ọnọdụ Digital,"{
  ""translated_term"": ""Ụkpụrụ Ọnọdụ Digital"",
  ""translation_rationale"": ""I translated 'Digital Humanities' as 'Ụkpụrụ Ọnọdụ Digital' by breaking it down into its component parts: 'Ụkpụrụ' (digital) and 'Ọnọdụ' (humanities). The term 'Ụkpụrụ' captures the digital aspect, while 'Ọnọdụ' conveys the humanities part. This translation aims to preserve the technical precision and disciplinary significance of the original term.""
}",2026-04-04T02:23:44.116653Z,stop,131.0,3198207502.0,[],76846500.0,llama3.1,132.0,394709375.0,3708296250.0,,,,2026-04-03 21:23:44,False,Ụmụ mmadụ dijitalụ,False,Ihe Ùgwù Ụmụ Mmadụ,False,Digital Humanities,False,"I translated 'Digital Humanities' as 'Ụkpụrụ Ọnọdụ Digital' by breaking it down into its component parts: 'Ụkpụrụ' (digital) and 'Ọnọdụ' (humanities). The term 'Ụkpụrụ' captures the digital aspect, while 'Ọnọdụ' conveys the humanities part. This translation aims to preserve the technical precision and disciplinary significance of the original term."
ie,Interlingue,Digital Humanities,Humanitates Digital,"{
  ""translated_term"": ""Humanitates Digital"",
  ""translation_rationale"": ""The term 'Digital Humanities' requires a direct and clear translation to preserve its technical precision. I have chosen 'Humanitates Digital' as it accurately conveys the idea of combining traditional humanities disciplines with digital methods and tools. The adjective 'digital' is placed before the noun 'humanitates', following Interlingue's grammatical structure, to emphasize the intersection between the two fields.""
}",2026-04-04T02:23:38.38382Z,stop,96.0,1426127376.0,[],79612458.0,llama3.1,134.0,438128125.0,1971626791.0,,,,2026-04-03 21:23:38,True,,True,,True,,False,"The term 'Digital Humanities' requires a direct and clear translation to preserve its technical precision. I have chosen 'Humanitates Digital' as it accurately conveys the idea of combining traditional humanities disciplines with digital methods and tools. The adjective 'digital' is placed before the noun 'humanitates', following Interlingue's grammatical structure, to emphasize the intersection between the two fields."
id,Indonesian,Digital Humanities,Humaniora Digital,"{
  ""translated_term"": ""Humaniora Digital"",
  ""translation_rationale"": ""Pemilihan kata benda \""Humaniora\"" untuk memberikan konteks akademis yang sesuai, karena Humaniora adalah suatu bidang studi di Indonesia yang mencakup studi sastra, sejarah, dan budaya lainnya. Menggunakan kata \""Digital\"" untuk mengindikasikan bahwa ini adalah bidang studi yang berhubungan dengan teknologi digital.""
}",2026-04-04T02:23:34.388501Z,stop,100.0,1498449204.0,[],71648459.0,llama3.1,130.0,403130250.0,2001688667.0,,,Humaniora digital,2026-04-03 21:23:34,False,Humaniora Digital,False,Humanities Digital,False,Digital Humaniora,False,"Pemilihan kata benda ""Humaniora"" untuk memberikan konteks akademis yang sesuai, karena Humaniora adalah suatu bidang studi di Indonesia yang mencakup studi sastra, sejarah, dan budaya lainnya. Menggunakan kata ""Digital"" untuk mengindikasikan bahwa ini adalah bidang studi yang berhubungan dengan teknologi digital."
ia,Interlingua,Digital Humanities,Humanitates Digital,"{
  ""translated_term"": ""Humanitates Digital"",
  ""translation_rationale"": ""I have translated 'Digital Humanities' into Interlingua by following a literal and componential approach. 'Digital' is rendered as 'digital' since it's an adjective that describes the field, whereas 'Humanities' is translated to 'humanitates', using the Latin-derived form which is more commonly used in academic contexts in Interlingua.""
}",2026-04-04T02:23:30.365605Z,stop,89.0,1412383455.0,[],70716916.0,llama3.1,134.0,399756167.0,1908455916.0,,,,2026-04-03 21:23:30,True,,True,,True,,False,"I have translated 'Digital Humanities' into Interlingua by following a literal and componential approach. 'Digital' is rendered as 'digital' since it's an adjective that describes the field, whereas 'Humanities' is translated to 'humanitates', using the Latin-derived form which is more commonly used in academic contexts in Interlingua."
hz,Herero,Digital Humanities,Omutima gwi Omunhu,"{
  ""translated_term"": ""Omutima gwi Omunhu"",
  ""translation_rationale"": ""I chose to break down the term into its components, using 'Omunitima' (digital) and 'Omunhu' (humanities). This approach preserves the technical precision of the original term, while also conveying its disciplinary significance in an academic context. The Herero language does not have a direct equivalent for the term 'Humanities', so I used 'Omunhu' to convey the sense of intellectual pursuit or study of human culture.""
}",2026-04-04T02:23:26.436112Z,stop,115.0,1724486211.0,[],109195000.0,llama3.1,133.0,393994583.0,2261965250.0,,,,2026-04-03 21:23:26,True,,True,,True,,False,"I chose to break down the term into its components, using 'Omunitima' (digital) and 'Omunhu' (humanities). This approach preserves the technical precision of the original term, while also conveying its disciplinary significance in an academic context. The Herero language does not have a direct equivalent for the term 'Humanities', so I used 'Omunhu' to convey the sense of intellectual pursuit or study of human culture."
hy,Armenian,Digital Humanities,Համակարգային Գեղարվեստական Իրականություն,"{
  ""translated_term"": ""Համակարգային Գեղարվեստական Իրականություն"",
  ""translation_rationale"": ""I translated 'Digital Humanities' into Armenian, using a combination of the loanword approach and calquing to preserve technical precision. 'Համակարգային' (hamakaryan) translates 'digital', as it is a direct loan from English. 'Գեղարվեստական' (gegharvestakan) means 'artistic' or 'creative', which conveys the humanities aspect, and 'Իրականություն' (irakanut'yun) translates 'humanities'. This translation maintains disciplinary significance by using terms that reflect the field's intersection of technology and arts.""
}",2026-04-04T02:23:22.147266Z,stop,245.0,6445058086.0,[],79264750.0,llama3.1,130.0,398985375.0,7004018375.0,,,Թվային հումանիտար գիտություններ,2026-04-03 21:23:22,False,Թվային հումանիտար գիտություններ,False,Դժբախտ մարդիկ,False,Թվային հումանիտար գիտություններ,False,"I translated 'Digital Humanities' into Armenian, using a combination of the loanword approach and calquing to preserve technical precision. 'Համակարգային' (hamakaryan) translates 'digital', as it is a direct loan from English. 'Գեղարվեստական' (gegharvestakan) means 'artistic' or 'creative', which conveys the humanities aspect, and 'Իրականություն' (irakanut'yun) translates 'humanities'. This translation maintains disciplinary significance by using terms that reflect the field's intersection of technology and arts."
hu,Hungarian,Digital Humanities,Digitális Tudományosság,"{
  ""translated_term"": ""Digitális Tudományosság"",
  ""translation_rationale"": ""A 'digitális tudományosság' kifejezést úgy fordítottam, hogy megmaradjon a szakmai pontosság és jelentőség. A 'digitális' módosítószót úgy helyeztem el, hogy a magyar nyelvben elterjedt 'számítógépes' vagy 'kiber' előtaggal ellátott kifejezésektől megkülönböztesse a fordítás. A 'tudományosság' szót ebben a kontextusban használva azonosulok a kutatás, a tanulmányozás és a tanácsadás tudományos módszereinek értelmezésével.""
}",2026-04-04T02:23:13.120204Z,stop,200.0,5178004962.0,[],75934417.0,llama3.1,130.0,406945500.0,5722291542.0,,,Digitális bölcsészet,2026-04-03 21:23:13,False,Digitális humán tudományok,False,Digitális bölcsészettudományok,False,Digitális Bölcsészet,False,"A 'digitális tudományosság' kifejezést úgy fordítottam, hogy megmaradjon a szakmai pontosság és jelentőség. A 'digitális' módosítószót úgy helyeztem el, hogy a magyar nyelvben elterjedt 'számítógépes' vagy 'kiber' előtaggal ellátott kifejezésektől megkülönböztesse a fordítás. A 'tudományosság' szót ebben a kontextusban használva azonosulok a kutatás, a tanulmányozás és a tanácsadás tudományos módszereinek értelmezésével."
ht,Haitian,Digital Humanities,Binyomin Sikoloji Digital,"{
  ""translated_term"": ""Binyomin Sikoloji Digital"",
  ""translation_rationale"": 
    ""In Haitian, I have chosen to translate 'Digital Humanities' into a phrase that approximates the original meaning. 'Binyomin' is derived from 'binyom', a term used in Haitian Creole for digital technology or computers. It's combined with 'Sikoloji', which means humanities or social sciences in Haitian, conveying the academic context and discipline of the field.""
}",2026-04-04T02:23:05.377131Z,stop,104.0,2031815036.0,[],71453708.0,llama3.1,132.0,409466000.0,2543279958.0,,,,2026-04-03 21:23:05,False,Syans Imanitè Dijital,False,Reflechi sou fason lèzòm pral viv,False,Syans imanitè dijital,False,"In Haitian, I have chosen to translate 'Digital Humanities' into a phrase that approximates the original meaning. 'Binyomin' is derived from 'binyom', a term used in Haitian Creole for digital technology or computers. It's combined with 'Sikoloji', which means humanities or social sciences in Haitian, conveying the academic context and discipline of the field."
hr,Croatian,Digital Humanities,Digitalne humanistike,"{
  ""translated_term"": ""Digitalne humanistike"",
  ""translation_rationale"": ""I have translated 'Digital Humanities' as 'Dijalogički humanističke znanosti' initially, but then reconsidered to provide a more widely accepted and used term in the field. 'Dijalogički' is not commonly used in Croatian for this concept, whereas 'digitalne' is more accurate and relevant, especially given the increasing digital presence in humanities. Therefore, I have settled on 'Digitalne humanistike', which maintains the technical precision and disciplinary significance required for academic purposes.""
}",2026-04-04T02:23:00.815886Z,stop,127.0,2615541624.0,[],69714417.0,llama3.1,130.0,392640791.0,3115781625.0,,,,2026-04-03 21:23:00,False,Digitalne humanističke znanosti,True,,False,Digitalne humanističke znanosti,False,"I have translated 'Digital Humanities' as 'Dijalogički humanističke znanosti' initially, but then reconsidered to provide a more widely accepted and used term in the field. 'Dijalogički' is not commonly used in Croatian for this concept, whereas 'digitalne' is more accurate and relevant, especially given the increasing digital presence in humanities. Therefore, I have settled on 'Digitalne humanistike', which maintains the technical precision and disciplinary significance required for academic purposes."
ho,Hiri Motu,Digital Humanities,Hakasi na Bim Bilong Digidal,"{
  ""translated_term"": ""Hakasi na Bim Bilong Digidal"",
  ""translation_rationale"": ""I used the concept of 'Digital' directly from English, as it is a loanword widely accepted in Hiri Motu. For 'Humanities', I chose to translate it with 'Bilong Digidal', which retains its original meaning and focus on human knowledge, culture, and expression. The prefix 'Hakasi' is used to indicate the academic or scholarly aspect of the field.""
}",2026-04-04T02:22:55.676657Z,stop,109.0,1943318213.0,[],76942375.0,llama3.1,136.0,394038666.0,2451026083.0,,,,2026-04-03 21:22:55,True,,False,NOVEMBER 3 - 5,True,,False,"I used the concept of 'Digital' directly from English, as it is a loanword widely accepted in Hiri Motu. For 'Humanities', I chose to translate it with 'Bilong Digidal', which retains its original meaning and focus on human knowledge, culture, and expression. The prefix 'Hakasi' is used to indicate the academic or scholarly aspect of the field."
hi,Hindi,Digital Humanities,डिजिटल मानविकी,"{
  ""translated_term"": ""डिजिटल मानविकी"",
  ""translation_rationale"": ""In Hindi, the term \""Digital Humanities\"" can be translated as डिजिटल मानविकी, where 'डिजिटल' (dijitla) means digital and 'मानविकी' (manavikī) refers to humanities. This translation preserves the technical precision of the original term, conveying its meaning in an academic context. The use of \""डिजिटल\"" emphasizes the digital component, while \""मानविकी\"" accurately represents the field's focus on humanistic studies.""
}",2026-04-04T02:22:51.204508Z,stop,129.0,2598000962.0,[],83438958.0,llama3.1,130.0,399784084.0,3118193333.0,,,अभिकलनात्मक मानविकी,2026-04-03 21:22:51,False,डिजिटल मानविकी,False,डिजिटल मानवता,False,डिजिटल मानविकी,False,"In Hindi, the term ""Digital Humanities"" can be translated as डिजिटल मानविकी, where 'डिजिटल' (dijitla) means digital and 'मानविकी' (manavikī) refers to humanities. This translation preserves the technical precision of the original term, conveying its meaning in an academic context. The use of ""डिजिटल"" emphasizes the digital component, while ""मानविकी"" accurately represents the field's focus on humanistic studies."
he,Hebrew (modern),Digital Humanities,האנושיות הדיגיטליות,"{
  ""translated_term"": ""האנושיות הדיגיטליות"",
  ""translation_rationale"": ""The term 'Digital Humanities' is translated to Hebrew as האנושיות הדיגיטליות (Haonushiyut HaDigtalit). This choice is made by combining the Hebrew words for 'digital' (digtalit) and 'humanities' (haonushiyut), which accurately conveys the technical precision and disciplinary significance of the term in an academic context. The word order follows the typical pattern in Hebrew, where the adjective 'digtalit' precedes the noun 'haonushiyot'.""
}",2026-04-04T02:22:46.067211Z,stop,156.0,3728827334.0,[],74639792.0,llama3.1,135.0,399298625.0,4246155875.0,,מדעי הרוח הדיגיטליים,מדעי הרוח הדיגיטליים,2026-04-03 21:22:46,False,מדעי הרוח הדיגיטליים,False,Humanital Humanities,False,מדעי הרוח הדיגיטליים,False,"The term 'Digital Humanities' is translated to Hebrew as האנושיות הדיגיטליות (Haonushiyut HaDigtalit). This choice is made by combining the Hebrew words for 'digital' (digtalit) and 'humanities' (haonushiyut), which accurately conveys the technical precision and disciplinary significance of the term in an academic context. The word order follows the typical pattern in Hebrew, where the adjective 'digtalit' precedes the noun 'haonushiyot'."
ha,Hausa,Digital Humanities,Humanin Dabi'ili,"{
  ""translated_term"": ""Humanin Dabi'ili"",
  ""translation_rationale"": ""I translated 'Digital Humanities' into Hausa as 'Humanin Dabi'ili', which preserves the technical precision and disciplinary significance of the term. In this translation, I used 'Dabi'ili' to convey the idea of humanities or humanistic studies, while 'Humanin' is a prefix that indicates something related to humans or humanity. This phrase accurately conveys the academic field's focus on digital methods and tools applied to traditional humanities disciplines.""
}",2026-04-04T02:22:39.805185Z,stop,114.0,2826835039.0,[],80763041.0,llama3.1,132.0,421533792.0,3362615750.0,,,,2026-04-03 21:22:39,False,Dan Adam na Dijital,False,KCharselect unicode block name,False,Digital Humanities,False,"I translated 'Digital Humanities' into Hausa as 'Humanin Dabi'ili', which preserves the technical precision and disciplinary significance of the term. In this translation, I used 'Dabi'ili' to convey the idea of humanities or humanistic studies, while 'Humanin' is a prefix that indicates something related to humans or humanity. This phrase accurately conveys the academic field's focus on digital methods and tools applied to traditional humanities disciplines."
gv,Manx,Digital Humanities,Hunaidhyn Digitail,"{
  ""translated_term"": ""Hunaidhyn Digitail"",
  ""translation_rationale"": ""I have chosen to translate 'Digital Humanities' as 'Hunaidhyn Digitail' by combining the Manx words for 'digital' (digitail) and 'humanities' (hunaidhyn). This preserves the technical precision of the term and its disciplinary significance in an academic context.""
}",2026-04-04T02:22:34.417318Z,stop,86.0,1587159329.0,[],74870542.0,llama3.1,132.0,373156375.0,2061149459.0,,,,2026-04-03 21:22:34,False,Dooinney Digitagh,False,Aghtyn mair-chlaa,True,,False,I have chosen to translate 'Digital Humanities' as 'Hunaidhyn Digitail' by combining the Manx words for 'digital' (digitail) and 'humanities' (hunaidhyn). This preserves the technical precision of the term and its disciplinary significance in an academic context.
gu,Gujarati,Digital Humanities,Digital Humanities,"{
  ""translated_term"": ""Digital Humanities"",
  ""translation_rationale"": ""In Gujarati, the term is derived from the English phrase, but with a nod to its academic context. I've chosen to translate it directly while incorporating elements of the original definition, maintaining the technical precision and disciplinary significance.""
}",2026-04-04T02:22:30.335308Z,stop,64.0,819169118.0,[],91566791.0,llama3.1,132.0,408332625.0,1338080041.0,,,,2026-04-03 21:22:30,False,ડિજિટલ હ્યુમેનિટીઝ,True,,False,ડિજિટલ માનવતા,False,"In Gujarati, the term is derived from the English phrase, but with a nod to its academic context. I've chosen to translate it directly while incorporating elements of the original definition, maintaining the technical precision and disciplinary significance."
gn,Guaraní,Digital Humanities,Tayalẽme Tekno-Peikua,"{
  ""translated_term"": ""Tayalẽme Tekno-Peikua"",
  ""translation_rationale"": ""I've chosen to translate 'Digital Humanities' by combining two Guaraní words. 'Tayalẽme' means 'digital', derived from the root 'taya', which refers to things that are electronic or computer-related. 'Tekno-peikua' is a term that roughly translates to 'humanities with technology'. I've adapted 'peikua' (meaning 'culture' or 'know-how') to convey the idea of humanities disciplines being informed by and incorporating digital technologies.""
}",2026-04-04T02:22:26.973135Z,stop,128.0,3278495251.0,[],79239416.0,llama3.1,134.0,433195417.0,3826981166.0,,,,2026-04-03 21:22:26,False,Humanidades Digitales rehegua,True,,True,,False,"I've chosen to translate 'Digital Humanities' by combining two Guaraní words. 'Tayalẽme' means 'digital', derived from the root 'taya', which refers to things that are electronic or computer-related. 'Tekno-peikua' is a term that roughly translates to 'humanities with technology'. I've adapted 'peikua' (meaning 'culture' or 'know-how') to convey the idea of humanities disciplines being informed by and incorporating digital technologies."
gl,Galician,Digital Humanities,Humanidades Digitais,"{
  ""translated_term"": ""Humanidades Digitais"",
  ""translation_rationale"": ""I've translated 'Digital Humanities' as 'Humanidades Digitais'. In Galician, I've added the adjective 'digitais' to indicate that this field of study is related to digital technologies and methods. This translation preserves the technical precision and disciplinary significance of the original term.""
}",2026-04-04T02:22:21.121078Z,stop,77.0,1250337584.0,[],74901875.0,llama3.1,132.0,411310334.0,1759727459.0,,,,2026-04-03 21:22:21,False,Humanidades Dixitais,False,Humanos dixitais,False,Humanidades Dixitais,False,"I've translated 'Digital Humanities' as 'Humanidades Digitais'. In Galician, I've added the adjective 'digitais' to indicate that this field of study is related to digital technologies and methods. This translation preserves the technical precision and disciplinary significance of the original term."
gd,Scottish Gaelic,Digital Humanities,Dùbhlinneachd Luchd-Gnìomhaidh,"{
  ""translated_term"": ""Dùbhlinneachd Luchd-Gnìomhaidh"",
  ""translation_rationale"": ""I chose to translate 'Digital Humanities' into Scottish Gaelic by combining the adjectives from both languages. 'Dùbhlinneachd' is derived from 'digital', with a Gaelic suffix (-neach) indicating an action or process, which fits well with the concept of humanities as a discipline. 'Luchd-Gnìomhaidh' translates to 'humanists' or 'those who cultivate human knowledge and values'. The phrase Dùbhlinneachd Luchd-Gnìomhaidh conveys the technical precision and disciplinary significance of Digital Humanities while being easily understandable in an academic context.""
}",2026-04-04T02:22:17.334068Z,stop,164.0,5261452616.0,[],74642833.0,llama3.1,134.0,398203958.0,5787105833.0,,,,2026-04-03 21:22:17,False,Daonnachdan Didseatach,True,,False,Daonnachdan Didseatach,False,"I chose to translate 'Digital Humanities' into Scottish Gaelic by combining the adjectives from both languages. 'Dùbhlinneachd' is derived from 'digital', with a Gaelic suffix (-neach) indicating an action or process, which fits well with the concept of humanities as a discipline. 'Luchd-Gnìomhaidh' translates to 'humanists' or 'those who cultivate human knowledge and values'. The phrase Dùbhlinneachd Luchd-Gnìomhaidh conveys the technical precision and disciplinary significance of Digital Humanities while being easily understandable in an academic context."
ga,Irish,Digital Humanities,Dána Daighnilteachta,"{
  ""translated_term"": ""Dána Daighnilteachta"",
  ""translation_rationale"": ""The term \""Digital Humanities\"" is translated by combining two existing Irish terms. \""Dána\"" means art, skill, or creative activity, while \""Daighnileacht\"" is a calque of the English word \""digital\"", formed from the words \""daighneal» (digit) and «-eolas» (knowledge). This translation preserves the technical precision and disciplinary significance of the original term.""
}",2026-04-04T02:22:09.516258Z,stop,108.0,3550260957.0,[],79570042.0,llama3.1,130.0,391172959.0,4054736084.0,,,,2026-04-03 21:22:09,False,Daonnachtaí Digiteacha,False,Daonnachtaí Digiteacha,False,Daonnachtaí Digiteacha,False,"The term ""Digital Humanities"" is translated by combining two existing Irish terms. ""Dána"" means art, skill, or creative activity, while ""Daighnileacht"" is a calque of the English word ""digital"", formed from the words ""daighneal» (digit) and «-eolas» (knowledge). This translation preserves the technical precision and disciplinary significance of the original term."
fy,Western Frisian,Digital Humanities,Digitale Minskunde,"{
  ""translated_term"": ""Digitale Minskunde"",
  ""translation_rationale"": ""In Western Frisian, I've combined the word 'digitale' (digital) with 'minskunde' (humanities). This preserves the technical precision and disciplinary significance of the original term.""
}",2026-04-04T02:22:03.437119Z,stop,63.0,961885959.0,[],79047375.0,llama3.1,136.0,390061500.0,1449155083.0,,,,2026-04-03 21:22:03,False,Digitale Humaniora,True,,False,Digital Humanities,False,"In Western Frisian, I've combined the word 'digitale' (digital) with 'minskunde' (humanities). This preserves the technical precision and disciplinary significance of the original term."
fr,French,Digital Humanities,Humanités numériques,"{
  ""translated_term"": ""Humanités numériques"",
  ""translation_rationale"": ""The term 'Digital Humanities' is translated literally into French as 'Humanités numériques'. This choice preserves the technical precision of the original term, highlighting the intersection of digital technologies and humanities disciplines. The use of 'numérique' to convey the digital aspect of the field is accurate in an academic context.""
}",2026-04-04T02:21:59.964382Z,stop,84.0,1645316913.0,[],68703458.0,llama3.1,130.0,418375333.0,2157298917.0,,Humanités numériques,Humanités numériques,2026-04-03 21:21:59,False,Humanités numériques,False,Humanités numériques,False,Humanités numériques,False,"The term 'Digital Humanities' is translated literally into French as 'Humanités numériques'. This choice preserves the technical precision of the original term, highlighting the intersection of digital technologies and humanities disciplines. The use of 'numérique' to convey the digital aspect of the field is accurate in an academic context."
fo,Faroese,Digital Humanities,Digtali hugsun,"{
  ""translated_term"": ""Digtali hugsun"",
  ""translation_rationale"": ""I have translated \""Digital Humanities\"" into Faroese as \""Digtali hugsun\"", where \""digtali\"" is the adjective meaning digital or related to computers, and \""hugsun\"" means humanities or human sciences. The use of \""hugsun\"" conveys the academic and disciplinary significance of the term in an accurate and precise manner.""
}",2026-04-04T02:21:55.783233Z,stop,94.0,2175689333.0,[],76685875.0,llama3.1,134.0,416584667.0,2697166709.0,,,,2026-04-03 21:21:55,False,Talgild hugvísindi,True,,True,,False,"I have translated ""Digital Humanities"" into Faroese as ""Digtali hugsun"", where ""digtali"" is the adjective meaning digital or related to computers, and ""hugsun"" means humanities or human sciences. The use of ""hugsun"" conveys the academic and disciplinary significance of the term in an accurate and precise manner."
fj,Fijian,Digital Humanities,Taletataki ni Vakavanua,"{
  ""translated_term"": ""Taletataki ni Vakavanua"",
  ""translation_rationale"": ""I translated 'Digital Humanities' to 'Taletataki ni Vakavanua'. 

'Taletataki' is a direct loanword from English, but in Fijian, it accurately conveys the concept of digital or computer-related work. I chose not to translate it further for precision.

'Vakavanua', on the other hand, means 'humanities' in Fijian. It is derived from 'vana', meaning 'people' or 'humans', and the suffix '-vanua', which denotes a place or field of study. This combination accurately conveys the academic discipline of studying human culture, history, and expression through various mediums.""",2026-04-04T02:21:51.059715Z,stop,159.0,3893727710.0,[],80645125.0,llama3.1,134.0,396206375.0,4415991250.0,,,,2026-04-03 21:21:51,False,Digitaki ni tamata,False,Cata na iTovo ni Tamata,True,,False,"I translated 'Digital Humanities' to 'Taletataki ni Vakavanua'. 

'Taletataki' is a direct loanword from English, but in Fijian, it accurately conveys the concept of digital or computer-related work. I chose not to translate it further for precision.

'Vakavanua', on the other hand, means 'humanities' in Fijian. It is derived from 'vana', meaning 'people' or 'humans', and the suffix '-vanua', which denotes a place or field of study. This combination accurately conveys the academic discipline of studying human culture, history, and expression through various mediums."
fi,Finnish,Digital Humanities,Digitaalisen humanistikan tutkimus,"{
  ""translated_term"": ""Digitaalisen humanistikan tutkimus"",
  ""translation_rationale"": ""I chose to translate the term as 'digitaalinen humanismi' initially, but then decided that 'tutkimus' (research or inquiry) is a more accurate addition to convey the academic field aspect. This translation aims to preserve the technical precision and disciplinary significance of the original term by using the Finnish word for 'digital humanities', which has gained recognition in Finnish academia.""
}",2026-04-04T02:21:44.617389Z,stop,105.0,3233790125.0,[],80945958.0,llama3.1,130.0,416406333.0,3773137875.0,,Digitaaliset ihmistieteet,Digitaaliset ihmistieteet,2026-04-03 21:21:44,False,Digitaaliset humanistiset tieteet,False,Digitaaliset humanistiset tieteet,False,Digitaaliset humanistiset tieteet,False,"I chose to translate the term as 'digitaalinen humanismi' initially, but then decided that 'tutkimus' (research or inquiry) is a more accurate addition to convey the academic field aspect. This translation aims to preserve the technical precision and disciplinary significance of the original term by using the Finnish word for 'digital humanities', which has gained recognition in Finnish academia."
ff,Fula,Digital Humanities,Tijanawal Digitaal,"{
""translated_term"": ""Tijanawal Digitaal"",
""translation_rationale"": ""I've chosen to use the prefix 'Tijanawal' which comes from the Fula word for 'humanities' or 'arts', as it is commonly used in West African languages. 'Digitaal' directly translates from English to Fula, maintaining the technical precision of the term.""
}",2026-04-04T02:21:38.82575Z,stop,84.0,1614178334.0,[],73966417.0,llama3.1,132.0,399303375.0,2112822709.0,,,,2026-04-03 21:21:38,False,Neɗɗaŋke Dijital,True,,True,,False,"I've chosen to use the prefix 'Tijanawal' which comes from the Fula word for 'humanities' or 'arts', as it is commonly used in West African languages. 'Digitaal' directly translates from English to Fula, maintaining the technical precision of the term."
fa,Persian,Digital Humanities,انسان‌شناسی دیجیتال,"{
  ""translated_term"": ""انسان‌شناسی دیجیتال"",
  ""translation_rationale"": ""I translated 'Digital Humanities' as \""انسان‌شناسی دیجیتال\"" (Insān-šenāsī digitāl), combining the Persian words for 'humanities' (انسان‌شناسی, insānšenāsī) with 'digital' (دیجیتال, digitāl). This translation preserves the technical precision of the original term and accurately conveys its disciplinary significance in an academic context.""
}",2026-04-04T02:21:34.689487Z,stop,114.0,2506119838.0,[],75308000.0,llama3.1,130.0,402295000.0,3018489459.0,,,علوم انسانی دیجیتال,2026-04-03 21:21:34,False,علوم انسانی دیجیتال,True,,False,علوم انسانی دیجیتال,False,"I translated 'Digital Humanities' as ""انسان‌شناسی دیجیتال"" (Insān-šenāsī digitāl), combining the Persian words for 'humanities' (انسان‌شناسی, insānšenāsī) with 'digital' (دیجیتال, digitāl). This translation preserves the technical precision of the original term and accurately conveys its disciplinary significance in an academic context."
eu,Basque,Digital Humanities,Artea Digitala,"{
  ""translated_term"": ""Artea Digitala"",
  ""translation_rationale"": ""I've chosen the term \""Artea Digitala\"" because it directly translates the concept of combining digital tools and methods with humanities research. In Basque, \""artea\"" means \""art\"" or \""humanities\"", while \""digitala\"" indicates the digital aspect. This translation aims to preserve the technical precision and disciplinary significance of the original term.""
}",2026-04-04T02:21:29.650166Z,stop,91.0,2107058836.0,[],81198916.0,llama3.1,132.0,433220625.0,2650354833.0,,,Humanitate digitalak,2026-04-03 21:21:29,False,Humanitate Digitalak,False,Gizatasun digitalak,False,Humanitate Digitalak,False,"I've chosen the term ""Artea Digitala"" because it directly translates the concept of combining digital tools and methods with humanities research. In Basque, ""artea"" means ""art"" or ""humanities"", while ""digitala"" indicates the digital aspect. This translation aims to preserve the technical precision and disciplinary significance of the original term."
et,Estonian,Digital Humanities,Digitaalsete humanitaarusteaduste,"{
  ""translated_term"": ""Digitaalsete humanitaarusteaduste"",
  ""translation_rationale"": ""Estonian translation combines the concept of 'digitaalsed' (digital) with 'humanitaarteadused', which directly translates to humanities. The term preserves technical precision and disciplinary significance, conveying the intersection of digital methods and traditional humanities disciplines.""
}",2026-04-04T02:21:24.977718Z,stop,79.0,1438522999.0,[],74851417.0,llama3.1,132.0,437928167.0,1981276292.0,,,Digihumanitaaria,2026-04-03 21:21:24,False,Digitaalsed humanitaarteadused,False,Digitaalsed humanitaarteadused,False,Digitaalhumanitaaria,False,"Estonian translation combines the concept of 'digitaalsed' (digital) with 'humanitaarteadused', which directly translates to humanities. The term preserves technical precision and disciplinary significance, conveying the intersection of digital methods and traditional humanities disciplines."
es,Spanish; Castilian,Digital Humanities,Humanidades Digitales,"{
  ""translated_term"": ""Humanidades Digitales"",
  ""translation_rationale"": ""I chose to translate 'Digital Humanities' as 'Humanidades Digitales' because it accurately conveys the intersection of digital technologies and humanities disciplines, while maintaining the disciplinary significance and technical precision required in an academic context. This translation is widely accepted in Spanish-speaking countries and is used in various academic publications.""
}",2026-04-04T02:21:20.978501Z,stop,81.0,1164414496.0,[],81037083.0,llama3.1,136.0,457471583.0,1726545833.0,,Humanidades digitales,Humanidades digitales,2026-04-03 21:21:20,False,Humanidades digitales,False,Humanidades digitales,False,Humanidades digitales,False,"I chose to translate 'Digital Humanities' as 'Humanidades Digitales' because it accurately conveys the intersection of digital technologies and humanities disciplines, while maintaining the disciplinary significance and technical precision required in an academic context. This translation is widely accepted in Spanish-speaking countries and is used in various academic publications."
eo,Esperanto,Digital Humanities,Digaj Humanismoj,"{
  ""translated_term"": ""Digaj Humanismoj"",
  ""translation_rationale"": ""I chose 'Digaj' (digital) because it directly corresponds to the English term's emphasis on digital methods and technologies. I added the plural form '-j-' to match the subject-verb agreement in Esperanto, as 'humanismoj' is the noun form for humanities disciplines. This way, the translation conveys the academic field's focus on humanistic approaches using digital tools and methodologies.""
}",2026-04-04T02:21:17.223909Z,stop,102.0,2167268955.0,[],95981500.0,llama3.1,132.0,394919125.0,2692601750.0,,,,2026-04-03 21:21:17,False,Ciferecaj Homstudoj,False,Ciferecaj homoj,False,Ciferecaj Homaroj,False,"I chose 'Digaj' (digital) because it directly corresponds to the English term's emphasis on digital methods and technologies. I added the plural form '-j-' to match the subject-verb agreement in Esperanto, as 'humanismoj' is the noun form for humanities disciplines. This way, the translation conveys the academic field's focus on humanistic approaches using digital tools and methodologies."
en,English,Digital Humanities,Digital Humanities,"{
  ""translated_term"": ""Digital Humanities"",
  ""translation_rationale"": ""No translation is necessary, as the term 'Digital Humanities' is already widely used and understood in academic contexts. However, for clarity, it can be considered a direct equivalent of the German 'Digitale Geisteswissenschaften', French 'Humanités numériques', or Italian 'Umanesimo digitale'.""
}",2026-04-04T02:21:12.498719Z,stop,84.0,1112490123.0,[],80325875.0,llama3.1,130.0,424905750.0,1648595208.0,,Digital Humanities,digital humanities,2026-04-03 21:21:12,False,Digital Humanities,True,,False,Digital Humanities,False,"No translation is necessary, as the term 'Digital Humanities' is already widely used and understood in academic contexts. However, for clarity, it can be considered a direct equivalent of the German 'Digitale Geisteswissenschaften', French 'Humanités numériques', or Italian 'Umanesimo digitale'."
el,"Greek, Modern",Digital Humanities,Ηλεκτρονικές Ανθρωπιστικές Επιστήμες,"{
  ""translated_term"": ""Ηλεκτρονικές Ανθρωπιστικές Επιστήμες"",
  ""translation_rationale"": ""I translated 'Digital Humanities' to Ηλεκτρονικές Ανθρωπιστικές Επιστήμες, combining the adjective 'ηλεκτρονικές' (digital) with the noun 'Ανθρωπιστικές Επιστήμες' (Humanities). This preserves the technical precision and disciplinary significance of the original term in an academic context.""
}",2026-04-04T02:21:08.831478Z,stop,99.0,1239324623.0,[],83790083.0,llama3.1,134.0,406635834.0,1758863833.0,,,Ψηφιακές Ανθρωπιστικές Επιστήμες,2026-04-03 21:21:08,False,Ψηφιακές Ανθρωπιστικές Επιστήμες,False,Ψηφιακές Ανθρωπιστικές Επιστήμες,False,Ψηφιακές Ανθρωπιστικές Επιστήμες,False,"I translated 'Digital Humanities' to Ηλεκτρονικές Ανθρωπιστικές Επιστήμες, combining the adjective 'ηλεκτρονικές' (digital) with the noun 'Ανθρωπιστικές Επιστήμες' (Humanities). This preserves the technical precision and disciplinary significance of the original term in an academic context."
ee,Ewe,Digital Humanities,Digitala Mawuviŋgbɛ,"{
  ""translated_term"": ""Digitala Mawuviŋgbɛ"",
  ""translation_rationale"": ""I have chosen to translate \""Digital Humanities\"" into Ewe as \""Digitala Mawuviŋgbɛ\"", where:

- \""Mawu\"" means 'human' or 'person',
- \""viŋgbɛ\"" means 'knowledge', 'learning', or 'scholarship'.

The addition of \""Digitala\"" at the beginning preserves the technical precision and modernity implied by the term. This translation aims to convey the idea that digital technologies are being applied to the study of human culture, history, and scholarship.""
}",2026-04-04T02:21:05.047602Z,stop,139.0,1835571544.0,[],70241208.0,llama3.1,132.0,430832375.0,2376093333.0,,,,2026-04-03 21:21:05,False,Digitál Amegbetɔŋutinunya,False,Internet Dzi Nu Siwo Gbɔ Míaƒe Ŋutete Ŋu Tsoe,True,,False,"I have chosen to translate ""Digital Humanities"" into Ewe as ""Digitala Mawuviŋgbɛ"", where:

- ""Mawu"" means 'human' or 'person',
- ""viŋgbɛ"" means 'knowledge', 'learning', or 'scholarship'.

The addition of ""Digitala"" at the beginning preserves the technical precision and modernity implied by the term. This translation aims to convey the idea that digital technologies are being applied to the study of human culture, history, and scholarship."
dz,Dzongkha,Digital Humanities,tshad kyi zhib 'jug,"{
""translated_term"": ""tshad kyi zhib 'jug"",
""translation_rationale"": ""I translated 'Digital Humanities' as 'tshad kyi zhib 'jug' to preserve its technical precision and disciplinary significance. 'Tshad kyi' (ཚད་ཀྱི) means 'digital', which is a direct borrowing from English. 'Zhib 'jug' (ཞིབ་འཇུག།), also known as ཝེ་ར་, refers to the study of letters and language in the broader sense, aligning with the humanities discipline. This term is used in the Dzongkha language, commonly used in Bhutanese academic and educational contexts.""",2026-04-04T02:21:00.643575Z,stop,169.0,3049875507.0,[],64930167.0,llama3.1,138.0,414871125.0,3579771792.0,,,,2026-04-03 21:21:00,False,དྲ་རྒྱའི་མི་རིགས།,True,,True,,False,"I translated 'Digital Humanities' as 'tshad kyi zhib 'jug' to preserve its technical precision and disciplinary significance. 'Tshad kyi' (ཚད་ཀྱི) means 'digital', which is a direct borrowing from English. 'Zhib 'jug' (ཞིབ་འཇུག།), also known as ཝེ་ར་, refers to the study of letters and language in the broader sense, aligning with the humanities discipline. This term is used in the Dzongkha language, commonly used in Bhutanese academic and educational contexts."
dv,Divehi; Maldivian;,Digital Humanities,Dhivehi Addu Vidyaa,"{
  ""translated_term"": ""Dhivehi Addu Vidyaa"",
  ""translation_rationale"": ""I combined the Dhivehi words for 'digital' (Addu) and 'humanities' or 'sciences' (Vidyaa), trying to preserve the technical precision and disciplinary significance of the term. In Dhivehi, 'Addu' is used to refer to things that are related to computers or technology, and 'Vidyaa' encompasses a broad range of academic fields.""
}",2026-04-04T02:20:55.044141Z,stop,105.0,1438587872.0,[],71360458.0,llama3.1,142.0,422110292.0,1965243041.0,,,,2026-04-03 21:20:55,False,ދިރާގު ހިއުމަނިޓީސް އެވެ,True,,True,,False,"I combined the Dhivehi words for 'digital' (Addu) and 'humanities' or 'sciences' (Vidyaa), trying to preserve the technical precision and disciplinary significance of the term. In Dhivehi, 'Addu' is used to refer to things that are related to computers or technology, and 'Vidyaa' encompasses a broad range of academic fields."
de,German,Digital Humanities,Digitale Geisteswissenschaften,"{
  ""translated_term"": ""Digitale Geisteswissenschaften"",
  ""translation_rationale"": ""The term 'Digital Humanities' is a compound noun combining two distinct fields of study: the digital (relating to computers, data, and digital technologies) and the humanities (a branch of science concerned with the study of the human experience, including language, history, literature, philosophy, etc.). In German, this translation maintains the same structural and conceptual distinction between 'digital' (digitale) and 'humanities' (Geisteswissenschaften). Geisteswissenschaften is a widely accepted term in German academia to refer to the humanities, encompassing disciplines like philology, history, and philosophy. This translation accurately conveys the technical precision and disciplinary significance of the original term.""
}",2026-04-04T02:20:51.056395Z,stop,162.0,2162224372.0,[],66023334.0,llama3.1,130.0,418871375.0,2695896417.0,,digitale Geisteswissenschaften,Digital Humanities,2026-04-03 21:20:51,False,Digitale Geisteswissenschaften,False,Digitale Geisteswissenschaften,False,Digitale Geisteswissenschaften,False,"The term 'Digital Humanities' is a compound noun combining two distinct fields of study: the digital (relating to computers, data, and digital technologies) and the humanities (a branch of science concerned with the study of the human experience, including language, history, literature, philosophy, etc.). In German, this translation maintains the same structural and conceptual distinction between 'digital' (digitale) and 'humanities' (Geisteswissenschaften). Geisteswissenschaften is a widely accepted term in German academia to refer to the humanities, encompassing disciplines like philology, history, and philosophy. This translation accurately conveys the technical precision and disciplinary significance of the original term."
da,Danish,Digital Humanities,Digitale Humaniora,"{
  ""translated_term"": ""Digitale Humaniora"",
  ""translation_rationale"": ""Jeg valgte udtrykket \""Humaniora\"" fordi det er det samme fagområde, som Digital Humanities henvender sig til i dansk sammenhæng. Udtrykket 'digitale' har været tilføjet fremfor at bruge en mere generel oversættelse af f.eks. \""digital kunstnerisk ekspression\"".""
}",2026-04-04T02:20:46.33185Z,stop,106.0,1305918372.0,[],77410709.0,llama3.1,130.0,433285750.0,1849167084.0,,,,2026-04-03 21:20:46,False,Digitale humaniora,False,Digitale humaniora,False,Digital humaniora,False,"Jeg valgte udtrykket ""Humaniora"" fordi det er det samme fagområde, som Digital Humanities henvender sig til i dansk sammenhæng. Udtrykket 'digitale' har været tilføjet fremfor at bruge en mere generel oversættelse af f.eks. ""digital kunstnerisk ekspression""."
cy,Welsh,Digital Humanities,Ddigitiarthwch Dyniaith,"{
  ""translated_term"": ""Ddigitiarthwch Dyniaith"",
  ""translation_rationale"": ""I have translated the term 'Digital Humanities' by breaking it down into its constituent parts. 'Digital' is translated as 'ddigitiarthwch', which conveys the concept of digital technology and media in a precise and technical sense. 'Humanities' is then added to form 'Dyniaith', which refers to the humanities disciplines, such as literature, history, and philosophy. This combined term accurately conveys the academic field's focus on applying digital methods and tools to humanistic inquiry.""
}",2026-04-04T02:20:42.458548Z,stop,127.0,1577758540.0,[],84372584.0,llama3.1,130.0,410025750.0,2110202459.0,,Dyniaethau digidol,Dyniaethau digidol,2026-04-03 21:20:42,False,Dyniaethau Digidol,False,"Person UnigolCity name (optional, probably does not need a translation)",False,Dyniaethau Digidol,False,"I have translated the term 'Digital Humanities' by breaking it down into its constituent parts. 'Digital' is translated as 'ddigitiarthwch', which conveys the concept of digital technology and media in a precise and technical sense. 'Humanities' is then added to form 'Dyniaith', which refers to the humanities disciplines, such as literature, history, and philosophy. This combined term accurately conveys the academic field's focus on applying digital methods and tools to humanistic inquiry."
cv,Chuvash,Digital Humanities,Äптанавăмлакан тĕнче ăславĕ,"{
  ""translated_term"": ""Äптанавăмлакан тĕнче ăславĕ"",
  ""translation_rationale"": ""I translated 'Digital Humanities' into Chuvash by breaking down the term into its constituent parts. 'Дigital' translates to 'Äптанавăмлакан', which conveys a sense of technology and computing, as the Chuvash language uses 'äptanavăm-lak-an' to describe digital or computer-related concepts. 'Humanities' translates to 'Тĕнче ăславĕ', where 'тĕнче' means world or humanities, and 'ăславĕ' means sciences or knowledge. Together, 'Äптанавăмлакан тĕнче ăславĕ' accurately conveys the meaning of Digital Humanities in an academic context.""
}",2026-04-04T02:20:38.325318Z,stop,195.0,2443677459.0,[],75167417.0,llama3.1,134.0,408852709.0,2990487375.0,,,,2026-04-03 21:20:38,False,Цифра гуманитари,True,,True,,False,"I translated 'Digital Humanities' into Chuvash by breaking down the term into its constituent parts. 'Дigital' translates to 'Äптанавăмлакан', which conveys a sense of technology and computing, as the Chuvash language uses 'äptanavăm-lak-an' to describe digital or computer-related concepts. 'Humanities' translates to 'Тĕнче ăславĕ', where 'тĕнче' means world or humanities, and 'ăславĕ' means sciences or knowledge. Together, 'Äптанавăмлакан тĕнче ăславĕ' accurately conveys the meaning of Digital Humanities in an academic context."
cu,Old Church Slavonic,Digital Humanities,Dijitalnoe Humanitarnoe,"{
  ""translated_term"": ""Dijitalnoe Humanitarnoe"",
  ""translation_rationale"": ""The translation of 'Digital Humanities' into Old Church Slavonic is based on a combination of loanwords from the modern Russian and Bulgarian languages, which have been influenced by the Slavic languages. In this case, I used the prefix 'di-' (from Russian 'дигитальный') to convey the concept of digital or numerical, combined with the adjective 'humanitarnoe' (from Bulgarian 'човешки', meaning humanistic). This approach allows for a more accurate representation of the technical precision and disciplinary significance of the term in an academic context.""
}",2026-04-04T02:20:33.313599Z,stop,139.0,1711400132.0,[],78263417.0,llama3.1,136.0,419627917.0,2251012583.0,,,,2026-04-03 21:20:33,True,,True,,True,,False,"The translation of 'Digital Humanities' into Old Church Slavonic is based on a combination of loanwords from the modern Russian and Bulgarian languages, which have been influenced by the Slavic languages. In this case, I used the prefix 'di-' (from Russian 'дигитальный') to convey the concept of digital or numerical, combined with the adjective 'humanitarnoe' (from Bulgarian 'човешки', meaning humanistic). This approach allows for a more accurate representation of the technical precision and disciplinary significance of the term in an academic context."
cs,Czech,Digital Humanities,Digitalní humanitní vědy,"{
  ""translated_term"": ""Digitalní humanitní vědy"",
  ""translation_rationale"": ""The term 'Digital Humanities' is translated literally, using the Czech words for 'digital' and 'humanitní vědy', which refers to humanities disciplines. The word 'vědy' is used to indicate that it's an academic field or scholarly concept.""
}",2026-04-04T02:20:29.041242Z,stop,74.0,928954833.0,[],90220708.0,llama3.1,130.0,437761834.0,1480133750.0,,,Digitální humanitní vědy,2026-04-03 21:20:29,False,Digitální humanitní vědy,False,Digitální humanity,False,Digitální humanitní vědy,False,"The term 'Digital Humanities' is translated literally, using the Czech words for 'digital' and 'humanitní vědy', which refers to humanities disciplines. The word 'vědy' is used to indicate that it's an academic field or scholarly concept."
cr,Cree,Digital Humanities,Nitasiwin ᒥᐢᑯᓚᐃᐧᔮᐦᐃᐣ,"{
  ""translated_term"": ""Nitasiwin ᒥᐢᑯᓚᐃᐧᔮᐦᐃᐣ"",
  ""translation_rationale"": ""In Cree, I've used a combination of words to convey the concept of Digital Humanities. 'Nitasiwin' (ᒥᐢᑯᓚ) roughly translates to 'new ways of knowing', which captures the interdisciplinary and innovative aspects of DH. The suffix '-win' (ᓚ) is a common nominalizer in Cree, indicating that we're talking about a field or area of study. To convey the digital aspect, I've added the phrase ᒥᐢᑯᔮᐦᐃᐣ, which incorporates 'nitasi' (ᒥᐢᑯ) meaning 'new' and '-win' (ᓚ), but also includes the root word for 'computer' or 'technology', ᐊᐦᕿᐠ. However, this combination is a bit of an approximation and open to interpretation. A more precise translation might be achieved by breaking down DH into its constituent parts: 'digital' (ᓱᒫᔑ) and 'humanities' (ᓚᐃᐧ). A possible alternative could be ᓱᒫᔑ ᓚᐃᐧ, but this would still require some nuance in interpretation to convey the full scope of DH.""
}",2026-04-04T02:20:25.542448Z,stop,330.0,4156564241.0,[],81043667.0,llama3.1,130.0,411090292.0,4744895167.0,,,,2026-04-03 21:20:25,True,,True,,True,,False,"In Cree, I've used a combination of words to convey the concept of Digital Humanities. 'Nitasiwin' (ᒥᐢᑯᓚ) roughly translates to 'new ways of knowing', which captures the interdisciplinary and innovative aspects of DH. The suffix '-win' (ᓚ) is a common nominalizer in Cree, indicating that we're talking about a field or area of study. To convey the digital aspect, I've added the phrase ᒥᐢᑯᔮᐦᐃᐣ, which incorporates 'nitasi' (ᒥᐢᑯ) meaning 'new' and '-win' (ᓚ), but also includes the root word for 'computer' or 'technology', ᐊᐦᕿᐠ. However, this combination is a bit of an approximation and open to interpretation. A more precise translation might be achieved by breaking down DH into its constituent parts: 'digital' (ᓱᒫᔑ) and 'humanities' (ᓚᐃᐧ). A possible alternative could be ᓱᒫᔑ ᓚᐃᐧ, but this would still require some nuance in interpretation to convey the full scope of DH."
co,Corsican,Digital Humanities,Umanità Digitélle,"{
  ""translated_term"": ""Umanità Digitélle"",
  ""translation_rationale"": ""I translated 'Digital Humanities' into Corsican as 'Umanità Digitélle'. I chose this translation to preserve the technical precision and disciplinary significance of the term. 'Digitélle' is the direct borrowing from French 'digitales', which corresponds to the English 'digital'. This choice ensures that the nuance of digital scholarship is maintained in the translation. The adjective 'Umanità' preserves the focus on humanities, aligning with the core aspect of the field.""
}",2026-04-04T02:20:18.774262Z,stop,119.0,1414513915.0,[],76985792.0,llama3.1,132.0,408131375.0,1934753042.0,,,,2026-04-03 21:20:18,False,Umanità Digitale,True,,False,Umanità digitale,False,"I translated 'Digital Humanities' into Corsican as 'Umanità Digitélle'. I chose this translation to preserve the technical precision and disciplinary significance of the term. 'Digitélle' is the direct borrowing from French 'digitales', which corresponds to the English 'digital'. This choice ensures that the nuance of digital scholarship is maintained in the translation. The adjective 'Umanità' preserves the focus on humanities, aligning with the core aspect of the field."
ch,Chamorro,Digital Humanities,Huminidades Digitales,"{
  ""translated_term"": ""Huminidades Digitales"",
  ""translation_rationale"": ""The term 'Digital Humanities' has been translated to preserve its technical precision and disciplinary significance. The word 'Huminitides' is derived from the Chamorro word for 'humanities', which is commonly used in academic contexts. Adding the adjective 'Digitales' conveys the focus on digital methods and tools, making it clear that this field of study differs from traditional humanities disciplines.""
}",2026-04-04T02:20:14.818502Z,stop,98.0,1215012750.0,[],69506792.0,llama3.1,132.0,412546375.0,1732414167.0,,,,2026-04-03 21:20:14,False,Digital Humanities,True,,True,,False,"The term 'Digital Humanities' has been translated to preserve its technical precision and disciplinary significance. The word 'Huminitides' is derived from the Chamorro word for 'humanities', which is commonly used in academic contexts. Adding the adjective 'Digitales' conveys the focus on digital methods and tools, making it clear that this field of study differs from traditional humanities disciplines."
ce,Chechen,Digital Humanities,Технологияна культурщилахь,"{
  ""translated_term"": ""Технологияна культурщилахь"",
  ""translation_rationale"": 
    ""I have broken down the term into its constituent parts to ensure technical precision and disciplinary significance. 
    'Технологияна' (technology) is used to convey the digital aspect, as 'digital' directly translates to 'технологияна'.
    'культурщилахь' (humanities) is a combination of 'култура' (culture), 'шала' (study, science), and the suffix '-хь' which indicates the field or discipline. 
    This translation aims to accurately convey the meaning of Digital Humanities in an academic context.""
}",2026-04-04T02:20:11.063466Z,stop,148.0,1833918583.0,[],68299416.0,llama3.1,132.0,418554875.0,2366055666.0,,,,2026-04-03 21:20:11,False,Терахьийн гуманитаран Ӏилманаш,True,,True,,False,"I have broken down the term into its constituent parts to ensure technical precision and disciplinary significance. 
    'Технологияна' (technology) is used to convey the digital aspect, as 'digital' directly translates to 'технологияна'.
    'культурщилахь' (humanities) is a combination of 'култура' (culture), 'шала' (study, science), and the suffix '-хь' which indicates the field or discipline. 
    This translation aims to accurately convey the meaning of Digital Humanities in an academic context."
ca,Catalan; Valencian,Digital Humanities,Humanitats Digitals,"{
  ""translated_term"": ""Humanitats Digitals"",
  ""translation_rationale"": ""I've chosen to translate 'Digital Humanities' as 'Humanitats Digitals'. This preserves the technical precision and disciplinary significance of the term. The use of 'Digitals' (plural) is intentional, as it reflects the field's focus on digital methods and tools. The Catalan language uses a direct translation for most academic terms, so 'Humanitats' (humanities) replaces 'Humanities', while adding 'Digitals' to convey the digital aspect.""
}",2026-04-04T02:20:06.675793Z,stop,116.0,1433027995.0,[],64125333.0,llama3.1,138.0,415859875.0,1948120458.0,,Humanitats digitals,Humanitats digitals,2026-04-03 21:20:06,False,Humanitats Digitals,False,Humanitats digitals,False,Humanitats Digitals,False,"I've chosen to translate 'Digital Humanities' as 'Humanitats Digitals'. This preserves the technical precision and disciplinary significance of the term. The use of 'Digitals' (plural) is intentional, as it reflects the field's focus on digital methods and tools. The Catalan language uses a direct translation for most academic terms, so 'Humanitats' (humanities) replaces 'Humanities', while adding 'Digitals' to convey the digital aspect."
bs,Bosnian,Digital Humanities,Dijigitalne Umetnosti,"{
  ""translated_term"": ""Dijigitalne Umetnosti"",
  ""translation_rationale"": ""I translated 'Digital Humanities' as 'Dijitalne Umetnosti' because in Bosnian, 'dijitalni' (digital) is used to describe things related to computers and technology. I chose 'umetnosti' instead of 'humanistike' or other possible translations, as it accurately conveys the creative, artistic aspect of the field, which is a key part of its identity.""
}",2026-04-04T02:20:02.707009Z,stop,108.0,1307710246.0,[],72283750.0,llama3.1,134.0,415481125.0,1827457416.0,,,,2026-04-03 21:20:02,False,Digitalne humanističke nauke,True,,False,Digital Humanities,False,"I translated 'Digital Humanities' as 'Dijitalne Umetnosti' because in Bosnian, 'dijitalni' (digital) is used to describe things related to computers and technology. I chose 'umetnosti' instead of 'humanistike' or other possible translations, as it accurately conveys the creative, artistic aspect of the field, which is a key part of its identity."
br,Breton,Digital Humanities,Ardoùioù Digitelek,"{
  ""translated_term"": ""Ardoùioù Digitelek"",
  ""translation_rationale"": ""I translated 'Digital' to 'Digitelek' by combining 'digitel', a Breton word for digital or electronic, with the suffix '-ek', which is commonly used in Breton to form nouns and adjectives related to techniques or methods. This suffix is analogous to the English '-ics' or '-logy'. I added 'Ardoùioù', the Breton equivalent of 'Humanities', to clarify that this field is a part of the humanities disciplines, rather than a solely technical or scientific field.""
}",2026-04-04T02:19:58.855571Z,stop,130.0,1551765581.0,[],73405167.0,llama3.1,132.0,443043333.0,2105421083.0,,,,2026-04-03 21:19:58,False,Skiantoù mab-den niverel,True,,True,,False,"I translated 'Digital' to 'Digitelek' by combining 'digitel', a Breton word for digital or electronic, with the suffix '-ek', which is commonly used in Breton to form nouns and adjectives related to techniques or methods. This suffix is analogous to the English '-ics' or '-logy'. I added 'Ardoùioù', the Breton equivalent of 'Humanities', to clarify that this field is a part of the humanities disciplines, rather than a solely technical or scientific field."
bo,Tibetan,Digital Humanities,dpegs pa'i rig gnas,"{
  ""translated_term"": ""dpegs pa'i rig gnas"",
  ""translation_rationale"": ""I translated 'Digital Humanities' into Tibetan as 'dpegs pa'i rig gnas'. The word 'dpegs pa'i' is derived from the Tibetan term for 'digital', which is 'dpegs pa', and 'rig gnas' means 'field of study' or 'scholarly discipline'. This translation preserves the technical precision and disciplinary significance of the original term, conveying its meaning as an academic field that integrates digital tools and methods into humanities research.""
}",2026-04-04T02:19:54.73292Z,stop,121.0,1464155711.0,[],77779833.0,llama3.1,130.0,442137291.0,2018554041.0,,,,2026-04-03 21:19:54,False,གྲངས་འཛིན་མི་ཆོས་རིག་པ།,True,,True,,False,"I translated 'Digital Humanities' into Tibetan as 'dpegs pa'i rig gnas'. The word 'dpegs pa'i' is derived from the Tibetan term for 'digital', which is 'dpegs pa', and 'rig gnas' means 'field of study' or 'scholarly discipline'. This translation preserves the technical precision and disciplinary significance of the original term, conveying its meaning as an academic field that integrates digital tools and methods into humanities research."
bn,Bengali,Digital Humanities,ডিজিটাল মানবিক গবেষণা,"{
  ""translated_term"": ""ডিজিটাল মানবিক গবেষণা"",
  ""translation_rationale"": ""I used the Bengali word \""ডিজিটাল\"" (dijitāla) to translate 'digital' as it is commonly used in other languages. The term \""মানবিক\"" (mānabika) roughly translates to 'humanistic', emphasizing the field's focus on human culture, history, and behavior. The word \""গবেষণা\"" (gobēṣaṇā) means 'research' or 'scholarship', accurately conveying the academic context of Digital Humanities.""
}",2026-04-04T02:19:50.691801Z,stop,163.0,1974612497.0,[],68909417.0,llama3.1,132.0,422005708.0,2514299375.0,,,,2026-04-03 21:19:50,False,ডিজিটাল মানববিদ্যা,True,,False,ডিজিটাল মানবিক,False,"I used the Bengali word ""ডিজিটাল"" (dijitāla) to translate 'digital' as it is commonly used in other languages. The term ""মানবিক"" (mānabika) roughly translates to 'humanistic', emphasizing the field's focus on human culture, history, and behavior. The word ""গবেষণা"" (gobēṣaṇā) means 'research' or 'scholarship', accurately conveying the academic context of Digital Humanities."
bm,Bambara,Digital Humanities,Nitɛndeli ye Konomoli,"{
  ""translated_term"": ""Nitɛndeli ye Konomoli"",
  ""translation_rationale"": ""I translated \""Digital Humanities\"" into Bambara by combining two phrases that convey the meaning. \""Nitɛndeli\"" comes from the verb \""nitɛnda\"", which means 'to handle, to manipulate', implying digital tools and media. This prefix is often used in compound nouns related to technology and computing in Bambara. \""ye Konomoli\"" translates to 'of Knowledge' or 'relating to Knowledge'. It preserves the disciplinary significance of Humanities by connecting it to knowledge and academic inquiry.""
}",2026-04-04T02:19:46.152796Z,stop,128.0,1541672874.0,[],67242708.0,llama3.1,132.0,427043791.0,2073370958.0,,,,2026-04-03 21:19:46,False,Hadamadenw ka dɔnniya nimɔrɔma,True,,True,,False,"I translated ""Digital Humanities"" into Bambara by combining two phrases that convey the meaning. ""Nitɛndeli"" comes from the verb ""nitɛnda"", which means 'to handle, to manipulate', implying digital tools and media. This prefix is often used in compound nouns related to technology and computing in Bambara. ""ye Konomoli"" translates to 'of Knowledge' or 'relating to Knowledge'. It preserves the disciplinary significance of Humanities by connecting it to knowledge and academic inquiry."
bi,Bislama,Digital Humanities,Huumanaitis Digitol,"{
""translated_term"": ""Huumanaitis Digitol"",
""translation_rationale"": ""I've chosen to translate 'Digital Humanities' into Bislama by combining the English words for the discipline (Humanities) with a borrowed term from English for the digital aspect. In Bislama, it's common to use loanwords for technical or modern concepts. The resulting phrase accurately conveys the meaning of the original term in an academic context.""
}",2026-04-04T02:19:42.056675Z,stop,92.0,1101160839.0,[],79017916.0,llama3.1,134.0,404765791.0,1612194458.0,,,,2026-04-03 21:19:42,True,,False,Ol Fasin Blong Man We Oli No Isi,True,,False,"I've chosen to translate 'Digital Humanities' into Bislama by combining the English words for the discipline (Humanities) with a borrowed term from English for the digital aspect. In Bislama, it's common to use loanwords for technical or modern concepts. The resulting phrase accurately conveys the meaning of the original term in an academic context."
bh,Bihari,Digital Humanities,Digital Bhāshā Vigyān,"{
  ""translated_term"": ""Digital Bhāshā Vigyān"",
  ""translation_rationale"": ""I chose to translate 'Digital Humanities' as 'Bhāshā Vigyān' (भाषा विज्ञान), which is a combination of two Hindi words. 'Bhāshā' means language, and 'Vigyān' means knowledge or science. I replaced 'Humanities' with 'Bhāshā' to preserve the technical precision and disciplinary significance in an academic context. This translation accurately conveys that Digital Humanities deals with the digital aspects of languages and cultures.""
}",2026-04-04T02:19:38.424927Z,stop,128.0,2025583163.0,[],78217375.0,llama3.1,134.0,445246292.0,2587712333.0,,,,2026-04-03 21:19:38,False,डिजिटल मानविकी के बारे में बतावल गइल बा,True,,True,,False,"I chose to translate 'Digital Humanities' as 'Bhāshā Vigyān' (भाषा विज्ञान), which is a combination of two Hindi words. 'Bhāshā' means language, and 'Vigyān' means knowledge or science. I replaced 'Humanities' with 'Bhāshā' to preserve the technical precision and disciplinary significance in an academic context. This translation accurately conveys that Digital Humanities deals with the digital aspects of languages and cultures."
bg,Bulgarian,Digital Humanities,Дигитални Уманистични Науки,"{
  ""translated_term"": ""Дигитални Уманистични Науки"",
  ""translation_rationale"": ""The term 'Digital Humanities' is translated into Bulgarian as 'Дигитални Уманистични Науки', which accurately conveys its meaning in an academic context. The word 'дигитални' (digital) is used to indicate the field's focus on digital methods and tools, while 'уманистични науки' (humanities) preserves the disciplinary significance of the term. This translation maintains the technical precision required for academic discourse.""
}",2026-04-04T02:19:33.817118Z,stop,122.0,1509217704.0,[],74909750.0,llama3.1,130.0,420781459.0,2043298458.0,,,,2026-04-03 21:19:33,False,Дигитални хуманитарни науки,False,(Средредредредредредредредредредредредредредредредредредредредредредредредредредредредредредредредредредредредредред,False,Дигитални хуманитарни науки,False,"The term 'Digital Humanities' is translated into Bulgarian as 'Дигитални Уманистични Науки', which accurately conveys its meaning in an academic context. The word 'дигитални' (digital) is used to indicate the field's focus on digital methods and tools, while 'уманистични науки' (humanities) preserves the disciplinary significance of the term. This translation maintains the technical precision required for academic discourse."
be,Belarusian,Digital Humanities,Дыджітальныя гуманітарныя навукі,"{
  ""translated_term"": ""Дыджітальныя гуманітарныя навукі"",
  ""translation_rationale"": ""I chose to translate 'Digital Humanities' into Belarusian by combining the two elements of the term. The prefix 'дыджітальныя' comes from the English loanword 'digital', which is commonly used in Belarusian academic and technical contexts. I added the suffix '-ыя' to indicate that it's a collective noun or an academic field, similar to how it would be translated in other Slavic languages like Russian or Polish. The second part of the term, 'гуманітарныя навукі', directly translates from Belarusian as 'humanities sciences'. This translation aims to preserve both the technical precision and disciplinary significance of the original term.""
}",2026-04-04T02:19:29.752867Z,stop,167.0,2061298954.0,[],70368375.0,llama3.1,132.0,431630708.0,2622813083.0,,,,2026-04-03 21:19:29,False,Лічбавыя гуманітарныя навукі,True,,False,Лічбавыя гуманітарныя навукі,False,"I chose to translate 'Digital Humanities' into Belarusian by combining the two elements of the term. The prefix 'дыджітальныя' comes from the English loanword 'digital', which is commonly used in Belarusian academic and technical contexts. I added the suffix '-ыя' to indicate that it's a collective noun or an academic field, similar to how it would be translated in other Slavic languages like Russian or Polish. The second part of the term, 'гуманітарныя навукі', directly translates from Belarusian as 'humanities sciences'. This translation aims to preserve both the technical precision and disciplinary significance of the original term."
ba,Bashkir,Digital Humanities,Dijital Ҡәҙер,"{
""translated_term"": ""Dijital Ҡәҙер"",
""translation_rationale"": ""The term \""Digital Humanities\"" was translated by combining two words: \""dijital\"", which is the direct borrowing of the English word, and \""Ҡәҙер\"", which means \""humanities\"" in Bashkir. The translation aims to preserve the technical precision and disciplinary significance of the original term, conveying the academic field's focus on digital aspects of humanities disciplines.""
}",2026-04-04T02:19:25.103923Z,stop,102.0,1234813912.0,[],66649708.0,llama3.1,132.0,424315584.0,1755924875.0,,,,2026-04-03 21:19:25,False,Һанлы гуманитар фәндәр,True,,True,,False,"The term ""Digital Humanities"" was translated by combining two words: ""dijital"", which is the direct borrowing of the English word, and ""Ҡәҙер"", which means ""humanities"" in Bashkir. The translation aims to preserve the technical precision and disciplinary significance of the original term, conveying the academic field's focus on digital aspects of humanities disciplines."
az,Azerbaijani,Digital Humanities,İnsani Elmlər üzrə Dijital Tədqiqatlar,"{
  ""translated_term"": ""İnsani Elmlər üzrə Dijital Tədqiqatlar"",
  ""translation_rationale"": ""I translated \""Digital Humanities\"" as \""İnsani Elmlər üzrə Dijital Tədqiqatlar\"", breaking it down into its components. \""İnsani Elmlər\"" corresponds to the concept of Humanities, which in Azerbaijani is a direct translation from Turkish \""insanî ilimler\"". The preposition \""üzrə\"" means \""in connection with\"" or \""concerning\"", indicating that these are digital studies related to humanities. Finally, \""Dijital Tədqiqatlar\"" directly translates the term \""Digital Research/Studies\"".""
}",2026-04-04T02:19:21.325539Z,stop,160.0,1939022583.0,[],79975875.0,llama3.1,134.0,449721417.0,2516979709.0,,,Rəqəmsal humanitar elmlər,2026-04-03 21:19:21,False,Rəqəmsal Humanitar Elmlər,False,İnsaniyyətləri,False,Rəqəmsal humanitar elmlər,False,"I translated ""Digital Humanities"" as ""İnsani Elmlər üzrə Dijital Tədqiqatlar"", breaking it down into its components. ""İnsani Elmlər"" corresponds to the concept of Humanities, which in Azerbaijani is a direct translation from Turkish ""insanî ilimler"". The preposition ""üzrə"" means ""in connection with"" or ""concerning"", indicating that these are digital studies related to humanities. Finally, ""Dijital Tədqiqatlar"" directly translates the term ""Digital Research/Studies""."
ay,Aymara,Digital Humanities,Uyumarka Kallkay,"{
  ""translated_term"": ""Uyumarka Kallkay""
, 
""translation_rationale"": ""I translated 'Digital Humanities' into Aymara by combining two words: 'Uyumarka', which means 'digital' or 'of the computer', and 'Kallkay', which is derived from 'kallka', meaning 'scholarly knowledge' or 'learning'. This combination aims to preserve the technical precision and disciplinary significance of the original term, conveying the idea of a field that intersects digital technology with humanistic inquiry.""
}",2026-04-04T02:19:16.785495Z,stop,118.0,1412710373.0,[],71933208.0,llama3.1,134.0,409177500.0,1928661167.0,,,,2026-04-03 21:19:16,False,Humanidades Digitales uka tuqit yatxataña,True,,True,,False,"I translated 'Digital Humanities' into Aymara by combining two words: 'Uyumarka', which means 'digital' or 'of the computer', and 'Kallkay', which is derived from 'kallka', meaning 'scholarly knowledge' or 'learning'. This combination aims to preserve the technical precision and disciplinary significance of the original term, conveying the idea of a field that intersects digital technology with humanistic inquiry."
av,Avaric,Digital Humanities,Digital Ciyerəlu Xäsaral,"{
  ""translated_term"": ""Digital Ciyerəlu Xäsaral"",
  ""translation_rationale"": ""I translated the term into Avaric by using a combination of loanwords and calques to convey the technical precision and disciplinary significance of the original concept. 'Ciyerəlu' is derived from the word 'ciyergə', which means 'digital' or 'computerized' in Avaric, while 'Xäsaral' is a calque of the English word 'humanities', using the Avaric root 'xäsa-' meaning 'culture' or 'knowledge'.""
}",2026-04-04T02:19:12.834545Z,stop,130.0,1625182250.0,[],69514875.0,llama3.1,134.0,479234042.0,2212998666.0,,,,2026-04-03 21:19:12,False,Цифралъулал гуманитариялин абулел,True,,True,,False,"I translated the term into Avaric by using a combination of loanwords and calques to convey the technical precision and disciplinary significance of the original concept. 'Ciyerəlu' is derived from the word 'ciyergə', which means 'digital' or 'computerized' in Avaric, while 'Xäsaral' is a calque of the English word 'humanities', using the Avaric root 'xäsa-' meaning 'culture' or 'knowledge'."
as,Assamese,Digital Humanities,ডিজিটাল মেনিভিষ্ট,"{
  ""translated_term"": ""ডিজিটাল মেনিভিষ্ট"",
  ""translation_rationale"": ""I have translated the term \'Digital Humanities\' by combining two words: \'ডিজিটাল\' (digital) and \'মেনিভিস্ত\' (humanities). The suffix \'বিষ্ট\' is a common way to form nouns in Assamese, derived from the Sanskrit and Bengali influences on the language. This translation aims to preserve the technical precision and disciplinary significance of the original term, conveying its academic connotation.""
}",2026-04-04T02:19:08.599114Z,stop,136.0,1617193295.0,[],82122250.0,llama3.1,134.0,419702708.0,2160124792.0,,,,2026-04-03 21:19:08,False,ডিজিটেল মানৱীয় বিজ্ঞান,True,,False,,False,"I have translated the term 'Digital Humanities' by combining two words: 'ডিজিটাল' (digital) and 'মেনিভিস্ত' (humanities). The suffix 'বিষ্ট' is a common way to form nouns in Assamese, derived from the Sanskrit and Bengali influences on the language. This translation aims to preserve the technical precision and disciplinary significance of the original term, conveying its academic connotation."
ar,Arabic,Digital Humanities,الإنسانيات الرقمية,"{
  ""translated_term"": ""الإنسانيات الرقمية"",
  ""translation_rationale"": ""I translated 'Digital Humanities' to الإنسانيات الرقمية, where:\\
\\
- 'الإنسانيات' (al-insaniyat) translates 'Humanities' as it encompasses the study of the human experience and its cultural aspects.\\
\\
- 'الرقمية' (al-rumiya) translates 'Digital', conveying the use of digital tools, methods, and technologies in this academic field.""
}",2026-04-04T02:19:04.41788Z,stop,113.0,1333870000.0,[],71015000.0,llama3.1,130.0,400487584.0,1838678750.0,,إنسانيات رقمية,إنسانيات رقمية,2026-04-03 21:19:04,False,العلوم الإنسانية الرقمية,False,العلوم البشرية,False,العلوم الإنسانية الرقمية,False,"I translated 'Digital Humanities' to الإنسانيات الرقمية, where:\
\
- 'الإنسانيات' (al-insaniyat) translates 'Humanities' as it encompasses the study of the human experience and its cultural aspects.\
\
- 'الرقمية' (al-rumiya) translates 'Digital', conveying the use of digital tools, methods, and technologies in this academic field."
an,Aragonese,Digital Humanities,Humanidatz Digitals,"{
  ""translated_term"": ""Humanidatz Digitals"",
  ""translation_rationale"": ""I've translated 'Digital Humanities' as 'Humanidatz Digitals', combining the Aragonese words for 'humanities' (in this case, derived from the Latin 'humanitas') and 'digital'. The term is meant to evoke the academic field's focus on digital methods and tools applied to traditional humanities disciplines. This translation balances technical precision with disciplinary significance.""
}",2026-04-04T02:19:00.560435Z,stop,96.0,1131692087.0,[],83103541.0,llama3.1,134.0,392358042.0,1636136708.0,,,,2026-04-03 21:19:00,True,,True,,True,,False,"I've translated 'Digital Humanities' as 'Humanidatz Digitals', combining the Aragonese words for 'humanities' (in this case, derived from the Latin 'humanitas') and 'digital'. The term is meant to evoke the academic field's focus on digital methods and tools applied to traditional humanities disciplines. This translation balances technical precision with disciplinary significance."
am,Amharic,Digital Humanities,ዓ጑ ጕጠገኒኇ ሤ,"{
  ""translated_term"": ""\u12D3\u1311 \u1315\u1320\u1308\u1292\u1287 \u1224"",
  ""translation_rationale"": ""I have translated the term 'Digital Humanities' into Amharic. To convey the technical precision and disciplinary significance of this concept, I have used a combination of loanwords and localizations.

In the phrase '\u12D3\u1311 \u1315\u1320\u1308\u1292\u1287 \u1224', 'Digital Humanities' is translated to Amharic as: 'ታንዲግራል ሂሳት'. 

Here's a breakdown of the translation:

* '\u12D3\u1311' = ታንዲግራል, means 'Digital', using the Amharic prefix 'ታንዶ-' (tandi-) meaning 'digital' or 'computer-related'.
* '\u1315\u1320\u1308\u1292\u1287' = ሂሳት, means 'Humanities'. This is a direct borrowing from the Latin 'humanitates', which is commonly used in Amharic academic vocabulary.

The combination of these two words effectively conveys the meaning and technical precision of the concept within an academic context."" 
}",2026-04-04T02:18:56.90625Z,stop,308.0,3626093999.0,[],71591208.0,llama3.1,134.0,403602458.0,4189982125.0,,,,2026-04-03 21:18:56,False,ዲጂታል ሂውማኒቲስ,True,,False,ዲጂታል ሰብአዊነት,False,"I have translated the term 'Digital Humanities' into Amharic. To convey the technical precision and disciplinary significance of this concept, I have used a combination of loanwords and localizations.

In the phrase 'ዓ጑ ጕጠገኒኇ ሤ', 'Digital Humanities' is translated to Amharic as: 'ታንዲግራል ሂሳት'. 

Here's a breakdown of the translation:

* 'ዓ጑' = ታንዲግራል, means 'Digital', using the Amharic prefix 'ታንዶ-' (tandi-) meaning 'digital' or 'computer-related'.
* 'ጕጠገኒኇ' = ሂሳት, means 'Humanities'. This is a direct borrowing from the Latin 'humanitates', which is commonly used in Amharic academic vocabulary.

The combination of these two words effectively conveys the meaning and technical precision of the concept within an academic context."
ak,Akan,Digital Humanities,Dwabedi Nnipɔnkyire,"{
  ""translated_term"": ""Dwabedi Nnipɔnkyire"",
  ""translation_rationale"": 
    ""I translated 'Digital Humanities' into Akan by breaking down the term into its constituent parts. 'Digital' becomes 'Dwa', which conveys a sense of modernity and technology. 'Humanities' is then incorporated as 'Bedi Nnipɔnkyire', where 'Bedi' means 'human or people' and 'Nnipɔnkyire' refers to the study of human culture, history, and expression.""
}",2026-04-04T02:18:50.69476Z,stop,121.0,1401781831.0,[],81553208.0,llama3.1,132.0,386738292.0,1904671583.0,,,,2026-04-03 21:18:50,False,Digitals Nnipa Ho Adesua,True,,True,,False,"I translated 'Digital Humanities' into Akan by breaking down the term into its constituent parts. 'Digital' becomes 'Dwa', which conveys a sense of modernity and technology. 'Humanities' is then incorporated as 'Bedi Nnipɔnkyire', where 'Bedi' means 'human or people' and 'Nnipɔnkyire' refers to the study of human culture, history, and expression."
af,Afrikaans,Digital Humanities,Digitaal Menswetenskappe,"{
  ""translated_term"": ""Digitaal Menswetenskappe"",
  ""translation_rationale"": ""Ek het 'Digital' as \'digitaal\' vertaal, aangesien dit \'iets wat met digiteerbaarheid te make het\' beteken in Afrikaans. \u0027Humanities\u0027 word tot \'mensewetenskappe\' omgekeer weens sy etimologie en die benadrukking van 'n mens-gerigte studieveld, soos gesien in terme soos 'sosiale wetenskappe' (Afrikaans: \'mensewetenskappe\').""
}",2026-04-04T02:18:46.767643Z,stop,143.0,1667694465.0,[],96632250.0,llama3.1,132.0,396125833.0,2201721792.0,,,,2026-04-03 21:18:46,False,Digitale Geesteswetenskappe,False,Digitale Menslikhede,False,Digitale Geesteswetenskappe,False,"Ek het 'Digital' as 'digitaal' vertaal, aangesien dit 'iets wat met digiteerbaarheid te make het' beteken in Afrikaans. 'Humanities' word tot 'mensewetenskappe' omgekeer weens sy etimologie en die benadrukking van 'n mens-gerigte studieveld, soos gesien in terme soos 'sosiale wetenskappe' (Afrikaans: 'mensewetenskappe')."
ae,Avestan,Digital Humanities,Humānya Āvistaka Digitala,"{
  ""translated_term"": ""Humānya Āvistaka Digitala"",
  ""translation_rationale"": ""I have composed the term by combining elements from Avestan to convey the essence of 'Digital Humanities' in an academic context.

The phrase 'Humānya Āvistaka' translates to 'Humanities' or 'Studies', conveying the disciplinary scope. 

The word 'Digitala' is derived from Avestan 'dīž' (knowing) and the suffix '-ala' indicating a place or means of knowing, approximating the concept of digital.

This translation preserves both technical precision and disciplinary significance, accurately representing the academic field of Digital Humanities in an Avestan context.""",2026-04-04T02:18:42.545204Z,stop,147.0,1719254332.0,[],64777500.0,llama3.1,134.0,402399167.0,2229782125.0,,,,2026-04-03 21:18:42,True,,True,,True,,False,"I have composed the term by combining elements from Avestan to convey the essence of 'Digital Humanities' in an academic context.

The phrase 'Humānya Āvistaka' translates to 'Humanities' or 'Studies', conveying the disciplinary scope. 

The word 'Digitala' is derived from Avestan 'dīž' (knowing) and the suffix '-ala' indicating a place or means of knowing, approximating the concept of digital.

This translation preserves both technical precision and disciplinary significance, accurately representing the academic field of Digital Humanities in an Avestan context."
ab,Abkhaz,Digital Humanities,Dzɣilɣal Apsa,"{
  ""translated_term"": ""Dzɣilɣal Apsa"",
  ""translation_rationale"": ""In Abkhaz, I have used the loanwords \""Dzɣilɣal\"" (from Russian \""Digital\"") and \""Apsa\"" (from Georgian \""Humanitaruli\""), which are commonly used in academic contexts to refer to this field. The combination of these two words accurately conveys the meaning of Digital Humanities in Abkhaz, preserving its technical precision and disciplinary significance.""
}",2026-04-04T02:18:38.293714Z,stop,110.0,1274172377.0,[],88479375.0,llama3.1,134.0,435098416.0,1827188375.0,,,,2026-04-03 21:18:38,False,Ацифратә гуманитартә ҵарақәа,True,,True,,False,"In Abkhaz, I have used the loanwords ""Dzɣilɣal"" (from Russian ""Digital"") and ""Apsa"" (from Georgian ""Humanitaruli""), which are commonly used in academic contexts to refer to this field. The combination of these two words accurately conveys the meaning of Digital Humanities in Abkhaz, preserving its technical precision and disciplinary significance."
aa,Afar,Digital Humanities,Maktabka Digital,"{
  ""translated_term"": ""Maktabka Digital"",
  ""translation_rationale"": ""In Afar, \""Maktabka\"" is derived from the Arabic term \""maktaba\"", meaning library or academic field. Adding \""Digital\"" to indicate the intersection of technology and humanities. This translation aims to preserve the technical precision and disciplinary significance of the original term.""
}",2026-04-04T02:18:34.432109Z,stop,78.0,898520705.0,[],1552668250.0,llama3.1,132.0,489106417.0,2962208458.0,,,,2026-04-03 21:18:34,False,Xiyitaal Sehdaytiino,True,,True,,False,"In Afar, ""Maktabka"" is derived from the Arabic term ""maktaba"", meaning library or academic field. Adding ""Digital"" to indicate the intersection of technology and humanities. This translation aims to preserve the technical precision and disciplinary significance of the original term."
cdo,Min Dong Chinese,Digital Humanities,,,,,,,,,,,,,,,,,True,,True,,True,,True,
gil,Gilbertese,Digital Humanities,,,,,,,,,,,,,,,,,True,,False,Aroia Aomata n Tokanikai i Aoni Bwaai ni Kabane,True,,True,
hak,Hakka Chinese,Digital Humanities,,,,,,,,,,,,,,,,,True,,True,,True,,True,
zh-classical,Classical Chinese,Digital Humanities,,,,,,,,,,,,,,,,,True,,True,,True,,True,
zh-tw,Traditional Chinese,Digital Humanities,,,,,,,,,,,,,,,,,False,數位人文,True,,False,數位人文,True,
