language_code,term,language_name,term_source,wikipedia_translated_term,coding_dh_date,exclude_google_cloud_translate,gt_translated_term,exclude_easynmt,enmt_translated_term,exclude_lingvanex,lingvanex_translated_term,exclude_ollama,ollama_content,ollama_model,ollama_created_at,ollama_total_duration,ollama_load_duration,ollama_prompt_eval_count,ollama_prompt_eval_duration,ollama_eval_count,ollama_eval_duration,ollama_done_reason,ollama_translated_term,ollama_translation_rationale,ollama_extracted_dictionaries,ollama_translation
zh-min-nan,,Minnan,Digital Humanities,,2026-04-07 01:40:35,True,,True,,True,,False,"{
  ""translated_term"": ""\(\mathbb{E}\)\(\mathbb{H}\)\(\mathbb{R}\)"",
  ""translation_rationale"": ""Digital Humanities literally translated to Minnan (also known as Hokkien)""
}",llama3.1,2026-04-07T00:40:35.487905Z,974764334.0,83392250.0,76.0,282339750.0,52.0,594108997.0,stop,\(\mathbb{E}\)\(\mathbb{H}\)\(\mathbb{R}\),Digital Humanities literally translated to Minnan (also known as Hokkien),[],
xmf,,Megrelian,Digital Humanities,,2026-04-07 01:40:32,True,,True,,True,,False,"{""translated_term"": ""დიჯიტალური ხელოვნება"", ""translation_rationale"": ""Calque of the English term, using Georgian as a source language due to linguistic affinity""}",llama3.1,2026-04-07T00:40:32.493135Z,1187867750.0,86123042.0,75.0,280057042.0,70.0,801650500.0,stop,დიჯიტალური ხელოვნება,"Calque of the English term, using Georgian as a source language due to linguistic affinity","[{'translated_term': 'დიჯიტალური ხელოვნება', 'translation_rationale': 'Calque of the English term, using Georgian as a source language due to linguistic affinity'}]",დიჯიტალური ხელოვნება
tum,,Tumbuka,Digital Humanities,,2026-04-07 01:40:29,False,Ŵanthu ŵa pa intaneti,True,,True,,False,"{""translated_term"": ""Mavuto ya Njira za Digitali"", ""translation_rationale"": ""Combining the Tumbuka words 'mavuto' (meaning 'things' or 'matter') with 'njira za digitali', which uses the English loanword 'digitali' to convey the concept of digital humanities.""}",llama3.1,2026-04-07T00:40:29.28571Z,1185338000.0,85462000.0,74.0,277440083.0,70.0,803176710.0,stop,Mavuto ya Njira za Digitali,"Combining the Tumbuka words 'mavuto' (meaning 'things' or 'matter') with 'njira za digitali', which uses the English loanword 'digitali' to convey the concept of digital humanities.","[{'translated_term': 'Mavuto ya Njira za Digitali', 'translation_rationale': ""Combining the Tumbuka words 'mavuto' (meaning 'things' or 'matter') with 'njira za digitali', which uses the English loanword 'digitali' to convey the concept of digital humanities.""}]",Mavuto ya Njira za Digitali
lzz,,Laz,Digital Humanities,,2026-04-07 01:40:26,True,,True,,True,,False,"{""translated_term"": ""Dijital İnsani Bilimler"", ""translation_rationale"": ""A combination of the Turkish words for digital (dijital) and humanities (insani bilimler), reflecting the field's application in humanistic research.""}",llama3.1,2026-04-07T00:40:26.082929Z,977403416.0,80984833.0,73.0,277507500.0,53.0,602816663.0,stop,Dijital İnsani Bilimler,"A combination of the Turkish words for digital (dijital) and humanities (insani bilimler), reflecting the field's application in humanistic research.","[{'translated_term': 'Dijital İnsani Bilimler', 'translation_rationale': ""A combination of the Turkish words for digital (dijital) and humanities (insani bilimler), reflecting the field's application in humanistic research.""}]",Dijital İnsani Bilimler
lan,,Lango,Digital Humanities,,2026-04-07 01:40:23,True,,True,,True,,False,"{""translated_term"": ""Gatuzi Saida Digitale"", ""translation_rationale"": ""Combining 'gatu' (digital) and 'zizi' (humanities/arts), with 'saida' indicating the new or digital aspect. This is a simplified translation that aims to convey the concept of Digital Humanities in the Lango language.""}",llama3.1,2026-04-07T00:40:23.085107Z,1224483541.0,84678208.0,73.0,282831000.0,73.0,836832331.0,stop,Gatuzi Saida Digitale,"Combining 'gatu' (digital) and 'zizi' (humanities/arts), with 'saida' indicating the new or digital aspect. This is a simplified translation that aims to convey the concept of Digital Humanities in the Lango language.","[{'translated_term': 'Gatuzi Saida Digitale', 'translation_rationale': ""Combining 'gatu' (digital) and 'zizi' (humanities/arts), with 'saida' indicating the new or digital aspect. This is a simplified translation that aims to convey the concept of Digital Humanities in the Lango language.""}]",Gatuzi Saida Digitale
gbm,,Garhwali,Digital Humanities,,2026-04-07 01:40:19,True,,True,,True,,False,"{""translated_term"": ""डिजिटल मानवविज्ञान"", ""translation_rationale"": ""Borrowed from Hindi, using the same term as used in other Indian languages for Digital Humanities.""}",llama3.1,2026-04-07T00:40:19.840226Z,883481959.0,83095292.0,75.0,281676833.0,44.0,503944666.0,stop,डिजिटल मानवविज्ञान,"Borrowed from Hindi, using the same term as used in other Indian languages for Digital Humanities.","[{'translated_term': 'डिजिटल मानवविज्ञान', 'translation_rationale': 'Borrowed from Hindi, using the same term as used in other Indian languages for Digital Humanities.'}]",डिजिटल मानवविज्ञान
chy,,Cheyenne,Digital Humanities,,2026-04-07 01:40:16,True,,True,,True,,False,"{""translated_term"": ""Wuʉšini makhé"" , ""translation_rationale"": ""Wuʉšini means 'new' and makhé means 'knowledge' or 'science'; together they convey the idea of new knowledge or a new way of understanding, which is at the core of Digital Humanities""}",llama3.1,2026-04-07T00:40:16.936898Z,1170874416.0,86529916.0,74.0,276908375.0,69.0,788447171.0,stop,Wuʉšini makhé,"Wuʉšini means 'new' and makhé means 'knowledge' or 'science'; together they convey the idea of new knowledge or a new way of understanding, which is at the core of Digital Humanities","[{'translated_term': 'Wuʉšini makhé', 'translation_rationale': ""Wuʉšini means 'new' and makhé means 'knowledge' or 'science'; together they convey the idea of new knowledge or a new way of understanding, which is at the core of Digital Humanities""}]",Wuʉšini makhé
chr,,Cherokee,Digital Humanities,,2026-04-07 01:40:13,True,,True,,True,,False,"{""translated_term"": ""Siyi a yiya oki odiyi"", ""translation_rationale"": ""Combining 'siyi' (digital) and 'a yiya oki odiyi' (humanities or learned arts), adhering to the language's grammatical structure and vocabulary.""}",llama3.1,2026-04-07T00:40:13.748649Z,1101877083.0,82927416.0,72.0,281796000.0,63.0,718462586.0,stop,Siyi a yiya oki odiyi,"Combining 'siyi' (digital) and 'a yiya oki odiyi' (humanities or learned arts), adhering to the language's grammatical structure and vocabulary.","[{'translated_term': 'Siyi a yiya oki odiyi', 'translation_rationale': ""Combining 'siyi' (digital) and 'a yiya oki odiyi' (humanities or learned arts), adhering to the language's grammatical structure and vocabulary.""}]",Siyi a yiya oki odiyi
arc,,Aramaic,Digital Humanities,,2026-04-07 01:40:10,True,,True,,True,,False,"{""translated_term"": "" "", ""translation_rationale"": ""Aramaic equivalent of 'Digital Humanities', using the ISO 639-1 code 'arc'.""}",llama3.1,2026-04-07T00:40:10.624374Z,2054227416.0,1302103000.0,74.0,344757875.0,35.0,396381875.0,stop, ,"Aramaic equivalent of 'Digital Humanities', using the ISO 639-1 code 'arc'.","[{'translated_term': ' ', 'translation_rationale': ""Aramaic equivalent of 'Digital Humanities', using the ISO 639-1 code 'arc'.""}]", 
zh-yue,,Cantonese,Digital Humanities,,2026-04-07 01:04:49,False,數碼人文,False,,False,,False,"{
  ""translated_term"": ""\ud598\u5e38\u4fca\u7ed9"",
  ""translation_rationale"": ""Cantonese translation of 'Digital Humanities'""
}",llama3.1,2026-04-07T00:04:49.989473Z,907235500.0,84602083.0,75.0,341919375.0,40.0,467970749.0,stop,햘常俊给,Cantonese translation of 'Digital Humanities',[],
zh-tw,,Traditional Chinese,Digital Humanities,,2026-04-07 01:04:47,False,數位人文,False,,False,數位人文,False,"{
  ""translated_term"": ""\u56FD\u6D77\u5173\u5B66"",
  ""translation_rationale"": ""Combining \u56FD (digital) and \u5173\u5B66 (humanities)""
}",llama3.1,2026-04-07T00:04:47.062457Z,1079729625.0,77677833.0,74.0,348697667.0,53.0,637256626.0,stop,国海关学,Combining 国 (digital) and 关学 (humanities),[],
zh-classical,,Classical Chinese,Digital Humanities,,2026-04-07 01:04:41,False,,False,,False,,False,"{
  ""translated_term"": """" ( Zhì shù rénwén xué "",
  ""translation_rationale"": "" Digital Humanities is translated as "" ( Zhì shù rénwén xué "", combining the term for ""digital"" from """" and the concept of humanistic studies """" with a modifier indicating a specific field or domain""
}",llama3.1,2026-04-07T00:04:41.32802Z,1479608666.0,83579291.0,75.0,338826083.0,71.0,1036638627.0,stop,, Digital Humanities is translated as ,[],
xal,,Kalmyk,Digital Humanities,,2026-04-07 01:04:32,False,,False,,False,,False,"{
""translated_term"": ""Aglɨyq humaniti"",
""translation_rationale"": ""Combining Kalmyk words for 'digital' (aglɨyq) and 'humanities' (humaniti)""
}",llama3.1,2026-04-07T00:04:32.729624Z,1063201042.0,80071709.0,75.0,373377334.0,50.0,594493087.0,stop,Aglɨyq humaniti,Combining Kalmyk words for 'digital' (aglɨyq) and 'humanities' (humaniti),[],
war,,Waray / Samar-Leyte Visayan,Digital Humanities,,2026-04-07 01:04:29,False,Digital nga Katawhan,False,,False,,False,"{
""translated_term"": ""Digidal na Kasaysayan"",
""translation_rationale"": ""Combining the Tagalog term 'digidal' and the Cebuano/Visayan prefix 'na' with the Tagalog word 'kasaysayan'""
}",llama3.1,2026-04-07T00:04:29.649469Z,1169525333.0,82466166.0,81.0,374174500.0,57.0,695198912.0,stop,Digidal na Kasaysayan,Combining the Tagalog term 'digidal' and the Cebuano/Visayan prefix 'na' with the Tagalog word 'kasaysayan',[],
vls,,West Flemish,Digital Humanities,,2026-04-07 01:04:26,False,,False,,False,,False,"{
  ""translated_term"": ""Digitale Menskunde"",
  ""translation_rationale"": ""The term is translated directly from English, replacing 'Humanities' with the West Flemish equivalent of 'Menskunde', which connotes a similar meaning.""
}",llama3.1,2026-04-07T00:04:26.459349Z,1112231333.0,79877208.0,75.0,349249292.0,55.0,666456003.0,stop,Digitale Menskunde,"The term is translated directly from English, replacing 'Humanities' with the West Flemish equivalent of 'Menskunde', which connotes a similar meaning.",[],
vec,,Venetian,Digital Humanities,,2026-04-07 01:04:23,False,Siense umane digitałi,False,,False,,False,"{
  ""translated_term"": ""Umànità Digitél"",
  ""translation_rationale"": ""Transliteration from Italian 'Umanità Digitale'""
}",llama3.1,2026-04-07T00:04:23.326763Z,863327417.0,80725334.0,74.0,359557208.0,35.0,412549206.0,stop,Umànità Digitél,Transliteration from Italian 'Umanità Digitale',[],
uz_AF,,Uzbeki Afghanistan,Digital Humanities,,2026-04-07 01:04:20,False,,False,,False,,False,"{
  ""translated_term"": ""Kodli Adabiyot Ilmi"",
  ""translation_rationale"": ""I used the Uzbek term 'Kodli' for 'Digital', as in Uzbek language, it is commonly used to refer to computer-related concepts. 'Adabiyot' means literature or humanities, and 'Ilmi' means science.""
}",llama3.1,2026-04-07T00:04:20.4403Z,1734646250.0,94052292.0,75.0,365291333.0,75.0,1253719455.0,stop,Kodli Adabiyot Ilmi,"I used the Uzbek term 'Kodli' for 'Digital', as in Uzbek language, it is commonly used to refer to computer-related concepts. 'Adabiyot' means literature or humanities, and 'Ilmi' means science.",[],
udm,,Udmurt,Digital Humanities,,2026-04-07 01:04:16,False,Цифровой гуманитарной наукаос,False,,False,,False,"{""translated_term"": ""\u0414\u0438\u0433\u0438\u0442\u0430\u043b\u044c\u043d\u0430\u044f \u0423\u043c\u0435\u0439\u0441\u0442\u0432\u043e"", ""translation_rationale"": ""Udmurt translation of 'Digital Humanities' using Russian loanwords and calques""}",llama3.1,2026-04-07T00:04:16.68395Z,1818995750.0,102833000.0,75.0,354986333.0,88.0,1337350586.0,stop,Дигитальная Умейство,Udmurt translation of 'Digital Humanities' using Russian loanwords and calques,"[{'translated_term': 'Дигитальная Умейство', 'translation_rationale': ""Udmurt translation of 'Digital Humanities' using Russian loanwords and calques""}]",Дигитальная Умейство
tpi,,Tok Pisin,Digital Humanities,,2026-04-07 01:04:09,False,Dijitel Humanitis,False,Ol Samting Ol Man i Mekim,False,,False,"{
  ""translated_term"": ""Buk bilong Intanet Humani"",
  ""translation_rationale"": ""Using Tok Pisin's standard word order and vocabulary, 'Digital' becomes 'Buk', meaning book or digit, and 'Humanities' is translated to 'Intanet Humani', emphasizing the online aspect of the field.""
}",llama3.1,2026-04-07T00:04:09.583867Z,1353833750.0,92524417.0,75.0,353345416.0,73.0,886785164.0,stop,Buk bilong Intanet Humani,"Using Tok Pisin's standard word order and vocabulary, 'Digital' becomes 'Buk', meaning book or digit, and 'Humanities' is translated to 'Intanet Humani', emphasizing the online aspect of the field.",[],
tokipona,,tokipona,Digital Humanities,,2026-04-07 01:04:06,False,,False,,False,,False,"{""translated_term"": ""Sina nanpa ni"", ""translation_rationale"": ""In Toki Pona, 'digital' is translated as 'sina' (meaning 'computer') and 'humanities' is translated as 'nanpa ni' (meaning 'use of knowledge'). The term 'Digital Humanities' would literally mean 'Computer Knowledge'. Note that Toki Pona is a constructed language designed to be simple and easy to learn, so its translations might not always perfectly capture the nuances of the original terms.""}",llama3.1,2026-04-07T00:04:06.21275Z,1720919625.0,83482291.0,76.0,351929958.0,107.0,1254718709.0,stop,Sina nanpa ni,"In Toki Pona, 'digital' is translated as 'sina' (meaning 'computer') and 'humanities' is translated as 'nanpa ni' (meaning 'use of knowledge'). The term 'Digital Humanities' would literally mean 'Computer Knowledge'. Note that Toki Pona is a constructed language designed to be simple and easy to learn, so its translations might not always perfectly capture the nuances of the original terms.","[{'translated_term': 'Sina nanpa ni', 'translation_rationale': ""In Toki Pona, 'digital' is translated as 'sina' (meaning 'computer') and 'humanities' is translated as 'nanpa ni' (meaning 'use of knowledge'). The term 'Digital Humanities' would literally mean 'Computer Knowledge'. Note that Toki Pona is a constructed language designed to be simple and easy to learn, so its translations might not always perfectly capture the nuances of the original terms.""}]",Sina nanpa ni
tlh,,Klingon,Digital Humanities,,2026-04-07 01:04:02,False,,False,,False,,False,"{
  ""translated_term"": ""qongwIj DaH"",
  ""translation_rationale"": ""A combination of 'qon' (digital) and 'wIj DaH' (humanities)""
}",llama3.1,2026-04-07T00:04:02.468217Z,989456833.0,88265708.0,74.0,365407459.0,46.0,522565125.0,stop,qongwIj DaH,A combination of 'qon' (digital) and 'wIj DaH' (humanities),[],
tet,,Tetum,Digital Humanities,,2026-04-07 01:03:59,False,Umanidade Dijitál,False,,False,,False,"{""translated_term"": ""Omaun ba iha Internet"", ""translation_rationale"": ""Literally 'Humanities in the Internet' or 'Humanidades Digitais'.""}",llama3.1,2026-04-07T00:03:59.456563Z,873722250.0,81773458.0,73.0,349128417.0,38.0,430877625.0,stop,Omaun ba iha Internet,Literally 'Humanities in the Internet' or 'Humanidades Digitais'.,"[{'translated_term': 'Omaun ba iha Internet', 'translation_rationale': ""Literally 'Humanities in the Internet' or 'Humanidades Digitais'.""}]",Omaun ba iha Internet
sco,,Scots,Digital Humanities,,2026-04-07 01:03:56,False,,False,,False,,False,"{
  ""translated_term"": ""Digiyal Humanitees"",
  ""translation_rationale"": ""Adaptation o the English term, makin use o Scots equivalents fer 'digital' an 'humanities'.""
}",llama3.1,2026-04-07T00:03:56.56389Z,965669042.0,70727500.0,72.0,356366833.0,46.0,524446877.0,stop,Digiyal Humanitees,"Adaptation o the English term, makin use o Scots equivalents fer 'digital' an 'humanities'.",[],
scn,,Sicilian,Digital Humanities,,2026-04-07 01:03:53,False,Scienzi umanistichi diggitali,False,,False,,False,"{
  ""translated_term"": ""Umanità digitàli"",
  ""translation_rationale"": ""Borrowed from Italian, as Digital Humanities is an English term that has been adopted in Italian""
}",llama3.1,2026-04-07T00:03:53.579129Z,960422375.0,84582291.0,73.0,373224292.0,43.0,488540997.0,stop,Umanità digitàli,"Borrowed from Italian, as Digital Humanities is an English term that has been adopted in Italian",[],
roa-rup,,Aromanian,Digital Humanities,,2026-04-07 01:03:50,False,,False,,False,,False,"{
""translated_term"": ""Umanitar Digital"",
""translation_rationale"": ""Combining the Aromanian words 'umanitar' (humanitarian) and 'digital'""
}",llama3.1,2026-04-07T00:03:50.597828Z,883256125.0,85319334.0,77.0,350880417.0,38.0,434957333.0,stop,Umanitar Digital,Combining the Aromanian words 'umanitar' (humanitarian) and 'digital',[],
rmy,,Romani,Digital Humanities,,2026-04-07 01:03:47,False,Digitalno Humaniàlo,False,,False,,False,"{""translated_term"": ""Džipal Varsmaneshi"", ""translation_rationale"": ""Combination of 'digital' and 'humanities' into Romani, using džipal (digital) and varsmaneshi (human sciences/humanities), a common term in Romani scholarship""}",llama3.1,2026-04-07T00:03:47.696221Z,1291342958.0,84334667.0,74.0,419441250.0,65.0,767717118.0,stop,Džipal Varsmaneshi,"Combination of 'digital' and 'humanities' into Romani, using džipal (digital) and varsmaneshi (human sciences/humanities), a common term in Romani scholarship","[{'translated_term': 'Džipal Varsmaneshi', 'translation_rationale': ""Combination of 'digital' and 'humanities' into Romani, using džipal (digital) and varsmaneshi (human sciences/humanities), a common term in Romani scholarship""}]",Džipal Varsmaneshi
pms,,Piedmontese,Digital Humanities,,2026-04-07 01:03:44,False,,False,,False,,False,"{
  ""translated_term"": ""Umanità Digital"",
  ""translation_rationale"": ""Combining the French and Italian influences on Piedmontese, the term is a direct adaptation of the original phrase""
}",llama3.1,2026-04-07T00:03:44.384165Z,967292542.0,81785875.0,75.0,348739125.0,44.0,523041667.0,stop,Umanità Digital,"Combining the French and Italian influences on Piedmontese, the term is a direct adaptation of the original phrase",[],
pih,,Norfolk,Digital Humanities,,2026-04-07 01:03:41,False,,False,,False,,False,"{""translated_term"": ""Dìgitiel Hunnidits"", ""translation_rationale"": ""Norfolk language uses a unique combination of English and its own vocabulary, adapting words to its phonetic system. 'Digital' becomes 'dìgitiel' with a shift from 'gi' to 'dì', while 'Humanities' remains unchanged due to its existing similarity in sound.""}",llama3.1,2026-04-07T00:03:41.394058Z,1403758167.0,87105833.0,73.0,348939084.0,82.0,943129827.0,stop,Dìgitiel Hunnidits,"Norfolk language uses a unique combination of English and its own vocabulary, adapting words to its phonetic system. 'Digital' becomes 'dìgitiel' with a shift from 'gi' to 'dì', while 'Humanities' remains unchanged due to its existing similarity in sound.","[{'translated_term': 'Dìgitiel Hunnidits', 'translation_rationale': ""Norfolk language uses a unique combination of English and its own vocabulary, adapting words to its phonetic system. 'Digital' becomes 'dìgitiel' with a shift from 'gi' to 'dì', while 'Humanities' remains unchanged due to its existing similarity in sound.""}]",Dìgitiel Hunnidits
pdc,,Pennsylvania German,Digital Humanities,,2026-04-07 01:03:37,False,,False,,False,,False,"{""translated_term"": ""Digitale Menschliche Künste"", ""translation_rationale"": ""Combining English words, following Pennsylvania German's tendency to adopt foreign vocabulary directly, with slight adjustments in spelling and inflection.""}",llama3.1,2026-04-07T00:03:37.96976Z,1002933959.0,82208375.0,74.0,368811833.0,47.0,537366622.0,stop,Digitale Menschliche Künste,"Combining English words, following Pennsylvania German's tendency to adopt foreign vocabulary directly, with slight adjustments in spelling and inflection.","[{'translated_term': 'Digitale Menschliche Künste', 'translation_rationale': ""Combining English words, following Pennsylvania German's tendency to adopt foreign vocabulary directly, with slight adjustments in spelling and inflection.""}]",Digitale Menschliche Künste
pap,,Papiamentu,Digital Humanities,,2026-04-07 01:03:34,False,Humanidatnan Digital,False,Di Con Asina Tantu Cos Humano,False,,False,"{
  ""translated_term"": ""Humanidat Digital"",
  ""translation_rationale"": ""Papiamentu term for 'Digital Humanities', combining the concepts of 'digital' and 'humanidades'""
}",llama3.1,2026-04-07T00:03:34.948832Z,935018750.0,81645792.0,75.0,352158250.0,43.0,487843087.0,stop,Humanidat Digital,"Papiamentu term for 'Digital Humanities', combining the concepts of 'digital' and 'humanidades'",[],
pam,,Kapampangan,Digital Humanities,,2026-04-07 01:03:31,False,Digital Humanities,False,,False,,False,"{
  ""translated_term"": ""Diyitangalungsodang Sining"",
  ""translation_rationale"": ""Breaking down the term into its components, 'Diye' is a prefix meaning digital or related to technology, 'tangalunghod' means humanities in Kapampangan, and 'Sining' means art or studies.""
}",llama3.1,2026-04-07T00:03:31.989604Z,1305141083.0,82038250.0,74.0,348298250.0,74.0,853382040.0,stop,Diyitangalungsodang Sining,"Breaking down the term into its components, 'Diye' is a prefix meaning digital or related to technology, 'tangalunghod' means humanities in Kapampangan, and 'Sining' means art or studies.",[],
pag,,Pangasinan,Digital Humanities,,2026-04-07 01:03:28,False,Digital Humanities,False,Saray Manangiyabawag na Too,False,,False,"{""translated_term"": ""Salukuyug Alpabita"", ""translation_rationale"": ""Combination of 'salukuyug' (digital) and 'alpabita' (humanities), following the pattern of other terms in Pangasinan""}",llama3.1,2026-04-07T00:03:28.668528Z,1083163208.0,84638833.0,74.0,351900500.0,55.0,629553210.0,stop,Salukuyug Alpabita,"Combination of 'salukuyug' (digital) and 'alpabita' (humanities), following the pattern of other terms in Pangasinan","[{'translated_term': 'Salukuyug Alpabita', 'translation_rationale': ""Combination of 'salukuyug' (digital) and 'alpabita' (humanities), following the pattern of other terms in Pangasinan""}]",Salukuyug Alpabita
nso,,Northern Sotho,Digital Humanities,,2026-04-07 01:03:25,False,Thuto ya Botho ya Dijithale,False,Ditekanyo tša Batho,False,,False,"{
  ""translated_term"": ""Tsheko ya Digital"",
  ""translation_rationale"": ""Combining the concept of tsheko (technology) with 'digital' from English""
}",llama3.1,2026-04-07T00:03:25.561402Z,884077375.0,82481625.0,76.0,332555000.0,40.0,456686791.0,stop,Tsheko ya Digital,Combining the concept of tsheko (technology) with 'digital' from English,[],
nrm,,Norman,Digital Humanities,,2026-04-07 01:03:22,False,,False,,False,,False,"{""translated_term"": ""Tchèques Humaines Digitales"", ""translation_rationale"": ""Combination of the Norman word for 'digital' (tchèque) and 'humanities'""}",llama3.1,2026-04-07T00:03:22.659523Z,986519625.0,91593625.0,73.0,391614208.0,43.0,489839623.0,stop,Tchèques Humaines Digitales,Combination of the Norman word for 'digital' (tchèque) and 'humanities',"[{'translated_term': 'Tchèques Humaines Digitales', 'translation_rationale': ""Combination of the Norman word for 'digital' (tchèque) and 'humanities'""}]",Tchèques Humaines Digitales
new,,Newar,Digital Humanities,,2026-04-07 01:03:19,False,डिजिटल मानविकी,False,,False,,False,"{""translated_term"": ""दिजिटल मानव विज्ञान"", ""translation_rationale"": ""Combination of नि (ni) meaning 'digital' and मानव विज्ञान (manav vijñāna) meaning 'human knowledge', drawing on Sanskrit roots""}",llama3.1,2026-04-07T00:03:19.657325Z,1190644042.0,88335334.0,73.0,370908708.0,62.0,713204999.0,stop,दिजिटल मानव विज्ञान,"Combination of नि (ni) meaning 'digital' and मानव विज्ञान (manav vijñāna) meaning 'human knowledge', drawing on Sanskrit roots","[{'translated_term': 'दिजिटल मानव विज्ञान', 'translation_rationale': ""Combination of नि (ni) meaning 'digital' and मानव विज्ञान (manav vijñāna) meaning 'human knowledge', drawing on Sanskrit roots""}]",दिजिटल मानव विज्ञान
nds-nl,,Dutch Low Saxon,Digital Humanities,,2026-04-07 01:03:16,False,,False,,False,,False,"{
""translated_term"": ""Digitaal Humaanweten"",
""translation_rationale"": ""Combination of 'digitaal' (digital) and 'humaanweten' which translates to human sciences in Dutch, aligning with the broader scope of Digital Humanities""
}",llama3.1,2026-04-07T00:03:16.446944Z,1140602417.0,81096167.0,78.0,356526917.0,60.0,685926544.0,stop,Digitaal Humaanweten,"Combination of 'digitaal' (digital) and 'humaanweten' which translates to human sciences in Dutch, aligning with the broader scope of Digital Humanities",[],
nds,,Low German / Low Saxon,Digital Humanities,,2026-04-07 01:03:13,False,,False,,False,,False,"{
  ""translated_term"": ""Digitale Humanisten"",
  ""translation_rationale"": ""Low German / Low Saxon translation, combining 'digital' (from English) and 'Humanitists' (from English, using the plural form)""
}",llama3.1,2026-04-07T00:03:13.285944Z,1046113209.0,81051625.0,79.0,355173167.0,52.0,594168998.0,stop,Digitale Humanisten,"Low German / Low Saxon translation, combining 'digital' (from English) and 'Humanitists' (from English, using the plural form)",[],
nap,,Neapolitan,Digital Humanities,,2026-04-07 01:03:10,False,,False,,False,,False,"{
  ""translated_term"": ""Dumannità Digitale"",
  ""translation_rationale"": ""Combination of Italian and Neapolitan language""
}",llama3.1,2026-04-07T00:03:10.216594Z,797855625.0,65468667.0,74.0,360027084.0,32.0,361979169.0,stop,Dumannità Digitale,Combination of Italian and Neapolitan language,[],
nah,,Nahuatl,Digital Humanities,,2026-04-07 01:03:07,False,,False,,False,,False,"{
  ""translated_term"": ""Tonalpohualli tlamachyotl"",
  ""translation_rationale"": ""The term 'Digital Humanities' is composed of two parts. 'Digital' is derived from the Spanish word 'digital', which is equivalent to the Nahuatl term 'tlayolli', meaning 'of the fingers' or 'hand-made'. However, I chose to use 'tonalpohualli', a Nahuatl word referring to a system of divination and time-reckoning. It conveys a sense of modernity and connection to the digital age while being grounded in traditional Mesoamerican knowledge systems. The term 'Humanities' is equivalent to 'tlamachyotl', which encompasses arts, sciences, and humanistic studies.""
}",llama3.1,2026-04-07T00:03:07.392171Z,2429178125.0,80320208.0,74.0,399442541.0,164.0,1902621208.0,stop,Tonalpohualli tlamachyotl,"The term 'Digital Humanities' is composed of two parts. 'Digital' is derived from the Spanish word 'digital', which is equivalent to the Nahuatl term 'tlayolli', meaning 'of the fingers' or 'hand-made'. However, I chose to use 'tonalpohualli', a Nahuatl word referring to a system of divination and time-reckoning. It conveys a sense of modernity and connection to the digital age while being grounded in traditional Mesoamerican knowledge systems. The term 'Humanities' is equivalent to 'tlamachyotl', which encompasses arts, sciences, and humanistic studies.",[],
mwl,,Mirandese,Digital Humanities,,2026-04-07 01:03:02,False,,False,,False,,False,"{
  ""translated_term"": ""Humanidades Digitales"",
  ""translation_rationale"": ""Direct translation of the English term, combining 'digitals' (digital) and 'humanidades' (humanities)""
}",llama3.1,2026-04-07T00:03:02.93911Z,954913709.0,80294292.0,75.0,345254416.0,45.0,515265835.0,stop,Humanidades Digitales,"Direct translation of the English term, combining 'digitals' (digital) and 'humanidades' (humanities)",[],
mus,,Creek / Muskogee,Digital Humanities,,2026-04-07 01:02:59,False,,False,,False,,False,"{""translated_term"": ""ᎤᏁᎶᏗ ᎯᏍᎩ ᎤᏕᏗ"", ""translation_rationale"": ""Using Muskogee orthography, combining 'digital' with the suffix '-woni', which is a common way to form nouns in Muskogee, and adding 'ᎯᏍᎩ', which means 'study' or 'knowledge', to convey the idea of studying or exploring digital things.""}",llama3.1,2026-04-07T00:02:59.964379Z,1726246125.0,111676916.0,77.0,340095125.0,108.0,1243623084.0,stop,ᎤᏁᎶᏗ ᎯᏍᎩ ᎤᏕᏗ,"Using Muskogee orthography, combining 'digital' with the suffix '-woni', which is a common way to form nouns in Muskogee, and adding 'ᎯᏍᎩ', which means 'study' or 'knowledge', to convey the idea of studying or exploring digital things.","[{'translated_term': 'ᎤᏁᎶᏗ ᎯᏍᎩ ᎤᏕᏗ', 'translation_rationale': ""Using Muskogee orthography, combining 'digital' with the suffix '-woni', which is a common way to form nouns in Muskogee, and adding 'ᎯᏍᎩ', which means 'study' or 'knowledge', to convey the idea of studying or exploring digital things.""}]",ᎤᏁᎶᏗ ᎯᏍᎩ ᎤᏕᏗ
mrh,,Mara,Digital Humanities,,2026-04-07 01:02:56,False,,False,,False,,False,"{""translated_term"": ""Dizitāli Manukṣiya Sādhana"", ""translation_rationale"": ""Combination of Hindi 'dizitālī' (digital) and Marathi 'manukṣiya sādhana' (humanities)""}",llama3.1,2026-04-07T00:02:56.221008Z,1156010583.0,87762083.0,73.0,348187750.0,61.0,701941757.0,stop,Dizitāli Manukṣiya Sādhana,Combination of Hindi 'dizitālī' (digital) and Marathi 'manukṣiya sādhana' (humanities),"[{'translated_term': 'Dizitāli Manukṣiya Sādhana', 'translation_rationale': ""Combination of Hindi 'dizitālī' (digital) and Marathi 'manukṣiya sādhana' (humanities)""}]",Dizitāli Manukṣiya Sādhana
mo,,Moldovan,Digital Humanities,,2026-04-07 01:02:53,False,Științe Umaniste Digitale,False,,False,,False,"{
  ""translated_term"": ""Umanitățile Digitale"",
  ""translation_rationale"": ""Literal translation of the phrase, combining 'Digital' and 'Humanities'""
}",llama3.1,2026-04-07T00:02:53.046674Z,899308667.0,84401833.0,73.0,352212458.0,40.0,450893754.0,stop,Umanitățile Digitale,"Literal translation of the phrase, combining 'Digital' and 'Humanities'",[],
min,,Minangkabau,Digital Humanities,,2026-04-07 01:02:50,False,Kamanusiaan Digital,False,,False,,False,"{
  ""translated_term"": ""Si Manuik Digital"",
  ""translation_rationale"": ""Minangkabau language uses the term 'Si Manuik' to refer to digital or electronic, hence 'Digital Humanities' is translated as 'Si Manuik Digital'""
}",llama3.1,2026-04-07T00:02:50.127666Z,1132507583.0,89889750.0,76.0,350314709.0,59.0,674766037.0,stop,Si Manuik Digital,"Minangkabau language uses the term 'Si Manuik' to refer to digital or electronic, hence 'Digital Humanities' is translated as 'Si Manuik Digital'",[],
map-bms,,Banyumasan,Digital Humanities,,2026-04-07 01:02:46,False,,False,,False,,False,"{""translated_term"": ""Manusia Digital"", ""translation_rationale"": ""Literally 'Digital Person', drawing from the Indonesian language, which is closely related to Banyumasan.""}",llama3.1,2026-04-07T00:02:46.977698Z,943941541.0,82900416.0,77.0,392523084.0,40.0,455895375.0,stop,Manusia Digital,"Literally 'Digital Person', drawing from the Indonesian language, which is closely related to Banyumasan.","[{'translated_term': 'Manusia Digital', 'translation_rationale': ""Literally 'Digital Person', drawing from the Indonesian language, which is closely related to Banyumasan.""}]",Manusia Digital
man,,Mandarin,Digital Humanities,,2026-04-07 01:02:44,False,,False,,False,,False,"{
  ""translated_term"": ""\u5DE6\u4E45\u4F1A\u6212"",
  ""translation_rationale"": ""Literally, \u5DE6 means \""digital\"" and \u4E45\u4F1A means \""humanities\""""
}",llama3.1,2026-04-07T00:02:44.011124Z,1219490250.0,90286708.0,72.0,399012292.0,62.0,711975546.0,stop,左久会戒,"Literally, 左 means ""digital"" and 久会 means ""humanities""",[],
lmo,,Lombard,Digital Humanities,Informatega umanistega,2026-04-07 01:02:37,False,Scienzi umanistich digitai,False,,False,,False,"{
  ""translated_term"": ""Umànitè digital"",
  ""translation_rationale"": ""The term is composed of 'umànità' (humanity) and 'digital', which are combined to form a new compound word in Lombard.""
}",llama3.1,2026-04-07T00:02:37.88835Z,1064393625.0,82598625.0,74.0,360562500.0,53.0,604711540.0,stop,Umànitè digital,"The term is composed of 'umànità' (humanity) and 'digital', which are combined to form a new compound word in Lombard.",[],
lij,,Ligurian,Digital Humanities,,2026-04-07 01:02:34,False,Sciense umañe digitale,False,,False,,False,"{
  ""translated_term"": ""Omnium Sciencias Digital"",
  ""translation_rationale"": ""Combining 'Digital' and 'Humanities' into a single phrase, while trying to maintain the original meaning""
}",llama3.1,2026-04-07T00:02:34.80681Z,1001109125.0,88594208.0,74.0,373429250.0,46.0,524910541.0,stop,Omnium Sciencias Digital,"Combining 'Digital' and 'Humanities' into a single phrase, while trying to maintain the original meaning",[],
lad,,Ladino / Judeo-Spanish,Digital Humanities,,2026-04-07 01:02:28,False,,False,,False,,False,"{
  ""translated_term"": ""Humanidades Digitales"",
  ""translation_rationale"": ""Ladino / Judeo-Spanish translation, retaining Spanish roots with the addition of 'Digitales' to adapt to the digital context""
}",llama3.1,2026-04-07T00:02:28.615053Z,1009962791.0,82460208.0,80.0,340403000.0,50.0,572087251.0,stop,Humanidades Digitales,"Ladino / Judeo-Spanish translation, retaining Spanish roots with the addition of 'Digitales' to adapt to the digital context",[],
ksh,,Ripuarian,Digital Humanities,,2026-04-07 01:02:25,False,,False,,False,,False,"{
  ""translated_term"": ""Digitale Mäännerschaft"",
  ""translation_rationale"": ""combination of 'digitale' (digital) and 'Mäännerschaft' (humanities)""
}",llama3.1,2026-04-07T00:02:25.585185Z,937493292.0,84276417.0,75.0,353163541.0,43.0,486333422.0,stop,Digitale Mäännerschaft,combination of 'digitale' (digital) and 'Mäännerschaft' (humanities),[],
khw,,Khowar,Digital Humanities,,2026-04-07 01:02:22,False,,False,,False,,False,"{""translated_term"": ""ڈیجیٹل انساییکلوپیڈیا"", ""translation_rationale"": ""Literally 'Digital Encyclopedia', combining the two words as a direct translation of the concept.""}",llama3.1,2026-04-07T00:02:22.630127Z,992272458.0,92264958.0,75.0,346092375.0,47.0,539467787.0,stop,ڈیجیٹل انساییکلوپیڈیا,"Literally 'Digital Encyclopedia', combining the two words as a direct translation of the concept.","[{'translated_term': 'ڈیجیٹل انساییکلوپیڈیا', 'translation_rationale': ""Literally 'Digital Encyclopedia', combining the two words as a direct translation of the concept.""}]",ڈیجیٹل انساییکلوپیڈیا
jbo,,Lojban,Digital Humanities,,2026-04-07 01:02:19,False,,False,,False,,False,"{""translated_term"": ""Cmevla da ci'i ciska"", ""translation_rationale"": ""Cmevla means \""personal name\"" or \""noun\"", da means \""to deal with\"" or \""about\"", ci'i means \""digital\"", and ciska means \""humanities\""""}",llama3.1,2026-04-07T00:02:19.619858Z,1125107458.0,81254458.0,75.0,350868666.0,59.0,676395668.0,stop,Cmevla da ci'i ciska,"Cmevla means ""personal name"" or ""noun"", da means ""to deal with"" or ""about"", ci'i means ""digital"", and ciska means ""humanities""","[{'translated_term': ""Cmevla da ci'i ciska"", 'translation_rationale': 'Cmevla means ""personal name"" or ""noun"", da means ""to deal with"" or ""about"", ci\'i means ""digital"", and ciska means ""humanities""'}]",Cmevla da ci'i ciska
inh,,Ingush,Digital Humanities,,2026-04-07 01:02:16,False,,False,,False,,False,"{
  ""translated_term"": ""Дигиталон гьорзам"",
  ""translation_rationale"": ""Combination of Russian loanwords and Ingush adaptation, using the suffix -on (-гон) to form a noun""
}",llama3.1,2026-04-07T00:02:16.475423Z,1056543292.0,89589583.0,73.0,355457833.0,52.0,595834498.0,stop,Дигиталон гьорзам,"Combination of Russian loanwords and Ingush adaptation, using the suffix -on (-гон) to form a noun",[],
ilo,,Ilokano,Digital Humanities,,2026-04-07 01:02:13,False,Digital a Humanities,False,Digital Humanies,False,,False,"{
  ""translated_term"": ""Digitong Pangyubak"",
  ""translation_rationale"": ""Translation of 'Digital Humanities' from English to Ilokano, considering the language's characteristics and vocabulary.""
}",llama3.1,2026-04-07T00:02:13.400655Z,1001354833.0,89822375.0,75.0,395587459.0,44.0,502044794.0,stop,Digitong Pangyubak,"Translation of 'Digital Humanities' from English to Ilokano, considering the language's characteristics and vocabulary.",[],
haw,,Hawaiian,Digital Humanities,,2026-04-07 01:02:10,False,Nā Humanities Kikohoʻe,False,,False,Digital Humanities,False,"{
  ""translated_term"": ""Nā Kānaka o na Mea Ha'aha'a"",
  ""translation_rationale"": ""Combining \""Digital\"" (na mea haelea, literally 'virtual things') and \""Humanities\"" (nā kānaka, people or humans) to create a term that reflects the interdisciplinary nature of the field.""
}",llama3.1,2026-04-07T00:02:10.376617Z,1344782125.0,79148541.0,73.0,357695833.0,77.0,885421328.0,stop,Nā Kānaka o na Mea Ha'aha'a,"Combining ""Digital"" (na mea haelea, literally 'virtual things') and ""Humanities"" (nā kānaka, people or humans) to create a term that reflects the interdisciplinary nature of the field.",[],
hak,,Hakka Chinese,Digital Humanities,,2026-04-07 01:02:07,False,,False,,False,,False,"{
  ""translated_term"": """",
  ""translation_rationale"": ""The word 'Digital Humanities' is a term that doesn't directly translate to Hakka Chinese as it's a specific concept. However, I can attempt to break it down into its components: \u5df1\u7c73 (digital) and \u6a18\u6d0b\u516b (humanities). A possible translation could be: ""
}",llama3.1,2026-04-07T00:02:07.008346Z,1494286750.0,71654375.0,74.0,348231583.0,91.0,1046711708.0,stop,,"The word 'Digital Humanities' is a term that doesn't directly translate to Hakka Chinese as it's a specific concept. However, I can attempt to break it down into its components: 己米 (digital) and 樘洋八 (humanities). A possible translation could be: ",[],
got,,Gothic,Digital Humanities,,2026-04-07 01:02:03,False,,False,,False,,False,"{""translated_term"": ""Kunsthistorikos saƕa wairþja"", ""translation_rationale"": ""Combining Gothic words for 'art' (kunst), 'history' (historikos), and 'new' or 'digital' concepts, using the word for 'saƕa' (together) and 'wairþja' (way/means) to convey the idea of a new way of studying art and history.""}",llama3.1,2026-04-07T00:02:03.496171Z,1629769125.0,85286583.0,72.0,374389667.0,99.0,1141772919.0,stop,Kunsthistorikos saƕa wairþja,"Combining Gothic words for 'art' (kunst), 'history' (historikos), and 'new' or 'digital' concepts, using the word for 'saƕa' (together) and 'wairþja' (way/means) to convey the idea of a new way of studying art and history.","[{'translated_term': 'Kunsthistorikos saƕa wairþja', 'translation_rationale': ""Combining Gothic words for 'art' (kunst), 'history' (historikos), and 'new' or 'digital' concepts, using the word for 'saƕa' (together) and 'wairþja' (way/means) to convey the idea of a new way of studying art and history.""}]",Kunsthistorikos saƕa wairþja
gil,,Gilbertese,Digital Humanities,,2026-04-07 01:01:59,False,,False,Aroia Aomata n Tokanikai i Aoni Bwaai ni Kabane,False,,False,"{""translated_term"": ""Nauru Kaburea Bwibwen ni"", ""translation_rationale"": ""Literally 'humanities of the digital' in Gilbertese, following a direct loan from English into the language.""}",llama3.1,2026-04-07T00:01:59.846082Z,1006700500.0,95990500.0,74.0,348607042.0,48.0,547236666.0,stop,Nauru Kaburea Bwibwen ni,"Literally 'humanities of the digital' in Gilbertese, following a direct loan from English into the language.","[{'translated_term': 'Nauru Kaburea Bwibwen ni', 'translation_rationale': ""Literally 'humanities of the digital' in Gilbertese, following a direct loan from English into the language.""}]",Nauru Kaburea Bwibwen ni
gan,,Gan Chinese,Digital Humanities,,2026-04-07 01:01:53,False,,False,,False,,False,"{""translated_term"": ""Hoi6 Cig5 Ze2 Jou4"", ""translation_rationale"": ""Using the romanization system for Gan Chinese, Hanyu Pinyin was adapted to fit the local phonetic and orthographic characteristics.""}",llama3.1,2026-04-07T00:01:53.673348Z,1038605542.0,82327250.0,73.0,355573625.0,51.0,584861169.0,stop,Hoi6 Cig5 Ze2 Jou4,"Using the romanization system for Gan Chinese, Hanyu Pinyin was adapted to fit the local phonetic and orthographic characteristics.","[{'translated_term': 'Hoi6 Cig5 Ze2 Jou4', 'translation_rationale': 'Using the romanization system for Gan Chinese, Hanyu Pinyin was adapted to fit the local phonetic and orthographic characteristics.'}]",Hoi6 Cig5 Ze2 Jou4
fur,,Friulian,Digital Humanities,,2026-04-07 01:01:50,False,Lis siencis umanis digjitâls,False,,False,,False,"{""translated_term"": ""Umanitàs digitalis"", ""translation_rationale"": ""Combining 'umanitàs' (humanities) and 'digital', following the usual Friulian language pattern of combining words with hyphens or using Latin-derived roots.""}",llama3.1,2026-04-07T00:01:50.613538Z,1094894292.0,74074542.0,74.0,363293250.0,56.0,640709793.0,stop,Umanitàs digitalis,"Combining 'umanitàs' (humanities) and 'digital', following the usual Friulian language pattern of combining words with hyphens or using Latin-derived roots.","[{'translated_term': 'Umanitàs digitalis', 'translation_rationale': ""Combining 'umanitàs' (humanities) and 'digital', following the usual Friulian language pattern of combining words with hyphens or using Latin-derived roots.""}]",Umanitàs digitalis
frp,,Arpitan / Franco-Provençal,Digital Humanities,,2026-04-07 01:01:47,False,,False,,False,,False,"{
  ""translated_term"": ""Lètimenàs d'ôssethique digitâla"",
  ""translation_rationale"": ""Digital Humanities in Arpitan / Franco-Provençal, translating 'digital' as 'ôssethique' (from French 'scientifique') and 'humanities' as 'lètimenàs' (from Latin 'literae')""
}",llama3.1,2026-04-07T00:01:47.503573Z,1437074125.0,80044209.0,82.0,342820667.0,86.0,988871039.0,stop,Lètimenàs d'ôssethique digitâla,"Digital Humanities in Arpitan / Franco-Provençal, translating 'digital' as 'ôssethique' (from French 'scientifique') and 'humanities' as 'lètimenàs' (from Latin 'literae')",[],
fiu-vro,,Võro,Digital Humanities,,2026-04-07 01:01:44,False,,False,,False,,False,"{""translated_term"": ""Digitaalsed humanitaarsed teadused"", ""translation_rationale"": ""direct translation of 'Digital Humanities' using a combination of Estonian and Võro language knowledge, where 'digitaalne' is already used in some contexts in Võro""}",llama3.1,2026-04-07T00:01:44.043994Z,1165948916.0,88753166.0,77.0,363581542.0,61.0,695961379.0,stop,Digitaalsed humanitaarsed teadused,"direct translation of 'Digital Humanities' using a combination of Estonian and Võro language knowledge, where 'digitaalne' is already used in some contexts in Võro","[{'translated_term': 'Digitaalsed humanitaarsed teadused', 'translation_rationale': ""direct translation of 'Digital Humanities' using a combination of Estonian and Võro language knowledge, where 'digitaalne' is already used in some contexts in Võro""}]",Digitaalsed humanitaarsed teadused
ext,,Extremaduran,Digital Humanities,,2026-04-07 01:01:40,False,,False,,False,,False,"{
  ""translated_term"": ""Humanidades Digitales"",
  ""translation_rationale"": ""Direct translation of the term, using standard Latin American Spanish terminology""
}",llama3.1,2026-04-07T00:01:40.861104Z,834799708.0,95396917.0,75.0,342826750.0,34.0,385714126.0,stop,Humanidades Digitales,"Direct translation of the term, using standard Latin American Spanish terminology",[],
dsb,,Lower Sorbian,Digital Humanities,,2026-04-07 01:01:38,False,,False,,False,,False,"{""translated_term"": ""Digiwumnaņske wuměnty"", ""translation_rationale"": ""Combination of 'digi' (from digital), 'wuměnty' (from humanities) and the Sorbian diminutive suffix '-anņske'}",llama3.1,2026-04-07T00:01:38.001912Z,1209516375.0,86668666.0,75.0,384351709.0,63.0,719790041.0,stop,Digiwumnaņske wuměnty,No rationale provided,[],
diq,,Dimli,Digital Humanities,,2026-04-07 01:01:34,False,,False,,False,,False,"{""translated_term"": ""Îlmanînîyî Êzayî"", ""translation_rationale"": ""Combining the elements Îlmanînî (digital) and Êzayî (humanities) to form a new term in Dimli.""}",llama3.1,2026-04-07T00:01:34.765846Z,1111493167.0,80869459.0,74.0,337751250.0,59.0,675514048.0,stop,Îlmanînîyî Êzayî,Combining the elements Îlmanînî (digital) and Êzayî (humanities) to form a new term in Dimli.,"[{'translated_term': 'Îlmanînîyî Êzayî', 'translation_rationale': 'Combining the elements Îlmanînî (digital) and Êzayî (humanities) to form a new term in Dimli.'}]",Îlmanînîyî Êzayî
csb,,Kashubian,Digital Humanities,,2026-04-07 01:01:31,False,,False,,False,,False,"{
  ""translated_term"": ""Humanistyczne Domeny Cyfrowe"",
  ""translation_rationale"": ""Using established loanwords for 'digital humanities' in Polish and translating from there""
}",llama3.1,2026-04-07T00:01:31.631192Z,941623458.0,74539792.0,75.0,353481250.0,44.0,499821580.0,stop,Humanistyczne Domeny Cyfrowe,Using established loanwords for 'digital humanities' in Polish and translating from there,[],
ckb,,Kurdish (Sorani),Digital Humanities,,2026-04-07 01:01:28,False,زانستە مرۆییە دیجیتاڵییەکان,False,,False,,False,"{
  ""translated_term"": ""\u0628\u064a \u0627\u0636\u06cc\u0627 \u062f\u06be\u0629"",
  ""translation_rationale"": ""Combining Kurdish words 'bi' (digit) and '\u0627\u0636\u06cc\u0627' (humanities)""
}",llama3.1,2026-04-07T00:01:28.670257Z,1331353750.0,86490166.0,78.0,365651125.0,75.0,857636040.0,stop,بي اضیا دھة,Combining Kurdish words 'bi' (digit) and 'اضیا' (humanities),[],
cho,,Choctaw,Digital Humanities,,2026-04-07 01:01:16,False,,False,,False,,False,"{""translated_term"": ""Okla Homa Digital Humaniti"", ""translation_rationale"": ""Literally 'digital humanities' in Choctaw, with the word for digital (Okla) derived from the tribe's name and humaniti following the English term.""}",llama3.1,2026-04-07T00:01:16.821298Z,1107654792.0,82937750.0,74.0,378726084.0,55.0,629146501.0,stop,Okla Homa Digital Humaniti,"Literally 'digital humanities' in Choctaw, with the word for digital (Okla) derived from the tribe's name and humaniti following the English term.","[{'translated_term': 'Okla Homa Digital Humaniti', 'translation_rationale': ""Literally 'digital humanities' in Choctaw, with the word for digital (Okla) derived from the tribe's name and humaniti following the English term.""}]",Okla Homa Digital Humaniti
ceb,,Cebuano,Digital Humanities,,2026-04-07 01:01:13,False,Digital nga mga Humanidad,False,Digital nga mga Tawhanon,False,Digital Humanities,False,"{""translated_term"": ""Dagatang-tudloan"", ""translation_rationale"": ""From English 'Digital Humanities', Cebuano equivalent is a combination of the words for 'digital' (dagatan, but using dagata) and 'humanities' (tudloan), using the grammatical rules of Cebuano language""}",llama3.1,2026-04-07T00:01:13.692928Z,1265142250.0,80910500.0,76.0,339553875.0,72.0,824108672.0,stop,Dagatang-tudloan,"From English 'Digital Humanities', Cebuano equivalent is a combination of the words for 'digital' (dagatan, but using dagata) and 'humanities' (tudloan), using the grammatical rules of Cebuano language","[{'translated_term': 'Dagatang-tudloan', 'translation_rationale': ""From English 'Digital Humanities', Cebuano equivalent is a combination of the words for 'digital' (dagatan, but using dagata) and 'humanities' (tudloan), using the grammatical rules of Cebuano language""}]",Dagatang-tudloan
cdo,,Min Dong Chinese,Digital Humanities,,2026-04-07 01:01:10,False,,False,,False,,False,"{
  ""translated_term"": ""\u56fe\u5b66\u5e2d\u4e50"",
  ""translation_rationale"": ""The term 'Digital Humanities' is composed of two words. The first word 'digital' is the same in Min Dong Chinese as it is in English, \u5f15\u516b. The second word 'humanities' translates to \u5e2d\u4e50, which refers to the study of human culture and society.""
}",llama3.1,2026-04-07T00:01:10.410483Z,1659966500.0,85922000.0,75.0,348100250.0,104.0,1196294173.0,stop,图学席乐,"The term 'Digital Humanities' is composed of two words. The first word 'digital' is the same in Min Dong Chinese as it is in English, 引八. The second word 'humanities' translates to 席乐, which refers to the study of human culture and society.",[],
bxr,,Buriat (Russia),Digital Humanities,,2026-04-07 01:01:06,False,Тоон хүнэй эрдэм ухаан,False,,False,,False,"{""translated_term"": ""Хүннээ дигиталлашилал"", ""translation_rationale"": ""Combining the Buriat word 'хүннээ' (meaning 'humanities') with the Buriat equivalent of 'digital', which is derived from the Russian 'дигитальный'""}",llama3.1,2026-04-07T00:01:06.732381Z,1302191916.0,81480833.0,78.0,361510000.0,73.0,839149754.0,stop,Хүннээ дигиталлашилал,"Combining the Buriat word 'хүннээ' (meaning 'humanities') with the Buriat equivalent of 'digital', which is derived from the Russian 'дигитальный'","[{'translated_term': 'Хүннээ дигиталлашилал', 'translation_rationale': ""Combining the Buriat word 'хүннээ' (meaning 'humanities') with the Buriat equivalent of 'digital', which is derived from the Russian 'дигитальный'""}]",Хүннээ дигиталлашилал
bug,,Buginese,Digital Humanities,,2026-04-07 01:01:03,False,,False,,False,,False,"{""translated_term"": ""Tongtangka Humanitasa Digital"", ""translation_rationale"": ""Combining Buginese words for 'digital' (Tongtangka) and 'humanities' (Humanitasa), following the typical pattern in Buginese language to create new terms by combining two roots.""}",llama3.1,2026-04-07T00:01:03.417008Z,1196469625.0,78776500.0,73.0,343038833.0,66.0,755733046.0,stop,Tongtangka Humanitasa Digital,"Combining Buginese words for 'digital' (Tongtangka) and 'humanities' (Humanitasa), following the typical pattern in Buginese language to create new terms by combining two roots.","[{'translated_term': 'Tongtangka Humanitasa Digital', 'translation_rationale': ""Combining Buginese words for 'digital' (Tongtangka) and 'humanities' (Humanitasa), following the typical pattern in Buginese language to create new terms by combining two roots.""}]",Tongtangka Humanitasa Digital
brx,,Boro,Digital Humanities,,2026-04-07 01:01:00,False,,False,,False,,False,"{""translated_term"": ""Sāṅgīt Kāhān"", ""translation_rationale"": ""Literally 'Digital Arts', following the language's tendency to use Sanskrit roots and combining Digital (from English) with Humanities (from English, using a direct loanword)""}",llama3.1,2026-04-07T00:01:00.19953Z,1173866417.0,88344458.0,74.0,379525208.0,60.0,688494085.0,stop,Sāṅgīt Kāhān,"Literally 'Digital Arts', following the language's tendency to use Sanskrit roots and combining Digital (from English) with Humanities (from English, using a direct loanword)","[{'translated_term': 'Sāṅgīt Kāhān', 'translation_rationale': ""Literally 'Digital Arts', following the language's tendency to use Sanskrit roots and combining Digital (from English) with Humanities (from English, using a direct loanword)""}]",Sāṅgīt Kāhān
bpy,,Bishnupriya Manipuri,Digital Humanities,,2026-04-07 01:00:57,False,,False,,False,,False,"{""translated_term"": ""Dijitil Sanskriti"", ""translation_rationale"": ""Combination of Bengali and Manipuri roots for the terms 'digital' and 'humanities', respectively.""}",llama3.1,2026-04-07T00:00:57.004424Z,923971291.0,85247750.0,79.0,336617375.0,43.0,488979162.0,stop,Dijitil Sanskriti,"Combination of Bengali and Manipuri roots for the terms 'digital' and 'humanities', respectively.","[{'translated_term': 'Dijitil Sanskriti', 'translation_rationale': ""Combination of Bengali and Manipuri roots for the terms 'digital' and 'humanities', respectively.""}]",Dijitil Sanskriti
be-x-old,,Belarusian (Taraškievica),Digital Humanities,,2026-04-07 01:00:54,False,Лічбавыя гуманітарныя навукі,False,,False,,False,"{""translated_term"": ""Дыджітальныя гуманітарныя навукі"", ""translation_rationale"": ""Combination of Belarusian word \""дыджітальныя\"" (digital) and «гуманітарныя навукі» (humanities), following linguistic patterns in Belarusian""}",llama3.1,2026-04-07T00:00:54.060602Z,1233518167.0,74502667.0,83.0,362257833.0,68.0,777517500.0,stop,Дыджітальныя гуманітарныя навукі,"Combination of Belarusian word ""дыджітальныя"" (digital) and «гуманітарныя навукі» (humanities), following linguistic patterns in Belarusian","[{'translated_term': 'Дыджітальныя гуманітарныя навукі', 'translation_rationale': 'Combination of Belarusian word ""дыджітальныя"" (digital) and «гуманітарныя навукі» (humanities), following linguistic patterns in Belarusian'}]",Дыджітальныя гуманітарныя навукі
bcl,,Bikol,Digital Humanities,,2026-04-07 01:00:50,False,Digital Humanities,False,Mga Pag - eksister nin Tawo,False,,False,"{""translated_term"": ""Digmaletal na mga Paksa"", ""translation_rationale"": ""From Spanish 'Humanidades Digitales' by adapting the word 'digital'""",llama3.1,2026-04-07T00:00:50.81276Z,833575625.0,88583667.0,74.0,338125833.0,35.0,395598123.0,stop,Digmaletal na mga Paksa,From Spanish 'Humanidades Digitales' by adapting the word 'digital',[],
bat-smg,,Samogitian,Digital Humanities,,2026-04-07 01:00:47,False,,False,,False,,False,"{""translated_term"": ""Digitinės menos mokslas"", ""translation_rationale"": ""Combining \""digitinis\"" (digital) and \""menos mokslas\"" (humanities)}",llama3.1,2026-04-07T00:00:47.960151Z,963274375.0,88495334.0,76.0,337412667.0,46.0,524094833.0,stop,Digitinės menos mokslas,No rationale provided,[],
bar,,Bavarian,Digital Humanities,,2026-04-07 01:00:44,False,,False,,False,,False,"{""translated_term"": ""Digitale Männlichkeit"", ""translation_rationale"": ""Translation rationale: 'Männlichkeit' is used to translate 'Humanities', as it encompasses the study of human culture, particularly in the context of Germanic and Austrian academic traditions. 'Digital' remains unchanged.""}",llama3.1,2026-04-07T00:00:44.972198Z,1167555625.0,81301709.0,73.0,361257666.0,62.0,706274122.0,stop,Digitale Männlichkeit,"Translation rationale: 'Männlichkeit' is used to translate 'Humanities', as it encompasses the study of human culture, particularly in the context of Germanic and Austrian academic traditions. 'Digital' remains unchanged.","[{'translated_term': 'Digitale Männlichkeit', 'translation_rationale': ""Translation rationale: 'Männlichkeit' is used to translate 'Humanities', as it encompasses the study of human culture, particularly in the context of Germanic and Austrian academic traditions. 'Digital' remains unchanged.""}]",Digitale Männlichkeit
awa,,Awadhi,Digital Humanities,,2026-04-07 01:00:41,False,डिजिटल मानविकी,False,,False,,False,"{""translated_term"": ""ਡਿਜੀਟਲ ਮਾਨਵਤਵਾਦ"", ""translation_rationale"": ""Using Hindi script to represent the term in Awadhi, as it is a closely related language""}",llama3.1,2026-04-07T00:00:41.787033Z,1139411542.0,89203584.0,75.0,335443791.0,61.0,697919046.0,stop,ਡਿਜੀਟਲ ਮਾਨਵਤਵਾਦ,"Using Hindi script to represent the term in Awadhi, as it is a closely related language","[{'translated_term': 'ਡਿਜੀਟਲ ਮਾਨਵਤਵਾਦ', 'translation_rationale': 'Using Hindi script to represent the term in Awadhi, as it is a closely related language'}]",ਡਿਜੀਟਲ ਮਾਨਵਤਵਾਦ
ast,,Asturian,Digital Humanities,,2026-04-07 01:00:38,False,,False,,False,,False,"{
  ""translated_term"": ""Humanidaes Digitales"",
  ""translation_rationale"": ""Direct translation from English, combining 'Digitales' to reflect the field's focus on digital methods and tools.""
}",llama3.1,2026-04-07T00:00:38.62754Z,948741916.0,85361500.0,74.0,350368458.0,44.0,499375874.0,stop,Humanidaes Digitales,"Direct translation from English, combining 'Digitales' to reflect the field's focus on digital methods and tools.",[],
arz,,Egyptian Arabic,Digital Humanities,,2026-04-07 01:00:35,False,,False,,False,,False,"{
  ""translated_term"": ""الมนوطة الأليكترونية"",
  ""translation_rationale"": ""Combination of Arabic words for 'digital' (مَنَوْطَة) and 'humanities' (اَلِخُبَرُ)""
}",llama3.1,2026-04-07T00:00:35.656208Z,1106516166.0,86991416.0,73.0,339696625.0,58.0,663084000.0,stop,الมนوطة الأليكترونية,Combination of Arabic words for 'digital' (مَنَوْطَة) and 'humanities' (اَلِخُبَرُ),[],
ang,,Anglo-Saxon / Old English,Digital Humanities,,2026-04-07 01:00:29,False,,False,,False,,False,"{
  ""translated_term"": ""Denumælic Hwiterne"",
  ""translation_rationale"": ""Combining Old English words for 'number' (denu, gen. of deno) and 'learning' or 'humanities' (hwitern, related to hwit, meaning 'bright', 'knowledgeable'). This translation aims to capture the essence of digital humanities as a blend of quantitative analysis and intellectual pursuits.""
}",llama3.1,2026-04-07T00:00:29.232923Z,1496231833.0,79598958.0,78.0,342937083.0,91.0,1048426548.0,stop,Denumælic Hwiterne,"Combining Old English words for 'number' (denu, gen. of deno) and 'learning' or 'humanities' (hwitern, related to hwit, meaning 'bright', 'knowledgeable'). This translation aims to capture the essence of digital humanities as a blend of quantitative analysis and intellectual pursuits.",[],
als,,Alemannic,Digital Humanities,,2026-04-07 01:00:25,False,Shkencat Humane Dixhitale,False,,False,,False,"{
  ""translated_term"": ""Digidal Huusigut"",
  ""translation_rationale"": ""Combination of 'digidal' (digital) and 'Huusigut' (humanities)""
}",llama3.1,2026-04-07T00:00:25.715794Z,4456452084.0,3391226042.0,75.0,526255500.0,46.0,521339626.0,stop,Digidal Huusigut,Combination of 'digidal' (digital) and 'Huusigut' (humanities),[],
za,,"Zhuang, Chuang",Digital Humanities,,2026-04-03 17:55:19,True,,True,,False,,False,"{""translated_term"": ""bɯl daɤj tɕiʔ kuɯhmuŋ"", ""translation_rationale"": ""Using Pinyin-like romanization for Zhuang, replacing 'Digital' with a more phonetic representation of its equivalent concept in Zhuang, and keeping 'Humanities' as is since it doesn't have a direct equivalent in Zhuang.""}",llama3.1,2026-04-03T22:55:19.344515Z,2993961292.0,1597828667.0,76.0,369978458.0,83.0,1000466876.0,stop,bɯl daɤj tɕiʔ kuɯhmuŋ,"Using Pinyin-like romanization for Zhuang, replacing 'Digital' with a more phonetic representation of its equivalent concept in Zhuang, and keeping 'Humanities' as is since it doesn't have a direct equivalent in Zhuang.","[{'translated_term': 'bɯl daɤj tɕiʔ kuɯhmuŋ', 'translation_rationale': ""Using Pinyin-like romanization for Zhuang, replacing 'Digital' with a more phonetic representation of its equivalent concept in Zhuang, and keeping 'Humanities' as is since it doesn't have a direct equivalent in Zhuang.""}]",bɯl daɤj tɕiʔ kuɯhmuŋ
yue,,,Digital Humanities,數碼人文學,2026-04-03 17:37:56,False,,False,,False,,False,"{
  ""translated_term"": ""數位人文"",
  ""translation_rationale"": ""borrowed from English term, using characters that represent the concept of numbers and humanities""
}",llama3.1,2026-04-03T22:37:56.123676Z,2102631500.0,1304492167.0,73.0,349712833.0,38.0,436779750.0,stop,數位人文,"borrowed from English term, using characters that represent the concept of numbers and humanities",[],
av,,Avaric,Digital Humanities,,2026-04-03 17:22:02,False,Цифралъулал гуманитариялин абулел,True,,False,,False,"{""translated_term"": ""Kьярулэгарулеби цифровые"", ""translation_rationale"": ""Combining Avaric words for 'human sciences' and 'digital'""}",llama3.1,2026-04-03T22:22:02.310627Z,2449099666.0,1550972000.0,74.0,376986334.0,44.0,506562000.0,stop,Kьярулэгарулеби цифровые,Combining Avaric words for 'human sciences' and 'digital',"[{'translated_term': 'Kьярулэгарулеби цифровые', 'translation_rationale': ""Combining Avaric words for 'human sciences' and 'digital'""}]",Kьярулэгарулеби цифровые
ti,,Tigrinya,Digital Humanities,,2026-04-03 17:04:14,False,ዲጂታል ሰብኣዊ ስነፍልጠት,False,ሰብኣዊ ባህርያት,False,,False,"{
  ""translated_term"": ""\u10b3\u1048 \u105d\u1062\u1041\u1075\u1060\u104c"",
  ""translation_rationale"": ""Tigrinya translation of 'Digital Humanities'""
}",llama3.1,2026-04-03T22:04:14.148251Z,996062958.0,86631375.0,74.0,290296750.0,52.0,602790335.0,stop,Ⴓ၈ ၝၢ၁ၵၠ၌,Tigrinya translation of 'Digital Humanities',[],
os,,"Ossetian, Ossetic",Digital Humanities,,2026-04-03 17:04:11,False,Нымæцон гуманитарон зонæдтæ,True,,False,,False,"{
  ""translated_term"": ""Džigitale Humaneitæ"",
  ""translation_rationale"": ""literally 'digital human' or 'human in the digital'""
}",llama3.1,2026-04-03T22:04:11.135952Z,827185458.0,85465708.0,78.0,291858458.0,38.0,437376372.0,stop,Džigitale Humaneitæ,literally 'digital human' or 'human in the digital',[],
kr,,Kanuri,Digital Humanities,,2026-04-03 17:04:08,False,Ilmu adamganabe zamanbe,True,,False,,False,"{""translated_term"": ""Kunɗinɗiyal Hausa"", ""translation_rationale"": ""Combination of 'kundi' (digital) and 'iya' (human, people), with the added suffix '-l' to form a new word, all in the Kanuri language""}",llama3.1,2026-04-03T22:04:08.29657Z,1136535833.0,83970291.0,73.0,299259084.0,62.0,733432501.0,stop,Kunɗinɗiyal Hausa,"Combination of 'kundi' (digital) and 'iya' (human, people), with the added suffix '-l' to form a new word, all in the Kanuri language","[{'translated_term': 'Kunɗinɗiyal Hausa', 'translation_rationale': ""Combination of 'kundi' (digital) and 'iya' (human, people), with the added suffix '-l' to form a new word, all in the Kanuri language""}]",Kunɗinɗiyal Hausa
ff,,Fula,Digital Humanities,,2026-04-03 17:04:05,False,Neɗɗaŋke Dijital,True,,False,,False,"{""translated_term"": ""Tegi digital humanities"", ""translation_rationale"": ""Combination of 'tegi' (digital) and the English term 'Humanities'""}",llama3.1,2026-04-03T22:04:05.146745Z,812250583.0,75799833.0,73.0,300844208.0,37.0,424443876.0,stop,Tegi digital humanities,Combination of 'tegi' (digital) and the English term 'Humanities',"[{'translated_term': 'Tegi digital humanities', 'translation_rationale': ""Combination of 'tegi' (digital) and the English term 'Humanities'""}]",Tegi digital humanities
ce,,Chechen,Digital Humanities,,2026-04-03 17:04:02,False,Терахьийн гуманитаран Ӏилманаш,True,,False,,False,"{
  ""translated_term"": ""Džigitallər Nəzăriyä"",
  ""translation_rationale"": ""Combination of Chechen words 'dzhigit' (meaning 'young warrior') and 'nəziyar' (meaning 'science, knowledge')""
}",llama3.1,2026-04-03T22:04:02.321604Z,1145792041.0,83051041.0,73.0,335648625.0,61.0,709941545.0,stop,Džigitallər Nəzăriyä,"Combination of Chechen words 'dzhigit' (meaning 'young warrior') and 'nəziyar' (meaning 'science, knowledge')",[],
aa,,Afar,Digital Humanities,,2026-04-03 17:03:55,False,Xiyitaal Sehdaytiino,True,,False,,False,"{
  ""translated_term"": ""Daalloolka Daacad"",
  ""translation_rationale"": ""Literally 'new humanities' or 'humanities in the digital era', using Afar words 'daal' (new) and 'lool' (era)""
}",llama3.1,2026-04-03T22:03:55.290116Z,2326186291.0,1308705666.0,73.0,334030542.0,57.0,666301124.0,stop,Daalloolka Daacad,"Literally 'new humanities' or 'humanities in the digital era', using Afar words 'daal' (new) and 'lool' (era)",[],
zu,,Zulu,Digital Humanities,Ezezibhangqiwe zoLuntu,2026-04-03 16:48:23,False,I-Digital Humanities,True,,False,Digital Humanities,False,"{
  ""translated_term"": ""iDijithali ukhukhu"",
  ""translation_rationale"": ""Breakdown of the term into 'digital' and 'humanities', using Zulu words for digital (isiDijithali) and humanities as a general concept (ukuHukhu)""
}",llama3.1,2026-04-03T21:48:23.324282Z,1140342917.0,86479250.0,73.0,281623333.0,65.0,753359666.0,stop,iDijithali ukhukhu,"Breakdown of the term into 'digital' and 'humanities', using Zulu words for digital (isiDijithali) and humanities as a general concept (ukuHukhu)",[],
zh,,Chinese,Digital Humanities,數位人文,2026-04-03 16:48:20,False,数字人文,False,数字人文,False,数字人文,False,"{
  ""translated_term"": ""\u9012\u5de3\u56fe\u6587\u6c17"",
  ""translation_rationale"": ""Digital Humanities translates to \u9012\u5de3\u56fe\u6587\u6c17 in Chinese, combining the concepts of digital technology and humanities research.""
}",llama3.1,2026-04-03T21:48:20.172003Z,1202184958.0,105335542.0,72.0,276781292.0,69.0,799865797.0,stop,递巣图文気,"Digital Humanities translates to 递巣图文気 in Chinese, combining the concepts of digital technology and humanities research.",[],
yo,,Yoruba,Digital Humanities,,2026-04-03 16:48:10,False,Àwọn Ènìyàn Oní-nọ́ńbà,True,,False,Digital Humanities,False,"{
  ""translated_term"": ""Ọ̀rọ̀ Àdàgbà Ní Ìmọ́lẹ̀"",
  ""translation_rationale"": ""Translation of 'Digital Humanities' into Yoruba, using a direct translation approach to convey the meaning of 'digital' and 'humanities'.""
}",llama3.1,2026-04-03T21:48:10.01567Z,1174223291.0,85325750.0,74.0,282166250.0,68.0,786750250.0,stop,Ọ̀rọ̀ Àdàgbà Ní Ìmọ́lẹ̀,"Translation of 'Digital Humanities' into Yoruba, using a direct translation approach to convey the meaning of 'digital' and 'humanities'.",[],
yi,,Yiddish,Digital Humanities,,2026-04-03 16:48:06,False,דיגיטאַלע הומאַניטיעס,True,,False,דיגיטאַל הומאַניטיעס,False,"{
  ""translated_term"": ""דיגיטאלע װוּנפן"",
  ""translation_rationale"": ""Combining the Yiddish words for 'digital' (דיגיטאלע) and 'humanities' (וונפן), adapting from German 'Geisteswissenschaften'""
}",llama3.1,2026-04-03T21:48:06.829497Z,1312159000.0,70951583.0,74.0,288826708.0,80.0,928228711.0,stop,דיגיטאלע װוּנפן,"Combining the Yiddish words for 'digital' (דיגיטאלע) and 'humanities' (וונפן), adapting from German 'Geisteswissenschaften'",[],
xh,,Xhosa,Digital Humanities,,2026-04-03 16:48:03,False,Uluntu lweDijithali,False,Ubuntu bamanani,False,Ubuntu beDijithali,False,"{
  ""translated_term"": ""Iyanda la Digital"",
  ""translation_rationale"": ""Combining 'Digital' (from English) and 'Humanities' with the isiXhosa equivalent for 'digital', which is 'iYanda'""
}",llama3.1,2026-04-03T21:48:03.503895Z,1017000875.0,83751708.0,75.0,289032334.0,54.0,627857880.0,stop,Iyanda la Digital,"Combining 'Digital' (from English) and 'Humanities' with the isiXhosa equivalent for 'digital', which is 'iYanda'",[],
wo,,Wolof,Digital Humanities,,2026-04-03 16:48:00,False,Humanité numérique,True,,False,,False,"{
  ""translated_term"": ""Tangal Tukki"",
  ""translation_rationale"": ""Literally 'humanities digital', combining the Wolof words for 'humanity' (tangal) and 'digital' (tukki).""
}",llama3.1,2026-04-03T21:48:00.477026Z,1005457042.0,84934959.0,73.0,278919375.0,54.0,625381708.0,stop,Tangal Tukki,"Literally 'humanities digital', combining the Wolof words for 'humanity' (tangal) and 'digital' (tukki).",[],
wa,,Walloon,Digital Humanities,,2026-04-03 16:47:57,True,,True,,False,,False,"{
  ""translated_term"": ""Dijitaels walonès"",
  ""translation_rationale"": ""Combining French 'digital' and Walloon language suffix '-es', with a nod to the region's linguistic heritage.""
}",llama3.1,2026-04-03T21:47:57.45732Z,935012459.0,85631000.0,73.0,286299666.0,48.0,548830709.0,stop,Dijitaels walonès,"Combining French 'digital' and Walloon language suffix '-es', with a nod to the region's linguistic heritage.",[],
vo,,Volapük,Digital Humanities,,2026-04-03 16:47:54,True,,True,,False,,False,"{""translated_term"": ""Lüedikoladagilütik"", ""translation_rationale"": ""Combination of 'lüedikola' (digital) and '-dagilitük' (-humanities)""}",llama3.1,2026-04-03T21:47:54.508903Z,877446500.0,83155416.0,74.0,278445417.0,44.0,502748459.0,stop,Lüedikoladagilütik,Combination of 'lüedikola' (digital) and '-dagilitük' (-humanities),"[{'translated_term': 'Lüedikoladagilütik', 'translation_rationale': ""Combination of 'lüedikola' (digital) and '-dagilitük' (-humanities)""}]",Lüedikoladagilütik
vi,,Vietnamese,Digital Humanities,Nhân văn số,2026-04-03 16:47:51,False,Nhân văn kỹ thuật số,False,Hệ bình bình bình bình bình bình bình bình bình bình bình bình bình bình bình bình bình đẳng,False,Nhân văn kỹ thuật số,False,"{
  ""translated_term"": ""Nghiên cứu Nền tảng Số"",
  ""translation_rationale"": ""Combining 'Digital' and 'Humanities' with Vietnamese terminology for digital studies and humanities fields""
}",llama3.1,2026-04-03T21:47:51.621013Z,892285083.0,81158958.0,72.0,282529875.0,45.0,515438957.0,stop,Nghiên cứu Nền tảng Số,Combining 'Digital' and 'Humanities' with Vietnamese terminology for digital studies and humanities fields,[],
ve,,Venda,Digital Humanities,,2026-04-03 16:47:48,False,Vhuthu ha Didzhithala,True,,False,,False,"{
  ""translated_term"": ""Tshivenda yeshiya"",
  ""translation_rationale"": ""Literally 'digital human studies' in Venda, where 'tshivenda' means Venda language and culture, 'yeshiya' is a loanword from the English term 'humanities'.""
}",llama3.1,2026-04-03T21:47:48.715132Z,1140494958.0,91832542.0,73.0,277237375.0,65.0,752159209.0,stop,Tshivenda yeshiya,"Literally 'digital human studies' in Venda, where 'tshivenda' means Venda language and culture, 'yeshiya' is a loanword from the English term 'humanities'.",[],
uz,,Uzbek,Digital Humanities,,2026-04-03 16:47:45,False,Raqamli gumanitar fanlar,True,,False,Raqamli gumanitar fanlar,False,"{
  ""translated_term"": ""Badiiy Tarmoqlar"",
  ""translation_rationale"": ""Combination of Uzbek words \""badiiy\"" (artistic) and \""tarmoq\"" (network/computer), reflecting the digital aspect""
}",llama3.1,2026-04-03T21:47:45.563646Z,1011716750.0,76193625.0,72.0,282163958.0,55.0,637611537.0,stop,Badiiy Tarmoqlar,"Combination of Uzbek words ""badiiy"" (artistic) and ""tarmoq"" (network/computer), reflecting the digital aspect",[],
ur,,Urdu,Digital Humanities,,2026-04-03 16:47:42,False,ڈیجیٹل ہیومینٹیز,False,انسانی کمزوریوں کی وجہ سے,False,ڈیجیٹل ہیومینٹیز,False,"{
  ""translated_term"": ""دیجٹل مानवیات"",
  ""translation_rationale"": ""Combination of Urdu words for 'digital' (دیجٹل) and 'humanities' (مानवیات), following the conventional translation pattern in Urdu.""
}",llama3.1,2026-04-03T21:47:42.536496Z,1043367250.0,84661333.0,72.0,282094500.0,57.0,659017831.0,stop,دیجٹل مानवیات,"Combination of Urdu words for 'digital' (دیجٹل) and 'humanities' (مानवیات), following the conventional translation pattern in Urdu.",[],
uk,,Ukrainian,Digital Humanities,Цифрові гуманітарні науки,2026-04-03 16:47:39,False,Цифрові гуманітарні науки,False,Цифрові гуманітарні дані,False,Цифрові гуманітарні,False,"{""translated_term"": ""Дigital Humanities"" is not the best translation, I would recommend using ""Інформаційні людські науки"" or ""Мистецтво інформаційних технологій"", but for strict adherence to the original term: ""Digital Humanities"", a more direct translation would be, {""translated_term"": ""Дигітальні гуманітарні науки"", ""translation_rationale"": ""Direct translation of 'Digital' and 'Humanities' into Ukrainian.""}",llama3.1,2026-04-03T21:47:39.481805Z,1521597250.0,73902375.0,72.0,292698833.0,95.0,1126992003.0,stop,Дигітальні гуманітарні науки,Direct translation of 'Digital' and 'Humanities' into Ukrainian.,[],
ug,,"Uighur, Uyghur",Digital Humanities,,2026-04-03 16:47:35,False,رەقەملىك ئىنسانىيەت,True,,False,رەقەملىك ئادىمىيەت,False,"{
  ""translated_term"": ""Digital Ilmïylik"",
  ""translation_rationale"": ""Uyghur adaptation of 'digital' and 'humanities' ""
}",llama3.1,2026-04-03T21:47:35.947879Z,840491208.0,94825333.0,78.0,299496583.0,38.0,434340627.0,stop,Digital Ilmïylik,Uyghur adaptation of 'digital' and 'humanities' ,[],
ty,,Tahitian,Digital Humanities,,2026-04-03 16:47:33,False,Te mau taata mamati,False,Digital Te mau mea ora o te taata,False,,False,"{
  ""translated_term"": ""Tohine Hau Māori"",
  ""translation_rationale"": ""A direct calque of the English term, using Tahitian words for 'digital' and 'humanities', with a nod to the discipline's connection to Māori studies.""
}",llama3.1,2026-04-03T21:47:33.094369Z,1128738959.0,83970917.0,73.0,301967834.0,61.0,724425790.0,stop,Tohine Hau Māori,"A direct calque of the English term, using Tahitian words for 'digital' and 'humanities', with a nod to the discipline's connection to Māori studies.",[],
tw,,Twi,Digital Humanities,,2026-04-03 16:47:29,False,Digitals Nnipa Ho Adesua,False,Nneɛma a Ɛyɛ Hu,False,,False,"{""translated_term"": ""Mmara Digital Dwumadidi"", ""translation_rationale"": ""Composition of 'Digital Humanities' in Twi, using the literal translation of 'digital' as 'mmara', and combining it with 'dwumadidi', which is the Twi equivalent for humanities""}",llama3.1,2026-04-03T21:47:29.951686Z,1146860291.0,86541125.0,73.0,286013500.0,63.0,755431962.0,stop,Mmara Digital Dwumadidi,"Composition of 'Digital Humanities' in Twi, using the literal translation of 'digital' as 'mmara', and combining it with 'dwumadidi', which is the Twi equivalent for humanities","[{'translated_term': 'Mmara Digital Dwumadidi', 'translation_rationale': ""Composition of 'Digital Humanities' in Twi, using the literal translation of 'digital' as 'mmara', and combining it with 'dwumadidi', which is the Twi equivalent for humanities""}]",Mmara Digital Dwumadidi
tt,,Tatar,Digital Humanities,,2026-04-03 16:47:26,False,Цифрлы гуманитар фәннәр,True,,False,Санлы гуманитар,False,"{
  ""translated_term"": ""\u0414\u0438\u0436\u0442\u0430\u043b\u044c\u043d\u044b\u0439 \\u0423\u043c\u043a\u0442\u043d\u0438\u0437\u043c"",
  ""translation_rationale"": ""Combining 'digital' (\u0414\u0438\u0436\u0442\u0430\u043b\u044c\u043d\u044b\u0439) and 'humanities' (\u0423\u043c\u043a\u0442\u043d\u0438\u0437\u043c)""
}",llama3.1,2026-04-03T21:47:26.791008Z,2062420875.0,79710625.0,73.0,277371708.0,140.0,1667335790.0,stop,Дижтальный \u0423мктнизм,Combining 'digital' (Дижтальный) and 'humanities' (Умктнизм),[],
ts,,Tsonga,Digital Humanities,,2026-04-03 16:47:22,False,Vutivi bya Vanhu bya Dijitali,False,Vutivi Bya Vanhu,False,,False,"{""translated_term"": ""Kuhumusho kwakudigitali"", ""translation_rationale"": ""Combining 'kuhumusha' (to do) with 'digitali' (digital)""}",llama3.1,2026-04-03T21:47:22.716035Z,893434417.0,83596250.0,73.0,286462500.0,44.0,510357250.0,stop,Kuhumusho kwakudigitali,Combining 'kuhumusha' (to do) with 'digitali' (digital),"[{'translated_term': 'Kuhumusho kwakudigitali', 'translation_rationale': ""Combining 'kuhumusha' (to do) with 'digitali' (digital)""}]",Kuhumusho kwakudigitali
tr,,Turkish,Digital Humanities,Dijital beşeri bilimler,2026-04-03 16:47:19,False,Dijital Beşeri Bilimler,True,,False,Dijital Beşeri Bilimler,False,"{
  ""translated_term"": ""Dijital İnsani Bilimler"",
  ""translation_rationale"": ""Combining digital and humanities aspects""
}",llama3.1,2026-04-03T21:47:19.812291Z,796853750.0,102228458.0,72.0,309151291.0,32.0,375048583.0,stop,Dijital İnsani Bilimler,Combining digital and humanities aspects,[],
to,,Tonga,Digital Humanities,,2026-04-03 16:47:17,False,Ngaahi Ngaue Fakaetangata Fakakomipiuta,False,"Ngaahi Anga'itangata "" o e Fa'ahinga "" o e Tangatá",False,,False,"{
  ""translated_term"": ""Faitofo Ma'afana Vakaliti"",
  ""translation_rationale"": ""Digital Humanities translates to Faitofo Ma'afana Vakaliti, combining 'Fa' (digital) with 'itofoma'a (humanities) and adding a colloquial suffix -fana""
}",llama3.1,2026-04-03T21:47:17.000151Z,1249840917.0,88895084.0,73.0,280375333.0,72.0,859666043.0,stop,Faitofo Ma'afana Vakaliti,"Digital Humanities translates to Faitofo Ma'afana Vakaliti, combining 'Fa' (digital) with 'itofoma'a (humanities) and adding a colloquial suffix -fana",[],
tn,,Tswana,Digital Humanities,,2026-04-03 16:47:13,False,Dithuto tsa Botho tsa Dijithale,False,Batho ba ba Itshekileng,False,,False,"{
  ""translated_term"": ""Mejeng Mookantsho"",
  ""translation_rationale"": ""Combining the prefix 'mejeng' (digital) with the root word 'moka-ntsho' (humanities)""
}",llama3.1,2026-04-03T21:47:13.739407Z,1009639834.0,89507417.0,73.0,289931250.0,53.0,615244873.0,stop,Mejeng Mookantsho,Combining the prefix 'mejeng' (digital) with the root word 'moka-ntsho' (humanities),[],
tl,,Tagalog,Digital Humanities,,2026-04-03 16:47:10,False,Digital Humanities,False,Digital na mga Tao,False,Digital Humanities,False,"{
  ""translated_term"": ""Digital na mga Agham"",
  ""translation_rationale"": ""Ayon sa wikang Tagalog, 'digital' ay muling binigkas bilang 'dijital', at 'humanities' ay nagbigay ng kahulugan na '[sining o agham] kaugnay ng tao'""
}",llama3.1,2026-04-03T21:47:10.715191Z,1303767041.0,84985750.0,73.0,280248584.0,78.0,915950212.0,stop,Digital na mga Agham,"Ayon sa wikang Tagalog, 'digital' ay muling binigkas bilang 'dijital', at 'humanities' ay nagbigay ng kahulugan na '[sining o agham] kaugnay ng tao'",[],
tk,,Turkmen,Digital Humanities,,2026-04-03 16:47:07,False,Sanly ynsanperwerlik,True,,False,Sanly gumanitar ylymlar,False,"{
  ""translated_term"": ""Dijital Bilim"",
  ""translation_rationale"": ""Turkmen translation of 'Digital Humanities', combining 'dijital' (digital) and 'ilim' (science/knowledge)""
}",llama3.1,2026-04-03T21:47:07.399815Z,933549166.0,70906333.0,73.0,289296334.0,48.0,559378994.0,stop,Dijital Bilim,"Turkmen translation of 'Digital Humanities', combining 'dijital' (digital) and 'ilim' (science/knowledge)",[],
th,มนุษยศาสตร์ดิจิทัล,Thai,Digital Humanities,มนุษยศาสตร์ดิจิทัล,2026-04-03 16:47:00,False,มนุษยศาสตร์ดิจิทัล,True,,False,มนุษยศาสตร์ดิจิทัล,False,"{
  ""translated_term"": ""มนุษยศาสตร์ดิจิทัล"",
  ""translation_rationale"": ""lit. \u0e1a\u0e25\u0e32\u0e19\u0e14\u0e37\u0e22\u0e4c\u0e47\u0e21\u0e23\u0e2d\u0e34""
}",llama3.1,2026-04-03T21:47:00.67785Z,1354028542.0,86569334.0,72.0,282261959.0,83.0,961958954.0,stop,มนุษยศาสตร์ดิจิทัล,lit. บลานดืย์็มรอิ,[],
tg,,Tajik,Digital Humanities,,2026-04-03 16:46:57,False,Гуманитаризми рақамӣ,True,,False,Гуманитарии рақамӣ,False,"{
  ""translated_term"": ""Insanïyat-i Elektroñīzam"",
  ""translation_rationale"": ""Combining Tajik words for 'human' (insan) and 'electronic/digital' (-i elektroñīzam)""
}",llama3.1,2026-04-03T21:46:57.310898Z,1079495917.0,83813042.0,73.0,320629375.0,57.0,658441293.0,stop,Insanïyat-i Elektroñīzam,Combining Tajik words for 'human' (insan) and 'electronic/digital' (-i elektroñīzam),[],
te,,Telugu,Digital Humanities,,2026-04-03 16:46:54,False,డిజిటల్ హ్యుమానిటీస్,True,,False,డిజిటల్ హ్యుమానిటీస్,False,"{
  ""translated_term"": ""డిజిటల్ మానవశాస్త్రం"",
  ""translation_rationale"": ""A literal translation of the phrase, using the existing Telugu words for 'digital' and 'humanities'.""
}",llama3.1,2026-04-03T21:46:54.217178Z,1309665125.0,79179583.0,73.0,288820833.0,78.0,919362619.0,stop,డిజిటల్ మానవశాస్త్రం,"A literal translation of the phrase, using the existing Telugu words for 'digital' and 'humanities'.",[],
ta,எண்ணிம மனிதவியல்,Tamil,Digital Humanities,எண்ணிம மனிதவியல்,2026-04-03 16:46:50,False,டிஜிட்டல் மானுடவியல்,True,,False,டிஜிட்டல் மனிதநேயம்,False,"{
  ""translated_term"": ""டிஜிட்டல் மாந்தவியல்"",
  ""translation_rationale"": ""Direct translation from English, using the Tamil script for 'digital' and 'humanities'""
}",llama3.1,2026-04-03T21:46:50.894017Z,1103690042.0,85571417.0,72.0,285373333.0,61.0,715724674.0,stop,டிஜிட்டல் மாந்தவியல்,"Direct translation from English, using the Tamil script for 'digital' and 'humanities'",[],
sw,,Swahili,Digital Humanities,,2026-04-03 16:46:47,False,Binadamu Dijitali,False,Viasili vya Kielektroni,False,Binadamu Dijiti,False,"{
  ""translated_term"": ""Uhandisi wa Kielektroniki"",
  ""translation_rationale"": ""Translation combining 'Digital' and 'Humanities' into Swahili""
}",llama3.1,2026-04-03T21:46:47.774307Z,854912500.0,87253792.0,74.0,280389208.0,41.0,474806121.0,stop,Uhandisi wa Kielektroniki,Translation combining 'Digital' and 'Humanities' into Swahili,[],
sv,Digital humaniora,Swedish,Digital Humanities,Digital humaniora,2026-04-03 16:46:44,False,Digital humaniora,False,Digital humaniora,False,Digital humaniora,False,"{""translated_term"": ""Datoriserad humaniora"", ""translation_rationale"": ""Direct translation of 'Digital Humanities'""}",llama3.1,2026-04-03T21:46:44.90529Z,700711708.0,77105208.0,72.0,285394292.0,28.0,327827296.0,stop,Datoriserad humaniora,Direct translation of 'Digital Humanities',"[{'translated_term': 'Datoriserad humaniora', 'translation_rationale': ""Direct translation of 'Digital Humanities'""}]",Datoriserad humaniora
su,,Sundanese,Digital Humanities,,2026-04-03 16:46:42,False,Élmu Kamanusaan Digital,True,,False,Kamanusaan Digital,False,"{
  ""translated_term"": ""Manusa Digitál"",
  ""translation_rationale"": ""Using Sundanese term 'manusa' (human) and 'digitál' to convey the concept""
}",llama3.1,2026-04-03T21:46:42.189055Z,896402208.0,84794500.0,74.0,290011584.0,43.0,508468415.0,stop,Manusa Digitál,Using Sundanese term 'manusa' (human) and 'digitál' to convey the concept,[],
st,,Southern Sotho,Digital Humanities,,2026-04-03 16:46:39,False,Botho ba Dijithale,False,Lik'hemik'hale Tseo Batho ba li Hlokang,False,Digital Humanities,False,"{
  ""translated_term"": ""Sehlahatsi sa Digital"",
  ""translation_rationale"": ""Combining 'sehlahatsi' (digital) with the Sotso prefix to form a compound noun, as per Southern Sotho language structure.""
}",llama3.1,2026-04-03T21:46:39.281919Z,1095434166.0,85175125.0,75.0,296670792.0,57.0,696769459.0,stop,Sehlahatsi sa Digital,"Combining 'sehlahatsi' (digital) with the Sotso prefix to form a compound noun, as per Southern Sotho language structure.",[],
ss,,Swati,Digital Humanities,,2026-04-03 16:46:36,False,Tifundvo Tebantfu Tedijithali,False,Imibono Lemayelana Nendzawo Tabantfu,False,,False,"{
  ""translated_term"": ""Tikiluni ya Digital"",
  ""translation_rationale"": ""Combination of 'tikiluni' (electronic, digital) and 'ya' (of/relating to), with the term 'Humanities'""
}",llama3.1,2026-04-03T21:46:36.176512Z,1040873625.0,72831167.0,73.0,293872292.0,55.0,657646581.0,stop,Tikiluni ya Digital,"Combination of 'tikiluni' (electronic, digital) and 'ya' (of/relating to), with the term 'Humanities'",[],
sr,,Serbian,Digital Humanities,Дигитална хуманистика,2026-04-03 16:46:33,False,Дигиталне хуманистичке науке,True,,False,Дигиталне Хуманистичке,False,"{
  ""translated_term"": ""Digitalne Umetnosti"",
  ""translation_rationale"": ""Translation of 'Digital Humanities' into Serbian, using the most common and accepted term in academic contexts.""
}",llama3.1,2026-04-03T21:46:33.118166Z,903902416.0,83510875.0,72.0,287837167.0,43.0,510575288.0,stop,Digitalne Umetnosti,"Translation of 'Digital Humanities' into Serbian, using the most common and accepted term in academic contexts.",[],
sq,,Albanian,Digital Humanities,,2026-04-03 16:46:30,False,Shkencat Humane Dixhitale,False,Humanitetet Dixhitale,False,Shkenca Humane Dixhitale,False,"{
  ""translated_term"": ""Umanistika Digjitale"",
  ""translation_rationale"": ""Combining 'Dijital' (digital) and 'Humanistika'""
}",llama3.1,2026-04-03T21:46:30.199173Z,844870583.0,80566458.0,73.0,284697750.0,40.0,466373499.0,stop,Umanistika Digjitale,Combining 'Dijital' (digital) and 'Humanistika',[],
so,,Somali,Digital Humanities,,2026-04-03 16:46:27,False,Bani&#39;aadamnimada Dijital ah,True,,False,Bani'aadamnimada Dijital ah,False,"{
  ""translated_term"": ""Dhakhliga Adduunka"",
  ""translation_rationale"": ""Combining 'digital' and 'humanities', referring to the intersection of technology and humanities studies""
}",llama3.1,2026-04-03T21:46:27.340016Z,918524000.0,76509000.0,72.0,288057625.0,45.0,540464034.0,stop,Dhakhliga Adduunka,"Combining 'digital' and 'humanities', referring to the intersection of technology and humanities studies",[],
sn,,Shona,Digital Humanities,,2026-04-03 16:46:24,False,Hunhu hweDigital,False,Vanhu Vanogutsikana,False,Digital Humanities,False,"{""translated_term"": ""Mataffi wechitinomano"", ""translation_rationale"": ""Combining 'mataffi' (humanities) and 'wechitinomano' (digital)}",llama3.1,2026-04-03T21:46:24.411333Z,880348125.0,74964458.0,73.0,280571458.0,43.0,512506794.0,stop,Mataffi wechitinomano,Combining 'mataffi' (humanities) and 'wechitinomano' (digital)},[],
sm,,Samoan,Digital Humanities,,2026-04-03 16:46:21,False,Mataupu Fa&#39;atekinolosi Fa&#39;atekinolosi,False,Digital Man's,False,Digital Humanities,False,"{
  ""translated_term"": ""Tiketi Faʻalelei"",
  ""translation_rationale"": ""From English 'Digital Humanities' using a combination of words for digital ('tiketi') and humanities ('fa'alelei', where 'lea i lelei' means literature or study, but here used in the context of humanist pursuits).""
}",llama3.1,2026-04-03T21:46:21.515013Z,1301429833.0,78781125.0,74.0,286849166.0,74.0,913170002.0,stop,Tiketi Faʻalelei,"From English 'Digital Humanities' using a combination of words for digital ('tiketi') and humanities ('fa'alelei', where 'lea i lelei' means literature or study, but here used in the context of humanist pursuits).",[],
sl,Digitalna humanistika,Slovene,Digital Humanities,Digitalna humanistika,2026-04-03 16:46:18,False,Digitalna humanistika,True,,False,Digitalna humanistika,False,"{
  ""translated_term"": ""Področje digitalne umetnosti"",
  ""translation_rationale"": ""Direct translation of 'Digital Humanities'""
}",llama3.1,2026-04-03T21:46:18.198051Z,759754833.0,77788958.0,73.0,279761916.0,33.0,392159833.0,stop,Področje digitalne umetnosti,Direct translation of 'Digital Humanities',[],
sk,,Slovak,Digital Humanities,,2026-04-03 16:46:15,False,Digitálne humanitné vedy,False,Digitálne humanitné vedy,False,Digitálne humanitné vedy,False,"{""translated_term"": ""Digitálna humanitné vedy"", ""translation_rationale"": ""Digital Humanities in Slovak typically translates as Digitálna humanitné vedy, which combines the adjective 'digitálna' (digital) with the noun 'humanitné vedy' (humanities).""}",llama3.1,2026-04-03T21:46:15.42293Z,1192228708.0,87056917.0,72.0,301841375.0,64.0,784834338.0,stop,Digitálna humanitné vedy,"Digital Humanities in Slovak typically translates as Digitálna humanitné vedy, which combines the adjective 'digitálna' (digital) with the noun 'humanitné vedy' (humanities).","[{'translated_term': 'Digitálna humanitné vedy', 'translation_rationale': ""Digital Humanities in Slovak typically translates as Digitálna humanitné vedy, which combines the adjective 'digitálna' (digital) with the noun 'humanitné vedy' (humanities).""}]",Digitálna humanitné vedy
si,,"Sinhala, Sinhalese",Digital Humanities,,2026-04-03 16:46:12,False,ඩිජිටල් මානව ශාස්ත්‍ර,True,,False,ඩිජිටල් මානව ශාස්ත්ර,False,"{
  ""translated_term"": ""Digtal Manuski"",
  ""translation_rationale"": ""Literally 'Digital Humanities' in Sinhala, using a combination of English loanwords and indigenous terms.""
}",llama3.1,2026-04-03T21:46:12.217495Z,893596292.0,74486167.0,77.0,287639708.0,43.0,519036710.0,stop,Digtal Manuski,"Literally 'Digital Humanities' in Sinhala, using a combination of English loanwords and indigenous terms.",[],
sh,Дигиталне хуманистичке науке,Serbo-Crotian,Digital Humanities,Digitalne humanističke nauke,2026-04-03 16:46:09,False,Дигиталне хуманистичке науке,True,,False,,False,"{""translated_term"": ""Dijigitalne Umetnosti"", ""translation_rationale"": ""Direct translation from English, using the standard Cyrillic script used in Serbo-Croatian""}",llama3.1,2026-04-03T21:46:09.311466Z,825538167.0,72636917.0,76.0,278792292.0,39.0,462743169.0,stop,Dijigitalne Umetnosti,"Direct translation from English, using the standard Cyrillic script used in Serbo-Croatian","[{'translated_term': 'Dijigitalne Umetnosti', 'translation_rationale': 'Direct translation from English, using the standard Cyrillic script used in Serbo-Croatian'}]",Dijigitalne Umetnosti
sg,,Sango,Digital Humanities,,2026-04-03 16:46:06,False,Humanité numérique,False,Gi ti duti na aye mingi ape na yâ ti fini ti mo,False,,False,"{""translated_term"": ""Bokoli na Moko"", ""translation_rationale"": ""Digital Humanities is translated using the Sango term for \""computer-based humanist studies\""""}",llama3.1,2026-04-03T21:46:06.470224Z,811653375.0,77140792.0,73.0,276120000.0,37.0,446332120.0,stop,Bokoli na Moko,"Digital Humanities is translated using the Sango term for ""computer-based humanist studies""","[{'translated_term': 'Bokoli na Moko', 'translation_rationale': 'Digital Humanities is translated using the Sango term for ""computer-based humanist studies""'}]",Bokoli na Moko
se,,Northern Sami,Digital Humanities,,2026-04-03 16:46:03,False,Digitála humanisttalaš dieđat,True,,False,,False,"{""translated_term"": ""Digiálvvuođa buorregeieddi"", ""translation_rationale"": ""Using the Northern Sami suffix -geieddi to indicate a field of study, and Digiálvvuođa as 'digital' from Norwegian 'digi'""}",llama3.1,2026-04-03T21:46:03.647049Z,1139037250.0,77808625.0,74.0,276342583.0,61.0,766576872.0,stop,Digiálvvuođa buorregeieddi,"Using the Northern Sami suffix -geieddi to indicate a field of study, and Digiálvvuođa as 'digital' from Norwegian 'digi'","[{'translated_term': 'Digiálvvuođa buorregeieddi', 'translation_rationale': ""Using the Northern Sami suffix -geieddi to indicate a field of study, and Digiálvvuođa as 'digital' from Norwegian 'digi'""}]",Digiálvvuođa buorregeieddi
sd,,Sindhi,Digital Humanities,,2026-04-03 16:46:00,False,ڊجيٽل هيومنٽيز,True,,False,ڊجيٽل انسانيت,False,"{
  ""translated_term"": ""ڈيجيٹل مینہم"",
  ""translation_rationale"": ""Combining Sindhi words for 'digital' (ڊيجيٹل) and 'humanities' (منھوم)""
}",llama3.1,2026-04-03T21:46:00.496316Z,1051993167.0,79138917.0,73.0,279255834.0,55.0,675916501.0,stop,ڈيجيٹل مینہم,Combining Sindhi words for 'digital' (ڊيجيٹل) and 'humanities' (منھوم),[],
sc,,Sardinian,Digital Humanities,,2026-04-03 16:45:57,True,,True,,False,,False,"{
  ""translated_term"": ""Sas Umbras Digitales"",
  ""translation_rationale"": ""Literal translation of 'Digital Humanities' into Sardinian, using the prefix 'sa-' (feminine singular) for 'humanities', as is common in Sardinian language.""
}",llama3.1,2026-04-03T21:45:57.431641Z,1153590542.0,81379833.0,74.0,293029959.0,61.0,761885210.0,stop,Sas Umbras Digitales,"Literal translation of 'Digital Humanities' into Sardinian, using the prefix 'sa-' (feminine singular) for 'humanities', as is common in Sardinian language.",[],
sa,,Sanskrit (Saṁskṛta),Digital Humanities,,2026-04-03 16:45:54,False,डिजिटल मानविकी,True,,False,,False,"{""translated_term"": ""Ekaayaantrika Saāstric Shodh"", ""translation_rationale"": ""Breaking down 'Digital Humanities' into its constituent parts: 'Ekaayana' (इकायान) means digital or computer-based, 'Saāstric' (सांस्त्रिक) refers to humanities or liberal arts, and 'Shodh' (शोध) means research or study.""}",llama3.1,2026-04-03T21:45:54.268337Z,1556800750.0,73140375.0,82.0,285862917.0,92.0,1171536171.0,stop,Ekaayaantrika Saāstric Shodh,"Breaking down 'Digital Humanities' into its constituent parts: 'Ekaayana' (इकायान) means digital or computer-based, 'Saāstric' (सांस्त्रिक) refers to humanities or liberal arts, and 'Shodh' (शोध) means research or study.","[{'translated_term': 'Ekaayaantrika Saāstric Shodh', 'translation_rationale': ""Breaking down 'Digital Humanities' into its constituent parts: 'Ekaayana' (इकायान) means digital or computer-based, 'Saāstric' (सांस्त्रिक) refers to humanities or liberal arts, and 'Shodh' (शोध) means research or study.""}]",Ekaayaantrika Saāstric Shodh
rw,,Kinyarwanda,Digital Humanities,,2026-04-03 16:45:50,False,Ubuhanga mu by&#39;Ikoranabuhanga,False,Ubwoko bw'Abantu,False,Ubumuntu bwa Digital,False,"{
  ""translated_term"": ""Imirimo ya Kimazingira ya Dijita"",
  ""translation_rationale"": ""Literally 'Digital Environmental Humanities' or 'Humanities of the Digital Environment'""
}",llama3.1,2026-04-03T21:45:50.697868Z,894493000.0,71595417.0,76.0,286777625.0,44.0,523127668.0,stop,Imirimo ya Kimazingira ya Dijita,Literally 'Digital Environmental Humanities' or 'Humanities of the Digital Environment',[],
ru,Цифровые гуманитарные науки,Russian,Digital Humanities,Цифровые гуманитарные науки,2026-04-03 16:45:47,False,Цифровые гуманитарные науки,False,Цифровые гуманитарные науки,False,Цифровые гуманитарные науки,False,"{
  ""translated_term"": ""Дискуссионные гуманитарные исследования"",
  ""translation_rationale"": "" Combination of 'дискурсивные' (discursiv) and 'гуманитарные исследования'""
}",llama3.1,2026-04-03T21:45:47.783763Z,1006835500.0,79649333.0,72.0,280150958.0,53.0,631109337.0,stop,Дискуссионные гуманитарные исследования, Combination of 'дискурсивные' (discursiv) and 'гуманитарные исследования',[],
ro,,"Romanian, Moldavan",Digital Humanities,,2026-04-03 16:45:44,False,Științe Umaniste Digitale,False,Umanități digitale,False,Științe umaniste digitale,False,"{""translated_term"": ""Umanitar Digital"", ""translation_rationale"": ""The term combines 'digital' and 'humanities', directly translated from English""}",llama3.1,2026-04-03T21:45:44.768277Z,756419792.0,81831458.0,75.0,276069833.0,33.0,388256668.0,stop,Umanitar Digital,"The term combines 'digital' and 'humanities', directly translated from English","[{'translated_term': 'Umanitar Digital', 'translation_rationale': ""The term combines 'digital' and 'humanities', directly translated from English""}]",Umanitar Digital
rn,,Kirundi,Digital Humanities,,2026-04-03 16:45:42,False,Ubumuntu bwa digitale,False,Abantu b’intagondwa,False,,False,"{
  ""translated_term"": ""Uburusi wa Digitali"",
  ""translation_rationale"": ""Using the root 'Digital' and adding the adjective suffix '-i', similar to how it's used in other languages""
}",llama3.1,2026-04-03T21:45:41.998163Z,959151000.0,74076709.0,73.0,306457208.0,47.0,565350206.0,stop,Uburusi wa Digitali,"Using the root 'Digital' and adding the adjective suffix '-i', similar to how it's used in other languages",[],
rm,,Romansh,Digital Humanities,,2026-04-03 16:45:39,True,,True,,False,,False,"{""translated_term"": ""Umanitads digitalas"", ""translation_rationale"": ""Literally \""digital human sciences\"", following the common Romonsh pattern of adding a suffix to indicate adaptation or extension.""}",llama3.1,2026-04-03T21:45:39.024133Z,943539292.0,82253542.0,73.0,289094958.0,44.0,559426166.0,stop,Umanitads digitalas,"Literally ""digital human sciences"", following the common Romonsh pattern of adding a suffix to indicate adaptation or extension.","[{'translated_term': 'Umanitads digitalas', 'translation_rationale': 'Literally ""digital human sciences"", following the common Romonsh pattern of adding a suffix to indicate adaptation or extension.'}]",Umanitads digitalas
qu,,Quechua,Digital Humanities,,2026-04-03 16:45:36,False,Humanidades Digitales nisqa,True,,False,,False,"{""translated_term"": ""Qullasuykuna Kallpanakuy"", ""translation_rationale"": ""Combination of 'qulla' (digital) and 'suyu' (humane or human), with '-kuna' as a plural suffix, and 'kallpana' meaning 'study' or 'science'""}",llama3.1,2026-04-03T21:45:36.067157Z,1405863375.0,79087917.0,74.0,295256834.0,71.0,1008157413.0,stop,Qullasuykuna Kallpanakuy,"Combination of 'qulla' (digital) and 'suyu' (humane or human), with '-kuna' as a plural suffix, and 'kallpana' meaning 'study' or 'science'","[{'translated_term': 'Qullasuykuna Kallpanakuy', 'translation_rationale': ""Combination of 'qulla' (digital) and 'suyu' (humane or human), with '-kuna' as a plural suffix, and 'kallpana' meaning 'study' or 'science'""}]",Qullasuykuna Kallpanakuy
pt,,Portuguese,Digital Humanities,Humanidades digitais,2026-04-03 16:45:32,False,Humanidades Digitais,True,,False,Humanidades Digitais,False,"{
  ""translated_term"": ""Humanidades Digitais"",
  ""translation_rationale"": ""Termo inglês diretamente traduzido para o português""
}",llama3.1,2026-04-03T21:45:32.647817Z,798042625.0,73022917.0,72.0,281470750.0,36.0,433121041.0,stop,Humanidades Digitais,Termo inglês diretamente traduzido para o português,[],
ps,,"Pashto, Pushto",Digital Humanities,,2026-04-03 16:45:29,False,ډیجیټل انسانیتونه,True,,False,ډیجیټل انسانیتونه,False,"{
  ""translated_term"": ""ډجیتالي انسایکلوپیډیا"",
  ""translation_rationale"": ""Combining 'digital' and 'Humanities', using Pashto word for encyclopedia""
}",llama3.1,2026-04-03T21:45:29.838391Z,956769209.0,75811500.0,79.0,278637333.0,49.0,587082876.0,stop,ډجیتالي انسایکلوپیډیا,"Combining 'digital' and 'Humanities', using Pashto word for encyclopedia",[],
pl,,Polish,Digital Humanities,Humanistyka cyfrowa,2026-04-03 16:45:26,False,Humanistyka cyfrowa,True,,False,Humanistyka cyfrowa,False,"{
  ""translated_term"": ""Humanistyczne Dziedzictwo Cyfrowe"",
  ""translation_rationale"": ""Combining 'humanistyka' (humanities) with 'dziedzictwo cyfrowe' (digital heritage)""
}",llama3.1,2026-04-03T21:45:26.867292Z,1149093958.0,81327500.0,72.0,284294292.0,58.0,765027588.0,stop,Humanistyczne Dziedzictwo Cyfrowe,Combining 'humanistyka' (humanities) with 'dziedzictwo cyfrowe' (digital heritage),[],
pi,,Pāli,Digital Humanities,,2026-04-03 16:45:23,True,,True,,False,,False,"{
  ""translated_term"": ""Dhātuvigyānīka Saṅkhyā"",
  ""translation_rationale"": ""The term 'Digital Humanities' combines the concept of digital technologies (dhātu-) with humanistic inquiry (-vigyānika), using the Pāli numerals to convey a sense of modernity and novelty.""
}",llama3.1,2026-04-03T21:45:23.706369Z,1464501583.0,85655958.0,74.0,317815292.0,77.0,1037420418.0,stop,Dhātuvigyānīka Saṅkhyā,"The term 'Digital Humanities' combines the concept of digital technologies (dhātu-) with humanistic inquiry (-vigyānika), using the Pāli numerals to convey a sense of modernity and novelty.",[],
pa,,"Panjabi, Punjabi",Digital Humanities,,2026-04-03 16:45:20,False,ਡਿਜੀਟਲ ਹਿਊਮੈਨਿਟੀਜ਼,True,,False,ਡਿਜੀਟਲ ਮਨੁੱਖਤਾ,False,"{
  ""translated_term"": ""ਡਿਜੀਟਲ ਮਨੋਵਿਗਿਆਨ"",
  ""translation_rationale"": ""lit. 'digital humanities' in Punjabi, following the standardization of technical terms from English into Panjabi""
}",llama3.1,2026-04-03T21:45:20.227902Z,1249849500.0,84788250.0,76.0,281841167.0,70.0,862960952.0,stop,ਡਿਜੀਟਲ ਮਨੋਵਿਗਿਆਨ,"lit. 'digital humanities' in Punjabi, following the standardization of technical terms from English into Panjabi",[],
or,,Oriya,Digital Humanities,,2026-04-03 16:45:12,False,ଡିଜିଟାଲ୍ ମାନବିକତା,True,,False,ଡିଜିଟାଲ୍ ମାନବିକତା,False,"{
  ""translated_term"": ""ডিজিটাল মানবীয়"",
  ""translation_rationale"": ""Borrowed from English, 'Digital Humanities' becomes 'ডিজিটাল' (digital) + Oriya translation of 'humanities' which is derived from Sanskrit 'manavika', thus forming 'মানবীয়' (human-like)""
}",llama3.1,2026-04-03T21:45:12.128304Z,2867124791.0,97771041.0,73.0,285334875.0,101.0,2453597204.0,stop,ডিজিটাল মানবীয়,"Borrowed from English, 'Digital Humanities' becomes 'ডিজিটাল' (digital) + Oriya translation of 'humanities' which is derived from Sanskrit 'manavika', thus forming 'মানবীয়' (human-like)",[],
om,,Oromo,Digital Humanities,,2026-04-03 16:45:07,False,Saayinsii Namoomaa Dijiitaalaa,False,WANTA IRRATTI HUNDAAʼE,False,,False,"{
  ""translated_term"": ""Gadaa Ibareessa Gudista"",
  ""translation_rationale"": ""Combining 'gadaa' (digital) with 'ibareessa' (humanities), and adding 'gudista' to make it a singular noun.""
}",llama3.1,2026-04-03T21:45:07.251128Z,1117631084.0,85156917.0,73.0,283917917.0,60.0,730221838.0,stop,Gadaa Ibareessa Gudista,"Combining 'gadaa' (digital) with 'ibareessa' (humanities), and adding 'gudista' to make it a singular noun.",[],
oj,,"Ojibwe, Ojibwa",Digital Humanities,,2026-04-03 16:45:04,True,,True,,False,,False,"{""translated_term"": ""\u04b7\u05d4\u05f0\u05e8\u05dc \u05d2\u05ea\u05f6\u05c1\u05db\u05d9\u05dd"", ""translation_rationale"": ""Transliteration of 'Digital Humanities' into Ojibwe, following the ISO 639-3 standard. Note: The Ojibwe language has multiple dialects and spellings; this translation uses a commonly accepted romanization.""}",llama3.1,2026-04-03T21:45:04.120625Z,1776225167.0,84139458.0,81.0,281979583.0,107.0,1378584369.0,stop,ҷהװרל גת׶ׁכים,"Transliteration of 'Digital Humanities' into Ojibwe, following the ISO 639-3 standard. Note: The Ojibwe language has multiple dialects and spellings; this translation uses a commonly accepted romanization.","[{'translated_term': 'ҷהװרל גת\u05f6ׁכים', 'translation_rationale': ""Transliteration of 'Digital Humanities' into Ojibwe, following the ISO 639-3 standard. Note: The Ojibwe language has multiple dialects and spellings; this translation uses a commonly accepted romanization.""}]",ҷהװרל גת׶ׁכים
oc,,Occitan,Digital Humanities,,2026-04-03 16:45:00,False,Umanitats numericas,True,,False,,False,"{
  ""translated_term"": ""Umans digitals"",
  ""translation_rationale"": ""Derived from Occitan equivalent of 'humanités' and 'digitales'""
}",llama3.1,2026-04-03T21:45:00.331473Z,814374958.0,102762666.0,73.0,281368958.0,36.0,418212000.0,stop,Umans digitals,Derived from Occitan equivalent of 'humanités' and 'digitales',[],
ny,,Chichewa; Chewa; Nyanja,Digital Humanities,,2026-04-03 16:44:57,False,Zaumunthu Za digito,False,Digital Humans,False,Digital Humanities,False,"{
  ""translated_term"": ""Nkhuzi za Digital"",
  ""translation_rationale"": ""Combining Chichewa and Chewa, two closely related languages in Malawi, with the first part 'nkhuzi' meaning digital or computer-related. Chewa is an official language of Malawi and also spoken in Zambia.""
}",llama3.1,2026-04-03T21:44:57.50726Z,1289353333.0,86757291.0,82.0,284704459.0,72.0,896690796.0,stop,Nkhuzi za Digital,"Combining Chichewa and Chewa, two closely related languages in Malawi, with the first part 'nkhuzi' meaning digital or computer-related. Chewa is an official language of Malawi and also spoken in Zambia.",[],
nv,,"Navajo, Navaho",Digital Humanities,,2026-04-03 16:44:54,True,,True,,False,,False,"{""translated_term"": ""Wáásox iináat'aah"", ""translation_rationale"": ""Combining the Navajo words 'wáásó' (digital) and 'iináat'aah' (humanities), following the common practice of using Navajo prefixes and suffixes to form new words in the language.""}",llama3.1,2026-04-03T21:44:54.204023Z,1278922125.0,84734833.0,76.0,296651958.0,71.0,877846419.0,stop,Wáásox iináat'aah,"Combining the Navajo words 'wáásó' (digital) and 'iináat'aah' (humanities), following the common practice of using Navajo prefixes and suffixes to form new words in the language.","[{'translated_term': ""Wáásox iináat'aah"", 'translation_rationale': ""Combining the Navajo words 'wáásó' (digital) and 'iináat'aah' (humanities), following the common practice of using Navajo prefixes and suffixes to form new words in the language.""}]",Wáásox iináat'aah
nr,,South Ndebele,Digital Humanities,,2026-04-03 16:44:50,False,I-Digital Humanities,True,,False,,False,"{""translated_term"": ""Ndawo yedigitali"", ""translation_rationale"": ""Combining 'ndawo' (place, location) and 'yedigitali' from the English term, to convey the concept of a digital space or environment.""}",llama3.1,2026-04-03T21:44:50.911289Z,1053845500.0,81554250.0,76.0,284425291.0,56.0,671419295.0,stop,Ndawo yedigitali,"Combining 'ndawo' (place, location) and 'yedigitali' from the English term, to convey the concept of a digital space or environment.","[{'translated_term': 'Ndawo yedigitali', 'translation_rationale': ""Combining 'ndawo' (place, location) and 'yedigitali' from the English term, to convey the concept of a digital space or environment.""}]",Ndawo yedigitali
no,,Norwegian,Digital Humanities,,2026-04-03 16:44:47,False,Digital humaniora,True,,False,Digital Humanities,False,"{
  ""translated_term"": ""Digtale humaniora"",
  ""translation_rationale"": ""Combining Norwegian words for 'digital' (digtal) and 'humanities'""
}",llama3.1,2026-04-03T21:44:47.842651Z,901880833.0,93394208.0,72.0,306977500.0,41.0,489601956.0,stop,Digtale humaniora,Combining Norwegian words for 'digital' (digtal) and 'humanities',[],
nn,,Norwegian Nynorsk,Digital Humanities,,2026-04-03 16:44:44,True,,True,,False,,False,"{
  ""translated_term"": ""Digitale humanvitenskap"",
  ""translation_rationale"": ""Using Norwegian Nynorsk terminology for digital humanities, following established translation guidelines""
}",llama3.1,2026-04-03T21:44:44.930096Z,836216916.0,83893958.0,75.0,287183083.0,38.0,453240875.0,stop,Digitale humanvitenskap,"Using Norwegian Nynorsk terminology for digital humanities, following established translation guidelines",[],
nl,,Dutch,Digital Humanities,Digitale geesteswetenschappen,2026-04-03 16:44:42,False,Digitale Geesteswetenschappen,False,Digitale geesteswetenschappen,False,Digital Humanities,False,"{
  ""translated_term"": ""Digitale Geesteswetenschappen"",
  ""translation_rationale"": ""Combination of 'digitale' (digital) and 'geesteswetenschappen' (humanities)""
}",llama3.1,2026-04-03T21:44:42.083407Z,988914417.0,88446417.0,72.0,278865166.0,50.0,607003249.0,stop,Digitale Geesteswetenschappen,Combination of 'digitale' (digital) and 'geesteswetenschappen' (humanities),[],
ng,,Ndonga,Digital Humanities,,2026-04-03 16:44:39,True,,False,Omithikampango dhaantu odha li hadhi ningitha aantu ya kale ye na ekwatathano ewanawa,False,,False,"{
  ""translated_term"": ""Ombwe ya Digital"",
  ""translation_rationale"": ""Combining 'ombwe' (digital) from Zambian English with the suffix '-ya', a common way to form nouns in Ndonga, and adding 'Digital' at the beginning.""
}",llama3.1,2026-04-03T21:44:39.079818Z,1166509125.0,86008084.0,74.0,278882500.0,62.0,783662158.0,stop,Ombwe ya Digital,"Combining 'ombwe' (digital) from Zambian English with the suffix '-ya', a common way to form nouns in Ndonga, and adding 'Digital' at the beginning.",[],
ne,,Nepali,Digital Humanities,,2026-04-03 16:44:35,False,डिजिटल मानविकी,True,,False,डिजिटल मानविकी,False,"{
  ""translated_term"": ""डिजिटल मानवशास्त्र"",
  ""translation_rationale"": ""direct loan from English, combining digital and humanities""
}",llama3.1,2026-04-03T21:44:35.896516Z,823055791.0,88582250.0,73.0,282932459.0,37.0,440451584.0,stop,डिजिटल मानवशास्त्र,"direct loan from English, combining digital and humanities",[],
nd,,North Ndebele,Digital Humanities,,2026-04-03 16:44:33,True,,True,,False,,False,"{
  ""translated_term"": ""Iintambelo Zomculo Wenyaka"",
  ""translation_rationale"": ""Combining the North Ndebele words 'iintambelo' (digital) and 'zomculo wenyaka' (humanities)""
}",llama3.1,2026-04-03T21:44:33.061303Z,1137016083.0,83097792.0,76.0,304007792.0,58.0,732946168.0,stop,Iintambelo Zomculo Wenyaka,Combining the North Ndebele words 'iintambelo' (digital) and 'zomculo wenyaka' (humanities),[],
nb,,Norwegian Bokmål,Digital Humanities,,2026-04-03 16:44:29,False,Digital humaniora,True,,False,,False,"{
  ""translated_term"": ""Digitale humaniora"",
  ""translation_rationale"": ""Termbase fra engelsk, med overføring av grensesnitt og nøkkelord""
}",llama3.1,2026-04-03T21:44:29.913292Z,991582750.0,78753625.0,76.0,290834875.0,46.0,607721796.0,stop,Digitale humaniora,"Termbase fra engelsk, med overføring av grensesnitt og nøkkelord",[],
na,,Nauru,Digital Humanities,,2026-04-03 16:44:26,True,,True,,False,,False,"{""translated_term"": ""Māna ɛlau Mānebua"", ""translation_rationale"": ""The term Digital Humanities is translated directly into Nauru, combining the concepts of 'digital' and 'humanities' into a single phrase. 'Māna' means digital or computer, and 'ɛlau Mānebua' means studies or humanities.""}",llama3.1,2026-04-03T21:44:26.905157Z,1621663042.0,82683625.0,74.0,287497917.0,83.0,1225409792.0,stop,Māna ɛlau Mānebua,"The term Digital Humanities is translated directly into Nauru, combining the concepts of 'digital' and 'humanities' into a single phrase. 'Māna' means digital or computer, and 'ɛlau Mānebua' means studies or humanities.","[{'translated_term': 'Māna ɛlau Mānebua', 'translation_rationale': ""The term Digital Humanities is translated directly into Nauru, combining the concepts of 'digital' and 'humanities' into a single phrase. 'Māna' means digital or computer, and 'ɛlau Mānebua' means studies or humanities.""}]",Māna ɛlau Mānebua
my,,Burmese,Digital Humanities,,2026-04-03 16:44:23,False,ဒစ်ဂျစ်တယ် လူသားပညာ,True,,False,ဒစ်ဂျစ်တယ်လူ့ပညာ,False,"{""translated_term"": ""\u1017\u1004\u1005\u100b\u100f\u1008\u100a\u1002\u1000\u1009\u1001\u100c\u100d\u100e\u1003\u1006\u1008\u1009"", ""translation_rationale"": ""Digital Humanities is translated to Burmese as \""\u1017\u1004\u1005\u100b\u100f\u1008\u100a\u1002\u1000\u1009\u1001\u100c\u100d\u100e\u1003\u1006\u1008\u1009\"", which is a direct transliteration of the English term, with each word separated by spaces. The term \""Digital Humanities\"" is widely used in Myanmar (Burma) among scholars and academics.""}",llama3.1,2026-04-03T21:44:23.269542Z,6279580000.0,84662709.0,74.0,288109000.0,172.0,5856542003.0,stop,ဗငစဋဏဈညဂကဉခဌဍဎဃဆဈဉ,"Digital Humanities is translated to Burmese as ""ဗငစဋဏဈညဂကဉခဌဍဎဃဆဈဉ"", which is a direct transliteration of the English term, with each word separated by spaces. The term ""Digital Humanities"" is widely used in Myanmar (Burma) among scholars and academics.","[{'translated_term': 'ဗငစဋဏဈညဂကဉခဌဍဎဃဆဈဉ', 'translation_rationale': 'Digital Humanities is translated to Burmese as ""ဗငစဋဏဈညဂကဉခဌဍဎဃဆဈဉ"", which is a direct transliteration of the English term, with each word separated by spaces. The term ""Digital Humanities"" is widely used in Myanmar (Burma) among scholars and academics.'}]",ဗငစဋဏဈညဂကဉခဌဍဎဃဆဈဉ
mt,,Maltese,Digital Humanities,,2026-04-03 16:44:14,False,Umanistika Diġitali,False,L-istudji umanistiċi diġitali,False,Umanistika Diġitali,False,"{
  ""translated_term"": ""Umanitarji Digitali"",
  ""translation_rationale"": ""Literal translation of 'Digital Humanities' into Maltese, combining the adjective 'digital' and the noun 'umanitarju'""
}",llama3.1,2026-04-03T21:44:14.976134Z,996574584.0,80562667.0,74.0,293711875.0,49.0,607386749.0,stop,Umanitarji Digitali,"Literal translation of 'Digital Humanities' into Maltese, combining the adjective 'digital' and the noun 'umanitarju'",[],
ms,,Malay,Digital Humanities,,2026-04-03 16:44:11,False,Kemanusiaan Digital,True,,False,Kemanusiaan Digital,False,"{
  ""translated_term"": ""Humaniti Digital"",
  ""translation_rationale"": ""Combination of Malay term 'digital' and the existing phrase 'humaniti', which is commonly used in Malaysian academia to refer to humanities""
}",llama3.1,2026-04-03T21:44:11.963931Z,975849208.0,86947208.0,72.0,287342125.0,48.0,587808451.0,stop,Humaniti Digital,"Combination of Malay term 'digital' and the existing phrase 'humaniti', which is commonly used in Malaysian academia to refer to humanities",[],
mr,,Marathi (Marāṭhī),Digital Humanities,,2026-04-03 16:44:08,False,डिजिटल मानविकी,False,मानवी क्षमता,False,डिजिटल मानवता,False,"{
  ""translated_term"": ""डिजिटल मानवविज्ञान"",
  ""translation_rationale"": ""Combining Marathi words 'Digital' and 'Mānava Vijnan'""
}",llama3.1,2026-04-03T21:44:08.974451Z,940686375.0,74850333.0,81.0,299514334.0,44.0,552733835.0,stop,डिजिटल मानवविज्ञान,Combining Marathi words 'Digital' and 'Mānava Vijnan',[],
mn,,Mongolian,Digital Humanities,,2026-04-03 16:44:06,False,Дижитал хүмүүнлэгийн ухаан,True,,False,Дижитал хүмүүнлэг,False,"{
  ""translated_term"": ""\u00d6riin s\u00e4s bolon \u00fchi\u0308uragch"",
  ""translation_rationale"": ""Mongolian word for 'digital' is 'öriin', meaning 'computerized' or 'electronic'. 'S\u00e4s bolon' means 'humanities'""
}",llama3.1,2026-04-03T21:44:06.02258Z,3007992292.0,78743417.0,73.0,307799208.0,81.0,2594819126.0,stop,Öriin säs bolon ühïuragch,"Mongolian word for 'digital' is 'öriin', meaning 'computerized' or 'electronic'. 'Säs bolon' means 'humanities'",[],
ml,,Malayalam,Digital Humanities,,2026-04-03 16:44:01,False,ഡിജിറ്റൽ മാനവികത,False,മാനവരാശി,False,ഡിജിറ്റൽ ഹ്യുമാനിറ്റീസ്,False,"{
  ""translated_term"": ""ഡിജിറ്റൽ മാനവശാസ്ത്രം"",
  ""translation_rationale"": ""Digital Humanities + Malayalam translation""
}",llama3.1,2026-04-03T21:44:00.999861Z,1325256375.0,76316666.0,73.0,297147917.0,59.0,934280668.0,stop,ഡിജിറ്റൽ മാനവശാസ്ത്രം,Digital Humanities + Malayalam translation,[],
mk,,Macedonian,Digital Humanities,,2026-04-03 16:43:57,False,Дигитални хуманистички науки,False,Дигитални хуманости,False,Дигитални хуманистички науки,False,"{""translated_term"": ""Дигитални Уметности"", ""translation_rationale"": ""Combining the Macedonian words for 'digital' (дигитален) and 'humanities' (уметности), which is a direct translation of the English term.""}",llama3.1,2026-04-03T21:43:57.663092Z,1196571333.0,81731583.0,73.0,313172583.0,59.0,783908664.0,stop,Дигитални Уметности,"Combining the Macedonian words for 'digital' (дигитален) and 'humanities' (уметности), which is a direct translation of the English term.","[{'translated_term': 'Дигитални Уметности', 'translation_rationale': ""Combining the Macedonian words for 'digital' (дигитален) and 'humanities' (уметности), which is a direct translation of the English term.""}]",Дигитални Уметности
mi,,Māori,Digital Humanities,,2026-04-03 16:43:54,False,Ngā Tikanga Mamati,True,,False,Mamati Tangata,False,"{
  ""translated_term"": ""Humaritati Tiketronikī"",
  ""translation_rationale"": ""Breakdown of the terms: 'Humari' from Humaritati (from English Digital Humanities) meaning people or community, and 'Tiketronikī' directly translating the Māori word for 'digital', 'tiketronika'.""
}",llama3.1,2026-04-03T21:43:54.454177Z,1526982583.0,108083667.0,74.0,284334417.0,79.0,1112529332.0,stop,Humaritati Tiketronikī,"Breakdown of the terms: 'Humari' from Humaritati (from English Digital Humanities) meaning people or community, and 'Tiketronikī' directly translating the Māori word for 'digital', 'tiketronika'.",[],
mh,,Marshallese,Digital Humanities,,2026-04-03 16:43:50,False,Digital Humanities,False,Ta ko Rej Wal̦o̦k ñan Armej?,False,,False,"{""translated_term"": ""Bwein Ijebu Teenaan"", ""translation_rationale"": ""Marshallese phrase combining 'bwein' (technology/computer), 'ijebu' (new/innovative) and 'teenaan' (humanities)""}",llama3.1,2026-04-03T21:43:50.915198Z,1112766083.0,83574708.0,74.0,282203958.0,61.0,728813251.0,stop,Bwein Ijebu Teenaan,"Marshallese phrase combining 'bwein' (technology/computer), 'ijebu' (new/innovative) and 'teenaan' (humanities)","[{'translated_term': 'Bwein Ijebu Teenaan', 'translation_rationale': ""Marshallese phrase combining 'bwein' (technology/computer), 'ijebu' (new/innovative) and 'teenaan' (humanities)""}]",Bwein Ijebu Teenaan
mg,,Malagasy,Digital Humanities,,2026-04-03 16:43:47,False,Siansa momba ny maha-olona nomerika,False,Maha-olombelona nomerika,False,Digital Humanities,False,"{
  ""translated_term"": ""Tehniko Fitenyantsika"",
  ""translation_rationale"": ""Combining 'digital' from French (technique) and 'humanities' from English, considering the influence of French in Malagasy language.""
}",llama3.1,2026-04-03T21:43:47.787321Z,1052794458.0,83850042.0,74.0,275369041.0,56.0,677332170.0,stop,Tehniko Fitenyantsika,"Combining 'digital' from French (technique) and 'humanities' from English, considering the influence of French in Malagasy language.",[],
lv,,Latvian,Digital Humanities,,2026-04-03 16:43:44,False,Digitālās humanitārās zinātnes,True,,False,Digitālās humanitārās zinātnes,False,"{""translated_term"": ""Dzeltskrātīšu māksla"", ""translation_rationale"": ""Combining 'dzelts' (digital) and 'krātīšu' (humanities or sciences)""}",llama3.1,2026-04-03T21:43:44.720514Z,998168500.0,86556625.0,74.0,285367167.0,52.0,611331461.0,stop,Dzeltskrātīšu māksla,Combining 'dzelts' (digital) and 'krātīšu' (humanities or sciences),"[{'translated_term': 'Dzeltskrātīšu māksla', 'translation_rationale': ""Combining 'dzelts' (digital) and 'krātīšu' (humanities or sciences)""}]",Dzeltskrātīšu māksla
lu,,Luba-Katanga,Digital Humanities,,2026-04-03 16:43:41,True,,False,BISHINTE BYA KWIFUNDA,False,,False,"{""translated_term"": ""Mukanda wa digitali"", ""translation_rationale"": ""Combining Luba words 'mukanda' (digital) and '-wa' to make a possessive noun phrase, similar to how it's structured in other Bantu languages.""}",llama3.1,2026-04-03T21:43:41.709062Z,1085711333.0,80909625.0,76.0,282526750.0,57.0,705717705.0,stop,Mukanda wa digitali,"Combining Luba words 'mukanda' (digital) and '-wa' to make a possessive noun phrase, similar to how it's structured in other Bantu languages.","[{'translated_term': 'Mukanda wa digitali', 'translation_rationale': ""Combining Luba words 'mukanda' (digital) and '-wa' to make a possessive noun phrase, similar to how it's structured in other Bantu languages.""}]",Mukanda wa digitali
lt,,Lithuanian,Digital Humanities,,2026-04-03 16:43:38,False,Skaitmeniniai humanitariniai mokslai,True,,False,Skaitmeniniai humanitariniai mokslai,False,"{
  ""translated_term"": ""Žmogaus Mokslas Dėl Digitalinės Prisijungimo"",
  ""translation_rationale"": ""Literal translation of 'Digital Humanities' into Lithuanian, combining 'humanities' with the adjective 'digital', as no single word equivalent exists in the language.""
}",llama3.1,2026-04-03T21:43:38.608115Z,1308912250.0,133469875.0,74.0,279226250.0,72.0,874762370.0,stop,Žmogaus Mokslas Dėl Digitalinės Prisijungimo,"Literal translation of 'Digital Humanities' into Lithuanian, combining 'humanities' with the adjective 'digital', as no single word equivalent exists in the language.",[],
lo,,Lao,Digital Humanities,,2026-04-03 16:43:35,False,ມະນຸດສາດດິຈິຕອນ,True,,False,Digital Humanities,False,"{
  ""translated_term"": ""ພະລັດເກາົມສິນ"",
  ""translation_rationale"": ""Lao translation of 'Digital Humanities' is a combination of ພະລັດ (digital) and ເກາົມສິນ (humanities)""
}",llama3.1,2026-04-03T21:43:35.285109Z,1506728166.0,87170208.0,73.0,277615375.0,91.0,1117568171.0,stop,ພະລັດເກາົມສິນ,Lao translation of 'Digital Humanities' is a combination of ພະລັດ (digital) and ເກາົມສິນ (humanities),[],
ln,,Lingala,Digital Humanities,,2026-04-03 16:43:31,False,Humanités numériques,False,Biloko oyo bato bazali na yango,False,,False,"{
  ""translated_term"": ""Umwana wa Digital"",
  ""translation_rationale"": ""Using 'Digital' as a prefix to indicate the field of study""
}",llama3.1,2026-04-03T21:43:31.762627Z,785999792.0,87131708.0,73.0,279387583.0,36.0,407404041.0,stop,Umwana wa Digital,Using 'Digital' as a prefix to indicate the field of study,[],
li,,Limburgish,Digital Humanities,,2026-04-03 16:43:26,False,Digitale geestesweitesjappe,True,,False,,False,"{
  ""translated_term"": ""Digitale Menskunde"",
  ""translation_rationale"": ""Combining 'digital' (digitale) and the suffix '-kunde', equivalent to 'humanities'""
}",llama3.1,2026-04-03T21:43:26.184286Z,898454375.0,76952083.0,74.0,289436334.0,44.0,518608875.0,stop,Digitale Menskunde,"Combining 'digital' (digitale) and the suffix '-kunde', equivalent to 'humanities'",[],
lg,,Luganda,Digital Humanities,,2026-04-03 16:43:23,False,Eby’obuntubulamu ebya Digital,False,Obusobozi bw'Abantu,False,,False,"{""translated_term"": ""Okusoma kya Digitale"", ""translation_rationale"": ""Breakdown: Okusoma (Digital) + kya (Humanities)""}",llama3.1,2026-04-03T21:43:23.274677Z,852922041.0,97496625.0,73.0,296993209.0,37.0,443246497.0,stop,Okusoma kya Digitale,Breakdown: Okusoma (Digital) + kya (Humanities),"[{'translated_term': 'Okusoma kya Digitale', 'translation_rationale': 'Breakdown: Okusoma (Digital) + kya (Humanities)'}]",Okusoma kya Digitale
lb,,Luxembourgish,Digital Humanities,,2026-04-03 16:43:20,False,Digital Humanities,True,,False,Digital Geeschteswëssenschaft,False,"{
  ""translated_term"": ""Digitale Geisteswëssenschaften"",
  ""translation_rationale"": ""Direct translation from German, as it is the term commonly used in Luxembourgish academia. 'Geisteswëssenschaften' translates to humanities, arts and social sciences.""
}",llama3.1,2026-04-03T21:43:20.406102Z,1129903959.0,81615625.0,73.0,286297792.0,61.0,743949537.0,stop,Digitale Geisteswëssenschaften,"Direct translation from German, as it is the term commonly used in Luxembourgish academia. 'Geisteswëssenschaften' translates to humanities, arts and social sciences.",[],
la,Humanitates digitales,Latin,Digital Humanities,Humanitates digitales,2026-04-03 16:43:17,False,Humanitates Digitales,True,,False,Digital Humanities,False,"{
  ""translated_term"": ""Humanitates Digitales"",
  ""translation_rationale"": ""Combining the Latin word 'humanitates' (arts, humanities) with 'digitales' (digital)""
}",llama3.1,2026-04-03T21:43:17.262964Z,889935459.0,80991042.0,72.0,289477375.0,43.0,506271169.0,stop,Humanitates Digitales,"Combining the Latin word 'humanitates' (arts, humanities) with 'digitales' (digital)",[],
ky,,"Kirghiz, Kyrgyz",Digital Humanities,,2026-04-03 16:43:14,False,Санариптик гуманитардык илимдер,True,,False,Санариптик гуманитардык илимдер,False,"{
  ""translated_term"": ""Электрондук адабийяттар"",
  ""translation_rationale"": ""Literal translation of 'Digital Humanities' into Kyrgyz""
}",llama3.1,2026-04-03T21:43:14.358594Z,838089500.0,85870583.0,77.0,286540333.0,39.0,452832040.0,stop,Электрондук адабийяттар,Literal translation of 'Digital Humanities' into Kyrgyz,[],
kw,,Cornish,Digital Humanities,,2026-04-03 16:43:11,True,,True,,False,,False,"{""translated_term"": ""Dyfnans Kernewek"", ""translation_rationale"": ""Combining 'dyfnans' (digital) and the language name 'Kernewek' (Cornish) to create a term that represents the field of Digital Humanities in Cornish.""}",llama3.1,2026-04-03T21:43:11.506732Z,1125169875.0,83947250.0,73.0,302980250.0,60.0,720758621.0,stop,Dyfnans Kernewek,Combining 'dyfnans' (digital) and the language name 'Kernewek' (Cornish) to create a term that represents the field of Digital Humanities in Cornish.,"[{'translated_term': 'Dyfnans Kernewek', 'translation_rationale': ""Combining 'dyfnans' (digital) and the language name 'Kernewek' (Cornish) to create a term that represents the field of Digital Humanities in Cornish.""}]",Dyfnans Kernewek
kv,,Komi,Digital Humanities,,2026-04-03 16:43:08,False,Цифрӧвӧй гуманитарнӧй наукаяс,True,,False,,False,"{""translated_term"": ""Kodiža sovremennogo literatūrovoe issledovanie"", ""translation_rationale"": ""Translation of 'Digital Humanities' into Komi, using the literal meaning of 'digital humanities' as a guide.""}",llama3.1,2026-04-03T21:43:08.370066Z,1049850791.0,88041125.0,73.0,277421750.0,56.0,667313204.0,stop,Kodiža sovremennogo literatūrovoe issledovanie,"Translation of 'Digital Humanities' into Komi, using the literal meaning of 'digital humanities' as a guide.","[{'translated_term': 'Kodiža sovremennogo literatūrovoe issledovanie', 'translation_rationale': ""Translation of 'Digital Humanities' into Komi, using the literal meaning of 'digital humanities' as a guide.""}]",Kodiža sovremennogo literatūrovoe issledovanie
ku,,Kurdish,Digital Humanities,,2026-04-03 16:43:05,False,Mirovahiyên Dîjîtal,True,,False,Humanities dîjîtal,False,"{
  ""translated_term"": ""Bingehên Kûlturperestî ya Dîjîtal"",
  ""translation_rationale"": ""Combination of Kurdish words for Digital and Humanities, using the root word 'kûtûrlû' (culture) and adding '-perestî' (-humanities) to it, with 'bîngehên' (digital)""
}",llama3.1,2026-04-03T21:43:05.305642Z,1399781667.0,84297958.0,72.0,279000000.0,83.0,1012516414.0,stop,Bingehên Kûlturperestî ya Dîjîtal,"Combination of Kurdish words for Digital and Humanities, using the root word 'kûtûrlû' (culture) and adding '-perestî' (-humanities) to it, with 'bîngehên' (digital)",[],
ks,,Kashmiri,Digital Humanities,,2026-04-03 16:43:01,True,,True,,False,,False,"{
  ""translated_term"": ""digital humanities कु मुनासबत"",
  ""translation_rationale"": ""Combining 'Digital' and 'Humanities' with a Kashmiri word for study/comparison (मुनासबत)""
}",llama3.1,2026-04-03T21:43:01.890298Z,1016563541.0,87364208.0,73.0,309658333.0,52.0,604364750.0,stop,digital humanities कु मुनासबत,Combining 'Digital' and 'Humanities' with a Kashmiri word for study/comparison (मुनासबत),[],
ko,디지털 인문학,Korean,Digital Humanities,디지털 인문학,2026-04-03 16:42:55,False,디지털 인문학,True,,False,디지털 인문학,False,"{
  ""translated_term"": ""\ucd1c\uace0\uc7ac\ud559\uc138\uc694"",
  ""translation_rationale"": ""Digital Humanities""
}",llama3.1,2026-04-03T21:42:55.696538Z,822367583.0,104501416.0,72.0,280932625.0,37.0,425223333.0,stop,촜고재학세요,Digital Humanities,[],
kn,,Kannada,Digital Humanities,,2026-04-03 16:42:52,False,ಡಿಜಿಟಲ್ ಮಾನವಿಕಗಳು,True,,False,ಡಿಜಿಟಲ್ ಹ್ಯುಮಾನಿಟೀಸ್,False,"{""translated_term"": ""ಡಿಜಿಟಲ್ ಮಾನವಶಾಸ್ತ್ರ"", ""translation_rationale"": ""Combining 'Digital' and 'Humanities' into one word in Kannada""}",llama3.1,2026-04-03T21:42:52.860427Z,1197995959.0,86009250.0,73.0,296059125.0,66.0,797042627.0,stop,ಡಿಜಿಟಲ್ ಮಾನವಶಾಸ್ತ್ರ,Combining 'Digital' and 'Humanities' into one word in Kannada,"[{'translated_term': 'ಡಿಜಿಟಲ್ ಮಾನವಶಾಸ್ತ್ರ', 'translation_rationale': ""Combining 'Digital' and 'Humanities' into one word in Kannada""}]",ಡಿಜಿಟಲ್ ಮಾನವಶಾಸ್ತ್ರ
km,,Khmer,Digital Humanities,,2026-04-03 16:42:49,False,មនុស្សសាស្ត្រឌីជីថល,True,,False,មនុស្សធម៌ឌីជីថល។,False,"{
  ""translated_term"": ""ពាក្យបច្ចេកវិទ្យាឌីជីតាល"",
  ""translation_rationale"": ""Combining Khmer words for 'digital' (ឌីជីតាល) and 'humanities' (បច្ចេកវិទ្យា)""
}",llama3.1,2026-04-03T21:42:49.64889Z,1639944042.0,75506750.0,73.0,278341417.0,102.0,1258391878.0,stop,ពាក្យបច្ចេកវិទ្យាឌីជីតាល,Combining Khmer words for 'digital' (ឌីជីតាល) and 'humanities' (បច្ចេកវិទ្យា),[],
kl,,Kalaallisut,Digital Humanities,,2026-04-03 16:42:45,False,Digitalimik inuussutissarsiorneq,True,,False,,False,"{""translated_term"": ""Tunngasukkut nunaqarfik"", ""translation_rationale"": ""Literally 'digital humanities' in Kalaallisut, combining 'tunngasukkuq' (computer) and '-nunaqarfik' (humanities/arts)""}",llama3.1,2026-04-03T21:42:45.992759Z,1129445625.0,85832375.0,75.0,277132708.0,65.0,747256542.0,stop,Tunngasukkut nunaqarfik,"Literally 'digital humanities' in Kalaallisut, combining 'tunngasukkuq' (computer) and '-nunaqarfik' (humanities/arts)","[{'translated_term': 'Tunngasukkut nunaqarfik', 'translation_rationale': ""Literally 'digital humanities' in Kalaallisut, combining 'tunngasukkuq' (computer) and '-nunaqarfik' (humanities/arts)""}]",Tunngasukkut nunaqarfik
kk,,Kazakh,Digital Humanities,,2026-04-03 16:42:42,False,Сандық гуманитарлық ғылымдар,True,,False,Сандық гуманитарлық ғылымдар,False,"{
  ""translated_term"": ""Dijital Adabiyaty"",
  ""translation_rationale"": ""Combining Kazakh words for 'digital' (Дижитал, Dižitâl) and 'humanities' (адабийаты, adabyiaty)""
}",llama3.1,2026-04-03T21:42:42.848597Z,1080504625.0,86464833.0,73.0,273022667.0,61.0,702961174.0,stop,Dijital Adabiyaty,"Combining Kazakh words for 'digital' (Дижитал, Dižitâl) and 'humanities' (адабийаты, adabyiaty)",[],
kj,,"Kwanyama, Kuanyama",Digital Humanities,,2026-04-03 16:42:39,True,,False,Kala u na etaleko liwa li na sha novanhu,False,,False,"{
  ""translated_term"": ""Omulayi wA ntinda"",
  ""translation_rationale"": ""Combining the word 'umulayi' (computer/user) with 'ntinda' (humanities)""
}",llama3.1,2026-04-03T21:42:39.754327Z,936034291.0,87975833.0,78.0,305987959.0,46.0,528359708.0,stop,Omulayi wA ntinda,Combining the word 'umulayi' (computer/user) with 'ntinda' (humanities),[],
ki,,"Kikuyu, Gikuyu",Digital Humanities,,2026-04-03 16:42:36,True,,True,,False,,False,"{""translated_term"": ""Mathiiru ya Kidijitali"", ""translation_rationale"": ""Combining 'mathiri' (digital) and 'ya ki' (of the) with 'kidiitali' (humanities)""}",llama3.1,2026-04-03T21:42:36.804102Z,980776584.0,85745750.0,78.0,276491375.0,52.0,603829792.0,stop,Mathiiru ya Kidijitali,Combining 'mathiri' (digital) and 'ya ki' (of the) with 'kidiitali' (humanities),"[{'translated_term': 'Mathiiru ya Kidijitali', 'translation_rationale': ""Combining 'mathiri' (digital) and 'ya ki' (of the) with 'kidiitali' (humanities)""}]",Mathiiru ya Kidijitali
kg,,Kongo,Digital Humanities,,2026-04-03 16:42:33,False,Bantu ya Dijital,False,Mambu ya Mfunu Yina Bantu Ketudilaka Ntima,False,,False,"{""translated_term"": ""Tiembo za Kufasiri kwa Digitali"", ""translation_rationale"": ""Compound noun formed by combining Tiembo (Digital) and za Kufasiri (Humanities), following the pattern of compound nouns in Kimongo, which is a Bantu language.""}",llama3.1,2026-04-03T21:42:33.808773Z,1125085625.0,87548833.0,73.0,280823083.0,64.0,738585001.0,stop,Tiembo za Kufasiri kwa Digitali,"Compound noun formed by combining Tiembo (Digital) and za Kufasiri (Humanities), following the pattern of compound nouns in Kimongo, which is a Bantu language.","[{'translated_term': 'Tiembo za Kufasiri kwa Digitali', 'translation_rationale': 'Compound noun formed by combining Tiembo (Digital) and za Kufasiri (Humanities), following the pattern of compound nouns in Kimongo, which is a Bantu language.'}]",Tiembo za Kufasiri kwa Digitali
ka,,Georgian,Digital Humanities,,2026-04-03 16:42:30,False,ციფრული ჰუმანიტარული მეცნიერებები,True,,False,ციფრული ჰუმანიტარული,False,"{
  ""translated_term"": ""Digitale ხელოვნება"",
  ""translation_rationale"": ""From English, combining 'digital' and 'humanities'""
}",llama3.1,2026-04-03T21:42:30.669959Z,955010000.0,84210708.0,72.0,277449250.0,50.0,578101874.0,stop,Digitale ხელოვნება,"From English, combining 'digital' and 'humanities'",[],
jv,,Javanese,Digital Humanities,,2026-04-03 16:42:27,False,Humaniora Digital,True,,False,Kamanungsan Digital,False,"{
  ""translated_term"": ""Humanis Digital"",
  ""translation_rationale"": ""Direct translation of 'Digital Humanities' into Javanese, keeping the word order and structure.""
}",llama3.1,2026-04-03T21:42:27.701525Z,820232042.0,83083708.0,75.0,280326208.0,39.0,444630167.0,stop,Humanis Digital,"Direct translation of 'Digital Humanities' into Javanese, keeping the word order and structure.",[],
ja,デジタル・ヒューマニティーズ,Japanese,Digital Humanities,デジタル・ヒューマニティーズ,2026-04-03 16:42:24,False,デジタルヒューマニティーズ,True,,False,デジタル人文学,False,"{
  ""translated_term"": ""\u30D7\u30EA\u30B3\u30C8\u306F\u53EF\u4E0D\u533B\u5B66"",
  ""translation_rationale"": ""Literal translation of 'Digital Humanities' using Japanese characters.""
}",llama3.1,2026-04-03T21:42:24.867689Z,1083378833.0,84487416.0,72.0,276138250.0,61.0,704285579.0,stop,プリコトは可不医学,Literal translation of 'Digital Humanities' using Japanese characters.,[],
iu,,Inuktitut,Digital Humanities,,2026-04-03 16:42:21,False,ᖃᕆᑕᐅᔭᒃᑯᑦ ᐃᓄᓕᕆᓂᕐᒧᑦ,True,,False,,False,"{
  ""translated_term"": ""ᓴᐃᑦ ᐊᕕᖅᒡᒥᐅᔭᖓ"",
  ""translation_rationale"": ""Combining the Inuktitut words for 'digital' (ᓴᐃᑦ) and 'humanities' (ᐊᕕᖅᒡᒥᐅᔭᖓ), which is a literal translation.""
}",llama3.1,2026-04-03T21:42:21.770498Z,1699847083.0,80058667.0,76.0,303455500.0,110.0,1286865285.0,stop,ᓴᐃᑦ ᐊᕕᖅᒡᒥᐅᔭᖓ,"Combining the Inuktitut words for 'digital' (ᓴᐃᑦ) and 'humanities' (ᐊᕕᖅᒡᒥᐅᔭᖓ), which is a literal translation.",[],
it,Informatica umanistica,Italian,Digital Humanities,Informatica umanistica,2026-04-03 16:42:18,False,Discipline umanistiche digitali,False,Digital Humanities,False,Scienze umanistiche digitali,False,"{
  ""translated_term"": ""Umanesimo Digitale"",
  ""translation_rationale"": ""Italian translation of the acronym DH, combining 'digitale' (digital) with 'umanesimo' (humanism)""
}",llama3.1,2026-04-03T21:42:18.056979Z,922235583.0,85729750.0,72.0,274108958.0,48.0,548045163.0,stop,Umanesimo Digitale,"Italian translation of the acronym DH, combining 'digitale' (digital) with 'umanesimo' (humanism)",[],
is,,Icelandic,Digital Humanities,,2026-04-03 16:42:15,False,Stafræn hugvísindi,False,Stafræn mannvera,False,Stafræn hugvísindi,False,"{
  ""translated_term"": ""Dagbóksvitnunarfræði"",
  ""translation_rationale"": ""Transliteration from English, combining 'dagbók' (digital) and 'vitnunarfraeði' (humanities)""
}",llama3.1,2026-04-03T21:42:15.120662Z,1070402250.0,83768458.0,72.0,293891375.0,59.0,675833125.0,stop,Dagbóksvitnunarfræði,"Transliteration from English, combining 'dagbók' (digital) and 'vitnunarfraeði' (humanities)",[],
io,,Ido,Digital Humanities,,2026-04-03 16:42:12,True,,True,,False,,False,"{
  ""translated_term"": ""Homo Digitale"",
  ""translation_rationale"": ""Ido uses the root 'homo-' for human-related concepts, and '-digitale' to indicate a connection to technology.""
}",llama3.1,2026-04-03T21:42:12.037387Z,933205417.0,85126459.0,73.0,296825333.0,47.0,537859584.0,stop,Homo Digitale,"Ido uses the root 'homo-' for human-related concepts, and '-digitale' to indicate a connection to technology.",[],
ik,,Inupiaq,Digital Humanities,,2026-04-03 16:42:09,True,,True,,False,,False,"{""translated_term"": ""Qulit ilisarniqtuq"", ""translation_rationale"": ""Combining 'qulit' (digital) from Yupik, and 'ilisarniqtuq' (humanities or studies) from Inupiaq.""}",llama3.1,2026-04-03T21:42:09.093485Z,1050575708.0,81909916.0,75.0,276955666.0,59.0,674883793.0,stop,Qulit ilisarniqtuq,"Combining 'qulit' (digital) from Yupik, and 'ilisarniqtuq' (humanities or studies) from Inupiaq.","[{'translated_term': 'Qulit ilisarniqtuq', 'translation_rationale': ""Combining 'qulit' (digital) from Yupik, and 'ilisarniqtuq' (humanities or studies) from Inupiaq.""}]",Qulit ilisarniqtuq
ii,,Nuosu,Digital Humanities,,2026-04-03 16:42:06,True,,True,,False,,False,"{""translated_term"": ""Jyuvjyuv wkyo"", ""translation_rationale"": ""Adopted from Chinese ""digital humanities"" ""}",llama3.1,2026-04-03T21:42:06.029882Z,734782375.0,82548875.0,73.0,267266500.0,33.0,374169495.0,stop,Jyuvjyuv wkyo,"Adopted from Chinese ""digital humanities",[],
ig,,Igbo,Digital Humanities,,2026-04-03 16:42:03,False,Ụmụ mmadụ dijitalụ,False,Ihe Ùgwù Ụmụ Mmadụ,False,Digital Humanities,False,"{
  ""translated_term"": ""Ụmụmadụ Digitál"",
  ""translation_rationale"": ""Combining ' Ụmụmadụ' (Humanities) with 'Digitál' (Digital)""
}",llama3.1,2026-04-03T21:42:03.281677Z,916107666.0,85720125.0,73.0,276805709.0,47.0,539429083.0,stop,Ụmụmadụ Digitál,Combining ' Ụmụmadụ' (Humanities) with 'Digitál' (Digital),[],
ie,,Interlingue,Digital Humanities,,2026-04-03 16:42:00,True,,True,,False,,False,"{""translated_term"": ""Umanités digital"", ""translation_rationale"": ""Combining the words 'digital' and 'humanities' in Interlingue, following standard language practices""}",llama3.1,2026-04-03T21:42:00.350759Z,817392209.0,75417375.0,74.0,284824291.0,39.0,445192458.0,stop,Umanités digital,"Combining the words 'digital' and 'humanities' in Interlingue, following standard language practices","[{'translated_term': 'Umanités digital', 'translation_rationale': ""Combining the words 'digital' and 'humanities' in Interlingue, following standard language practices""}]",Umanités digital
id,,Indonesian,Digital Humanities,Humaniora digital,2026-04-03 16:41:57,False,Humaniora Digital,False,Humanities Digital,False,Digital Humaniora,False,"{
  ""translated_term"": ""Humanitas Digital"",
  ""translation_rationale"": ""Combination of 'humanities' and 'digital'""
}",llama3.1,2026-04-03T21:41:57.522102Z,732219417.0,84883667.0,72.0,283101000.0,31.0,354065250.0,stop,Humanitas Digital,Combination of 'humanities' and 'digital',[],
ia,,Interlingua,Digital Humanities,,2026-04-03 16:41:54,True,,True,,False,,False,"{
  ""translated_term"": ""Umanitates Digital"",
  ""translation_rationale"": ""Combination of 'digital' and the Latinized form of 'humanidades'""
}",llama3.1,2026-04-03T21:41:54.776207Z,803699292.0,90522792.0,74.0,277444333.0,37.0,423990585.0,stop,Umanitates Digital,Combination of 'digital' and the Latinized form of 'humanidades',[],
hz,,Herero,Digital Humanities,,2026-04-03 16:41:51,True,,True,,False,,False,"{
  ""translated_term"": ""Otwaalo lya Digital"",
  ""translation_rationale"": ""The term 'Digital Humanities' is adapted from the original English phrase, with modifications to fit Herero grammar and word order.""
}",llama3.1,2026-04-03T21:41:51.9588Z,961441000.0,86943708.0,74.0,297032541.0,48.0,562943416.0,stop,Otwaalo lya Digital,"The term 'Digital Humanities' is adapted from the original English phrase, with modifications to fit Herero grammar and word order.",[],
hy,,Armenian,Digital Humanities,Թվային հումանիտար գիտություններ,2026-04-03 16:41:48,False,Թվային հումանիտար գիտություններ,False,Դժբախտ մարդիկ,False,Թվային հումանիտար գիտություններ,False,"{
  ""translated_term"": ""Համարային Անկուսակցական Գիտություն"",
  ""translation_rationale"": ""Armenian translation of 'Digital Humanities', combining 'Համարային' (digital) and 'Անկուսակցական' (humanities)""
}",llama3.1,2026-04-03T21:41:48.983392Z,2003444541.0,77617291.0,72.0,275437291.0,127.0,1617160625.0,stop,Համարային Անկուսակցական Գիտություն,"Armenian translation of 'Digital Humanities', combining 'Համարային' (digital) and 'Անկուսակցական' (humanities)",[],
hu,,Hungarian,Digital Humanities,Digitális bölcsészet,2026-04-03 16:41:44,False,Digitális humán tudományok,False,Digitális bölcsészettudományok,False,Digitális Bölcsészet,False,"{
  ""translated_term"": ""Digitális Tudományok"",
  ""translation_rationale"": ""The term 'Digital Humanities' is a calque of the original English phrase, literally translating it to Hungarian.""
}",llama3.1,2026-04-03T21:41:44.967714Z,913725500.0,83444709.0,72.0,278965166.0,46.0,536416793.0,stop,Digitális Tudományok,"The term 'Digital Humanities' is a calque of the original English phrase, literally translating it to Hungarian.",[],
ht,,Haitian,Digital Humanities,,2026-04-03 16:41:42,False,Syans Imanitè Dijital,False,Reflechi sou fason lèzòm pral viv,False,Syans imanitè dijital,False,"{""translated_term"": ""Bòkouvètman an Siprès"", ""translation_rationale"": ""Digital Humanities in Haitian Creole, combining 'bòko' (book) and 'vètman' (humanities/study), with the French loanword 'an siprès' added to indicate a digital focus""}",llama3.1,2026-04-03T21:41:42.040885Z,1265938708.0,85742583.0,73.0,279399708.0,73.0,879106793.0,stop,Bòkouvètman an Siprès,"Digital Humanities in Haitian Creole, combining 'bòko' (book) and 'vètman' (humanities/study), with the French loanword 'an siprès' added to indicate a digital focus","[{'translated_term': 'Bòkouvètman an Siprès', 'translation_rationale': ""Digital Humanities in Haitian Creole, combining 'bòko' (book) and 'vètman' (humanities/study), with the French loanword 'an siprès' added to indicate a digital focus""}]",Bòkouvètman an Siprès
hr,,Croatian,Digital Humanities,,2026-04-03 16:41:38,False,Digitalne humanističke znanosti,True,,False,Digitalne humanističke znanosti,False,"{
  ""translated_term"": ""Dijdigitalne Umanistike"",
  ""translation_rationale"": ""Combining the Croatian terms for 'digital' and 'humanities'""
}",llama3.1,2026-04-03T21:41:38.760726Z,828927875.0,81421792.0,72.0,285193834.0,39.0,449825750.0,stop,Dijdigitalne Umanistike,Combining the Croatian terms for 'digital' and 'humanities',[],
ho,,Hiri Motu,Digital Humanities,,2026-04-03 16:41:35,True,,False,NOVEMBER 3 - 5,False,,False,"{
  ""translated_term"": ""Paparita Sain"",
  ""translation_rationale"": ""Combining 'Digital' (which is a direct loanword in Hiri Motu) with the suffix '-ita', indicating something modern or up-to-date, and adding 'Sain' to refer to humanities or culture""
}",llama3.1,2026-04-03T21:41:35.91715Z,1185891542.0,86124292.0,75.0,288643458.0,68.0,790843005.0,stop,Paparita Sain,"Combining 'Digital' (which is a direct loanword in Hiri Motu) with the suffix '-ita', indicating something modern or up-to-date, and adding 'Sain' to refer to humanities or culture",[],
hi,,Hindi,Digital Humanities,अभिकलनात्मक मानविकी,2026-04-03 16:41:32,False,डिजिटल मानविकी,False,डिजिटल मानवता,False,डिजिटल मानविकी,False,"{
  ""translated_term"": ""डिजिटल मानव विज्ञान"",
  ""translation_rationale"": ""Linguistic combination of 'Digital' and 'Humanities' in Hindi""
}",llama3.1,2026-04-03T21:41:32.720534Z,893733584.0,87488042.0,72.0,300335000.0,43.0,492950876.0,stop,डिजिटल मानव विज्ञान,Linguistic combination of 'Digital' and 'Humanities' in Hindi,[],
he,מדעי הרוח הדיגיטליים,Hebrew (modern),Digital Humanities,מדעי הרוח הדיגיטליים,2026-04-03 16:41:29,False,מדעי הרוח הדיגיטליים,False,Humanital Humanities,False,מדעי הרוח הדיגיטליים,False,"{
  ""translated_term"": ""אנתרופולוגיה דיגיטלית"",
  ""translation_rationale"": ""Combining 'anthropology' (from Greek: \u2117\u03ba\u03c0\u03bb\u03cc\u03bc\u03bf\u03c3) and 'digital'""
}",llama3.1,2026-04-03T21:41:29.811923Z,1372025166.0,98765791.0,75.0,304493416.0,81.0,946660252.0,stop,אנתרופולוגיה דיגיטלית,Combining 'anthropology' (from Greek: ℗κπλόμοσ) and 'digital',[],
ha,,Hausa,Digital Humanities,,2026-04-03 16:41:26,False,Dan Adam na Dijital,False,KCharselect unicode block name,False,Digital Humanities,False,"{
  ""translated_term"": ""Digital Humanities"",
  ""translation_rationale"": ""Direct translation from English, noting that 'Humanités' in French means Humanities, so no direct Hausa equivalent exists.""
}",llama3.1,2026-04-03T21:41:26.427524Z,876523666.0,85081416.0,73.0,279252416.0,44.0,499058125.0,stop,Digital Humanities,"Direct translation from English, noting that 'Humanités' in French means Humanities, so no direct Hausa equivalent exists.",[],
gv,,Manx,Digital Humanities,,2026-04-03 16:41:23,False,Dooinney Digitagh,False,Aghtyn mair-chlaa,False,,False,"{
  ""translated_term"": ""Daa-Digital Ynstitioonaghyn"",
  ""translation_rationale"": ""Literally 'Digital Institutes' in Manx, following the standard pattern of combining 'daa-' (digital) with '-institioonaght' (institute)""
}",llama3.1,2026-04-03T21:41:23.53659Z,1125704750.0,89835584.0,73.0,281070292.0,64.0,735605292.0,stop,Daa-Digital Ynstitioonaghyn,"Literally 'Digital Institutes' in Manx, following the standard pattern of combining 'daa-' (digital) with '-institioonaght' (institute)",[],
gu,,Gujarati,Digital Humanities,,2026-04-03 16:41:20,False,ડિજિટલ હ્યુમેનિટીઝ,True,,False,ડિજિટલ માનવતા,False,"{
  ""translated_term"": ""ડીજિટલ માનવશાસ્ત્ર"",
  ""translation_rationale"": ""Literal translation of 'Digital Humanities' into Gujarati""
}",llama3.1,2026-04-03T21:41:20.395717Z,1122910834.0,106559500.0,73.0,285315708.0,62.0,713623540.0,stop,ડીજિટલ માનવશાસ્ત્ર,Literal translation of 'Digital Humanities' into Gujarati,[],
gn,,Guaraní,Digital Humanities,,2026-04-03 16:41:17,False,Humanidades Digitales rehegua,True,,False,,False,"{
  ""translated_term"": ""Tatãme Técnikas Humanitárias Digitales"",
  ""translation_rationale"": ""Combining the Guaraní terms for 'humanities' (Tatãme) and 'digital' (Técnikas), as well as a more general term for 'digitals' or 'technologies'""
}",llama3.1,2026-04-03T21:41:17.260722Z,1314084875.0,73032959.0,74.0,289028583.0,78.0,927774000.0,stop,Tatãme Técnikas Humanitárias Digitales,"Combining the Guaraní terms for 'humanities' (Tatãme) and 'digital' (Técnikas), as well as a more general term for 'digitals' or 'technologies'",[],
gl,,Galician,Digital Humanities,,2026-04-03 16:41:13,False,Humanidades Dixitais,False,Humanos dixitais,False,Humanidades Dixitais,False,"{""translated_term"": ""Humanidades Digitais"", ""translation_rationale"": ""Direct translation from English, following standard Galician terminology for Digital Humanities.""}",llama3.1,2026-04-03T21:41:13.936503Z,782950250.0,75911542.0,73.0,328973125.0,32.0,368226044.0,stop,Humanidades Digitais,"Direct translation from English, following standard Galician terminology for Digital Humanities.","[{'translated_term': 'Humanidades Digitais', 'translation_rationale': 'Direct translation from English, following standard Galician terminology for Digital Humanities.'}]",Humanidades Digitais
gd,,Scottish Gaelic,Digital Humanities,,2026-04-03 16:41:11,False,Daonnachdan Didseatach,True,,False,Daonnachdan Didseatach,False,"{
  ""translated_term"": ""Eachdraidh Dhiadhaill"",
  ""translation_rationale"": ""Literal translation of 'Digital Humanities' using Gaelic roots: 'eachdraidh' for 'digital' (from 'eachd', meaning 'fingernail', but here implying 'tiny' or 'of the digital kind') and 'Dhiadhaill' from 'dhiaidh', related to 'digit' in English""
}",llama3.1,2026-04-03T21:41:11.144458Z,1541476708.0,85978833.0,74.0,284981500.0,97.0,1141208918.0,stop,Eachdraidh Dhiadhaill,"Literal translation of 'Digital Humanities' using Gaelic roots: 'eachdraidh' for 'digital' (from 'eachd', meaning 'fingernail', but here implying 'tiny' or 'of the digital kind') and 'Dhiadhaill' from 'dhiaidh', related to 'digit' in English",[],
ga,,Irish,Digital Humanities,,2026-04-03 16:41:07,False,Daonnachtaí Digiteacha,False,Daonnachtaí Digiteacha,False,Daonnachtaí Digiteacha,False,"{
  ""translated_term"": ""Daonnascanna Digiteacha"",
  ""translation_rationale"": ""Literal translation of 'Digital Humanities' using Irish equivalents for 'digital' and 'humanities'""
}",llama3.1,2026-04-03T21:41:07.588194Z,886245334.0,84371750.0,72.0,296613250.0,43.0,492088834.0,stop,Daonnascanna Digiteacha,Literal translation of 'Digital Humanities' using Irish equivalents for 'digital' and 'humanities',[],
fy,,Western Frisian,Digital Humanities,,2026-04-03 16:41:04,False,Digitale Humaniora,True,,False,Digital Humanities,False,"{
  ""translated_term"": ""Digitale Minskunde"",
  ""translation_rationale"": ""Combination of 'digitale' (digital) and 'Minskunde' (humanities), following the Dutch pattern""
}",llama3.1,2026-04-03T21:41:04.690584Z,941841208.0,80460083.0,75.0,287347917.0,48.0,559145417.0,stop,Digitale Minskunde,"Combination of 'digitale' (digital) and 'Minskunde' (humanities), following the Dutch pattern",[],
fr,Humanités numériques,French,Digital Humanities,Humanités numériques,2026-04-03 16:41:01,False,Humanités numériques,False,Humanités numériques,False,Humanités numériques,False,"{
  ""translated_term"": ""Humanités numériques"",
  ""translation_rationale"": ""Literal translation of 'Digital Humanities' using French equivalents for 'digital' and 'humanities'""
}",llama3.1,2026-04-03T21:41:01.73328Z,849090917.0,73681583.0,72.0,287143000.0,41.0,475760337.0,stop,Humanités numériques,Literal translation of 'Digital Humanities' using French equivalents for 'digital' and 'humanities',[],
fo,,Faroese,Digital Humanities,,2026-04-03 16:40:58,False,Talgild hugvísindi,True,,False,,False,"{
  ""translated_term"": ""Digtal heimspeki"",
  ""translation_rationale"": ""The Faroese language uses the Latin alphabet and the word order is similar to English, so it's a relatively straightforward translation. 'Digital' becomes 'digtal', and 'Humanities' becomes 'heimspeki', which roughly translates to 'world knowledge' or 'universal sciences'.""
}",llama3.1,2026-04-03T21:40:58.87199Z,1457730917.0,119578542.0,74.0,290836125.0,85.0,1020970749.0,stop,Digtal heimspeki,"The Faroese language uses the Latin alphabet and the word order is similar to English, so it's a relatively straightforward translation. 'Digital' becomes 'digtal', and 'Humanities' becomes 'heimspeki', which roughly translates to 'world knowledge' or 'universal sciences'.",[],
fj,,Fijian,Digital Humanities,,2026-04-03 16:40:55,False,Digitaki ni tamata,False,Cata na iTovo ni Tamata,False,,False,"{
  ""translated_term"": ""Niu Kedrai Vakabula"",
  ""translation_rationale"": ""Combining 'Niukala' (digital) and 'Vakabula' (humanities) to create a term that reflects the fusion of digital technologies with humanities disciplines.""
}",llama3.1,2026-04-03T21:40:55.400574Z,1152818208.0,82794125.0,74.0,320857250.0,61.0,731309579.0,stop,Niu Kedrai Vakabula,Combining 'Niukala' (digital) and 'Vakabula' (humanities) to create a term that reflects the fusion of digital technologies with humanities disciplines.,[],
fi,Digitaaliset ihmistieteet,Finnish,Digital Humanities,Digitaaliset ihmistieteet,2026-04-03 16:40:52,False,Digitaaliset humanistiset tieteet,False,Digitaaliset humanistiset tieteet,False,Digitaaliset humanistiset tieteet,False,"{
  ""translated_term"": ""Digitaalisen humanistikan"",
  ""translation_rationale"": ""Termiä on käytetty suomenkielisessä kontekstissa, jossa siihen viitataan yleensä englanninkielisten termejämme käännöksinä""
}",llama3.1,2026-04-03T21:40:52.235737Z,1276879917.0,82913000.0,72.0,291327375.0,74.0,879856214.0,stop,Digitaalisen humanistikan,"Termiä on käytetty suomenkielisessä kontekstissa, jossa siihen viitataan yleensä englanninkielisten termejämme käännöksinä",[],
fa,,Persian,Digital Humanities,علوم انسانی دیجیتال,2026-04-03 16:40:45,False,علوم انسانی دیجیتال,True,,False,علوم انسانی دیجیتال,False,"{""translated_term"": ""\u0627\u062f\u0648\u06cc\u062a \u0627\u062e\u062b\u0631\u0627\u06af\u06cc \u062f\u062a\u062e\u0627\u0628\u06cc"", ""translation_rationale"": ""Digital Humanities""}",llama3.1,2026-04-03T21:40:45.665195Z,1301992459.0,85537459.0,72.0,316687208.0,72.0,878391880.0,stop,ادویت اخثراگی دتخابی,Digital Humanities,"[{'translated_term': 'ادویت اخثراگی دتخابی', 'translation_rationale': 'Digital Humanities'}]",ادویت اخثراگی دتخابی
eu,,Basque,Digital Humanities,Humanitate digitalak,2026-04-03 16:40:42,False,Humanitate Digitalak,False,Gizatasun digitalak,False,Humanitate Digitalak,False,"{
  ""translated_term"": ""Arte Digitaleko ikaskuntzak"",
  ""translation_rationale"": ""Translation of 'Digital Humanities' using Basque equivalents for 'digital' (elektriko) and 'humanities' (ikaskuntza)""
}",llama3.1,2026-04-03T21:40:42.349924Z,1084507209.0,85924750.0,73.0,291052667.0,58.0,688933459.0,stop,Arte Digitaleko ikaskuntzak,Translation of 'Digital Humanities' using Basque equivalents for 'digital' (elektriko) and 'humanities' (ikaskuntza),[],
et,,Estonian,Digital Humanities,Digihumanitaaria,2026-04-03 16:40:39,False,Digitaalsed humanitaarteadused,False,Digitaalsed humanitaarteadused,False,Digitaalhumanitaaria,False,"{
  ""translated_term"": ""Digitaalne humanitaaria"",
  ""translation_rationale"": ""Combining 'digitaalne' (digital) and 'humanitaaria' (humanities)""
}",llama3.1,2026-04-03T21:40:39.247377Z,926456166.0,79754291.0,73.0,299755709.0,44.0,531375212.0,stop,Digitaalne humanitaaria,Combining 'digitaalne' (digital) and 'humanitaaria' (humanities),[],
es,Humanidades digitales,Spanish; Castilian,Digital Humanities,Humanidades digitales,2026-04-03 16:40:36,False,Humanidades digitales,False,Humanidades digitales,False,Humanidades digitales,False,"{
  ""translated_term"": ""Humanidades Digitales"",
  ""translation_rationale"": ""Direct translation of 'Digital Humanities' into Spanish, combining the adjective 'digital' with the noun 'humanities'""
}",llama3.1,2026-04-03T21:40:36.302446Z,917583417.0,76674292.0,75.0,311938250.0,44.0,514414749.0,stop,Humanidades Digitales,"Direct translation of 'Digital Humanities' into Spanish, combining the adjective 'digital' with the noun 'humanities'",[],
eo,,Esperanto,Digital Humanities,,2026-04-03 16:40:33,False,Ciferecaj Homstudoj,False,Ciferecaj homoj,False,Ciferecaj Homaroj,False,"{
  ""translated_term"": ""Digiĉumanitarismo"",
  ""translation_rationale"": ""Combining 'digital' and 'humanities' in Esperanto, resulting in a single word that combines the two concepts.""
}",llama3.1,2026-04-03T21:40:33.370203Z,979923375.0,81331209.0,73.0,294571292.0,49.0,586781833.0,stop,Digiĉumanitarismo,"Combining 'digital' and 'humanities' in Esperanto, resulting in a single word that combines the two concepts.",[],
en,Digital Humanities,English,Digital Humanities,digital humanities,2026-04-03 16:40:30,False,Digital Humanities,True,,False,Digital Humanities,False,"{
  ""translated_term"": ""Humanités numériques"",
  ""translation_rationale"": ""Literal translation from French, combining 'numérique' (digital) and 'humanités' (humanities)""
}",llama3.1,2026-04-03T21:40:30.379403Z,889616291.0,73206875.0,72.0,294346708.0,44.0,508289671.0,stop,Humanités numériques,"Literal translation from French, combining 'numérique' (digital) and 'humanités' (humanities)",[],
el,,"Greek, Modern",Digital Humanities,Ψηφιακές Ανθρωπιστικές Επιστήμες,2026-04-03 16:40:27,False,Ψηφιακές Ανθρωπιστικές Επιστήμες,False,Ψηφιακές Ανθρωπιστικές Επιστήμες,False,Ψηφιακές Ανθρωπιστικές Επιστήμες,False,"{
  ""translated_term"": ""Διγλωσκοί Εικαστική Ανθρωπολογία"",
  ""translation_rationale"": ""Combination of \""Δίγλωσσο\"" (digital) and \""Ανθρωπολογία\"" (humanities)""
}",llama3.1,2026-04-03T21:40:27.480615Z,1105045875.0,81074375.0,74.0,335400083.0,57.0,670053336.0,stop,Διγλωσκοί Εικαστική Ανθρωπολογία,"Combination of ""Δίγλωσσο"" (digital) and ""Ανθρωπολογία"" (humanities)",[],
ee,,Ewe,Digital Humanities,,2026-04-03 16:40:24,False,Digitál Amegbetɔŋutinunya,False,Internet Dzi Nu Siwo Gbɔ Míaƒe Ŋutete Ŋu Tsoe,False,,False,"{
  ""translated_term"": ""Gbeŋɔ la Gbegese"",
  ""translation_rationale"": ""The term 'Digital Humanities' is translated into Ewe by combining the concepts of 'digital' (which can be expressed as 'Gbeŋɔ', related to computers and technology) with 'humanities' (approximated by 'la Gbegese', which refers to knowledge, wisdom, or humanities in a broad sense).""
}",llama3.1,2026-04-03T21:40:24.36228Z,1545654000.0,81308375.0,73.0,300327167.0,96.0,1133627381.0,stop,Gbeŋɔ la Gbegese,"The term 'Digital Humanities' is translated into Ewe by combining the concepts of 'digital' (which can be expressed as 'Gbeŋɔ', related to computers and technology) with 'humanities' (approximated by 'la Gbegese', which refers to knowledge, wisdom, or humanities in a broad sense).",[],
dz,,Dzongkha,Digital Humanities,,2026-04-03 16:40:20,False,དྲ་རྒྱའི་མི་རིགས།,True,,False,,False,"{""translated_term"": ""Tshod phug pa'i gzheng lugs"", ""translation_rationale"": ""Digital Humanities is translated by combining the Dzongkha words for \""digit\"" (tshod phug pa) and \""humanities\"" (gzheng lugs). In this translation, tshod phug pa refers to digital in a broad sense, encompassing technology and computers. gzheng lugs is a loanword from the English word 'humanities', referring to academic disciplines like literature, history, and philosophy.""}",llama3.1,2026-04-03T21:40:20.802352Z,1822880583.0,76504333.0,76.0,336874208.0,116.0,1376244827.0,stop,Tshod phug pa'i gzheng lugs,"Digital Humanities is translated by combining the Dzongkha words for ""digit"" (tshod phug pa) and ""humanities"" (gzheng lugs). In this translation, tshod phug pa refers to digital in a broad sense, encompassing technology and computers. gzheng lugs is a loanword from the English word 'humanities', referring to academic disciplines like literature, history, and philosophy.","[{'translated_term': ""Tshod phug pa'i gzheng lugs"", 'translation_rationale': 'Digital Humanities is translated by combining the Dzongkha words for ""digit"" (tshod phug pa) and ""humanities"" (gzheng lugs). In this translation, tshod phug pa refers to digital in a broad sense, encompassing technology and computers. gzheng lugs is a loanword from the English word \'humanities\', referring to academic disciplines like literature, history, and philosophy.'}]",Tshod phug pa'i gzheng lugs
dv,,Divehi; Maldivian;,Digital Humanities,,2026-04-03 16:40:16,False,ދިރާގު ހިއުމަނިޓީސް އެވެ,True,,False,,False,"{
  ""translated_term"": ""Dijitaila Nātikas"",
  ""translation_rationale"": ""Combining the Maldivian loanword 'dijital' (digital) with the English-derived term 'Humanities'""
}",llama3.1,2026-04-03T21:40:16.9673Z,968906625.0,83393458.0,78.0,284614250.0,51.0,585167294.0,stop,Dijitaila Nātikas,Combining the Maldivian loanword 'dijital' (digital) with the English-derived term 'Humanities',[],
de,digitale Geisteswissenschaften,German,Digital Humanities,Digital Humanities,2026-04-03 16:40:13,False,Digitale Geisteswissenschaften,False,Digitale Geisteswissenschaften,False,Digitale Geisteswissenschaften,False,"{""translated_term"": ""Digitale Geisteswissenschaften"", ""translation_rationale"": ""Term coined in English, refers to the intersection of humanities and digital technology; translated literally into German""}",llama3.1,2026-04-03T21:40:13.985915Z,836415166.0,81527458.0,72.0,284788375.0,40.0,457450624.0,stop,Digitale Geisteswissenschaften,"Term coined in English, refers to the intersection of humanities and digital technology; translated literally into German","[{'translated_term': 'Digitale Geisteswissenschaften', 'translation_rationale': 'Term coined in English, refers to the intersection of humanities and digital technology; translated literally into German'}]",Digitale Geisteswissenschaften
da,,Danish,Digital Humanities,,2026-04-03 16:40:11,False,Digitale humaniora,False,Digitale humaniora,False,Digital humaniora,False,"{
  ""translated_term"": ""Digitale humaniora"",
  ""translation_rationale"": ""Direct translation of the phrase, combining 'digitale' (digital) and 'humaniora' (humanities)""
}",llama3.1,2026-04-03T21:40:11.136998Z,903995250.0,84098625.0,72.0,281525416.0,46.0,524712711.0,stop,Digitale humaniora,"Direct translation of the phrase, combining 'digitale' (digital) and 'humaniora' (humanities)",[],
cy,Dyniaethau digidol,Welsh,Digital Humanities,Dyniaethau digidol,2026-04-03 16:40:08,False,Dyniaethau Digidol,False,"Person UnigolCity name (optional, probably does not need a translation)",False,Dyniaethau Digidol,False,"{
  ""translated_term"": ""Ddigiteithrwydd Dynatigrwydd"",
  ""translation_rationale"": ""Combining the Welsh word 'ddigiteithrwydd' (digital) with the subject term 'Dynatigrwydd' (Humanities)""
}",llama3.1,2026-04-03T21:40:08.220271Z,1096328666.0,85110250.0,72.0,282030958.0,61.0,711296247.0,stop,Ddigiteithrwydd Dynatigrwydd,Combining the Welsh word 'ddigiteithrwydd' (digital) with the subject term 'Dynatigrwydd' (Humanities),[],
cv,,Chuvash,Digital Humanities,,2026-04-03 16:40:05,False,Цифра гуманитари,True,,False,,False,"{
  ""translated_term"": ""Çĕнтерӳ вулавăшăмлакилĕ"",
  ""translation_rationale"": ""Using the Chuvash word for 'digital' (çĕнтерӳ) and 'humanities' (вулавăшăмлакилĕ)""
}",llama3.1,2026-04-03T21:40:05.111093Z,1242051667.0,81738334.0,74.0,281408958.0,73.0,857314003.0,stop,Çĕнтерӳ вулавăшăмлакилĕ,Using the Chuvash word for 'digital' (çĕнтерӳ) and 'humanities' (вулавăшăмлакилĕ),[],
cu,,Old Church Slavonic,Digital Humanities,,2026-04-03 16:40:01,True,,True,,False,,False,"{
  ""translated_term"": ""Богословска цифровая культура"",
  ""translation_rationale"": ""I used the words 'богословска' (relating to theology) and 'цифровая культура' (digital culture), as they are a close equivalent to the English term 'Digital Humanities'.""
}",llama3.1,2026-04-03T21:40:01.85033Z,1234888459.0,84118042.0,75.0,282660958.0,73.0,846051460.0,stop,Богословска цифровая культура,"I used the words 'богословска' (relating to theology) and 'цифровая культура' (digital culture), as they are a close equivalent to the English term 'Digital Humanities'.",[],
cs,,Czech,Digital Humanities,Digitální humanitní vědy,2026-04-03 16:39:58,False,Digitální humanitní vědy,False,Digitální humanity,False,Digitální humanitní vědy,False,"{
  ""translated_term"": ""Digitální humanitní vedy"",
  ""translation_rationale"": ""Combining 'digitální' (digital) and 'humanitní vedy' (humanities)""
}",llama3.1,2026-04-03T21:39:58.601269Z,868100625.0,85392708.0,72.0,280978500.0,43.0,488982329.0,stop,Digitální humanitní vedy,Combining 'digitální' (digital) and 'humanitní vedy' (humanities),[],
cr,,Cree,Digital Humanities,,2026-04-03 16:39:55,True,,True,,False,,False,"{""translated_term"": ""Tatitânôwak kâkikâtowin"", ""translation_rationale"": ""Composition numérique, combining the Cree word for 'digital' (tatitânôwak) with a phrase indicating its focus on humanities research (kâkikâtowin), which roughly translates to 'study of human things'. The term combines elements from the language to convey a concept that doesn't exist in traditional Cree vocabulary.""}",llama3.1,2026-04-03T21:39:55.721408Z,1483979541.0,86300208.0,72.0,283223625.0,94.0,1087832579.0,stop,Tatitânôwak kâkikâtowin,"Composition numérique, combining the Cree word for 'digital' (tatitânôwak) with a phrase indicating its focus on humanities research (kâkikâtowin), which roughly translates to 'study of human things'. The term combines elements from the language to convey a concept that doesn't exist in traditional Cree vocabulary.","[{'translated_term': 'Tatitânôwak kâkikâtowin', 'translation_rationale': ""Composition numérique, combining the Cree word for 'digital' (tatitânôwak) with a phrase indicating its focus on humanities research (kâkikâtowin), which roughly translates to 'study of human things'. The term combines elements from the language to convey a concept that doesn't exist in traditional Cree vocabulary.""}]",Tatitânôwak kâkikâtowin
co,,Corsican,Digital Humanities,,2026-04-03 16:39:52,False,Umanità Digitale,True,,False,Umanità digitale,False,"{
  ""translated_term"": ""Umanità Digitali"",
  ""translation_rationale"": ""Combination of Corsican words \""umanità\"" (humanities) and \""digitali\"" (digital)""
}",llama3.1,2026-04-03T21:39:52.223445Z,884765666.0,83144541.0,73.0,277937458.0,44.0,509556881.0,stop,Umanità Digitali,"Combination of Corsican words ""umanità"" (humanities) and ""digitali"" (digital)",[],
ch,,Chamorro,Digital Humanities,,2026-04-03 16:39:49,False,Digital Humanities,True,,False,,False,"{""translated_term"": ""Mannai taotao ni nan-muñaise"", ""translation_rationale"": ""Literally 'man of digital knowledge' or 'person with computer skills', combining Chamorro words for 'digital' (mannai) and 'knowledge/ person' (taotao), and using the Spanish influence on Chamorro to convey the concept of computing.""}",llama3.1,2026-04-03T21:39:49.327744Z,1289071208.0,78840500.0,73.0,280199125.0,79.0,907201581.0,stop,Mannai taotao ni nan-muñaise,"Literally 'man of digital knowledge' or 'person with computer skills', combining Chamorro words for 'digital' (mannai) and 'knowledge/ person' (taotao), and using the Spanish influence on Chamorro to convey the concept of computing.","[{'translated_term': 'Mannai taotao ni nan-muñaise', 'translation_rationale': ""Literally 'man of digital knowledge' or 'person with computer skills', combining Chamorro words for 'digital' (mannai) and 'knowledge/ person' (taotao), and using the Spanish influence on Chamorro to convey the concept of computing.""}]",Mannai taotao ni nan-muñaise
ca,Humanitats digitals,Catalan; Valencian,Digital Humanities,Humanitats digitals,2026-04-03 16:39:40,False,Humanitats Digitals,False,Humanitats digitals,False,Humanitats Digitals,False,"{
  ""translated_term"": ""Humanitats Digitals"",
  ""translation_rationale"": ""Direct translation from English, following the established Catalan terminology""
}",llama3.1,2026-04-03T21:39:40.104039Z,749598833.0,77173541.0,76.0,283098583.0,33.0,378717166.0,stop,Humanitats Digitals,"Direct translation from English, following the established Catalan terminology",[],
bs,,Bosnian,Digital Humanities,,2026-04-03 16:39:37,False,Digitalne humanističke nauke,True,,False,Digital Humanities,False,"{
  ""translated_term"": ""Dijitalne Umetnosti"",
  ""translation_rationale"": ""Combination of 'digital' and 'humanities'""
}",llama3.1,2026-04-03T21:39:37.341946Z,767759958.0,78890041.0,74.0,279222875.0,35.0,398065168.0,stop,Dijitalne Umetnosti,Combination of 'digital' and 'humanities',[],
br,,Breton,Digital Humanities,,2026-04-03 16:39:34,False,Skiantoù mab-den niverel,True,,False,,False,"{
  ""translated_term"": ""Diger Hor Yezhoù"",
  ""translation_rationale"": ""Combining Breton words 'diger' (digital) and 'hor yezhoù' (humanities)""
}",llama3.1,2026-04-03T21:39:34.56485Z,935164958.0,82266166.0,73.0,285590958.0,48.0,552332496.0,stop,Diger Hor Yezhoù,Combining Breton words 'diger' (digital) and 'hor yezhoù' (humanities),[],
bo,,Tibetan,Digital Humanities,,2026-04-03 16:39:31,False,གྲངས་འཛིན་མི་ཆོས་རིག་པ།,True,,False,,False,"{""translated_term"": ""Gdams ngag tshogs sgrig stod"", ""translation_rationale"": ""Combining Tibetan terms for 'digital' (gdams ngag, referring to computer and technology) with the concept of Humanities (tshogs sgrig stod, a translation of humanities)""}",llama3.1,2026-04-03T21:39:31.615673Z,1166760209.0,86484875.0,72.0,269982375.0,67.0,788270953.0,stop,Gdams ngag tshogs sgrig stod,"Combining Tibetan terms for 'digital' (gdams ngag, referring to computer and technology) with the concept of Humanities (tshogs sgrig stod, a translation of humanities)","[{'translated_term': 'Gdams ngag tshogs sgrig stod', 'translation_rationale': ""Combining Tibetan terms for 'digital' (gdams ngag, referring to computer and technology) with the concept of Humanities (tshogs sgrig stod, a translation of humanities)""}]",Gdams ngag tshogs sgrig stod
bn,,Bengali,Digital Humanities,,2026-04-03 16:39:28,False,ডিজিটাল মানববিদ্যা,True,,False,ডিজিটাল মানবিক,False,"{
  ""translated_term"": ""ডিজিটাল মানবিক"",
  ""translation_rationale"": ""Digital Humanities কে Bengali-তে 'ডিজিটাল' + 'মানবিক' হিসাবে অনুবাদ করা হয়েছে""
}",llama3.1,2026-04-03T21:39:28.434696Z,1504529584.0,86077500.0,73.0,280740333.0,96.0,1111700500.0,stop,ডিজিটাল মানবিক,Digital Humanities কে Bengali-তে 'ডিজিটাল' + 'মানবিক' হিসাবে অনুবাদ করা হয়েছে,[],
bm,,Bambara,Digital Humanities,,2026-04-03 16:39:24,False,Hadamadenw ka dɔnniya nimɔrɔma,True,,False,,False,"{""translated_term"": ""Wari Jamanin Kooritedugu"", ""translation_rationale"": ""Combining the Bambara words for 'digital' (wari), 'humanities' is not directly translatable, but in this context, it refers to 'koritedugu' which encompasses social sciences and humanities.""}",llama3.1,2026-04-03T21:39:24.915436Z,1154969709.0,85523792.0,73.0,277388291.0,67.0,771507081.0,stop,Wari Jamanin Kooritedugu,"Combining the Bambara words for 'digital' (wari), 'humanities' is not directly translatable, but in this context, it refers to 'koritedugu' which encompasses social sciences and humanities.","[{'translated_term': 'Wari Jamanin Kooritedugu', 'translation_rationale': ""Combining the Bambara words for 'digital' (wari), 'humanities' is not directly translatable, but in this context, it refers to 'koritedugu' which encompasses social sciences and humanities.""}]",Wari Jamanin Kooritedugu
bi,,Bislama,Digital Humanities,,2026-04-03 16:39:21,True,,False,Ol Fasin Blong Man We Oli No Isi,False,,False,"{
  ""translated_term"": ""Humantat bilong Ples"",
  ""translation_rationale"": ""Bislama term combining 'humantat' (humanities) with 'ples' (place or sphere)""
}",llama3.1,2026-04-03T21:39:21.747731Z,917889458.0,85786083.0,74.0,281193375.0,47.0,536940960.0,stop,Humantat bilong Ples,Bislama term combining 'humantat' (humanities) with 'ples' (place or sphere),[],
bh,,Bihari,Digital Humanities,,2026-04-03 16:39:18,False,डिजिटल मानविकी के बारे में बतावल गइल बा,True,,False,,False,"{""translated_term"": ""Bhagidaali Mithakshastra"", ""translation_rationale"": ""Using Bihari equivalents for 'digital' (bhagidaali) and 'humanities' (mithakshastra), combining them as in the original phrase""}",llama3.1,2026-04-03T21:39:18.815075Z,1056089250.0,108808417.0,74.0,275635250.0,57.0,654231252.0,stop,Bhagidaali Mithakshastra,"Using Bihari equivalents for 'digital' (bhagidaali) and 'humanities' (mithakshastra), combining them as in the original phrase","[{'translated_term': 'Bhagidaali Mithakshastra', 'translation_rationale': ""Using Bihari equivalents for 'digital' (bhagidaali) and 'humanities' (mithakshastra), combining them as in the original phrase""}]",Bhagidaali Mithakshastra
bg,,Bulgarian,Digital Humanities,,2026-04-03 16:39:15,False,Дигитални хуманитарни науки,False,(Средредредредредредредредредредредредредредредредредредредредредредредредредредредредредредредредредредредредредред,False,Дигитални хуманитарни науки,False,"{
  ""translated_term"": ""Дигитални Умения"",
  ""translation_rationale"": ""Literal translation of the term, combining \""Digital\"" and \""Humanities\"".""
}",llama3.1,2026-04-03T21:39:15.745189Z,842722541.0,67878916.0,72.0,290614917.0,41.0,471146414.0,stop,Дигитални Умения,"Literal translation of the term, combining ""Digital"" and ""Humanities"".",[],
be,,Belarusian,Digital Humanities,,2026-04-03 16:39:12,False,Лічбавыя гуманітарныя навукі,True,,False,Лічбавыя гуманітарныя навукі,False,"{
  ""translated_term"": ""Humanistyka Cyfrowa"",
  ""translation_rationale"": ""Direct loan from English, following the standard convention for translating compound terms""
}",llama3.1,2026-04-03T21:39:12.885955Z,797050250.0,79477209.0,73.0,275696375.0,38.0,430307624.0,stop,Humanistyka Cyfrowa,"Direct loan from English, following the standard convention for translating compound terms",[],
ba,,Bashkir,Digital Humanities,,2026-04-03 16:39:10,False,Һанлы гуманитар фәндәр,True,,False,,False,"{""translated_term"": ""\u0424\u0430\u0439\u043b\u044d\u0432\u0430\u043b \\u0436\u0430\u043c\u0438\u0458\u0439\u0442\u0430"", ""translation_rationale"": ""Literally 'digital humanities' in Bashkir, using Russian word order and translating 'humanities' as \u0436\u0430\u043c\u0438\u0458\u0439\u0442\u0430, which is the standard term for humanities in many Turkic languages.""}",llama3.1,2026-04-03T21:39:10.07572Z,1829324459.0,82832292.0,73.0,281341584.0,123.0,1432759086.0,stop,Файлэвал \u0436амијйта,"Literally 'digital humanities' in Bashkir, using Russian word order and translating 'humanities' as жамијйта, which is the standard term for humanities in many Turkic languages.","[{'translated_term': 'Файлэвал \\u0436амијйта', 'translation_rationale': ""Literally 'digital humanities' in Bashkir, using Russian word order and translating 'humanities' as жамијйта, which is the standard term for humanities in many Turkic languages.""}]",Файлэвал \u0436амијйта
az,,Azerbaijani,Digital Humanities,Rəqəmsal humanitar elmlər,2026-04-03 16:39:06,False,Rəqəmsal Humanitar Elmlər,False,İnsaniyyətləri,False,Rəqəmsal humanitar elmlər,False,"{
  ""translated_term"": ""İntibah Ələqələri"",
  ""translation_rationale"": ""Digital Humanities is translated as \""İntibah Əlaqələri\"", which literally means \""Humanities in the Digital Age\"". The term 'intibah' refers to modern or contemporary, and 'əlaqələr' means connections or relationships.""
}",llama3.1,2026-04-03T21:39:06.232894Z,1441031250.0,84158916.0,74.0,276639584.0,91.0,1055275417.0,stop,İntibah Ələqələri,"Digital Humanities is translated as ""İntibah Əlaqələri"", which literally means ""Humanities in the Digital Age"". The term 'intibah' refers to modern or contemporary, and 'əlaqələr' means connections or relationships.",[],
ay,,Aymara,Digital Humanities,,2026-04-03 16:39:02,False,Humanidades Digitales uka tuqit yatxataña,True,,False,,False,"{
  ""translated_term"": ""Humanidades Digitales"",
  ""translation_rationale"": ""Combining the Aymara words for 'digital' (kuntur simi, referring to the condor's sharp vision and thus digital-like) with the Spanish-influenced concept of 'humanidades'""
}",llama3.1,2026-04-03T21:39:02.777259Z,1105771291.0,71385666.0,74.0,283530042.0,64.0,733039206.0,stop,Humanidades Digitales,"Combining the Aymara words for 'digital' (kuntur simi, referring to the condor's sharp vision and thus digital-like) with the Spanish-influenced concept of 'humanidades'",[],
as,,Assamese,Digital Humanities,,2026-04-03 16:38:57,False,ডিজিটেল মানৱীয় বিজ্ঞান,True,,False,,False,"{
  ""translated_term"": ""ডিজিটাল মানৱিক শিক্ষা"",
  ""translation_rationale"": ""Combining 'digital' and 'humanities' using a direct translation approach.""
}",llama3.1,2026-04-03T21:38:57.100271Z,1048034375.0,84058583.0,74.0,307726542.0,56.0,640544415.0,stop,ডিজিটাল মানৱিক শিক্ষা,Combining 'digital' and 'humanities' using a direct translation approach.,[],
ar,إنسانيات رقمية,Arabic,Digital Humanities,إنسانيات رقمية,2026-04-03 16:38:54,False,العلوم الإنسانية الرقمية,False,العلوم البشرية,False,العلوم الإنسانية الرقمية,False,"{
  ""translated_term"": ""الإنسانيات الرقمية"",
  ""translation_rationale"": ""Combining Arabic words for 'digital' (رقمي) and 'humanities' (إنسانيات)""
}",llama3.1,2026-04-03T21:38:54.038697Z,950145541.0,94899291.0,72.0,293667000.0,48.0,547804001.0,stop,الإنسانيات الرقمية,Combining Arabic words for 'digital' (رقمي) and 'humanities' (إنسانيات),[],
an,,Aragonese,Digital Humanities,,2026-04-03 16:38:51,True,,True,,False,,False,"{
  ""translated_term"": ""Umanitati Digital"",
  ""translation_rationale"": ""Combination of the Aragonese words for 'digital' (dixital) and 'humanities' (umanitati), following the existing pattern in other languages.""
}",llama3.1,2026-04-03T21:38:51.078069Z,1043862125.0,86671000.0,74.0,280727458.0,57.0,660048666.0,stop,Umanitati Digital,"Combination of the Aragonese words for 'digital' (dixital) and 'humanities' (umanitati), following the existing pattern in other languages.",[],
am,,Amharic,Digital Humanities,,2026-04-03 16:38:48,False,ዲጂታል ሂውማኒቲስ,True,,False,ዲጂታል ሰብአዊነት,False,"{
  ""translated_term"": ""\u1120\u1167\u1178\u1154 \u1182\u1116\u1145\u1160\u114c"",
  ""translation_rationale"": ""Combining 'ዲጂታል' (digital) and '\u11b3\u1161\u1147\u1160\u113d\u12b8\u1192 \u1116\u115f\u1125' (humanities)""
}",llama3.1,2026-04-03T21:38:48.020059Z,1588616292.0,85143750.0,74.0,276231667.0,104.0,1198754538.0,stop,ᄠᅧᅸᅔ ᆂᄖᅅᅠᅌ,Combining 'ዲጂታል' (digital) and 'ᆳᅡᅇᅠᄽኸᆒ ᄖᅟᄥ' (humanities),[],
ab,,Abkhaz,Digital Humanities,,2026-04-03 16:38:44,False,Ацифратә гуманитартә ҵарақәа,True,,False,,False,"{
  ""translated_term"": ""Абҵҭантә интернет"",
  ""translation_rationale"": ""Combination of Abkhaz words for 'digital' (абҵҭантә) and 'humanities' (inter-net)""
}",llama3.1,2026-04-03T21:38:44.417075Z,1044302583.0,86233375.0,74.0,275549250.0,58.0,666401212.0,stop,Абҵҭантә интернет,Combination of Abkhaz words for 'digital' (абҵҭантә) and 'humanities' (inter-net),[],
ak,,Akan,Digital Humanities,,2026-04-03 16:34:29,False,Digitals Nnipa Ho Adesua,True,,False,,False,"{
  ""translated_term"": ""Akansim Nkansim"",
  ""translation_rationale"": ""Combining 'akansa' (relating to computer or digital) with 'nkansim' (humanities)""
}",llama3.1,2026-04-03T21:34:29.529657Z,937649375.0,78814125.0,73.0,287017875.0,48.0,557873958.0,stop,Akansim Nkansim,Combining 'akansa' (relating to computer or digital) with 'nkansim' (humanities),[],
af,,Afrikaans,Digital Humanities,,2026-04-03 16:34:26,False,Digitale Geesteswetenskappe,False,Digitale Menslikhede,False,Digitale Geesteswetenskappe,False,"{
  ""translated_term"": ""Digitale Geesteswetenskappe"",
  ""translation_rationale"": ""Combining Afrikaans words for digital (digitale) and humanities/arts (geesteswetenskappe)""
}",llama3.1,2026-04-03T21:34:26.579023Z,972721958.0,75916625.0,73.0,276062625.0,52.0,604977501.0,stop,Digitale Geesteswetenskappe,Combining Afrikaans words for digital (digitale) and humanities/arts (geesteswetenskappe),[],
ae,,Avestan,Digital Humanities,,2026-04-03 16:34:23,True,,True,,False,,False,"{""translated_term"": ""Dījīgābhuźišnāk"", ""translation_rationale"": ""Breakdown of 'Digital Humanities' into its constituent parts, where 'dīji' means 'relating to or characteristic of the internet or other digital technology', 'abhu' means 'of', and 'zischnāk' means 'learning' or 'study'. This translation preserves the root concept of the Digital Humanities as a field that combines digital methods with humanities scholarship.""}",llama3.1,2026-04-03T21:34:23.590773Z,1615602959.0,83389042.0,74.0,282111625.0,105.0,1221865582.0,stop,Dījīgābhuźišnāk,"Breakdown of 'Digital Humanities' into its constituent parts, where 'dīji' means 'relating to or characteristic of the internet or other digital technology', 'abhu' means 'of', and 'zischnāk' means 'learning' or 'study'. This translation preserves the root concept of the Digital Humanities as a field that combines digital methods with humanities scholarship.","[{'translated_term': 'Dījīgābhuźišnāk', 'translation_rationale': ""Breakdown of 'Digital Humanities' into its constituent parts, where 'dīji' means 'relating to or characteristic of the internet or other digital technology', 'abhu' means 'of', and 'zischnāk' means 'learning' or 'study'. This translation preserves the root concept of the Digital Humanities as a field that combines digital methods with humanities scholarship.""}]",Dījīgābhuźišnāk
