language_code,language_name,term_source,ollama_translated_term,ollama_content,ollama_created_at,ollama_done_reason,ollama_eval_count,ollama_eval_duration,ollama_extracted_dictionaries,ollama_load_duration,ollama_model,ollama_prompt_eval_count,ollama_prompt_eval_duration,ollama_total_duration,ollama_translation,term,wikipedia_translated_term,coding_dh_date,exclude_google_cloud_translate,gt_translated_term,exclude_easynmt,enmt_translated_term,exclude_lingvanex,lingvanex_translated_term,exclude_ollama,ollama_translation_rationale
zh-yue,Cantonese,Digital Humanities,digitahlai fonghok,"{
  ""translated_term"": ""digitahlai fonghok"",
  ""translation_rationale"": ""\u8d70\u5b89\u4e00\u6f2a\u79bb\u5316\u6703\u540d\u3067\u60c5\u97f3\u3001\u5bb6\u67ab\u793a\u4fdd\u8005\u5de6\u9ad4\u7684\u56db\u5173\u524d\u53e4\u7b54\u5403\u674e\u6df1\u79bb\u5316\u6703\u3001\u59c1\u8d25\u793a\u5ba4\u5230\u79bb\u5316\u6703\u7684\u590du\u6f2a\u8a71""
}",2026-04-07T07:54:51.48989Z,stop,178.0,8034413781.0,[],80826167.0,llama3.1,154.0,369142792.0,8546633959.0,,,,2026-04-07 08:54:51,False,數碼人文,True,,True,,False,走安一漪离化會名で情音、家枫示保者左體的四关前古答吃李深离化會、姁败示室到离化會的复u漪話
zh-min-nan,Minnan,Digital Humanities,kúi-chhì kài-hoà,"{
  ""translated_term"": ""kúi-chhì kài-hoà"",
  ""translation_rationale"": ""Kúi-chhì chit-ê sû-im, lēng-gōa só͘-iú ""kúi"" kap ""chhì"", mām-bîn hán-jī sī ""kūn"" hām ""jì"". Kúi-chhì pún-sió tāi-hoà kóng 20 sè-kí chá-kî, khah-thàu hōan-chòe sio-lio̍k. Sui-bô hām kúi-chhì só͘-chhiong, pó-hōan chit-sió kái-jīm sû-im, tī-tiāⁿ lâi kóng chi̍t-kóa hoà-ha̍k sūn-sîng.""
}",2026-04-07T07:54:40.918254Z,stop,201.0,9226299923.0,[],81293042.0,llama3.1,155.0,378689000.0,9746652958.0,,,,2026-04-07 08:54:40,True,,True,,True,,False,"Kúi-chhì chit-ê sû-im, lēng-gōa só͘-iú "
xmf,Megrelian,Digital Humanities,,"ჩვენი თარგმანი:

{
    ""ტერმინი"": ""სახელოვანი ხელოვნება"",
    ""თარგმანის მიზეზები"": ""სახელოვანი ხელოვნება თარგმანში უკანასკნელი საუკუნის ხელოვნების ფრაზაა, რომელიც შექმნილია გერმ. ""Digitale Geisteswissenschaften"" ფრაზისგან, თუმცა შუღარულ მხედრულში არსებობს ფრაზა ""სახელოვნება"" კლასიკურ გერმანულში. მექრეთის ფრაზა ""სახელოვანი"" გათვლასთან, მუსიკისთან, პოეზიასთან და სხვა ფილოსოფიურ მცოდნე განყოფილებებთან კავშირს წარმოჩენდა. გულისხმობა ""ხელოვნება"" ტექნოლოგია და თარგმანის სხვა ფორმებს ცნობენ. შუღარულ მხედრული ტერმინ ""სახელოვანი ხელოვნება"" გერმ. ""Digitale Geisteswissenschaften""-ის შუღარული ტერმინია.""
}",2026-04-07T07:54:29.147589Z,stop,969.0,47130951160.0,[],80119166.0,llama3.1,161.0,374073750.0,47819086875.0,,,,2026-04-07 08:54:29,True,,True,,True,,False,
xal,Kalmyk,Digital Humanities,Dizital Kül'yürin,"{
  ""translated_term"": ""Dizital Kül'yürin"",
  ""translation_rationale"": ""Kalmykshaa: Dizital - \u00b5\u0161ig digtal, Kül'yürin - \u00b4urug ul\u00e8\u00fcrin.""
}",2026-04-07T07:53:39.302592Z,stop,71.0,3213862378.0,[],82303084.0,llama3.1,161.0,396198792.0,3714454792.0,,,,2026-04-07 08:53:39,True,,True,,True,,False,"Kalmykshaa: Dizital - µšig digtal, Kül'yürin - ´urug ulèürin."
war,Waray / Samar-Leyte Visayan,Digital Humanities,,"{'translated_term': 'Digituhumàsà, Humanidades Digitális', 'translation_rationale': 'Kami nagpasakop sa termino ""Digital Humanities"" ug nangunahan niini didto sa Waray/Samar-Leyte. Ang ""Digital"" nagpuyo'g kahulugan sa digital, elektroniko, o may istrikturà sa datos. Ang ""Humanities"", basi magpasagad sa mga kasanayan sa pagbutang ug pagsunod sa mga arte, literatura, ug mga kultura.'}",2026-04-07T07:53:33.561776Z,stop,124.0,5484799923.0,[],84722666.0,llama3.1,216.0,420981750.0,6047306791.0,,,,2026-04-07 08:53:33,False,Digital nga Katawhan,True,,True,,False,
vls,West Flemish,Digital Humanities,Digitaal Menskunde,"{
  ""translated_term"": ""Digitaal Menskunde"",
  ""translation_rationale"": ""Daar woa de term 'digital' gebruukt wordt, zit ik an die 'digitaal' te trekken. De menskunde is de studie van de mens en zijn cultuur. Je kunt ook spreken van digitale geschiedenis, maar in dit geval kiest me voor een breder concept.""
}",2026-04-07T07:53:25.492793Z,stop,92.0,4295227542.0,[],84190500.0,llama3.1,161.0,382486875.0,4789576292.0,,,,2026-04-07 08:53:25,True,,True,,True,,False,"Daar woa de term 'digital' gebruukt wordt, zit ik an die 'digitaal' te trekken. De menskunde is de studie van de mens en zijn cultuur. Je kunt ook spreken van digitale geschiedenis, maar in dit geval kiest me voor een breder concept."
vec,Venetian,Digital Humanities,,"{'translated_term': 'Umanità Digitàłe', 'translation_rationale': 'La paroła ""Digitàłe"" ła sè ciapada da ""dìgit"", che el significàa i diti o le ditałi inte i numeri. E el ven doparà in pì zei contexti, come ""casa digitàłe"" o ""merce digitàłe"". Inteło steso modo, la paroła ""Umanità"" ła sè ciapada da ""umà"", che el significàa om, o uman. E i ven doparài inseme par descrivare l'uso de tecnoloxie e mecanixi inte i campi umanistici.'}",2026-04-07T07:53:18.682134Z,stop,163.0,8161323794.0,[],71303625.0,llama3.1,160.0,389240792.0,8671797750.0,,,,2026-04-07 08:53:18,False,Siense umane digitałi,True,,True,,False,
uz_AF,Uzbeki Afghanistan,Digital Humanities,Dijital Adabiyot,"{
  ""translated_term"": ""Dijital Adabiyot"",
  ""translation_rationale"": ""Termni amalga oshirishda manfaatli kiyimlar va adabiyotlar haqida ma\'lumot beruvchi fanlarni anglatadi. \""Digital\"" so\'zining rus tilidan olingan bo\'lsa-da, u inglizcha asoslanganligini eslatib turadi, shuning uchun \""dijital\"" qo\'shimchasini, ingliz tilidan, ozarbayjon tilidan olingan \""digital\"" so\'zidan olindi. Keyinroq bu so\'z rus tiliga tarjima va keyinchalik uzbekga kirgan. Shuning uchun, biz ham ushbu qo\'shimchani ingliz tilidan olib kelamiz.""
}",2026-04-07T07:53:07.990005Z,stop,192.0,9094690039.0,[],82107541.0,llama3.1,161.0,375525750.0,9611571166.0,,,,2026-04-07 08:53:07,True,,True,,True,,False,"Termni amalga oshirishda manfaatli kiyimlar va adabiyotlar haqida ma'lumot beruvchi fanlarni anglatadi. ""Digital"" so'zining rus tilidan olingan bo'lsa-da, u inglizcha asoslanganligini eslatib turadi, shuning uchun ""dijital"" qo'shimchasini, ingliz tilidan, ozarbayjon tilidan olingan ""digital"" so'zidan olindi. Keyinroq bu so'z rus tiliga tarjima va keyinchalik uzbekga kirgan. Shuning uchun, biz ham ushbu qo'shimchani ingliz tilidan olib kelamiz."
udm,Udmurt,Digital Humanities,Digitalа Värttärinėndäš,"{
  ""translated_term"": ""Digitalа Värttärinėndäš"",
  ""translation_rationale"": ""Täččen voksis: «Digital» öttälöda äjänö. Värttärin - tädöd, šukö, kodo. Äjänö - tätärttär, informatika. Öttülüdä - ütüköndäš, voksis.""
}",2026-04-07T07:52:56.354133Z,stop,104.0,4762742215.0,[],78430792.0,llama3.1,161.0,395854875.0,5267403500.0,,,,2026-04-07 08:52:56,False,Цифровой гуманитарной наукаос,True,,True,,False,"Täččen voksis: «Digital» öttälöda äjänö. Värttärin - tädöd, šukö, kodo. Äjänö - tätärttär, informatika. Öttülüdä - ütüköndäš, voksis."
tum,Tumbuka,Digital Humanities,Banthu za Digitali,"{
  ""translated_term"": ""Banthu za Digitali"",
  ""translation_rationale"": ""Kutenga Digital Humanities kumaoneka kuti Bantu zingatiwe zingathupi, nthawi ya technology. Mwachitsanzo wa 'digital' unagwire kwambiri kudandaula kwenso.""
}",2026-04-07T07:52:49.066974Z,stop,76.0,3523528051.0,[],79630958.0,llama3.1,160.0,373245666.0,4002601833.0,,,,2026-04-07 08:52:49,False,Ŵanthu ŵa pa intaneti,True,,True,,False,"Kutenga Digital Humanities kumaoneka kuti Bantu zingatiwe zingathupi, nthawi ya technology. Mwachitsanzo wa 'digital' unagwire kwambiri kudandaula kwenso."
tpi,Tok Pisin,Digital Humanities,Huminaitis bilong Internet,"{
  ""translated_term"": ""Huminaitis bilong Internet"",
  ""translation_rationale"": ""Em i bin kisim wanpela term long Inggrish, ""Digital Humanities"". Mi tok bilong hanim wantaim internet em i strong long teknolodji na mi tok bilong hanim i wokim long bilum. Na wanwan bilum i wokim tain bilong tok save wantaim nau, na hanim na Internet i strong long bilum bilong hemi.""
}",2026-04-07T07:52:43.040311Z,stop,109.0,5041376504.0,[],74882583.0,llama3.1,161.0,375007709.0,5523595000.0,,,,2026-04-07 08:52:43,False,Dijitel Humanitis,False,Ol Samting Ol Man i Mekim,True,,False,"Em i bin kisim wanpela term long Inggrish, "
tokipona,tokipona,Digital Humanities,sunu li moku ni,"{ 
  ""translated_term"": ""sunu li moku ni"" , 
  ""translation_rationale"": ""sunu - tawi (digital) , li - kepeken (of/for) , moku - pana (humanities) ni - anpa (specific/named)"" 
}",2026-04-07T07:52:35.487183Z,stop,65.0,3005501499.0,[],84554167.0,llama3.1,162.0,429211917.0,3537672792.0,,,,2026-04-07 08:52:35,True,,True,,True,,False,"sunu - tawi (digital) , li - kepeken (of/for) , moku - pana (humanities) ni - anpa (specific/named)"
tlh,Klingon,Digital Humanities,,"{'translated_term': 'DaghajwIj DawIj DatIvjaj', 'translation_rationale': 'DaH je jIHegh, ""Digital Humanities"" wIj DaqoHvaD. DawIj DatIvjaj ghoSbogh 'digital' vIQong DIvIj DatIvjaj QaQongwIj ghojwIj DatIvjaj, ghojwIj DatIvjaj ""Humanities"" 'vIQong jIHegh DawIj vIQongwe'j.'}",2026-04-07T07:52:29.925111Z,stop,125.0,5721213173.0,[],74342625.0,llama3.1,153.0,388408167.0,6220978167.0,,,,2026-04-07 08:52:29,True,,True,,True,,False,
tet,Tetum,Digital Humanities,,"{'translated_term': 'Humanidades digitais', 'translation_rationale': 'Iha baixu lian ka humanidade no iha ne'ebe digita.'} 

Notaun: Liun-ne'e ""iha baixu"" hetan husi ""digital"", nia significa ""ne'ebe digita"". Ka lian ""humanidade"" labeabe, mak sai lian ""ka humanidade"", ho fuan sira nian, no iha ne'ebe hetera.",2026-04-07T07:52:21.682491Z,stop,106.0,4917811792.0,[],83013750.0,llama3.1,152.0,352313708.0,5386453209.0,,,,2026-04-07 08:52:21,False,Umanidade Dijitál,True,,True,,False,
sco,Scots,Digital Humanities,,"{'translated_term': 'Digital Leid-Literanure', 'translation_rationale': 'Cant say Digital Humanities jist yet, need tae get intae the mair specific meenins o' ""humanities"". I've got it noo: humanitees refers tae the study o' human cultur an' achievement, sae I'll jist add that tae ""digital"" tae gie us Digital Leid-Literanure. Anither way tae say it coud be Humanities Digital (Huidigal Leid-Literanure), but the Scots language tends tae like its words in a specific order: subject, then object.'}",2026-04-07T07:52:14.270235Z,stop,141.0,6745213498.0,[],94041250.0,llama3.1,144.0,363912584.0,7250974791.0,,,,2026-04-07 08:52:14,True,,True,,True,,False,
scn,Sicilian,Digital Humanities,Umàniti Digitali,"{'translated_term': 'Umàniti Digitali', 'translation_rationale': ""Per traduci 'Digital Humanities' a lu sicilianu, vidiemu la parola 'Humanities' e ricordomu ca 'umanità' si traduci in sicilianu comme 'umànita'. Accussì, pòvvamu aggiungiri la parola 'digitali' davanti pi pridirezzà la traduzioni. A lu fini, avemu Umàniti Digitali.""}",2026-04-07T07:52:04.998229Z,stop,108.0,5146917334.0,"[{'translated_term': 'Umàniti Digitali', 'translation_rationale': ""Per traduci 'Digital Humanities' a lu sicilianu, vidiemu la parola 'Humanities' e ricordomu ca 'umanità' si traduci in sicilianu comme 'umànita'. Accussì, pòvvamu aggiungiri la parola 'digitali' davanti pi pridirezzà la traduzioni. A lu fini, avemu Umàniti Digitali.""}]",83149209.0,llama3.1,152.0,363791625.0,5631277959.0,Umàniti Digitali,,,2026-04-07 08:52:05,False,Scienzi umanistichi diggitali,True,,True,,False,"Per traduci 'Digital Humanities' a lu sicilianu, vidiemu la parola 'Humanities' e ricordomu ca 'umanità' si traduci in sicilianu comme 'umànita'. Accussì, pòvvamu aggiungiri la parola 'digitali' davanti pi pridirezzà la traduzioni. A lu fini, avemu Umàniti Digitali."
roa-rup,Aromanian,Digital Humanities,Omenia Digitală a Umanităților,"{
  ""translated_term"": ""Omenia Digitală a Umanităților"",
  ""translation_rationale"": ""Termenul 'Digital Humanities' se traduce prin unirea două concepte importante pentru cultura și disciplina noastră. 'Omenia' vine din limba Aromană, având semnificație similară cu termenul 'umanități', care include toate ramurile culturii umane. De asemenea, 'digitală' se referă la prezența online și utilizarea tehnologiei în acest domeniu. Prin această unire, putem spune că Omenia Digitală a Umanităților reprezintă studiul și utilizarea tehnicilor digitale pentru a explora și prezenta cultura umană.""
}",2026-04-07T07:51:57.344584Z,stop,185.0,9334694588.0,[],83886667.0,llama3.1,163.0,408739250.0,9898879042.0,,,,2026-04-07 08:51:57,True,,True,,True,,False,"Termenul 'Digital Humanities' se traduce prin unirea două concepte importante pentru cultura și disciplina noastră. 'Omenia' vine din limba Aromană, având semnificație similară cu termenul 'umanități', care include toate ramurile culturii umane. De asemenea, 'digitală' se referă la prezența online și utilizarea tehnologiei în acest domeniu. Prin această unire, putem spune că Omenia Digitală a Umanităților reprezintă studiul și utilizarea tehnicilor digitale pentru a explora și prezenta cultura umană."
rmy,Romani,Digital Humanities,Romane kalah valde,"{
  ""translated_term"": ""Romane kalah valde"",
  ""translation_rationale"": ""Kalhavale, shavalo, romane kalah - Digital Humanities. Vajlo phrala vitsenla e kalhalo, 'digital' a va romani ke chavo a phrale vitsenla. Kalhalo valde 'studia', 'artes liberales', 'umanitares shukar'.""
}",2026-04-07T07:51:45.422918Z,stop,98.0,4626434919.0,[],87309958.0,llama3.1,153.0,381830125.0,5134637500.0,,,,2026-04-07 08:51:45,False,Digitalno Humaniàlo,True,,True,,False,"Kalhavale, shavalo, romane kalah - Digital Humanities. Vajlo phrala vitsenla e kalhalo, 'digital' a va romani ke chavo a phrale vitsenla. Kalhalo valde 'studia', 'artes liberales', 'umanitares shukar'."
pms,Piedmontese,Digital Humanities,Umanità digitale,"{
""translated_term"": ""Umanità digitale"",
""translation_rationale"": ""A l'é sté scelto de mantegnì el term ""Humanities"" perché se riferisce a le discipline che s'occupen de la cultura, la storia e la creatività. In piemontèj a ven l'assimilà a l'espression ""umanità"", che vò dí dito la condizione umana e i comportamenti uman. El term ""digitale"" se refarisse già da sé a la parte tecnologica e informativa de la disciplina.""
}",2026-04-07T07:51:38.260742Z,stop,130.0,6479443366.0,[],93104125.0,llama3.1,161.0,420276625.0,7048498083.0,,,,2026-04-07 08:51:38,True,,True,,True,,False,A l'é sté scelto de mantegnì el term 
pdc,Pennsylvania German,Digital Humanities,Digitaalische Menschaheitsstudie,"{'translated_term': 'Digitaalische Menschaheitsstudie', 'translation_rationale': 'Schee Dijitale Menschaheit studiere, um die digitale Wissenschaft mit deitsch-sprachige Kultuv zu verbine. Die Endung -schaft kummt vun ""Menschaheit"", un das Adjektiv ""digitaalische"" kummt direkt vun Englisch.'}",2026-04-07T07:51:29.183688Z,stop,91.0,4488391502.0,"[{'translated_term': 'Digitaalische Menschaheitsstudie', 'translation_rationale': 'Schee Dijitale Menschaheit studiere, um die digitale Wissenschaft mit deitsch-sprachige Kultuv zu verbine. Die Endung -schaft kummt vun ""Menschaheit"", un das Adjektiv ""digitaalische"" kummt direkt vun Englisch.'}]",82134417.0,llama3.1,153.0,372704083.0,4979239875.0,Digitaalische Menschaheitsstudie,,,2026-04-07 08:51:29,True,,True,,True,,False,"Schee Dijitale Menschaheit studiere, um die digitale Wissenschaft mit deitsch-sprachige Kultuv zu verbine. Die Endung -schaft kummt vun ""Menschaheit"", un das Adjektiv ""digitaalische"" kummt direkt vun Englisch."
pap,Papiamentu,Digital Humanities,Dokumental Humano Digital,"{'translated_term': 'Dokumental Humano Digital', 'translation_rationale': 'Mi a bai unda ""Digital Humanities"" ta den anglés, y a mira si e palabra ""digital"" ta referse na teknológa di komputador. Si e ta asina, mi a tuma ""dokumental"" i ""humano"" riba e manera nan ta wordu usado den anglés pa riferise na studia di humanidat ku utiliza teknológa digital.'}",2026-04-07T07:51:22.176316Z,stop,111.0,5722482371.0,"[{'translated_term': 'Dokumental Humano Digital', 'translation_rationale': 'Mi a bai unda ""Digital Humanities"" ta den anglés, y a mira si e palabra ""digital"" ta referse na teknológa di komputador. Si e ta asina, mi a tuma ""dokumental"" i ""humano"" riba e manera nan ta wordu usado den anglés pa riferise na studia di humanidat ku utiliza teknológa digital.'}]",81913667.0,llama3.1,168.0,435773334.0,6284173625.0,Dokumental Humano Digital,,,2026-04-07 08:51:22,False,Humanidatnan Digital,False,Di Con Asina Tantu Cos Humano,True,,False,"Mi a bai unda ""Digital Humanities"" ta den anglés, y a mira si e palabra ""digital"" ta referse na teknológa di komputador. Si e ta asina, mi a tuma ""dokumental"" i ""humano"" riba e manera nan ta wordu usado den anglés pa riferise na studia di humanidat ku utiliza teknológa digital."
pam,Kapampangan,Digital Humanities,Dijitales na Kasayasayanan,"{'translated_term': 'Dijitales na Kasayasayanan', 'translation_rationale': 'Kasalanan kung apang naman ya ini, dili metto sa Ingles. Dijitales nagamitan ya para iti sali-a ti modernong panakasayaat, at kasayasayana nagawing dihitales na, baga siya? Sobra!'}",2026-04-07T07:51:13.866336Z,stop,88.0,4491452251.0,"[{'translated_term': 'Dijitales na Kasayasayanan', 'translation_rationale': 'Kasalanan kung apang naman ya ini, dili metto sa Ingles. Dijitales nagamitan ya para iti sali-a ti modernong panakasayaat, at kasayasayana nagawing dihitales na, baga siya? Sobra!'}]",79775166.0,llama3.1,160.0,398786250.0,5001921208.0,Dijitales na Kasayasayanan,,,2026-04-07 08:51:13,False,Digital Humanities,True,,True,,False,"Kasalanan kung apang naman ya ini, dili metto sa Ingles. Dijitales nagamitan ya para iti sali-a ti modernong panakasayaat, at kasayasayana nagawing dihitales na, baga siya? Sobra!"
pag,Pangasinan,Digital Humanities,Saad at Pamayanan Digital,"{
  ""translated_term"": ""Saad at Pamayanan Digital"",
  ""translation_rationale"": ""Saan a naririto an terma na digital humanities, kayat kong itangi ito king Pangasinan. Ginamit kong tanaw ing 'saad' (sarili), a tukoyan ing mga disiplina o field na pang-kultura at makabayan. Sadya kong lagyan ang 'digital', dahil sa tatanongan nanung kailangan keng panahon, moderno, at teknolohiya. Anu-ano kaya naman an 'humanities'? Ing karulatang kung ita, ing 'pamayanan' a tunton ya masansin na tanaw a pang-makabayan o pang-kultura.""
}",2026-04-07T07:51:06.83768Z,stop,176.0,9804086174.0,[],79402959.0,llama3.1,160.0,420805333.0,10379885334.0,,,,2026-04-07 08:51:06,False,Digital Humanities,False,Saray Manangiyabawag na Too,True,,False,"Saan a naririto an terma na digital humanities, kayat kong itangi ito king Pangasinan. Ginamit kong tanaw ing 'saad' (sarili), a tukoyan ing mga disiplina o field na pang-kultura at makabayan. Sadya kong lagyan ang 'digital', dahil sa tatanongan nanung kailangan keng panahon, moderno, at teknolohiya. Anu-ano kaya naman an 'humanities'? Ing karulatang kung ita, ing 'pamayanan' a tunton ya masansin na tanaw a pang-makabayan o pang-kultura."
nso,Northern Sotho,Digital Humanities,Mošomo wa Mabūdi,"{
  ""translated_term"": ""Mošomo wa Mabūdi"",
  ""translation_rationale"": ""Go tswelopelelwa ke mokgatlo wa lebaka la dipeledi. Mabūdi a hlagalang e ka ntlha ya matshelo a a neng di ntswa kudu. Mošomo o mongwadi wa dipeledio, mošomo o swela 'Digital Humanities'""
}",2026-04-07T07:50:54.424965Z,stop,99.0,5355273787.0,[],75775125.0,llama3.1,169.0,437643083.0,5906179125.0,,,,2026-04-07 08:50:54,False,Thuto ya Botho ya Dijithale,False,Ditekanyo tša Batho,True,,False,"Go tswelopelelwa ke mokgatlo wa lebaka la dipeledi. Mabūdi a hlagalang e ka ntlha ya matshelo a a neng di ntswa kudu. Mošomo o mongwadi wa dipeledio, mošomo o swela 'Digital Humanities'"
nrm,Norman,Digital Humanities,Les Humanités Numériques,"{
  ""translated_term"": ""Les Humanités Numériques"",
  ""translation_rationale"": ""Ch'est la traduction directe d'la combinaison d'designations, 'Digital' qui vient du latin 'digitus', l'veut dire le doigt ou l'signet, et 'Humanities' qui est la variante anglaise de 'les Humanités', ch'est-à-dire les sciences des lettres et des arts.""
}",2026-04-07T07:50:46.493203Z,stop,97.0,4973197253.0,[],79825791.0,llama3.1,145.0,353282542.0,5438136458.0,,,,2026-04-07 08:50:46,True,,True,,True,,False,"Ch'est la traduction directe d'la combinaison d'designations, 'Digital' qui vient du latin 'digitus', l'veut dire le doigt ou l'signet, et 'Humanities' qui est la variante anglaise de 'les Humanités', ch'est-à-dire les sciences des lettres et des arts."
new,Newar,Digital Humanities,डिजिटल महाकविता,"{
  ""translated_term"": ""डिजिटल महाकविता"",
  ""translation_rationale"": ""नेपाली भाषामा डिजिटल मनोविश्वास, सांस्कृतिक शोध र तात्पुर्ति यकिनबाधा गरेर यो शब्द व्युत्पन्न गरिएको छ। 'डिजिटल' अर्थमा नुवाचित्र बाढ (digital = नेवादि-निवास), 'मनोविश्वास' अर्थमा महाकविता(humanities = काव्य-कृति) र 'सांस्कृतिक शोध' अर्थमा तात्पुर्ति (research = निरीक्षा) का प्रयोग गरिएको छ।""
}",2026-04-07T07:50:39.032128Z,stop,180.0,9520625131.0,[],79546875.0,llama3.1,152.0,346569000.0,10004241084.0,,,,2026-04-07 08:50:39,False,डिजिटल मानविकी,True,,True,,False,"नेपाली भाषामा डिजिटल मनोविश्वास, सांस्कृतिक शोध र तात्पुर्ति यकिनबाधा गरेर यो शब्द व्युत्पन्न गरिएको छ। 'डिजिटल' अर्थमा नुवाचित्र बाढ (digital = नेवादि-निवास), 'मनोविश्वास' अर्थमा महाकविता(humanities = काव्य-कृति) र 'सांस्कृतिक शोध' अर्थमा तात्पुर्ति (research = निरीक्षा) का प्रयोग गरिएको छ।"
nds-nl,Dutch Low Saxon,Digital Humanities,Digitaal Menswetenschap,"{
  ""translated_term"": ""Digitaal Menswetenschap"",
  ""translation_rationale"": ""De term \""Digital Humanities\"" is toepasst op de digitale aspecten van de menswetenschappen. In plaats van \""Humanities\"", gebruiken we een verwijzing naar de menswetenschappen, wat in Nederlandse contexten algemeen gebruikelijk is. Het suffix \""-digitaal\"" verwijsd naar de digitalisering en computertechnologie die nu een integraal onderdeel is van deze veld. ""
}",2026-04-07T07:50:27.006521Z,stop,124.0,6395040209.0,[],82995375.0,llama3.1,171.0,378411709.0,6894124834.0,,,,2026-04-07 08:50:27,True,,True,,True,,False,"De term ""Digital Humanities"" is toepasst op de digitale aspecten van de menswetenschappen. In plaats van ""Humanities"", gebruiken we een verwijzing naar de menswetenschappen, wat in Nederlandse contexten algemeen gebruikelijk is. Het suffix ""-digitaal"" verwijsd naar de digitalisering en computertechnologie die nu een integraal onderdeel is van deze veld. "
nds,Low German / Low Saxon,Digital Humanities,Digitale Humanisten,"{
  ""translated_term"": ""Digitale Humanisten"",
  ""translation_rationale"": ""De Term \""Digital Humanities\"" betydt so, dat Weten un Wiedergeeven van digitale Medien un Technologien in de wetenschaplichen Forschung anwendet warrt. Dat Woort 'Humanities' verwiest na de Wetenschappen, de sik mit den Menschen, sien Kultur un Gesellschaftsbedingungen beskäftigen. In disse Ümstände hefft de Digitale Humanisten en Brede Reeg von Disziplinen entwickelt, de digitale Methode to Anwennen bringen in't Oarbieten an Literatur, Kunst, Geschicht, Spraken un annere humanistische Facken.""
}",2026-04-07T07:50:18.089327Z,stop,167.0,9288726121.0,[],83625333.0,llama3.1,193.0,416733209.0,9846975458.0,,,,2026-04-07 08:50:18,True,,True,,True,,False,"De Term ""Digital Humanities"" betydt so, dat Weten un Wiedergeeven van digitale Medien un Technologien in de wetenschaplichen Forschung anwendet warrt. Dat Woort 'Humanities' verwiest na de Wetenschappen, de sik mit den Menschen, sien Kultur un Gesellschaftsbedingungen beskäftigen. In disse Ümstände hefft de Digitale Humanisten en Brede Reeg von Disziplinen entwickelt, de digitale Methode to Anwennen bringen in't Oarbieten an Literatur, Kunst, Geschicht, Spraken un annere humanistische Facken."
nap,Neapolitan,Digital Humanities,,"{'translated_term': 'Umanità Digitélla', 'translation_rationale': 'Cristiano \""Digitélla\"" è 'n termine ch'è già 'ncoraggio a traslitterare, ca se parla d''umanità e d'internet. Però, se volimmo tradurlo in napoletano, avemmo da pigliate 'n conto ca ""digitale"" si rifà a tutto cio' che è tecnologico e computerizzato. Perciò, avemo usato ""'a digitélla"", pe' dì l'umanità con cchiù tecnologia.'}",2026-04-07T07:50:06.215161Z,stop,137.0,7240250910.0,[],82523625.0,llama3.1,160.0,381374708.0,7747236375.0,,,,2026-04-07 08:50:06,True,,True,,True,,False,
nah,Nahuatl,Digital Humanities,Tlātlamahualtzinilli,"{'translated_term': 'Tlātlamahualtzinilli', 'translation_rationale': 'Tlātla āmehualli, ""tecuān tlein tlanelhuiliz"", īn motoca Nāhutlalli. Tlātla ānahuac ēca in motocatlalli, āmehualticpa Nāhutlac.'}",2026-04-07T07:49:56.441795Z,stop,90.0,4822554745.0,"[{'translated_term': 'Tlātlamahualtzinilli', 'translation_rationale': 'Tlātla āmehualli, ""tecuān tlein tlanelhuiliz"", īn motoca Nāhutlalli. Tlātla ānahuac ēca in motocatlalli, āmehualticpa Nāhutlac.'}]",82027291.0,llama3.1,160.0,381595708.0,5314763958.0,Tlātlamahualtzinilli,,,2026-04-07 08:49:56,True,,True,,True,,False,"Tlātla āmehualli, ""tecuān tlein tlanelhuiliz"", īn motoca Nāhutlalli. Tlātla ānahuac ēca in motocatlalli, āmehualticpa Nāhutlac."
mwl,Mirandese,Digital Humanities,,"{'translated_term': 'Humanidades Digitales', 'translation_rationale': 'La palabra ""Digital Humanities"" tenho-la traduzida para Mirandés, usando la forma habitual de traduzir adjetivos que seguen a substantibo ne l lenguache anglés. Porque ""digital"" ye un adjetibo qu'aparece ante o substantibo ""humanidades"", i ls dou l peso de ser un adjetivo que define la esséncia de las humanidades, antre outras cousas.'}",2026-04-07T07:49:49.105402Z,stop,112.0,6083545127.0,[],82622833.0,llama3.1,161.0,416177625.0,6623121333.0,,,,2026-04-07 08:49:49,True,,True,,True,,False,
mus,Creek / Muskogee,Digital Humanities,Iskafv wadlvsdv iskafv etvlweskv," {'translated_term': 'Iskafv wadlvsdv iskafv etvlweskv', 'translation_rationale': 'Digital Humanities ikv sdaleskv ito, wadlvsdv ekv iqv leskvikv, iskafv ito ekv vleskv.'}",2026-04-07T07:49:40.455518Z,stop,69.0,3823618416.0,"[{'translated_term': 'Iskafv wadlvsdv iskafv etvlweskv', 'translation_rationale': 'Digital Humanities ikv sdaleskv ito, wadlvsdv ekv iqv leskvikv, iskafv ito ekv vleskv.'}]",84231375.0,llama3.1,184.0,447243542.0,4381253625.0,Iskafv wadlvsdv iskafv etvlweskv,,,2026-04-07 08:49:40,True,,True,,True,,False,"Digital Humanities ikv sdaleskv ito, wadlvsdv ekv iqv leskvikv, iskafv ito ekv vleskv."
mrh,Mara,Digital Humanities,Tiŋɛ́pɛ wɛ́r tɔ̂mbɔ́,"{'translated_term': 'Tiŋɛ́pɛ wɛ́r tɔ̂mbɔ́', 'translation_rationale': 'Tɛ ndɛ tiŋɛ́pɛ ɣe ñɛ tɔ̂mbɔ́ wɛ́rɛ, tɛ tiŋɛ́pɛ dɔlɔ́ nɛwɛ́ ɣa bɛ̀tɛ̀. Tɔ̂mbɔ́ kɛɛ ɗɛ mbɩ́n mɛ wɛ́r, ɲa ndɛ tɔ̂mbɔ́ ɣe ñɛ tɛ mbɩ́n ɣa dɛ.'}",2026-04-07T07:49:34.047292Z,stop,185.0,12638276580.0,"[{'translated_term': 'Tiŋɛ́pɛ wɛ́r tɔ̂mbɔ́', 'translation_rationale': 'Tɛ ndɛ tiŋɛ́pɛ ɣe ñɛ tɔ̂mbɔ́ wɛ́rɛ, tɛ tiŋɛ́pɛ dɔlɔ́ nɛwɛ́ ɣa bɛ̀tɛ̀. Tɔ̂mbɔ́ kɛɛ ɗɛ mbɩ́n mɛ wɛ́r, ɲa ndɛ tɔ̂mbɔ́ ɣe ñɛ tɛ mbɩ́n ɣa dɛ.'}]",128980417.0,llama3.1,145.0,549355375.0,13402133500.0,Tiŋɛ́pɛ wɛ́r tɔ̂mbɔ́,,,2026-04-07 08:49:34,True,,True,,True,,False,"Tɛ ndɛ tiŋɛ́pɛ ɣe ñɛ tɔ̂mbɔ́ wɛ́rɛ, tɛ tiŋɛ́pɛ dɔlɔ́ nɛwɛ́ ɣa bɛ̀tɛ̀. Tɔ̂mbɔ́ kɛɛ ɗɛ mbɩ́n mɛ wɛ́r, ɲa ndɛ tɔ̂mbɔ́ ɣe ñɛ tɛ mbɩ́n ɣa dɛ."
mo,Moldovan,Digital Humanities,Umanistiță digitală,"{'translated_term': 'Umanistiță digitală', 'translation_rationale': 'Termenul „Digital Humanities” este compus din două cuvinte. Cuvântul „digital” înseamnă ""digital"", iar „humanities” se referă la studii umaniste, care includ discipline precum filozofie, istoria și arte. În limbajul nostru, am folosit termenul „umanistiță”, care are același sens cu „humanities”. Prin adăugarea prefixului „digital” înainte de „umanistiță”, ne referim la utilizarea tehnologiei digitale în studiile umaniste. Termenul nostru, „Umanistiță digitală”, este mai direct și explicitează sensul conceptului.'}",2026-04-07T07:49:18.615506Z,stop,184.0,16401756216.0,"[{'translated_term': 'Umanistiță digitală', 'translation_rationale': 'Termenul „Digital Humanities” este compus din două cuvinte. Cuvântul „digital” înseamnă ""digital"", iar „humanities” se referă la studii umaniste, care includ discipline precum filozofie, istoria și arte. În limbajul nostru, am folosit termenul „umanistiță”, care are același sens cu „humanities”. Prin adăugarea prefixului „digital” înainte de „umanistiță”, ne referim la utilizarea tehnologiei digitale în studiile umaniste. Termenul nostru, „Umanistiță digitală”, este mai direct și explicitează sensul conceptului.'}]",98808583.0,llama3.1,152.0,541432375.0,17151567417.0,Umanistiță digitală,,,2026-04-07 08:49:18,False,Științe Umaniste Digitale,True,,True,,False,"Termenul „Digital Humanities” este compus din două cuvinte. Cuvântul „digital” înseamnă ""digital"", iar „humanities” se referă la studii umaniste, care includ discipline precum filozofie, istoria și arte. În limbajul nostru, am folosit termenul „umanistiță”, care are același sens cu „humanities”. Prin adăugarea prefixului „digital” înainte de „umanistiță”, ne referim la utilizarea tehnologiei digitale în studiile umaniste. Termenul nostru, „Umanistiță digitală”, este mai direct și explicitează sensul conceptului."
min,Minangkabau,Digital Humanities,Humaniti Digital,"{'translated_term': 'Humaniti Digital', 'translation_rationale': 'Minangkabau indak mamiliah padalulu istilah ""Digital Humanities"" dengan kata-kata terjemahan harfia, tapi namo jo bantuakan istilah ko dalam bahaso Minangkabau jo mambueknyo manjadi lebih mudah dipahami dan dibicarakan.'}",2026-04-07T07:48:59.4329Z,stop,88.0,9939730878.0,"[{'translated_term': 'Humaniti Digital', 'translation_rationale': 'Minangkabau indak mamiliah padalulu istilah ""Digital Humanities"" dengan kata-kata terjemahan harfia, tapi namo jo bantuakan istilah ko dalam bahaso Minangkabau jo mambueknyo manjadi lebih mudah dipahami dan dibicarakan.'}]",106484459.0,llama3.1,176.0,1000610167.0,11095136959.0,Humaniti Digital,,,2026-04-07 08:48:59,False,Kamanusiaan Digital,True,,True,,False,"Minangkabau indak mamiliah padalulu istilah ""Digital Humanities"" dengan kata-kata terjemahan harfia, tapi namo jo bantuakan istilah ko dalam bahaso Minangkabau jo mambueknyo manjadi lebih mudah dipahami dan dibicarakan."
map-bms,Banyumasan,Digital Humanities,Humanitas Digital,"{'translated_term': 'Humanitas Digital', 'translation_rationale': 'Kapercaya ing pamayun sa tingkat digital.'}",2026-04-07T07:48:46.311065Z,stop,30.0,1607686207.0,"[{'translated_term': 'Humanitas Digital', 'translation_rationale': 'Kapercaya ing pamayun sa tingkat digital.'}]",85269958.0,llama3.1,170.0,484507292.0,2189849375.0,Humanitas Digital,,,2026-04-07 08:48:46,True,,True,,True,,False,Kapercaya ing pamayun sa tingkat digital.
man,Mandarin,Digital Humanities,èxìn wénhuà,"{
  'translated_term': 'èxìn wénhuà',
  'translation_rationale': 'wénhuà de shì wén huá, è xìn jiào digit. èxìn fāngmiàn zhōu dào yī zhǒng gāo jì zhuǎn huà shēng tài.'
}",2026-04-07T07:48:42.092645Z,stop,78.0,6528139128.0,[],85967667.0,llama3.1,144.0,432825625.0,7080840625.0,,,,2026-04-07 08:48:42,True,,True,,True,,False,"wénhuà de shì wén huá, è xìn jiào digit. èxìn fāngmiàn zhōu dào yī zhǒng gāo jì zhuǎn huà shēng tài."
lzz,Laz,Digital Humanities,Gülivi Kulturi,"{
  ""translated_term"": ""Gülivi Kulturi"",
  ""translation_rationale"": ""Gülivi - digital, Kulturi - humanities. I've chosen this term because it combines the two concepts of digital and humanities into a single word. In Laz, we often use compound words to convey complex ideas.""
}",2026-04-07T07:48:32.990527Z,stop,68.0,5094718335.0,[],80637458.0,llama3.1,145.0,377863500.0,5594962375.0,,,,2026-04-07 08:48:32,True,,True,,True,,False,"Gülivi - digital, Kulturi - humanities. I've chosen this term because it combines the two concepts of digital and humanities into a single word. In Laz, we often use compound words to convey complex ideas."
lmo,Lombard,Digital Humanities,Umanità Digital,"{
  ""translated_term"": ""Umanità Digital"",
  ""translation_rationale"": ""Per traduvér anca el pronom 'human' ind l'espression, 'Humanities' deven 'Umanità'. L'aggettiv 'digital', che vegn in di la parola inglesa, se mantegn in manera diretta per sòlita.""
}",2026-04-07T07:48:25.373803Z,stop,83.0,5497786375.0,[],81878416.0,llama3.1,153.0,369479750.0,5976126708.0,,,Informatega umanistega,2026-04-07 08:48:25,False,Scienzi umanistich digitai,True,,True,,False,"Per traduvér anca el pronom 'human' ind l'espression, 'Humanities' deven 'Umanità'. L'aggettiv 'digital', che vegn in di la parola inglesa, se mantegn in manera diretta per sòlita."
lij,Ligurian,Digital Humanities,,"{'translated_term': 'Umanitæ a Digitæ', 'translation_rationale': 'A segondo a la definissión internassionâli, u scîmo de ""Umanitæ a Digitæ"" l'è referrimento a-a interseçión tra-a cultura e- a tecnologîa. A parola ""Digitæ"" a deriva da-a forma digitale, dónca a ciamma in Ligurian a ògni âtra corrispónde.'}",2026-04-07T07:48:17.373436Z,stop,111.0,6011227825.0,[],86547250.0,llama3.1,160.0,376722834.0,6508879958.0,,,,2026-04-07 08:48:17,False,Sciense umañe digitale,True,,True,,False,
lan,Lango,Digital Humanities,,"{'translated_term': 'Oyam okere akwecel', 'translation_rationale': 'Digital Humanities ya kinywala kiwanjuba, kiwona mwendo w'okere. Oyam okere akwecel akiyita abirika ekalaba abira omoro kwa mwebale otyo.'}",2026-04-07T07:48:08.840238Z,stop,76.0,3463820918.0,[],77833291.0,llama3.1,152.0,345463208.0,3910290166.0,,,,2026-04-07 08:48:08,True,,True,,True,,False,
lad,Ladino / Judeo-Spanish,Digital Humanities,Ciencia de la Humanidad Digitala,"{'translated_term': 'Ciencia de la Humanidad Digitala', 'translation_rationale': 'La expresión ""Digital Humanities"" se basa en el concepto inglés de ""Humanidades"", que se refiere a las ciencias del estudio humano. Para adaptar esto al ladino, hemos utilizado la raíz ""umanidá"" para crear el término ""Ciencia de la Humanidad Digitala"", que resalta la aplicación de tecnologías digitales en el campo de los estudios humanísticos.'}",2026-04-07T07:48:02.906371Z,stop,111.0,4269560459.0,"[{'translated_term': 'Ciencia de la Humanidad Digitala', 'translation_rationale': 'La expresión ""Digital Humanities"" se basa en el concepto inglés de ""Humanidades"", que se refiere a las ciencias del estudio humano. Para adaptar esto al ladino, hemos utilizado la raíz ""umanidá"" para crear el término ""Ciencia de la Humanidad Digitala"", que resalta la aplicación de tecnologías digitales en el campo de los estudios humanísticos.'}]",78983000.0,llama3.1,208.0,413766833.0,4795028542.0,Ciencia de la Humanidad Digitala,,,2026-04-07 08:48:02,True,,True,,True,,False,"La expresión ""Digital Humanities"" se basa en el concepto inglés de ""Humanidades"", que se refiere a las ciencias del estudio humano. Para adaptar esto al ladino, hemos utilizado la raíz ""umanidá"" para crear el término ""Ciencia de la Humanidad Digitala"", que resalta la aplicación de tecnologías digitales en el campo de los estudios humanísticos."
ksh,Ripuarian,Digital Humanities,Digitäl Huumeschätze,"{
  ""translated_term"": ""Digitäl Huumeschätze"",
  ""translation_rationale"": ""Dat Wärt sinn en Begriff, deet se dat Studje vun moderne digitale Technologie a historische Quelle sinn. Mee en Hürscht uf 'Digital' un 'Humanities', kritt mer dät Wort, wat die Betreech vum Huumeschätze deet sinn.""
}",2026-04-07T07:47:56.091205Z,stop,94.0,2652897206.0,[],77434417.0,llama3.1,161.0,376075792.0,3133603333.0,,,,2026-04-07 08:47:56,True,,True,,True,,False,"Dat Wärt sinn en Begriff, deet se dat Studje vun moderne digitale Technologie a historische Quelle sinn. Mee en Hürscht uf 'Digital' un 'Humanities', kritt mer dät Wort, wat die Betreech vum Huumeschätze deet sinn."
khw,Khowar,Digital Humanities,دجٹل انساییکلچر,"{
  ""translated_term"": ""دجٹل انساییکلچر"",
  ""translation_rationale"": ""دجٹل انساییکلچر کے لفظي مانگ کو کھووار زبان میں تبدیل کرنے پر، میں نے پہلے وہیں سے شروع کیا۔ دجٹل (Digital) کا مطلب ہوتا ہے اچھال  یا ٹیکنالوجی، جیسا کہ ایک نئے دور کی علامت ہو سکتی ہے۔ انساییکلچر (Humanities) کو کھوار میں ایسا کیا جا سکتا ہے کہ، اس کی تعبیر 'انسانیت' یا 'محتویات' کی جائے۔""
}",2026-04-07T07:47:50.935537Z,stop,212.0,5962651870.0,[],80670125.0,llama3.1,161.0,390084000.0,6491181833.0,,,,2026-04-07 08:47:50,True,,True,,True,,False,دجٹل انساییکلچر کے لفظي مانگ کو کھووار زبان میں تبدیل کرنے پر، میں نے پہلے وہیں سے شروع کیا۔ دجٹل (Digital) کا مطلب ہوتا ہے اچھال  یا ٹیکنالوجی، جیسا کہ ایک نئے دور کی علامت ہو سکتی ہے۔ انساییکلچر (Humanities) کو کھوار میں ایسا کیا جا سکتا ہے کہ، اس کی تعبیر 'انسانیت' یا 'محتویات' کی جائے۔
jbo,Lojban,Digital Humanities,,"{'translated_term': 'da'i ka'e selbi .i ku'a cilja .e leka', 'translation_rationale': '.i cuca ke da'i ka'e voksa selbifau'u .e ci la'o olesim. jbo .e ku'a ciljafau'u .en cilja leka la'o olesim. .i da'i ka'e selbi cilja .i ku'a ciljafa'ui .en cilja leka'}",2026-04-07T07:47:42.430749Z,stop,103.0,1721991833.0,[],72748084.0,llama3.1,161.0,391341916.0,2213598917.0,,,,2026-04-07 08:47:42,True,,True,,True,,False,
inh,Ingush,Digital Humanities,Хьалхарча цӏеча,"{
  ""translated_term"": ""Хьалхарча цӏеча"",
  ""translation_rationale"": ""Xhalharc'a c'i'eca (Дигитала Хьалхарчачч) - унналла хьахула арахцаха чулло, уаннала гойтта дийцача моттиг. Цхьацца 'чеченера' бехка, иштта нуаттаре тешархо лоара.""
}",2026-04-07T07:47:38.198821Z,stop,116.0,1722074584.0,[],78234500.0,llama3.1,152.0,361467625.0,2194593959.0,,,,2026-04-07 08:47:38,True,,True,,True,,False,"Xhalharc'a c'i'eca (Дигитала Хьалхарчачч) - унналла хьахула арахцаха чулло, уаннала гойтта дийцача моттиг. Цхьацца 'чеченера' бехка, иштта нуаттаре тешархо лоара."
ilo,Ilokano,Digital Humanities,Dagiteta ti digital a kasayaan,"{'translated_term': 'Dagiteta ti digital a kasayaan', 'translation_rationale': 'Naimbag a nasken binalaan dayta termo tapno mailibrek iti Iloko. Agsabut ta dagiteta idiay Ingles ket ""digital humanities"" ken maipalawag metta a kasayaan ket kasisikudan ti kultura, historia, siongkol politika ken siongkol sosyolohia iti panawen moderno.'}",2026-04-07T07:47:33.986365Z,stop,114.0,1458131590.0,"[{'translated_term': 'Dagiteta ti digital a kasayaan', 'translation_rationale': 'Naimbag a nasken binalaan dayta termo tapno mailibrek iti Iloko. Agsabut ta dagiteta idiay Ingles ket ""digital humanities"" ken maipalawag metta a kasayaan ket kasisikudan ti kultura, historia, siongkol politika ken siongkol sosyolohia iti panawen moderno.'}]",85474833.0,llama3.1,161.0,375051916.0,1950700208.0,Dagiteta ti digital a kasayaan,,,2026-04-07 08:47:33,False,Digital a Humanities,False,Digital Humanies,True,,False,"Naimbag a nasken binalaan dayta termo tapno mailibrek iti Iloko. Agsabut ta dagiteta idiay Ingles ket ""digital humanities"" ken maipalawag metta a kasayaan ket kasisikudan ti kultura, historia, siongkol politika ken siongkol sosyolohia iti panawen moderno."
haw,Hawaiian,Digital Humanities,Kānaka ʻāina digital,"A haʻaheo! Mai ka puʻuwai, e ike ai!

{'translated_term': 'Kānaka ʻāina digital', 'translation_rationale': 'No kuʻu maluhia, he mau mea nui o ka ʻōlelo kānaka ʻāina ana ʻōlelo ʻē aʻe. Ka hua ʻōlelo ʻo ""digital"" ma leʻaleʻa mai na kūpuna i kekahi manawa o ka hoʻoponopono, he mea pono no ka ʻōlelo kānaka ʻāina. Eia na wahi nui o ka ʻōlelo ""humanities"" e hookahi mau maluhia, e manaʻo i ke kūpuna aʻe no ka hoʻoponopono, no ka ʻike, aʻohe maikaʻi. Mai ka puʻuwai, ka ʻōlelo ""Kānaka ʻāina digital"" ʻole nui mea i kuʻu maluhia.'}",2026-04-07T07:47:30.015975Z,stop,272.0,5090250410.0,"[{'translated_term': 'Kānaka ʻāina digital', 'translation_rationale': 'No kuʻu maluhia, he mau mea nui o ka ʻōlelo kānaka ʻāina ana ʻōlelo ʻē aʻe. Ka hua ʻōlelo ʻo ""digital"" ma leʻaleʻa mai na kūpuna i kekahi manawa o ka hoʻoponopono, he mea pono no ka ʻōlelo kānaka ʻāina. Eia na wahi nui o ka ʻōlelo ""humanities"" e hookahi mau maluhia, e manaʻo i ke kūpuna aʻe no ka hoʻoponopono, no ka ʻike, aʻohe maikaʻi. Mai ka puʻuwai, ka ʻōlelo ""Kānaka ʻāina digital"" ʻole nui mea i kuʻu maluhia.'}]",82749167.0,llama3.1,145.0,350104583.0,5595132583.0,Kānaka ʻāina digital,,,2026-04-07 08:47:30,False,Nā Humanities Kikohoʻe,True,,False,Digital Humanities,False,"No kuʻu maluhia, he mau mea nui o ka ʻōlelo kānaka ʻāina ana ʻōlelo ʻē aʻe. Ka hua ʻōlelo ʻo ""digital"" ma leʻaleʻa mai na kūpuna i kekahi manawa o ka hoʻoponopono, he mea pono no ka ʻōlelo kānaka ʻāina. Eia na wahi nui o ka ʻōlelo ""humanities"" e hookahi mau maluhia, e manaʻo i ke kūpuna aʻe no ka hoʻoponopono, no ka ʻike, aʻohe maikaʻi. Mai ka puʻuwai, ka ʻōlelo ""Kānaka ʻāina digital"" ʻole nui mea i kuʻu maluhia."
got,Gothic,Digital Humanities,Mahtjahr gawiljau,"{ 
  ""translated_term"": ""Mahtjahr gawiljau"", 
  ""translation_rationale"": ""Id-ja izwis jah aigi, iddja manna izwis wisandei þatau wisan Mahtjahr gawiljau. Giba ist ga-wiliþa 'digital' (from Old English 'digitan', from Latin 'digitus'), mahtar 'humanities'.""
}",2026-04-07T07:47:22.396858Z,stop,95.0,1131385128.0,[],89974958.0,llama3.1,144.0,354487125.0,1603065375.0,,,,2026-04-07 08:47:22,True,,True,,True,,False,"Id-ja izwis jah aigi, iddja manna izwis wisandei þatau wisan Mahtjahr gawiljau. Giba ist ga-wiliþa 'digital' (from Old English 'digitan', from Latin 'digitus'), mahtar 'humanities'."
gbm,Garhwali,Digital Humanities,Digital Humanitiesi मा डिजिटल मानविकी,"{
  ""translated_term"": ""Digital Humanitiesi मा डिजिटल मानविकी"",
  ""translation_rationale"": ""यो शब्दको अर्थ है डिजिटल क्षेत्रमा मानविकी विषय पढ़ाना। इमेले हेरुको लिएन। Digital को अर्थ है electronic device कि उपयोग निहारी, Humanities को अर्थ है ancient text, literature, philosophy आदि कि पढाई, किन्तु डिजिटल मानविकी मा ये सब विषय digital medium में पढ़ाए जाते है।""
}",2026-04-07T07:47:18.772124Z,stop,141.0,1688726372.0,[],77828417.0,llama3.1,161.0,377011917.0,2183414125.0,,,,2026-04-07 08:47:18,True,,True,,True,,False,"यो शब्दको अर्थ है डिजिटल क्षेत्रमा मानविकी विषय पढ़ाना। इमेले हेरुको लिएन। Digital को अर्थ है electronic device कि उपयोग निहारी, Humanities को अर्थ है ancient text, literature, philosophy आदि कि पढाई, किन्तु डिजिटल मानविकी मा ये सब विषय digital medium में पढ़ाए जाते है।"
gan,Gan Chinese,Digital Humanities,ngi xīn jì kuà kē xué,"{
  ""translated_term"": ""ngi xīn jì kuà kē xué"",
  ""translation_rationale"": ""ngi xīn jì"" (digital) + ""kuà"" (humanities) + ""kē xué"" (science), ""xīn"" (new) is implied in the context, ""jì"" (humanities) refers to the study of human culture.""
}",2026-04-07T07:47:14.565391Z,stop,90.0,1050560291.0,[],68967583.0,llama3.1,152.0,345709167.0,1489613583.0,,,,2026-04-07 08:47:14,True,,True,,True,,False,ngi xīn jì
fur,Friulian,Digital Humanities,Umanità digitoradie,"{""translated_term"": ""Umanità digitoradie"", ""translation_rationale"": ""Le parôl ""Digital Humanities"" si riferiss a la ricercje e l'analisi de dôs câmpi: la tecnologjie digitâl e le umanitât. In Friulian, l'om diu che si trate di ""umanitât digitoradie"", un neologismo che combins il concet de tecnologjie digitâl (digitoradie) cun chel de ricercje umanistische (umanità). Al è importanti notâ che in Friulian no esist une parôl precize pe ""Humanities"" ma si po dopri la formazion ""umaniat"" o ""umanitât"", che indichin la ricercje di natura umanistische. In conclusioun, ""Umanità digitoradie"" e je la traduzion piü adatée de termon in Friulian.""}",2026-04-07T07:47:11.052886Z,stop,220.0,4077695509.0,[],80043417.0,llama3.1,160.0,394112292.0,4613561083.0,,,,2026-04-07 08:47:11,False,Lis siencis umanis digjitâls,True,,True,,False,Le parôl 
frp,Arpitan / Franco-Provençal,Digital Humanities,Umanitât digitâlye,"{
  ""translated_term"": ""Umanitât digitâlye"",
  ""translation_rationale"": ""Pou que « huminitât » se réfère a l'etudî de la cultura, des linguas et de l'istôre; e « digital » se réfère a la tecnologia informatica. Donca, l'emprunza « huminitât digitâlye » indique cossa ch'é una combinazioun di tecnologia e de studi umanistich.""
}",2026-04-07T07:47:04.414347Z,stop,112.0,1321433089.0,[],70270166.0,llama3.1,217.0,436040875.0,1858574583.0,,,,2026-04-07 08:47:04,True,,True,,True,,False,"Pou que « huminitât » se réfère a l'etudî de la cultura, des linguas et de l'istôre; e « digital » se réfère a la tecnologia informatica. Donca, l'emprunza « huminitât digitâlye » indique cossa ch'é una combinazioun di tecnologia e de studi umanistich."
fiu-vro,Võro,Digital Humanities,Digitaalse ilukunst,"{
  ""translated_term"": ""Digitaalse ilukunst"",
  ""translation_rationale"": ""Digitaal sündinud ühiskonna ilukunsti uurimine ja avatud vormid. 'Humanities' tähendab inimese tegevusi, mis on seotud kunstidega, kirjandusega, filosoofia ja muusiga.""
}",2026-04-07T07:47:00.53201Z,stop,91.0,1069200711.0,[],80162000.0,llama3.1,163.0,389888084.0,1565131083.0,,,,2026-04-07 08:47:00,True,,True,,True,,False,"Digitaal sündinud ühiskonna ilukunsti uurimine ja avatud vormid. 'Humanities' tähendab inimese tegevusi, mis on seotud kunstidega, kirjandusega, filosoofia ja muusiga."
ext,Extremaduran,Digital Humanities,Humanidáis Dixitales,"{'translated_term': 'Humanidáis Dixitales', 'translation_rationale': 'Lo he traducío segund la raíz común de ""humán"" i ""dixital"", con un resaltu en la importancia de las humanidades en el ámbito digital. El prefijo ""human-"" se refiere a lo relativo al ser humano, mientras que ""-idáis"" hace referencia a las nuevas tecnologías y formas de interacción.'}",2026-04-07T07:46:56.947269Z,stop,103.0,1212861627.0,"[{'translated_term': 'Humanidáis Dixitales', 'translation_rationale': 'Lo he traducío segund la raíz común de ""humán"" i ""dixital"", con un resaltu en la importancia de las humanidades en el ámbito digital. El prefijo ""human-"" se refiere a lo relativo al ser humano, mientras que ""-idáis"" hace referencia a las nuevas tecnologías y formas de interacción.'}]",83510958.0,llama3.1,168.0,389655542.0,1715688250.0,Humanidáis Dixitales,,,2026-04-07 08:46:56,True,,True,,True,,False,"Lo he traducío segund la raíz común de ""humán"" i ""dixital"", con un resaltu en la importancia de las humanidades en el ámbito digital. El prefijo ""human-"" se refiere a lo relativo al ser humano, mientras que ""-idáis"" hace referencia a las nuevas tecnologías y formas de interacción."
dsb,Lower Sorbian,Digital Humanities,digitale wuměntnosty,"{
  ""translated_term"": ""digitale wuměntnosty"",
  ""translation_rationale"": ""Termin \'Digital Humanities\' skeram přeložiću do nižo-serbšćina. Wuměntnosty je słowo, kiž wotpowědača ""wumjenja"" a čita so ""wuměnjo"", ale mjeno za něžo togo pojetija słuša, móže być přidane přezdźělko ""digitale"".""
}",2026-04-07T07:46:53.210077Z,stop,117.0,1381207084.0,[],80994375.0,llama3.1,161.0,392875291.0,1888075542.0,,,,2026-04-07 08:46:53,True,,True,,True,,False,"Termin \'Digital Humanities\' skeram přeložiću do nižo-serbšćina. Wuměntnosty je słowo, kiž wotpowědača "
diq,Dimli,Digital Humanities,Zıwanevanên Elektronik,"{
  ""translated_term"": ""Zıwanevanên Elektronik"",
  ""translation_rationale"": ""Dewleta wazifenandêra ziwanan (Digital Humanities) zey qısımê çareserışti, internet u teknolojiyê ke peyser naskenê ra xelat biya. Mınasibi ra vênayene, ênan ewro wexte sero xebate, êni dewleti vano.""
}",2026-04-07T07:46:49.299344Z,stop,107.0,1263729619.0,[],80418667.0,llama3.1,153.0,375591708.0,1749630417.0,,,,2026-04-07 08:46:49,True,,True,,True,,False,"Dewleta wazifenandêra ziwanan (Digital Humanities) zey qısımê çareserışti, internet u teknolojiyê ke peyser naskenê ra xelat biya. Mınasibi ra vênayene, ênan ewro wexte sero xebate, êni dewleti vano."
csb,Kashubian,Digital Humanities,Humaństwo Digitalne,"{
  ""translated_term"": ""Humaństwo Digitalne"",
  ""translation_rationale"": ""Mianowicie, ""Digitalne"" pochodzi z angielskiego, a to słowo możemy przełożyć na kashubski jako ""digitalny"", co oznaczałoby 'cyfrowy' lub 'komputerowy'. 'Humaństwo', czyli humanistyka, jest już dobrze znana w języku kaszubskim, bo korzenie są one związane ze słowem 'humanista', które oznacza osobę zajmującą się kształceniem człowieka. W tym przypadku powinniśmy użyć rzeczownika ""humaństwo"" w kształcie wyrazu, a nie jako ""humanistyka"", która była by potoczna forma i nie pasowałaby do oznaczenia dyscypliny naukowej.""
}",2026-04-07T07:46:45.526103Z,stop,213.0,2527757002.0,[],89080000.0,llama3.1,161.0,391664792.0,3069086625.0,,,,2026-04-07 08:46:45,True,,True,,True,,False,"Mianowicie, "
ckb,Kurdish (Sorani),Digital Humanities,Zanistîya Dijitāl,"{'translated_term': 'Zanistîya Dijitāl', 'translation_rationale': 'Wêneyê fermî ya termê ""Digital Humanities"" heye. Lēshkar û kovarên îro gelemperî ji bo xizmetekarên zanistî û şanozanîyan li ser înternetê tê dehatineve. Bi vê rûpelî re, zanistîyên dijîtāl ên nûdizayî nekevt dîpênî bûne.'}",2026-04-07T07:46:40.432698Z,stop,126.0,1483074123.0,"[{'translated_term': 'Zanistîya Dijitāl', 'translation_rationale': 'Wêneyê fermî ya termê ""Digital Humanities"" heye. Lēshkar û kovarên îro gelemperî ji bo xizmetekarên zanistî û şanozanîyan li ser înternetê tê dehatineve. Bi vê rûpelî re, zanistîyên dijîtāl ên nûdizayî nekevt dîpênî bûne.'}]",79796875.0,llama3.1,182.0,391017083.0,1988861416.0,Zanistîya Dijitāl,,,2026-04-07 08:46:40,False,زانستە مرۆییە دیجیتاڵییەکان,True,,True,,False,"Wêneyê fermî ya termê ""Digital Humanities"" heye. Lēshkar û kovarên îro gelemperî ji bo xizmetekarên zanistî û şanozanîyan li ser înternetê tê dehatineve. Bi vê rûpelî re, zanistîyên dijîtāl ên nûdizayî nekevt dîpênî bûne."
chy,Cheyenne,Digital Humanities,Meeyómaa hoowóose'e,"{
  ""translated_term"": ""Meeyómaa hoowóose'e"",
  ""translation_rationale"": ""Meeyómaa (me-e-yo-mah) oóe áhehe keyáma, hoowóose'e (hoh-woh-weh-seh) áhehe k'éhe, hómaa heehee'óowe. Áhee k'éhe meeyómaa hoowóose'e hoó'e héí máaséehaaye' akiitsiiseksoo'ée, máaséehaaye' oóe áhee éee'óowe.""
}",2026-04-07T07:46:36.420719Z,stop,140.0,1650042915.0,[],86454750.0,llama3.1,160.0,390523917.0,2164096000.0,,,,2026-04-07 08:46:36,True,,True,,True,,False,"Meeyómaa (me-e-yo-mah) oóe áhehe keyáma, hoowóose'e (hoh-woh-weh-seh) áhehe k'éhe, hómaa heehee'óowe. Áhee k'éhe meeyómaa hoowóose'e hoó'e héí máaséehaaye' akiitsiiseksoo'ée, máaséehaaye' oóe áhee éee'óowe."
chr,Cherokee,Digital Humanities,ᏌᏊ ᎣᏓᎵᏛ ᏚᎳᏅᎯ," {'translated_term': 'ᏌᏊ ᎣᏓᎵᏛ ᏚᎳᏅᎯ', 'translation_rationale': 'ᏌᏊ ᎠᏰᏟ ᏗᎧᏁᏗᏱ, ᎡᎶᏂᎥ ᏚᎳᏄᏕ ᏙᎯᏓᏁᎵ. ᎣᏓᎵᏛ ᎠᎦᏘᏃᎸᏔᏊ, ᎤᎬᏗᏜ ᎢᎩᏈᎭᏱ.'}",2026-04-07T07:46:32.230851Z,stop,177.0,2070892757.0,"[{'translated_term': 'ᏌᏊ ᎣᏓᎵᏛ ᏚᎳᏅᎯ', 'translation_rationale': 'ᏌᏊ ᎠᏰᏟ ᏗᎧᏁᏗᏱ, ᎡᎶᏂᎥ ᏚᎳᏄᏕ ᏙᎯᏓᏁᎵ. ᎣᏓᎵᏛ ᎠᎦᏘᏃᎸᏔᏊ, ᎤᎬᏗᏜ ᎢᎩᏈᎭᏱ.'}]",83718834.0,llama3.1,144.0,350515709.0,2548414750.0,ᏌᏊ ᎣᏓᎵᏛ ᏚᎳᏅᎯ,,,2026-04-07 08:46:32,True,,True,,True,,False,"ᏌᏊ ᎠᏰᏟ ᏗᎧᏁᏗᏱ, ᎡᎶᏂᎥ ᏚᎳᏄᏕ ᏙᎯᏓᏁᎵ. ᎣᏓᎵᏛ ᎠᎦᏘᏃᎸᏔᏊ, ᎤᎬᏗᏜ ᎢᎩᏈᎭᏱ."
cho,Choctaw,Digital Humanities,Itokoba Hoksholakobi,"{'translated_term': 'Itokoba Hoksholakobi', 'translation_rationale': 'Okchi tokoba hoki, chito holisso, kholokoli hoksolov, ekvta holoklaka, ishchi holitoba. Tokoba itokobalik, holoklitoka hokshi, shi okcha holitoka. Hokshola hokolaka, khoti okcha holisso.'}",2026-04-07T07:46:27.660497Z,stop,99.0,1144381164.0,"[{'translated_term': 'Itokoba Hoksholakobi', 'translation_rationale': 'Okchi tokoba hoki, chito holisso, kholokoli hoksolov, ekvta holoklaka, ishchi holitoba. Tokoba itokobalik, holoklitoka hokshi, shi okcha holitoka. Hokshola hokolaka, khoti okcha holisso.'}]",80014833.0,llama3.1,160.0,379497208.0,1632079708.0,Itokoba Hoksholakobi,,,2026-04-07 08:46:27,True,,True,,True,,False,"Okchi tokoba hoki, chito holisso, kholokoli hoksolov, ekvta holoklaka, ishchi holitoba. Tokoba itokobalik, holoklitoka hokshi, shi okcha holitoka. Hokshola hokolaka, khoti okcha holisso."
ceb,Cebuano,Digital Humanities,Digitalong Humanidades,"{
  ""translated_term"": ""Digitalong Humanidades"",
  ""translation_rationale"": ""Sa pagkaron sa ingles, ang ""digital"" ug ""humanities"" usa kini ka hambalakaw nga salita. Ang ""digital"" mipahibalo sa teknolohiya o elektronikong panahon, ug ang ""humanities"" mihimoonon sa mga panidpanaon ug humanista nga disiplina. Sa Cebuano, gibutang kining duha ka katuyoan sa usa ka salita, diin ""digitalong"" mipalibot sa ""panahon"" ug ""humanidades"".""
}",2026-04-07T07:46:24.003661Z,stop,141.0,1726622296.0,[],86967125.0,llama3.1,169.0,437337167.0,2290025083.0,,,,2026-04-07 08:46:24,False,Digital nga mga Humanidad,False,Digital nga mga Tawhanon,False,Digital Humanities,False,"Sa pagkaron sa ingles, ang "
bxr,Buriat (Russia),Digital Humanities,Мэдийи Шүгэл,"{
  'translated_term': 'Мэдийи Шүгэл',
  'translation_rationale': 'Бу хамагай ""Дигитал"" гутаашан унэн, Буряад бусын тосоолгоорой. ""Humanities"" шүгэли ""Иимэрэй аялгуури"" бүөд татажа, бүтэн шүгэл ""Мэдийи Шүгэл"" биир.'
}",2026-04-07T07:46:19.695885Z,stop,125.0,1447019709.0,[],80208792.0,llama3.1,182.0,380521125.0,1942876292.0,,,,2026-04-07 08:46:19,False,Тоон хүнэй эрдэм ухаан,True,,True,,False,"Бу хамагай ""Дигитал"" гутаашан унэн, Буряад бусын тосоолгоорой. ""Humanities"" шүгэли ""Иимэрэй аялгуури"" бүөд татажа, бүтэн шүгэл ""Мэдийи Шүгэл"" биир."
bug,Buginese,Digital Humanities,Kadai Inggil Digital,"{
""translated_term"": ""Kadai Inggil Digital"",
""translation_rationale"": "" Kadai Inggil Digital, ena nanggala paham tentang teknologi kompyuter bisi pangandikan babaturan lan pangolahan data. Ena bukti sambung antara ilmu humaniora lan teknologi.""
}",2026-04-07T07:46:15.729117Z,stop,77.0,884994666.0,[],68671334.0,llama3.1,152.0,356755083.0,1332167959.0,,,,2026-04-07 08:46:15,True,,True,,True,,False," Kadai Inggil Digital, ena nanggala paham tentang teknologi kompyuter bisi pangandikan babaturan lan pangolahan data. Ena bukti sambung antara ilmu humaniora lan teknologi."
brx,Boro,Digital Humanities,Digital Vistriti Chaturthi,"Boro ke kotha, 'Digital Humanities' ek naya mukh ahe.
{'translated_term': 'Digital Vistriti Chaturthi', 'translation_rationale': 'Digital word la, humanities word la, digital vistriti chaturthi banavun.'}",2026-04-07T07:46:12.376085Z,stop,66.0,755893165.0,"[{'translated_term': 'Digital Vistriti Chaturthi', 'translation_rationale': 'Digital word la, humanities word la, digital vistriti chaturthi banavun.'}]",78382958.0,llama3.1,153.0,347058375.0,1200563750.0,Digital Vistriti Chaturthi,,,2026-04-07 08:46:12,True,,True,,True,,False,"Digital word la, humanities word la, digital vistriti chaturthi banavun."
bpy,Bishnupriya Manipuri,Digital Humanities,Digital Humanities-ke Aakhyana,"{
  ""translated_term"": ""Digital Humanities-ke Aakhyana"",
  ""translation_rationale"": ""Ei term-er pahal ডিজিটাল আকৰ্ষণ-এর বিভাগ। শেখা, উন্নয়ন আৰু অধ্যয়নের সাহায্যের জন্য ডিজিটাল প্রযুক্তি ব্যবহাৰ কৰা।""
}",2026-04-07T07:46:09.152779Z,stop,152.0,1762685166.0,[],102253000.0,llama3.1,200.0,417434458.0,2322225917.0,,,,2026-04-07 08:46:09,True,,True,,True,,False,"Ei term-er pahal ডিজিটাল আকৰ্ষণ-এর বিভাগ। শেখা, উন্নয়ন আৰু অধ্যয়নের সাহায্যের জন্য ডিজিটাল প্রযুক্তি ব্যবহাৰ কৰা।"
be-x-old,Belarusian (Taraškievica),Digital Humanities,Дыджітальныя гуманітарныя навукі,"{'translated_term': 'Дыджітальныя гуманітарныя навукі', 'translation_rationale': 'Назва ""Digital Humanities"" складаецца з дзвюх частак. ""Дыджітальныя"" азначае, што гэта навукі працуюць з кампутарам і Інтэрнэтам. ""Гуманітарныя"" паходзіць ад лацінскага ""humanus"", які значыць ""чалавек"". У Belarusian мове азначаецца гэта як ""гуманітарныя навукі"", але дадатковая слова ""дыджітальныя"" надае ўмову сучаснасці. Гэтую назву можна перакласці на ""навукі пра чалавека і сусвет у сучасным часе"".'}",2026-04-07T07:46:04.80477Z,stop,199.0,2302060295.0,"[{'translated_term': 'Дыджітальныя гуманітарныя навукі', 'translation_rationale': 'Назва ""Digital Humanities"" складаецца з дзвюх частак. ""Дыджітальныя"" азначае, што гэта навукі працуюць з кампутарам і Інтэрнэтам. ""Гуманітарныя"" паходзіць ад лацінскага ""humanus"", які значыць ""чалавек"". У Belarusian мове азначаецца гэта як ""гуманітарныя навукі"", але дадатковая слова ""дыджітальныя"" надае ўмову сучаснасці. Гэтую назву можна перакласці на ""навукі пра чалавека і сусвет у сучасным часе"".'}]",76480667.0,llama3.1,215.0,410590459.0,2845824667.0,Дыджітальныя гуманітарныя навукі,,,2026-04-07 08:46:04,False,Лічбавыя гуманітарныя навукі,True,,True,,False,"Назва ""Digital Humanities"" складаецца з дзвюх частак. ""Дыджітальныя"" азначае, што гэта навукі працуюць з кампутарам і Інтэрнэтам. ""Гуманітарныя"" паходзіць ад лацінскага ""humanus"", які значыць ""чалавек"". У Belarusian мове азначаецца гэта як ""гуманітарныя навукі"", але дадатковая слова ""дыджітальныя"" надае ўмову сучаснасці. Гэтую назву можна перакласці на ""навукі пра чалавека і сусвет у сучасным часе""."
bcl,Bikol,Digital Humanities,Huminista Digitala,"{
  ""translated_term"": ""Huminista Digitala"",
  ""translation_rationale"": ""Sa paghimo kan mga dokumento, video, asin iba pang kagamitan digital, an Huminista Digitala naggagamit nin modernong teknolohiya para mag-eksperyensya nin tradisyonal na pamamatnaw. Sa enoteng panahon, aki nagkokompyansa sa mga libro asin dokumento papel, pero sa ngonyan, an Huminista Digitala naggagamit nin ordenador asin iba pang kagamitan para mag-eksperyensya kan historya kan mundo.""
}",2026-04-07T07:45:59.935915Z,stop,145.0,1668647329.0,[],79783500.0,llama3.1,153.0,339191625.0,2128500375.0,,,,2026-04-07 08:45:59,False,Digital Humanities,False,Mga Pag - eksister nin Tawo,True,,False,"Sa paghimo kan mga dokumento, video, asin iba pang kagamitan digital, an Huminista Digitala naggagamit nin modernong teknolohiya para mag-eksperyensya nin tradisyonal na pamamatnaw. Sa enoteng panahon, aki nagkokompyansa sa mga libro asin dokumento papel, pero sa ngonyan, an Huminista Digitala naggagamit nin ordenador asin iba pang kagamitan para mag-eksperyensya kan historya kan mundo."
bat-smg,Samogitian,Digital Humanities,Digitaluos humanistikos,"{
  ""translated_term"": ""Digitaluos humanistikos"",
  ""translation_rationale"": ""Priešingu atsiskyrima baigtinausiuose žodžiais, reikia suprasti ką to reiškia. Digitaluos yra kaip anglų kalbos „digital“ arba „račitojas“, tačiau čia jis reiškia daugiau nei tik elektrinius prietaisus. Reikia paimti į sąmonę, kad šio žodžio pavadinimas kilo iš anglų kalbos ir toje prasme jau turi savitąją reikšmę. Humanistikos yra taip pat kaip anglų kalbose, bet čia tai turėtų būti suprasta kaip mokslinė disciplina, kurios tikslas – tyrimai istoriniuose ir kultūriniuose kontekstuose. Todėl pridedaui „uos“ prie „digital“, kad žodis tapęs sakinio dalimi būtų suprantamas kaip žinios gavimo priemonė, naudojama humanistikos srityje.""
}",2026-04-07T07:45:55.784156Z,stop,287.0,3315221376.0,[],98643792.0,llama3.1,162.0,367364792.0,3861969208.0,,,,2026-04-07 08:45:55,True,,True,,True,,False,"Priešingu atsiskyrima baigtinausiuose žodžiais, reikia suprasti ką to reiškia. Digitaluos yra kaip anglų kalbos „digital“ arba „račitojas“, tačiau čia jis reiškia daugiau nei tik elektrinius prietaisus. Reikia paimti į sąmonę, kad šio žodžio pavadinimas kilo iš anglų kalbos ir toje prasme jau turi savitąją reikšmę. Humanistikos yra taip pat kaip anglų kalbose, bet čia tai turėtų būti suprasta kaip mokslinė disciplina, kurios tikslas – tyrimai istoriniuose ir kultūriniuose kontekstuose. Todėl pridedaui „uos“ prie „digital“, kad žodis tapęs sakinio dalimi būtų suprantamas kaip žinios gavimo priemonė, naudojama humanistikos srityje."
bar,Bavarian,Digital Humanities,,"{'translated_term': 'Digitale Menschlichkeit', 'translation_rationale': 'Wäu de Term ""Digital Humanities"" umfasst die Fügung vo digitaler Technologie midm Studium vo da Kultur, Geschichte und Gesellschaft, hôt se in'm Bararia anpassat wern müassa. ""Digitale"" schaugt aufs Wesntliche vom Begriff, nämli de Verwendung vo Computa und Netz, wäu ""Menschlichkeit"" kapt die Här aus, doss si sich mitm menschlichen Aspekt vo da Kultur beschäftigt.'}",2026-04-07T07:45:49.897845Z,stop,134.0,1540692968.0,[],82094291.0,llama3.1,152.0,359808000.0,2021192541.0,,,,2026-04-07 08:45:49,True,,True,,True,,False,
awa,Awadhi,Digital Humanities,Digital Humanities ki shakya kalā,"{
  ""translated_term"": ""Digital Humanities ki shakya kalā"",
  ""translation_rationale"": ""Iska arth hai jo digital medium mein karyavahi kar raha hai, unki shiksha aur gyan ki prakashna. 'Digital' ka arth hai computer aur anya electronic aavedan, jahan hum data ko digital roop mein rakhte hain. 'Humanities' ka arth hai mānusya ke vichar, sanskriti, itihās, adhyatmik gyan adhiniyam, shiksha, aur anya shaastriya vidnyān ki kshetr.""
}",2026-04-07T07:45:45.853844Z,stop,144.0,1660163918.0,[],83824750.0,llama3.1,161.0,374459834.0,2160041375.0,,,,2026-04-07 08:45:45,False,डिजिटल मानविकी,True,,True,,False,"Iska arth hai jo digital medium mein karyavahi kar raha hai, unki shiksha aur gyan ki prakashna. 'Digital' ka arth hai computer aur anya electronic aavedan, jahan hum data ko digital roop mein rakhte hain. 'Humanities' ka arth hai mānusya ke vichar, sanskriti, itihās, adhyatmik gyan adhiniyam, shiksha, aur anya shaastriya vidnyān ki kshetr."
ast,Asturian,Digital Humanities,Humanidaes Dixtales,"```json
{
  ""translated_term"": ""Humanidaes Dixtales"",
  ""translation_rationale"": ""La pallabra \""Digital\"" fai referencia a la naturaleza digital de les Humanidaes. El prefixu «dixtable» (del inglés digital) s'usa pa referise a coses que se manipulen y entiendan en forma de codigos numéricos. L'oxetivu d'esta disciplina ye utilizar les tecnoloxíes p'analizar, preservar y presentar les obres culturales y la información histórica.""
}
```",2026-04-07T07:45:41.671245Z,stop,130.0,1495272704.0,[],83501458.0,llama3.1,160.0,364222500.0,1980520917.0,,,,2026-04-07 08:45:41,True,,True,,True,,False,"La pallabra ""Digital"" fai referencia a la naturaleza digital de les Humanidaes. El prefixu «dixtable» (del inglés digital) s'usa pa referise a coses que se manipulen y entiendan en forma de codigos numéricos. L'oxetivu d'esta disciplina ye utilizar les tecnoloxíes p'analizar, preservar y presentar les obres culturales y la información histórica."
arz,Egyptian Arabic,Digital Humanities,الانجازات الديجيتالية,"{
  ""translated_term"": ""الانجازات الديجيتالية"",
  ""translation_rationale"": ""باستخدام المصادر المختلفة، وجدت أن كلمة \""Humanities\"" تعني «علوم الإنسانية» في الأصل، وتشمل الفنون والفلسفة والتاريخ. أما كلمة «Digital» فتعني بشكل واضح التعامل مع البيانات بتقنية المعلومات. لذلك، استخدمت تركيبة الكلمات لتكون متوافقة مع المعاني المطلوبة، فأصبحت الانجازات الديجيتالية تشمل علوم الإنسانية المتعلقة بالتقنية.""
}",2026-04-07T07:45:37.666291Z,stop,140.0,1608307417.0,[],73700792.0,llama3.1,152.0,346254542.0,2069050334.0,,,,2026-04-07 08:45:37,True,,True,,True,,False,"باستخدام المصادر المختلفة، وجدت أن كلمة ""Humanities"" تعني «علوم الإنسانية» في الأصل، وتشمل الفنون والفلسفة والتاريخ. أما كلمة «Digital» فتعني بشكل واضح التعامل مع البيانات بتقنية المعلومات. لذلك، استخدمت تركيبة الكلمات لتكون متوافقة مع المعاني المطلوبة، فأصبحت الانجازات الديجيتالية تشمل علوم الإنسانية المتعلقة بالتقنية."
arc,Aramaic,Digital Humanities,,"'{' 
'translated_term': 'ܝܠܕܘ ܚܘܡܬܐ',
'translation_rationale': 'ܗܘܦܪܢܐ ܕܠܗܘܐ ܒܟܣܘܬܐ ܕܓܙܝܬܐ ܚܘܡܬܐ. ܗܘܦܪܢܐ ܠܥܘܒܐ ܕܗܘܐ ܡܟܬܘܬܐ, ܠܝܬܩܕܡܘܗܝ ܘܠܚܙܘܬܐ.' 
'}'",2026-04-07T07:45:33.566632Z,stop,183.0,2111191039.0,[],85273833.0,llama3.1,160.0,369786042.0,2608567416.0,,,,2026-04-07 08:45:33,True,,True,,True,,False,
ang,Anglo-Saxon / Old English,Digital Humanities,Witenagemōtscēalcung,"{'translated_term': 'Witenagemōtscēalcung', 'translation_rationale': 'Bēoþ ānne sēo rædere tō nīwan witan, ""Digital Humanities"" is a term that describes the intersection of humanist inquiry and digital technologies. Witenagemōtscēalcung is a compound word made up of ""witenagemōt"", meaning council or assembly (from ""witena gemōt""), and ""cēalcung"", which means skill or expertise.'}",2026-04-07T07:45:28.932449Z,stop,112.0,1290693830.0,"[{'translated_term': 'Witenagemōtscēalcung', 'translation_rationale': 'Bēoþ ānne sēo rædere tō nīwan witan, ""Digital Humanities"" is a term that describes the intersection of humanist inquiry and digital technologies. Witenagemōtscēalcung is a compound word made up of ""witenagemōt"", meaning council or assembly (from ""witena gemōt""), and ""cēalcung"", which means skill or expertise.'}]",79723792.0,llama3.1,192.0,392152375.0,1792621708.0,Witenagemōtscēalcung,,,2026-04-07 08:45:28,True,,True,,True,,False,"Bēoþ ānne sēo rædere tō nīwan witan, ""Digital Humanities"" is a term that describes the intersection of humanist inquiry and digital technologies. Witenagemōtscēalcung is a compound word made up of ""witenagemōt"", meaning council or assembly (from ""witena gemōt""), and ""cēalcung"", which means skill or expertise."
als,Alemannic,Digital Humanities,Digitali Humanitäre,"{
  ""translated_term"": ""Digitali Humanitäre"",
  ""translation_rationale"": ""Wir hänne di Begriff 'Digital Humanities' übersetzt. Es geits um die wüsseschaftliche Arbet mit digitale Methode, wo me si de Kunst und de Wüsseschafte zämme bringe. 'Digitali' chunnt vum Alemannische Wort für «digitale» oder «zittrich», also heisst es, wänn mä mitem Computer schafft. 'Humanitäre' chunnt us em Hochdeutsch und bedütet soväl wie 'Humanistisch' oder 'kulturell'. D'Sammelebene zämme bringe die Bedütig vonem Begriff z Stand.""
}",2026-04-07T07:45:25.112933Z,stop,173.0,2007814529.0,[],1288159708.0,llama3.1,168.0,420054083.0,3765076041.0,,,,2026-04-07 08:45:25,False,Shkencat Humane Dixhitale,True,,True,,False,"Wir hänne di Begriff 'Digital Humanities' übersetzt. Es geits um die wüsseschaftliche Arbet mit digitale Methode, wo me si de Kunst und de Wüsseschafte zämme bringe. 'Digitali' chunnt vum Alemannische Wort für «digitale» oder «zittrich», also heisst es, wänn mä mitem Computer schafft. 'Humanitäre' chunnt us em Hochdeutsch und bedütet soväl wie 'Humanistisch' oder 'kulturell'. D'Sammelebene zämme bringe die Bedütig vonem Begriff z Stand."
ja,Japanese,Digital Humanities,プロスャインズート・マンド,"{
  'translated_term': '\u30d7\u30ed\u30b9\u30e3\u30a4\u30f3\u30ba\u30fc\u30c8\u30fb\u30de\u30f3\u30c9',
  'translation_rationale': '\u30d5\u30a1\u30af\u30bb\u30e9\u30dc\u3067\u304b\u3089\u4ec0\u538b\u3092\u5df1\u53e3\u3001\u8aad\u524d\u306f\u4eca\u5929\u6b66\u5b88\u3053\u308c\u308b\u5408\u9001\u304c\u307e\u3057\u304d\u307e\u3059'
}",2026-04-04T14:24:35.137471Z,stop,172.0,2000917285.0,[],78709125.0,llama3.1,144.0,372149584.0,2497940541.0,,デジタル・ヒューマニティーズ,デジタル・ヒューマニティーズ,2026-04-04 09:24:35,False,デジタルヒューマニティーズ,True,,False,デジタル人文学,False,ファクセラボでから什压を己口、読前は今天武守これる合送がましきます
zu,Zulu,Digital Humanities,iBhodi yeNtla,"{
  ""translated_term"": ""iBhodi yeNtla"",
  ""translation_rationale"": ""Ngisho lebhodi lwekunyezi, lo bheka i- Humanities. Lo bhodi bakaHulumende, kanti Humanities ibe kunyezi. Ngoba ngiphumelela ukuba kuwina amaNtu, ekuhlaleni kwabo nalo kuwina amaNtla (Digital).""
}",2026-04-04T03:45:31.854426Z,stop,100.0,1229193126.0,[],78433084.0,llama3.1,152.0,329540000.0,1666559709.0,,,Ezezibhangqiwe zoLuntu,2026-04-03 22:45:31,False,I-Digital Humanities,True,,False,Digital Humanities,False,"Ngisho lebhodi lwekunyezi, lo bheka i- Humanities. Lo bhodi bakaHulumende, kanti Humanities ibe kunyezi. Ngoba ngiphumelela ukuba kuwina amaNtu, ekuhlaleni kwabo nalo kuwina amaNtla (Digital)."
zh,Chinese,Digital Humanities,简亚家杀永,"{
  ""translated_term"": ""\u7b80\u4e9a\u5bb6\u6740\u6c38"",
  ""translation_rationale"": ""\u7b80\u4e9a\u548c\u6740\u6c38\u7684\u5408\u9002\uff0c\u5bb6\u6740\u6c38\u81ea\u6709\u67d0\u7c73\u53f3\u5b50\u628a\u5185\u90e8\u7cfb\u7edf\u4fe1\u606f\u7684\u5206\u679c\uff0c\u5bb6\u6740\u6c38\u662f\u5224\u56ef\u7c73\u53f3\u5916\u65b9\u7684\u8ba4\u5145\u589e\u3062\u3001\u5bb6\u6740\u6c38\u548c\u67d0\u7c73\u53f3\u592a\u8bf4\u56de\uff0c\u4ee5\u8fd9\u4e00\u4e02\u51b3\u7684\u5206\u679c\u3002""
}",2026-04-04T03:45:28.15816Z,stop,264.0,4386406621.0,[],68288334.0,llama3.1,144.0,358145958.0,4882512334.0,,,數位人文,2026-04-03 22:45:28,False,数字人文,False,数字人文,False,数字人文,False,简亚和杀永的合适，家杀永自有某米右子把内部系统信息的分果，家杀永是判囯米右外方的认充增ぢ、家杀永和某米右太说回，以这一丂决的分果。
za,"Zhuang, Chuang",Digital Humanities,Dizhí Wénhuà Suxié Zhōngyāng,"{'translated_term': 'Dizhí Wénhuà Suxié Zhōngyāng', 'translation_rationale': 'Tiz dih ji wuha daz sa xix dawj ya. Dizhí (digital) hau kuw wuha, Wenhuà (humanities) daz vah suxié (interdisciplinary approach), Zhōngyāng (center or hub).'}",2026-04-04T03:45:21.257966Z,stop,95.0,1180408751.0,"[{'translated_term': 'Dizhí Wénhuà Suxié Zhōngyāng', 'translation_rationale': 'Tiz dih ji wuha daz sa xix dawj ya. Dizhí (digital) hau kuw wuha, Wenhuà (humanities) daz vah suxié (interdisciplinary approach), Zhōngyāng (center or hub).'}]",66772542.0,llama3.1,176.0,363723250.0,1638406042.0,Dizhí Wénhuà Suxié Zhōngyāng,,,2026-04-03 22:45:21,True,,True,,True,,False,"Tiz dih ji wuha daz sa xix dawj ya. Dizhí (digital) hau kuw wuha, Wenhuà (humanities) daz vah suxié (interdisciplinary approach), Zhōngyāng (center or hub)."
yue,,Digital Humanities,dajit faa jan fan kei,"{
  ""translated_term"": ""dajit faa jan fan kei"",
  ""translation_rationale"": ""dajit faa jan fan kei yi ge yinying, taam2 si6 go3 di1 jat1 faa3 jan4 faan6 kei1, si6 jo1 ji4 dous4 faa3 gaa1 jeo5. Dajit faa jan fan kei heoi2 dei2 faan6 mong4 fong1 dou6 leuhk1. Faat3 dai2 yue1 go3 'dijit' maa5 ji4 siu2 'jih1 deon3 faat3' jo1 ji4 'faat3', taam2 si6 go3 dei2 'jan' jo1 ji4 'gaa1', faan6 kei1 yi1 ge3 yin1 sing4. Muih6 do1 faa3 jeo5 di1 faat3 gaa1 jeo5.""
}",2026-04-04T03:45:17.59835Z,stop,217.0,3183716785.0,[],77250042.0,llama3.1,145.0,322278083.0,3644145250.0,,,數碼人文學,2026-04-03 22:45:17,False,,False,,False,,False,"dajit faa jan fan kei yi ge yinying, taam2 si6 go3 di1 jat1 faa3 jan4 faan6 kei1, si6 jo1 ji4 dous4 faa3 gaa1 jeo5. Dajit faa jan fan kei heoi2 dei2 faan6 mong4 fong1 dou6 leuhk1. Faat3 dai2 yue1 go3 'dijit' maa5 ji4 siu2 'jih1 deon3 faat3' jo1 ji4 'faat3', taam2 si6 go3 dei2 'jan' jo1 ji4 'gaa1', faan6 kei1 yi1 ge3 yin1 sing4. Muih6 do1 faa3 jeo5 di1 faat3 gaa1 jeo5."
yo,Yoruba,Digital Humanities,Iwayẹlera Imọlẹrẹn,"{
  ""translated_term"": ""Iwayẹlera Imọlẹrẹn"",
  ""translation_rationale"": ""Oun tẹ̀rminọ̀ Iwayẹlera Imọlẹrẹn, ti gbajumo lórí imọlẹrẹn inawọn ẹni pẹlu agbáyé, ṣaáfù, àti idagbaso. Wón fi aṣẹfunmi iwe niṣe imọlẹrẹn nínú wọn, nitori tiwọn fún ipade ìsọdọtun ẹni.""
}",2026-04-04T03:45:11.921487Z,stop,137.0,1619774163.0,[],74634000.0,llama3.1,160.0,361769084.0,2093848208.0,,,,2026-04-03 22:45:11,False,Àwọn Ènìyàn Oní-nọ́ńbà,True,,False,Digital Humanities,False,"Oun tẹ̀rminọ̀ Iwayẹlera Imọlẹrẹn, ti gbajumo lórí imọlẹrẹn inawọn ẹni pẹlu agbáyé, ṣaáfù, àti idagbaso. Wón fi aṣẹfunmi iwe niṣe imọlẹrẹn nínú wọn, nitori tiwọn fún ipade ìsọdọtun ẹni."
yi,Yiddish,Digital Humanities,Dzigel-Humantiz,"{'translated_term': 'Dzigel-Humantiz', 'translation_rationale': 'Mentshn-kultuur un velt-shtot-historie, aroysgegebn tsvishn di klyantselun fun bibliyografye, arkiv-bibliyografye, un informatike shtatme.'}",2026-04-04T03:45:07.801542Z,stop,73.0,865627912.0,"[{'translated_term': 'Dzigel-Humantiz', 'translation_rationale': 'Mentshn-kultuur un velt-shtot-historie, aroysgegebn tsvishn di klyantselun fun bibliyografye, arkiv-bibliyografye, un informatike shtatme.'}]",69376542.0,llama3.1,160.0,377411917.0,1333255417.0,Dzigel-Humantiz,,,2026-04-03 22:45:07,False,דיגיטאַלע הומאַניטיעס,True,,False,דיגיטאַל הומאַניטיעס,False,"Mentshn-kultuur un velt-shtot-historie, aroysgegebn tsvishn di klyantselun fun bibliyografye, arkiv-bibliyografye, un informatike shtatme."
xh,Xhosa,Digital Humanities,Iingxelo zokuvula kwesizwe,"{
  ""translated_term"": ""Iingxelo zokuvula kwesizwe"",
  ""translation_rationale"": ""Nguye ukuze nje ukungena kwiingxelo ezizweni, ngcono okuninga kuDjithali. Kufuneka iindlela enye yenzayo yayipheleke ukungena kwakhe kwiingxelo ezisahlenywa. Nguye umuntu owaziyo ukuvula nokulandelana nakwesizwe, waphinda uyilawule ukuze nje kuDjithali ngcono noKhumo.""
}",2026-04-04T03:45:04.448057Z,stop,136.0,1694409247.0,[],73241584.0,llama3.1,161.0,373662750.0,2180486334.0,,,,2026-04-03 22:45:04,False,Uluntu lweDijithali,False,Ubuntu bamanani,False,Ubuntu beDijithali,False,"Nguye ukuze nje ukungena kwiingxelo ezizweni, ngcono okuninga kuDjithali. Kufuneka iindlela enye yenzayo yayipheleke ukungena kwakhe kwiingxelo ezisahlenywa. Nguye umuntu owaziyo ukuvula nokulandelana nakwesizwe, waphinda uyilawule ukuze nje kuDjithali ngcono noKhumo."
wo,Wolof,Digital Humanities,Digiitigal ngèete,"{
  'translated_term': 'Digiitigal ngèete',
  'translation_rationale': 'Saa dii ""Digital Humanities"" ko xéet si. Digiitigal yu di xëyam jàng, ngèet yu di muur ngir ñeenteer ak ngir yooniversité. Yàggu ba yiw si nu ci digganteer, ngir fuñuutte ak ngir déngekki.'
}",2026-04-04T03:45:00.24617Z,stop,105.0,1309876130.0,[],80318583.0,llama3.1,152.0,334509666.0,1756552458.0,,,,2026-04-03 22:45:00,False,Humanité numérique,True,,True,,False,"Saa dii ""Digital Humanities"" ko xéet si. Digiitigal yu di xëyam jàng, ngèet yu di muur ngir ñeenteer ak ngir yooniversité. Yàggu ba yiw si nu ci digganteer, ngir fuñuutte ak ngir déngekki."
wa,Walloon,Digital Humanities,,"I have translated ""Digital Humanities"" into Walloon:

{
  'translated_term': 'Les Humanités Digitalès',
  'translation_rationale': 'On trouve d'abéye les mots clés, ""digital"" et ""humanities"". Les mots clés ont des connotations similèyes. On peut donc dire que ""digital"" a l'équivalent en walon ""diyâl"", mais ça changrît trop l'expression. Pour garder la même connotation, on utilise le suffixe ""-alis"" di -alisation'. 
}",2026-04-04T03:44:56.465378Z,stop,118.0,1368262213.0,[],78669708.0,llama3.1,152.0,329777375.0,1810391542.0,,,,2026-04-03 22:44:56,True,,True,,True,,False,
vo,Volapük,Digital Humanities,Digitaledälskül,"{
  ""translated_term"": ""Digitaledälskül"",
  ""translation_rationale"": ""Iümädainikas äs läsda eda digital, hävedän: Digital. Ädakünielidän: Humanitäts. Edalädadilädan: Digitaledälskül.""
}",2026-04-04T03:44:52.62381Z,stop,74.0,862767130.0,[],80826875.0,llama3.1,160.0,365021541.0,1329450625.0,,,,2026-04-03 22:44:52,True,,True,,True,,False,"Iümädainikas äs läsda eda digital, hävedän: Digital. Ädakünielidän: Humanitäts. Edalädadilädan: Digitaledälskül."
vi,Vietnamese,Digital Humanities,Nghiên cứu Nguồn thông tin Số hóa,"{'translated_term': 'Nghiên cứu Nguồn thông tin Số hóa', 'translation_rationale': 'Từ ""Digital Humanities"" được chia thành hai phần chính. Trước hết, chúng tôi đã dịch từ ""Humanities"" bằng cách sử dụng từ đồng nghĩa là ""Nghiên cứu con người"" hoặc ""Nghiên cứu nhân văn"", nhưng để phù hợp với ngôn ngữ và đặc điểm của ngành học, chúng tôi đã chọn từ ""Nghiên cứu Nguồn thông tin"". Sau đó, chúng tôi đã thêm từ ""Số hóa"" vào đầu để chỉ ra tính chất số hóa của phương pháp nghiên cứu này. Đây là một cách giải thích chung về ý nghĩa của thuật ngữ ""Digital Humanities"" trong tiếng Việt.'}",2026-04-04T03:44:49.265308Z,stop,155.0,2124319379.0,"[{'translated_term': 'Nghiên cứu Nguồn thông tin Số hóa', 'translation_rationale': 'Từ ""Digital Humanities"" được chia thành hai phần chính. Trước hết, chúng tôi đã dịch từ ""Humanities"" bằng cách sử dụng từ đồng nghĩa là ""Nghiên cứu con người"" hoặc ""Nghiên cứu nhân văn"", nhưng để phù hợp với ngôn ngữ và đặc điểm của ngành học, chúng tôi đã chọn từ ""Nghiên cứu Nguồn thông tin"". Sau đó, chúng tôi đã thêm từ ""Số hóa"" vào đầu để chỉ ra tính chất số hóa của phương pháp nghiên cứu này. Đây là một cách giải thích chung về ý nghĩa của thuật ngữ ""Digital Humanities"" trong tiếng Việt.'}]",81254875.0,llama3.1,144.0,333923542.0,2585793208.0,Nghiên cứu Nguồn thông tin Số hóa,,Nhân văn số,2026-04-03 22:44:49,False,Nhân văn kỹ thuật số,False,Hệ bình bình bình bình bình bình bình bình bình bình bình bình bình bình bình bình bình đẳng,False,Nhân văn kỹ thuật số,False,"Từ ""Digital Humanities"" được chia thành hai phần chính. Trước hết, chúng tôi đã dịch từ ""Humanities"" bằng cách sử dụng từ đồng nghĩa là ""Nghiên cứu con người"" hoặc ""Nghiên cứu nhân văn"", nhưng để phù hợp với ngôn ngữ và đặc điểm của ngành học, chúng tôi đã chọn từ ""Nghiên cứu Nguồn thông tin"". Sau đó, chúng tôi đã thêm từ ""Số hóa"" vào đầu để chỉ ra tính chất số hóa của phương pháp nghiên cứu này. Đây là một cách giải thích chung về ý nghĩa của thuật ngữ ""Digital Humanities"" trong tiếng Việt."
ve,Venda,Digital Humanities,Mashoko ra Nkuku Dzima,"{
  ""translated_term"": ""Mashoko ra Nkuku Dzima"",
  ""translation_rationale"": ""Nkuku dzima kureva tin'wana ne mashoko, mashoro ayo ane maku na vunhu. Mhambiwe mashoko aye ari ku dza Dzima, zwi taka kuti digital, zwi taka kuti humanities. Kuti digital, ndiyo taka kureva n'wana ya khethu, n'wana yayo ina makhu na vunhu, iye ane mashoro awo amakhu na vunhu. Mashoko ra nkuku dzima, zwi taka kuti 'Digital Humanities'.""
}",2026-04-04T03:44:44.651614Z,stop,160.0,2203180082.0,[],79378375.0,llama3.1,152.0,335670875.0,2662641125.0,,,,2026-04-03 22:44:44,False,Vhuthu ha Didzhithala,True,,True,,False,"Nkuku dzima kureva tin'wana ne mashoko, mashoro ayo ane maku na vunhu. Mhambiwe mashoko aye ari ku dza Dzima, zwi taka kuti digital, zwi taka kuti humanities. Kuti digital, ndiyo taka kureva n'wana ya khethu, n'wana yayo ina makhu na vunhu, iye ane mashoro awo amakhu na vunhu. Mashoko ra nkuku dzima, zwi taka kuti 'Digital Humanities'."
uz,Uzbek,Digital Humanities,Dijital Ilm-fan,"{'translated_term': 'Dijital Ilm-fan', 'translation_rationale': 'Bu so\'zlar o\'zbek tiliga tarjima qilinganda, ""Digital Humanities"" deb nomlanuvchi ilmiy-texnik soha tushuniladi. ""Dijital"" so\'zi ""kompyuter"" yoki ""internet"" degan ma\'noni anglatadi, chunki bu soha foydalanishga kompyuter va internet texnologiyalarini keng qo\'llaydi. ""Ilm-fan"" esa olimlar uchun qo\'llaniladigan umumiy atama bo\'lib xizmat qiladi, unda ilmiy tadqiqotlar va fannanlarni anglatadi.'}",2026-04-04T03:44:39.958575Z,stop,176.0,2389277332.0,"[{'translated_term': 'Dijital Ilm-fan', 'translation_rationale': 'Bu so\'zlar o\'zbek tiliga tarjima qilinganda, ""Digital Humanities"" deb nomlanuvchi ilmiy-texnik soha tushuniladi. ""Dijital"" so\'zi ""kompyuter"" yoki ""internet"" degan ma\'noni anglatadi, chunki bu soha foydalanishga kompyuter va internet texnologiyalarini keng qo\'llaydi. ""Ilm-fan"" esa olimlar uchun qo\'llaniladigan umumiy atama bo\'lib xizmat qiladi, unda ilmiy tadqiqotlar va fannanlarni anglatadi.'}]",78480917.0,llama3.1,144.0,335960542.0,2853191458.0,Dijital Ilm-fan,,,2026-04-03 22:44:39,False,Raqamli gumanitar fanlar,True,,False,Raqamli gumanitar fanlar,False,"Bu so'zlar o'zbek tiliga tarjima qilinganda, ""Digital Humanities"" deb nomlanuvchi ilmiy-texnik soha tushuniladi. ""Dijital"" so'zi ""kompyuter"" yoki ""internet"" degan ma'noni anglatadi, chunki bu soha foydalanishga kompyuter va internet texnologiyalarini keng qo'llaydi. ""Ilm-fan"" esa olimlar uchun qo'llaniladigan umumiy atama bo'lib xizmat qiladi, unda ilmiy tadqiqotlar va fannanlarni anglatadi."
ur,Urdu,Digital Humanities,ڈิจٹل مानवیات,"{
  ""translated_term"": ""ڈิจٹل مानवیات"",
  ""translation_rationale"": ""دلائل کے طور پر، اس کو اردو میں ترجمہ کرنا تھا اور مجھے پتہ چلا کہ یہ اصطلاح انگریزی سے متاثر ہے۔ لہذا، میں نے انگریزی کی بنیاد پر اردو ترجمہ کو آسان بنانے کا فیصلہ کیا۔ ""
}",2026-04-04T03:44:35.079314Z,stop,127.0,1571902370.0,[],77105375.0,llama3.1,144.0,333593791.0,2018921709.0,,,,2026-04-03 22:44:35,False,ڈیجیٹل ہیومینٹیز,False,انسانی کمزوریوں کی وجہ سے,False,ڈیجیٹل ہیومینٹیز,False,دلائل کے طور پر، اس کو اردو میں ترجمہ کرنا تھا اور مجھے پتہ چلا کہ یہ اصطلاح انگریزی سے متاثر ہے۔ لہذا، میں نے انگریزی کی بنیاد پر اردو ترجمہ کو آسان بنانے کا فیصلہ کیا۔ 
uk,Ukrainian,Digital Humanities,Гуманітарні інформаційні науки,"{
  ""translated_term"": ""Гуманітарні інформаційні науки"",
  ""translation_rationale"": ""Назву «Дigital Humanities» українською мовою можна перекласти як «Гуманітарні інформаційні науки». Переклад здійснюється шляхом поєднання слів 'гуманітарні' та 'інформаційні науки', що відповідають україномовній еквівалентності англійського терміну. У цьому випадку під «гуманітарними науками» розуміються галузі досліджень, які застосовують інформаційно-комунікаційні технології до вивчення суспільствознавчих дисциплін та мистецтва.""
}",2026-04-04T03:44:31.032377Z,stop,143.0,1748786329.0,[],65900333.0,llama3.1,144.0,361555041.0,2221616166.0,,,Цифрові гуманітарні науки,2026-04-03 22:44:31,False,Цифрові гуманітарні науки,False,Цифрові гуманітарні дані,False,Цифрові гуманітарні,False,"Назву «Дigital Humanities» українською мовою можна перекласти як «Гуманітарні інформаційні науки». Переклад здійснюється шляхом поєднання слів 'гуманітарні' та 'інформаційні науки', що відповідають україномовній еквівалентності англійського терміну. У цьому випадку під «гуманітарними науками» розуміються галузі досліджень, які застосовують інформаційно-комунікаційні технології до вивчення суспільствознавчих дисциплін та мистецтва."
ug,"Uighur, Uyghur",Digital Humanities,قەھرىمانلىقتىن تىكنىكى,"{
  ""translated_term"": ""قەھرىمانلىقتىن تىكنىكى"",
  ""translation_rationale"": ""قەھرىمانلىقتىن سۆزسىز مەدەنىيىتى نىڭ كېلىپ چىقىشىدىن باشلاپ، يۇقىرى تەرەققىياتىنى كۆزدە ئالغان بىئولىگىكىلىق مەدەنىيىتىنىڭ نويىسى بولىدۇ. سۆزسىز مەدەنىيتىمىز تارىخى، مەدەنىيتىمىز ئاساسلىقى كتاپلاردا ساقلانغان، بىئولىگىكىلىق تىكنىكىنىڭ قىسما، دىجىتال تەرەققىياتى بىر يۈزلەپ ھېسابلاشقا بولمايدۇ.""
}",2026-04-04T03:44:26.792377Z,stop,260.0,4075392120.0,[],71110250.0,llama3.1,192.0,407954333.0,4623249750.0,,,,2026-04-03 22:44:26,False,رەقەملىك ئىنسانىيەت,True,,False,رەقەملىك ئادىمىيەت,False,قەھرىمانلىقتىن سۆزسىز مەدەنىيىتى نىڭ كېلىپ چىقىشىدىن باشلاپ، يۇقىرى تەرەققىياتىنى كۆزدە ئالغان بىئولىگىكىلىق مەدەنىيىتىنىڭ نويىسى بولىدۇ. سۆزسىز مەدەنىيتىمىز تارىخى، مەدەنىيتىمىز ئاساسلىقى كتاپلاردا ساقلانغان، بىئولىگىكىلىق تىكنىكىنىڭ قىسما، دىجىتال تەرەققىياتى بىر يۈزلەپ ھېسابلاشقا بولمايدۇ.
ty,Tahitian,Digital Humanities,Puna o te Fenua Hou,"{
  ""translated_term"": ""Puna o te Fenua Hou"",
  ""translation_rationale"": ""Puna, he fenua hou ana i roto ihaa o te raʻiātea no te fafahine. Te tūtavea arohaʻi, pōtahi maʻatua, iā iana mau ʻitiiti.""
}",2026-04-04T03:44:20.148432Z,stop,90.0,1084129288.0,[],78627458.0,llama3.1,152.0,331804875.0,1519935166.0,,,,2026-04-03 22:44:20,False,Te mau taata mamati,False,Digital Te mau mea ora o te taata,True,,False,"Puna, he fenua hou ana i roto ihaa o te raʻiātea no te fafahine. Te tūtavea arohaʻi, pōtahi maʻatua, iā iana mau ʻitiiti."
tw,Twi,Digital Humanities,Akyensedeɛ Mmara,"{
  ""translated_term"": ""Akyensedeɛ Mmara"",
  ""translation_rationale"": ""Wɔfiri w\'a nsɛm a w\'awiee w\'adii maa kasa bi. Akyensedeɛ maa mu bi, mmara nti baako, saa no w\'abɛyɛe dii sika kakra ahorow. Di nteaseɛ twam, w\'abɛtumi asraa ne sɔsuaa bi bae adwumapɔn pii. Akyensedeɛ Mmara maa no, Ɔhene no paa, aseɛw w\'akyerekye mu, mmara baako nti dii sika kakra ahorow.""
}",2026-04-04T03:44:16.601267Z,stop,183.0,2538372787.0,[],83419250.0,llama3.1,152.0,363687250.0,3035605666.0,,,,2026-04-03 22:44:16,False,Digitals Nnipa Ho Adesua,False,Nneɛma a Ɛyɛ Hu,True,,False,"Wɔfiri w'a nsɛm a w'awiee w'adii maa kasa bi. Akyensedeɛ maa mu bi, mmara nti baako, saa no w'abɛyɛe dii sika kakra ahorow. Di nteaseɛ twam, w'abɛtumi asraa ne sɔsuaa bi bae adwumapɔn pii. Akyensedeɛ Mmara maa no, Ɔhene no paa, aseɛw w'akyerekye mu, mmara baako nti dii sika kakra ahorow."
tt,Tatar,Digital Humanities,Digital Alşaralar,"{
  ""translated_term"": ""Digital Alşaralar"",
  ""translation_rationale"": ""Bu termin digital сәнгать тармагында кулланылган. 'Digital' ulkanläp бишмияклар яки халпулчан эшләр дип аңлатыла, шулай ук мәгълүмати технологияләрне биләв дип тә аңлата. 'Humanities' сәнгать, фәлсәфә һәм социаль фәннәрне көбәйтә. Моның өчен, ике төшенчәне бергә уйлау мөмкин; аларны беркем дә гадел аңлата алмагач, мин аны Tatar телендә 'Digital Alşaralar' буларак үзгәртәм.""
}",2026-04-04T03:44:11.539594Z,stop,245.0,3785076048.0,[],88102000.0,llama3.1,152.0,365227958.0,4313400542.0,,,,2026-04-03 22:44:11,False,Цифрлы гуманитар фәннәр,True,,False,Санлы гуманитар,False,"Bu termin digital сәнгать тармагында кулланылган. 'Digital' ulkanläp бишмияклар яки халпулчан эшләр дип аңлатыла, шулай ук мәгълүмати технологияләрне биләв дип тә аңлата. 'Humanities' сәнгать, фәлсәфә һәм социаль фәннәрне көбәйтә. Моның өчен, ике төшенчәне бергә уйлау мөмкин; аларны беркем дә гадел аңлата алмагач, мин аны Tatar телендә 'Digital Alşaralar' буларак үзгәртәм."
ts,Tsonga,Digital Humanities,Mabalezi Akauyo,"{
  ""translated_term"": ""Mabalezi Akauyo"",
  ""translation_rationale"": ""Ndi a nyama ku Digital Humanities, hlangana no vha tsamba i ri kona mune. Ku ntoki kwa hlanganiso la baleli na akauyo, loko lingahala leta lela kona. Akauyo yin'wi ku taalwa tala ku ria kona, ngaha ni Digital Humanities.""
}",2026-04-04T03:44:05.197679Z,stop,104.0,1287602835.0,[],77619750.0,llama3.1,152.0,333932375.0,1728658708.0,,,,2026-04-03 22:44:05,False,Vutivi bya Vanhu bya Dijitali,False,Vutivi Bya Vanhu,True,,False,"Ndi a nyama ku Digital Humanities, hlangana no vha tsamba i ri kona mune. Ku ntoki kwa hlanganiso la baleli na akauyo, loko lingahala leta lela kona. Akauyo yin'wi ku taalwa tala ku ria kona, ngaha ni Digital Humanities."
tr,Turkish,Digital Humanities,Dijital İnsan Bilimleri,"{'translated_term': 'Dijital İnsan Bilimleri', 'translation_rationale': 'Sözcük ""dijital"" İngilizcede ""digital"" ve ""insan bilimleri"" ise ""humanities"" olan iki ayrı terimi ifade etmektedir. ""Humanities"" kelimesini Türkçede ""insan bilimleri"" olarak çevirmek daha doğru bir seçenek gibi görünmektedir, zira bu dilbilimsel yaklaşım Türkçede yaygın olarak kabul görmüştür. Dolayısıyla, bu iki sözcükten oluşan terimi ""dijital insan bilimleri"" olarak adlandırmanın daha uygun olacağını düşündüm.'}",2026-04-04T03:44:01.44368Z,stop,137.0,1784543001.0,"[{'translated_term': 'Dijital İnsan Bilimleri', 'translation_rationale': 'Sözcük ""dijital"" İngilizcede ""digital"" ve ""insan bilimleri"" ise ""humanities"" olan iki ayrı terimi ifade etmektedir. ""Humanities"" kelimesini Türkçede ""insan bilimleri"" olarak çevirmek daha doğru bir seçenek gibi görünmektedir, zira bu dilbilimsel yaklaşım Türkçede yaygın olarak kabul görmüştür. Dolayısıyla, bu iki sözcükten oluşan terimi ""dijital insan bilimleri"" olarak adlandırmanın daha uygun olacağını düşündüm.'}]",78340000.0,llama3.1,144.0,334679292.0,2235888375.0,Dijital İnsan Bilimleri,,Dijital beşeri bilimler,2026-04-03 22:44:01,False,Dijital Beşeri Bilimler,True,,False,Dijital Beşeri Bilimler,False,"Sözcük ""dijital"" İngilizcede ""digital"" ve ""insan bilimleri"" ise ""humanities"" olan iki ayrı terimi ifade etmektedir. ""Humanities"" kelimesini Türkçede ""insan bilimleri"" olarak çevirmek daha doğru bir seçenek gibi görünmektedir, zira bu dilbilimsel yaklaşım Türkçede yaygın olarak kabul görmüştür. Dolayısıyla, bu iki sözcükten oluşan terimi ""dijital insan bilimleri"" olarak adlandırmanın daha uygun olacağını düşündüm."
to,Tonga,Digital Humanities,Fakataha Fakatu'utupu,"{
  ""translated_term"": ""Fakataha Fakatu'utupu"",
  ""translation_rationale"": ""Na'e ngāueʻaki ko e fakataha, naʻe ʻosi leva ha tuʻutupu pe hake, pea kuo taliʻi mo ha ngaahi meamea ʻoku taukiʻi mo e tuʻutupu ʻo Tongá. Ko hoku fakamatala ko e fakataha ʻaia fakatu'utupu, pehe na ko e 'oongoi taha o e kafa fakatu'utupu, pea ʻinaki mo e faifai ki he meamea ʻa Tongá.""
}",2026-04-04T03:43:57.175834Z,stop,170.0,2374207961.0,[],78003292.0,llama3.1,152.0,338643334.0,2837897958.0,,,,2026-04-03 22:43:57,False,Ngaahi Ngaue Fakaetangata Fakakomipiuta,False,"Ngaahi Anga'itangata "" o e Fa'ahinga "" o e Tangatá",True,,False,"Na'e ngāueʻaki ko e fakataha, naʻe ʻosi leva ha tuʻutupu pe hake, pea kuo taliʻi mo ha ngaahi meamea ʻoku taukiʻi mo e tuʻutupu ʻo Tongá. Ko hoku fakamatala ko e fakataha ʻaia fakatu'utupu, pehe na ko e 'oongoi taha o e kafa fakatu'utupu, pea ʻinaki mo e faifai ki he meamea ʻa Tongá."
tn,Tswana,Digital Humanities,Thimphapi le Makwetlhakore,"{
  ""translated_term"": ""Thimphapi le Makwetlhakore"",
  ""translation_rationale"": ""E re thelago thimphapi, e re fela makwetlhakore. Thimphapi li tlhagamelle go ba rona ka digiti, joalo ka kompyuta, lesedi la internet le letsholo. Makwetlhakore a rona ke setswana sa tlhalo ya thimphapi, e re batlama ka tsa bone go ba reng otlhe, morwa, metse ya lefelo, tshedimo le lefatshe.""
}",2026-04-04T03:43:52.304854Z,stop,140.0,1826210834.0,[],79167209.0,llama3.1,152.0,319095583.0,2263930959.0,,,,2026-04-03 22:43:52,False,Dithuto tsa Botho tsa Dijithale,False,Batho ba ba Itshekileng,True,,False,"E re thelago thimphapi, e re fela makwetlhakore. Thimphapi li tlhagamelle go ba rona ka digiti, joalo ka kompyuta, lesedi la internet le letsholo. Makwetlhakore a rona ke setswana sa tlhalo ya thimphapi, e re batlama ka tsa bone go ba reng otlhe, morwa, metse ya lefelo, tshedimo le lefatshe."
tl,Tagalog,Digital Humanities,,"{'translated_term': 'Digital na Panitikà', 'translation_rationale': 'Ayon sa aking pag-unawa, ang Digital Humanities ay tumutukoy sa isang bagong disiplina na naglalarawak ng mga pananaw at gawi sa pag-aaral ng kasaysayan, panitikan, at iba pang sinaunang mga tekstong digital. Kaya't ginamit ko ang salitang ""digital"" na nasa orihinal na Ingles, at sinundan ito ng ""na Panitikà"" upang mabigyan ito ng kahulugan sa Tagalog.'}",2026-04-04T03:43:48.008515Z,stop,138.0,1803781921.0,[],78431875.0,llama3.1,152.0,333037417.0,2256564000.0,,,,2026-04-03 22:43:48,False,Digital Humanities,False,Digital na mga Tao,False,Digital Humanities,False,
tk,Turkmen,Digital Humanities,Dijital Insançılık,"{
    ""translated_term"": ""Dijital Insançılık"",
    ""translation_rationale"": ""Termiň häsiýeti: \""Digital\"" ýa-da \""dijital\"" sözüniň türkmençe tarjymalary: ""dijital"", ""internet"", ""kompyuter"" dürli sözlüriýada ulanylýar. Biziň üstiňde «Dijital Insançılık» adynda häsiýeti ulanylýança, häsiýet edilen terminiň ýaly bolmalydyr. Insançılık sözüniň tarjymasynda Türkmenistan ýazyjylar Birliçesi (2019) töweregine görä, \""insançylyk\"" - ""inşaa"" ýa-da «hazyrat» ýa-da \""tarap\"" ýaly tarjamalanylýadyr. ""
}",2026-04-04T03:43:43.720731Z,stop,205.0,3199737745.0,[],66827333.0,llama3.1,152.0,332957708.0,3656865417.0,,,,2026-04-03 22:43:43,False,Sanly ynsanperwerlik,True,,False,Sanly gumanitar ylymlar,False,"Termiň häsiýeti: ""Digital"" ýa-da ""dijital"" sözüniň türkmençe tarjymalary: "
ti,Tigrinya,Digital Humanities,ድግሊ ማእከለ,"{
  ""translated_term"": ""ድግሊ ማእከለ"",
  ""translation_rationale"": ""ተራቅ ይለም ዕሩ ኣሎ ሃጢሮ አርፎሞኦርነ ስሜን እህኖቸው, ከኩዚ ዝሪካና ማእከለ.""
}",2026-04-04T03:43:38.03676Z,stop,157.0,2021767250.0,[],81876000.0,llama3.1,160.0,380492209.0,2523711625.0,,,,2026-04-03 22:43:38,False,ዲጂታል ሰብኣዊ ስነፍልጠት,False,ሰብኣዊ ባህርያት,True,,False,"ተራቅ ይለም ዕሩ ኣሎ ሃጢሮ አርፎሞኦርነ ስሜን እህኖቸው, ከኩዚ ዝሪካና ማእከለ."
th,Thai,Digital Humanities,บอันก้าจที่ย,"{
  ""translated_term"": ""\u0e1a\u0e2d\u0e31\u0e19\u0e01\u0e49\u0e32\u0e08\u0e17\u0e35\u0e48\u0e22"",
  ""translation_rationale"": ""\u0e40\u0e2a\u0e1b\u0e38\u0e02 \u0e14\u0e42\u0e19\u0e37\u0e01\u0e49\u0e32\u0e08\u0e17\u0e35\u0e48\u0e22. \u0e40\u0e04\u0e1a\u0e31\u0e2d\u0e23\u0e01\u0e16\u0e49\u0e20\u0e19\u0e37\u0e17\u0e34\u0e07\u0e14\u0e48\u0e22\u0e04\u0e1a\u0e35\u0e25 \u0e15\u0e2d\u0e30\u0e08\u0e4c\u0e49, \u0e40\u0e07\u0e14\u0e01\u0e31\u0e27\u0e37\u0e04\u0e21\u0e19.""
}",2026-04-04T03:43:33.482625Z,stop,301.0,5305828658.0,[],79720542.0,llama3.1,144.0,334899584.0,5792143250.0,,มนุษยศาสตร์ดิจิทัล,มนุษยศาสตร์ดิจิทัล,2026-04-03 22:43:33,False,มนุษยศาสตร์ดิจิทัล,True,,False,มนุษยศาสตร์ดิจิทัล,False,"เสปุข ดโนืก้าจที่ย. เคบัอรกถ้ภนืทิงด่ยคบีล ตอะจ์้, เงดกัวืคมน."
tg,Tajik,Digital Humanities,Adabiyoti Digital,"{
  ""translated_term"": ""Adabiyoti Digital"",
  ""translation_rationale"": ""\u0627\u0636\u0628 \u0641\u0642\u06d5 \u06cc\u06a9\u06c1\u06b4\u06be\u06c3\u06d0\u06bf\u06af\u062f \u062f\u06cc\u06ac\u06c3\u06b7\u06bf\u06ab \u0636\u0631\u0648\u06a9\u06b4\u06bc""
}",2026-04-04T03:43:25.665268Z,stop,124.0,1509960876.0,[],80370208.0,llama3.1,152.0,332119458.0,1954895625.0,,,,2026-04-03 22:43:25,False,Гуманитаризми рақамӣ,True,,False,Гуманитарии рақамӣ,False,اضب فقە یکہڴھۃېڿگد دیڬۃڷڿګ ضروکڴڼ
te,Telugu,Digital Humanities,డిజిటల్ మానవశాస్త్రం,"{
  ""translated_term"": ""డిజిటల్ మానవశాస్త్రం"",
  ""translation_rationale"": ""అక్షరాలపై ఆధారపడిన మానవ శాస్త్రం అని భావం. మానవ జీవితాలు, సంఘటనలు, కళారూపాలను డిజిటైజ్ చేయగల అధ్యయనమే దీని""
}",2026-04-04T03:43:21.681847Z,stop,239.0,3974391589.0,[],82189375.0,llama3.1,152.0,332251208.0,4447792583.0,,,,2026-04-03 22:43:21,False,డిజిటల్ హ్యుమానిటీస్,True,,False,డిజిటల్ హ్యుమానిటీస్,False,"అక్షరాలపై ఆధారపడిన మానవ శాస్త్రం అని భావం. మానవ జీవితాలు, సంఘటనలు, కళారూపాలను డిజిటైజ్ చేయగల అధ్యయనమే దీని"
ta,Tamil,Digital Humanities,டிஜிட்டல் உமாநீதி,"{'translated_term': 'டிஜிட்டல் உமாநீதி', 'translation_rationale': 'புள்ளுக்கள், கணினியில் ஒரு சாதனம், எழுத்தை உள்ளடக்கி. இவை தொழில்நுட்பங்களையும் அறிவையும் சோதிடமான ஆராய்ச்சி, பல்துறை உள்ளடக்கம்.'}",2026-04-04T03:43:15.206402Z,stop,211.0,3198002879.0,"[{'translated_term': 'டிஜிட்டல் உமாநீதி', 'translation_rationale': 'புள்ளுக்கள், கணினியில் ஒரு சாதனம், எழுத்தை உள்ளடக்கி. இவை தொழில்நுட்பங்களையும் அறிவையும் சோதிடமான ஆராய்ச்சி, பல்துறை உள்ளடக்கம்.'}]",83653708.0,llama3.1,144.0,331165958.0,3666064417.0,டிஜிட்டல் உமாநீதி,எண்ணிம மனிதவியல்,எண்ணிம மனிதவியல்,2026-04-03 22:43:15,False,டிஜிட்டல் மானுடவியல்,True,,False,டிஜிட்டல் மனிதநேயம்,False,"புள்ளுக்கள், கணினியில் ஒரு சாதனம், எழுத்தை உள்ளடக்கி. இவை தொழில்நுட்பங்களையும் அறிவையும் சோதிடமான ஆராய்ச்சி, பல்துறை உள்ளடக்கம்."
sw,Swahili,Digital Humanities,Uhandisi wa Kielektroniki,"{
  ""translated_term"": ""Uhandisi wa Kielektroniki"",
  ""translation_rationale"": ""Nimegawanya maneno kwa kuweka 'Digital' sawa na 'Kielektroniki', kwani inamaanisha maudhui ya kompyuta. Na 'Humanities' nimebadilisha kuwa 'Uhandisi wa Kielektroniki' kwa vile inashughulikia uchunguzi, utafiti, na uchapishaji wa habari za kitaalamu kwenye sekondari na fasihi.""
}",2026-04-04T03:43:09.515955Z,stop,130.0,1685200834.0,[],78555709.0,llama3.1,160.0,352383833.0,2152772625.0,,,,2026-04-03 22:43:09,False,Binadamu Dijitali,False,Viasili vya Kielektroni,False,Binadamu Dijiti,False,"Nimegawanya maneno kwa kuweka 'Digital' sawa na 'Kielektroniki', kwani inamaanisha maudhui ya kompyuta. Na 'Humanities' nimebadilisha kuwa 'Uhandisi wa Kielektroniki' kwa vile inashughulikia uchunguzi, utafiti, na uchapishaji wa habari za kitaalamu kwenye sekondari na fasihi."
sv,Swedish,Digital Humanities,Digitala humaniora,"{'translated_term': 'Digitala humaniora', 'translation_rationale': 'Termen ""Digital Humanities"" är en engelsk beteckning för ett ämnesområde som kombinerar digital teknik med humanistisk forskning. För att få fram en svensk översättning, har jag valt att behålla ordet ""digitala"", eftersom det redan används i svenskan och passar bra ihop med ""humaniora"". Alternativt hade man kunnat välja ""datoriserade humaniorer"" eller liknande, men det skulle ha gett en mer teknisk ton.'}",2026-04-04T03:43:05.331502Z,stop,139.0,1770556035.0,"[{'translated_term': 'Digitala humaniora', 'translation_rationale': 'Termen ""Digital Humanities"" är en engelsk beteckning för ett ämnesområde som kombinerar digital teknik med humanistisk forskning. För att få fram en svensk översättning, har jag valt att behålla ordet ""digitala"", eftersom det redan används i svenskan och passar bra ihop med ""humaniora"". Alternativt hade man kunnat välja ""datoriserade humaniorer"" eller liknande, men det skulle ha gett en mer teknisk ton.'}]",80924083.0,llama3.1,144.0,332581042.0,2223628083.0,Digitala humaniora,Digital humaniora,Digital humaniora,2026-04-03 22:43:05,False,Digital humaniora,False,Digital humaniora,False,Digital humaniora,False,"Termen ""Digital Humanities"" är en engelsk beteckning för ett ämnesområde som kombinerar digital teknik med humanistisk forskning. För att få fram en svensk översättning, har jag valt att behålla ordet ""digitala"", eftersom det redan används i svenskan och passar bra ihop med ""humaniora"". Alternativt hade man kunnat välja ""datoriserade humaniorer"" eller liknande, men det skulle ha gett en mer teknisk ton."
su,Sundanese,Digital Humanities,Makna Digital Budaya,"{
  ""translated_term"": ""Makna Digital Budaya"",
  ""translation_rationale"": ""Terminologi Digital Humanities diambil dari istilah Inggris. Kata 'Digital' ngarané tina basa Inggris, nu geus boga makna dina konteks komputasi jeung teknologi informasi. Sedangkan 'Humanities' nya eusababanna téh kénéh ngarujuk ka sastra, ilmu sosiologi, jeung bidang-bidang lianna nu nyayogikeun manusa. Jadi, istilah Makna Digital Budaya diadopsi pikeun njelajahkeun karya-karya budaya dina wadon digital.""
}",2026-04-04T03:43:01.080642Z,stop,160.0,2008930211.0,[],77578709.0,llama3.1,160.0,357728292.0,2489732250.0,,,,2026-04-03 22:43:01,False,Élmu Kamanusaan Digital,True,,False,Kamanusaan Digital,False,"Terminologi Digital Humanities diambil dari istilah Inggris. Kata 'Digital' ngarané tina basa Inggris, nu geus boga makna dina konteks komputasi jeung teknologi informasi. Sedangkan 'Humanities' nya eusababanna téh kénéh ngarujuk ka sastra, ilmu sosiologi, jeung bidang-bidang lianna nu nyayogikeun manusa. Jadi, istilah Makna Digital Budaya diadopsi pikeun njelajahkeun karya-karya budaya dina wadon digital."
st,Southern Sotho,Digital Humanities,Tšepa ya Digitale,"{
  ""translated_term"": ""Tšepa ya Digitale"",
  ""translation_rationale"": ""Ke ka ntle ha hatazisi e 'Digital Humanities' ka moka, ke tla tlama lefatshe la 'digital' kapa 'digitale' na lefatshe la 'humanities' ke ngwana ya 'tšepa', ka sebele kgaetlo gomme. Tšepa e nengwe ya batho, haholo haholo a fapane le ho tsebja.""
}",2026-04-04T03:42:56.565471Z,stop,122.0,1447949839.0,[],80860917.0,llama3.1,168.0,361031334.0,1923766417.0,,,,2026-04-03 22:42:56,False,Botho ba Dijithale,False,Lik'hemik'hale Tseo Batho ba li Hlokang,False,Digital Humanities,False,"Ke ka ntle ha hatazisi e 'Digital Humanities' ka moka, ke tla tlama lefatshe la 'digital' kapa 'digitale' na lefatshe la 'humanities' ke ngwana ya 'tšepa', ka sebele kgaetlo gomme. Tšepa e nengwe ya batho, haholo haholo a fapane le ho tsebja."
ss,Swati,Digital Humanities,Inkulu kaTambulala,"{
  ""translated_term"": ""Inkulu kaTambulala"",
  ""translation_rationale"": ""Nkulunkulu kancinciwa ukuTambulaleni inkulu. Tambulala yinkulu yiye kuNkulu, ngokuthula ukubona inkulumo zinkulu zezingoma nazo""
}",2026-04-04T03:42:52.615772Z,stop,76.0,897185416.0,[],88261250.0,llama3.1,152.0,360410625.0,1367236875.0,,,,2026-04-03 22:42:52,False,Tifundvo Tebantfu Tedijithali,False,Imibono Lemayelana Nendzawo Tabantfu,True,,False,"Nkulunkulu kancinciwa ukuTambulaleni inkulu. Tambulala yinkulu yiye kuNkulu, ngokuthula ukubona inkulumo zinkulu zezingoma nazo"
sr,Serbian,Digital Humanities,Dijigitalne Umetnosti,"{ 
  ""translated_term"": ""Dijigitalne Umetnosti"", 
  ""translation_rationale"": ""Prevođenje je izvedeno kombinujući dvije riječi: 'digital' i 'humanities', gdje se prva odnosi na digitalnu prirodu teorijskih i praktičnih pristupa istraživanju ljudskih društava. Riječ 'umetnosti' je prevod engleske riječi 'humanities', što uključuje društvene znanosti, filozofiju, književnost itd."" 
}",2026-04-04T03:42:49.200687Z,stop,138.0,1748031126.0,[],79242333.0,llama3.1,144.0,353627291.0,2220146333.0,,,Дигитална хуманистика,2026-04-03 22:42:49,False,Дигиталне хуманистичке науке,True,,False,Дигиталне Хуманистичке,False,"Prevođenje je izvedeno kombinujući dvije riječi: 'digital' i 'humanities', gdje se prva odnosi na digitalnu prirodu teorijskih i praktičnih pristupa istraživanju ljudskih društava. Riječ 'umetnosti' je prevod engleske riječi 'humanities', što uključuje društvene znanosti, filozofiju, književnost itd."
sq,Albanian,Digital Humanities,,"{'translated_term': 'Mendësia Digitale', 'translation_rationale': 'Termi ""Digital Humanities"" është një fushë e studimeve që kombinon teknologjinë dhe mendësinë për të kuptuar dhe analizuar kultura, histori dhe tekste. Për t'i përkthyer në shqip, m'u ka pëlqënë të përdor ""Mendësia"", një term që flet për një lidhje me mendurin dhe kuptimin e gjithçka që ndodh rreth nesh. Fjalja ""Digitale"" është e njëjta, sepse përfshin teknologjinë dhe të dhënat digitale në shumicën e projektëve të DH-së.'}",2026-04-04T03:42:44.952157Z,stop,193.0,3067363756.0,[],78538125.0,llama3.1,152.0,333744042.0,3533257500.0,,,,2026-04-03 22:42:44,False,Shkencat Humane Dixhitale,False,Humanitetet Dixhitale,False,Shkenca Humane Dixhitale,False,
so,Somali,Digital Humanities,Taariikhda Faraasaadka ee Dijitaal,"{
  ""translated_term"": ""Taariikhda Faraasaadka ee Dijitaal"",
  ""translation_rationale"": ""Waxaa u wiiqanaysay istilkaar kala duwan oo tani la leh, taariikhdooda fariisa dhan iyo dadweynaha ay ka qoraan. Waxaa loo qoray 'digital' kuma jiro, taasoo ahayd nukta aad u dhiganta xiriirka intaraaanka ee ku wajahdaa faraasaaddiisu. Tusaale ahaan, waxaanu aqoonsaday in 'Taariikhda Faraasaadka ee Dijitaal' yuu ogtahay taariikhdooda kala duwan oo intaraanka ugu wajahan iyo ay ka qoraan dadweynaha.""
}",2026-04-04T03:42:39.389648Z,stop,196.0,2584738628.0,[],80221084.0,llama3.1,144.0,332001792.0,3054021917.0,,,,2026-04-03 22:42:39,False,Bani&#39;aadamnimada Dijital ah,True,,False,Bani'aadamnimada Dijital ah,False,"Waxaa u wiiqanaysay istilkaar kala duwan oo tani la leh, taariikhdooda fariisa dhan iyo dadweynaha ay ka qoraan. Waxaa loo qoray 'digital' kuma jiro, taasoo ahayd nukta aad u dhiganta xiriirka intaraaanka ee ku wajahdaa faraasaaddiisu. Tusaale ahaan, waxaanu aqoonsaday in 'Taariikhda Faraasaadka ee Dijitaal' yuu ogtahay taariikhdooda kala duwan oo intaraanka ugu wajahan iyo ay ka qoraan dadweynaha."
sn,Shona,Digital Humanities,Tinotaurwa kana kutaura huru,"{
  'translated_term': 'Tinotaurwa kana kutaura huru',
  'translation_rationale': 'Munyora uchitsere muno, huru inowarirai pano. Tinotaurwa inorwadza kutaura kuchamhura uchenjera kwakudaro kana kutaura huru kwakanaka.'
}",2026-04-04T03:42:34.304021Z,stop,82.0,973344993.0,[],77562167.0,llama3.1,152.0,328762083.0,1402713708.0,,,,2026-04-03 22:42:34,False,Hunhu hweDigital,False,Vanhu Vanogutsikana,False,Digital Humanities,False,"Munyora uchitsere muno, huru inowarirai pano. Tinotaurwa inorwadza kutaura kuchamhura uchenjera kwakudaro kana kutaura huru kwakanaka."
sm,Samoan,Digital Humanities,,"{'translated_term': 'Fa'aaloalo Fa'amata'aga', 'translation_rationale': 'O le mea e faatupuina ai o le gagana lautele ma le va'a. Na tutupu mai i le itulau 19 o le tele o mafuaaga ma fautasi. O le gagana lautele e tautalano i a'u mo a'oaoina, ma o le fa'amata'aga e fa'amauina ai le faleoloa e fa'aopoopo atu i le tele o mea o le gagana lautele.'}

(Translation: 'Digital Humanities', translation_rationale in Samoan translates to ""The study of the digital and the material. It emerged from the 19th century onwards, focusing on languages and cultures that interact with technology."")

Note: In Samoan language, we often translate terms by breaking them down into their components and then re-arranging them to create a new term. The term 'Digital Humanities' is translated as 'Fa'aaloalo Fa'amata'aga', where 'Fa'aaloalo' means digital or virtual, and 'Fa'amata'aga' means humanities or the study of culture and languages.",2026-04-04T03:42:30.875654Z,stop,261.0,4609530867.0,[],80606875.0,llama3.1,160.0,365088625.0,5128045250.0,,,,2026-04-03 22:42:30,False,Mataupu Fa&#39;atekinolosi Fa&#39;atekinolosi,False,Digital Man's,False,Digital Humanities,False,
sl,Slovene,Digital Humanities,Digitalne humanistike,"{'translated_term': 'Digitalne humanistike', 'translation_rationale': 'Različice ""digital"" izhajajo iz angleškega besedila, v katerem pomeni digitalno. Poizkusil sem kombinacijo z različico humaništva, ki se že dolgo uporablja v slovenski jezikoslovni terminologiji. Naloga je zahtevala prevod angleškega izraza ""Digital Humanities"", zato smo ga prevedli kot ""digitalne humanistike"", ker si lahko privoščimo obliko, ki je bolj ugodna za uporabo v slovenskem kontekstu.'}",2026-04-04T03:42:23.720291Z,stop,155.0,2116847336.0,"[{'translated_term': 'Digitalne humanistike', 'translation_rationale': 'Različice ""digital"" izhajajo iz angleškega besedila, v katerem pomeni digitalno. Poizkusil sem kombinacijo z različico humaništva, ki se že dolgo uporablja v slovenski jezikoslovni terminologiji. Naloga je zahtevala prevod angleškega izraza ""Digital Humanities"", zato smo ga prevedli kot ""digitalne humanistike"", ker si lahko privoščimo obliko, ki je bolj ugodna za uporabo v slovenskem kontekstu.'}]",78833542.0,llama3.1,152.0,383545125.0,2624104708.0,Digitalne humanistike,Digitalna humanistika,Digitalna humanistika,2026-04-03 22:42:23,False,Digitalna humanistika,True,,False,Digitalna humanistika,False,"Različice ""digital"" izhajajo iz angleškega besedila, v katerem pomeni digitalno. Poizkusil sem kombinacijo z različico humaništva, ki se že dolgo uporablja v slovenski jezikoslovni terminologiji. Naloga je zahtevala prevod angleškega izraza ""Digital Humanities"", zato smo ga prevedli kot ""digitalne humanistike"", ker si lahko privoščimo obliko, ki je bolj ugodna za uporabo v slovenskem kontekstu."
sk,Slovak,Digital Humanities,Digitálna humanitná veda,"{'translated_term': 'Digitálna humanitná veda', 'translation_rationale': 'Používa sa spojenie ""digitálny"" a ""humanitný"", ktoré sú odvodené od slov ""digitálne"" a ""humanitné"". Pojmy ako ""humanita"" či ""humanizmus"" sú v slovenčine úzko späté s pojmom ""ľudský"", čo je základ pre termín ""Digitálna humanitná veda"", ktorý zdôrazňuje vzťah medzi technológiou a ľuďmi.'}",2026-04-04T03:42:19.072355Z,stop,140.0,1817251590.0,"[{'translated_term': 'Digitálna humanitná veda', 'translation_rationale': 'Používa sa spojenie ""digitálny"" a ""humanitný"", ktoré sú odvodené od slov ""digitálne"" a ""humanitné"". Pojmy ako ""humanita"" či ""humanizmus"" sú v slovenčine úzko späté s pojmom ""ľudský"", čo je základ pre termín ""Digitálna humanitná veda"", ktorý zdôrazňuje vzťah medzi technológiou a ľuďmi.'}]",82837542.0,llama3.1,144.0,345403833.0,2285421333.0,Digitálna humanitná veda,,,2026-04-03 22:42:19,False,Digitálne humanitné vedy,False,Digitálne humanitné vedy,False,Digitálne humanitné vedy,False,"Používa sa spojenie ""digitálny"" a ""humanitný"", ktoré sú odvodené od slov ""digitálne"" a ""humanitné"". Pojmy ako ""humanita"" či ""humanizmus"" sú v slovenčine úzko späté s pojmom ""ľudský"", čo je základ pre termín ""Digitálna humanitná veda"", ktorý zdôrazňuje vzťah medzi technológiou a ľuďmi."
si,"Sinhala, Sinhalese",Digital Humanities, දිගිතල මානව විද්‍යා ,"{'translated_term': ' දිගිතල මානව විද්‍යා ', 'translation_rationale': ' ""Digital"" පරිධිත අකුර එක  ඉංග්‍රීසි නමැතැයි ද හඳ පවඩ කල අකුර එක. ""Humanities"" මානව විද්‍යා තීර  ඉංග්‍රීසි අප හ ත ට උ ඩ න ම ණ ලෙ ස ට ද. ව එ ද ම ඟ ය ට අ ප ද න ප ර ද. '}",2026-04-04T03:42:14.761707Z,stop,289.0,4835920039.0,"[{'translated_term': ' දිගිතල මානව විද්\u200dයා ', 'translation_rationale': ' ""Digital"" පරිධිත අකුර එක  ඉංග්\u200dරීසි නමැතැයි ද හඳ පවඩ කල අකුර එක. ""Humanities"" මානව විද්\u200dයා තීර  ඉංග්\u200dරීසි අප හ ත ට උ ඩ න ම ණ ලෙ ස ට ද. ව එ ද ම ඟ ය ට අ ප ද න ප ර ද. '}]",83760458.0,llama3.1,184.0,364113500.0,5356262833.0, දිගිතල මානව විද්‍යා ,,,2026-04-03 22:42:14,False,ඩිජිටල් මානව ශාස්ත්‍ර,True,,False,ඩිජිටල් මානව ශාස්ත්ර,False," ""Digital"" පරිධිත අකුර එක  ඉංග්‍රීසි නමැතැයි ද හඳ පවඩ කල අකුර එක. ""Humanities"" මානව විද්‍යා තීර  ඉංග්‍රීසි අප හ ත ට උ ඩ න ම ණ ලෙ ස ට ද. ව එ ද ම ඟ ය ට අ ප ද න ප ර ද. "
sh,Serbo-Crotian,Digital Humanities,Dijitalske Umetnosti,"{
  ""translated_term"": ""Dijitalske Umetnosti"",
  ""translation_rationale"": ""Term »Digital Humanities« se može prevesti kao Dijitalske Umetnosti, jer dijetealna (dijitalna) oznaka ukazuje na elektroniku i informacione tehnologije koje se koriste u ovim naukama. Riječ 'umetnosti' je prevod engleske riječi »arts« ili »humanities«, koje se odnose na ljudske znanosti kao što su filozofija, književnost, umjetnost i druge.""
}",2026-04-04T03:42:07.379823Z,stop,142.0,1743407630.0,[],71068084.0,llama3.1,176.0,362131958.0,2218537667.0,,Дигиталне хуманистичке науке,Digitalne humanističke nauke,2026-04-03 22:42:07,False,Дигиталне хуманистичке науке,True,,True,,False,"Term »Digital Humanities« se može prevesti kao Dijitalske Umetnosti, jer dijetealna (dijitalna) oznaka ukazuje na elektroniku i informacione tehnologije koje se koriste u ovim naukama. Riječ 'umetnosti' je prevod engleske riječi »arts« ili »humanities«, koje se odnose na ljudske znanosti kao što su filozofija, književnost, umjetnost i druge."
sg,Sango,Digital Humanities,Sango: Nkélé Mbumu,"{  
    ""translated_term"": ""Sango: Nkélé Mbumu"",
    ""translation_rationale"": ""Nkélé Mbumu e na ba kélé mbumu, bokoli tafola wɔrí n'elebɔ na nkpa pɛlɛ. Kana nkélé mbumu sara nku ɩyɔnɔna yɛwɛ wɔré.""
}",2026-04-04T03:42:03.132891Z,stop,101.0,1221429168.0,[],63969542.0,llama3.1,152.0,333440541.0,1647425708.0,,,,2026-04-03 22:42:03,False,Humanité numérique,False,Gi ti duti na aye mingi ape na yâ ti fini ti mo,True,,False,"Nkélé Mbumu e na ba kélé mbumu, bokoli tafola wɔrí n'elebɔ na nkpa pɛlɛ. Kana nkélé mbumu sara nku ɩyɔnɔna yɛwɛ wɔré."
se,Northern Sami,Digital Humanities,Datu oahkká,"{'translated_term': 'Datu oahkká', 'translation_rationale': 'Datu oahkká lea máidnji datu ja láhku, datuvárri ráddái dahjevuohta. Oahkká lea duoddar viđogiid vuolle, go álbmot leat hálehit ""huhtnu"".'}",2026-04-04T03:41:59.459191Z,stop,83.0,989478834.0,"[{'translated_term': 'Datu oahkká', 'translation_rationale': 'Datu oahkká lea máidnji datu ja láhku, datuvárri ráddái dahjevuohta. Oahkká lea duoddar viđogiid vuolle, go álbmot leat hálehit ""huhtnu"".'}]",68226500.0,llama3.1,160.0,362492125.0,1443655500.0,Datu oahkká,,,2026-04-03 22:41:59,False,Digitála humanisttalaš dieđat,True,,True,,False,"Datu oahkká lea máidnji datu ja láhku, datuvárri ráddái dahjevuohta. Oahkká lea duoddar viđogiid vuolle, go álbmot leat hálehit ""huhtnu""."
sd,Sindhi,Digital Humanities,ڈيجِٽل انسائيکلوپڙ,"{
  ""translated_term"": ""ڈيجِٽل انسائيکلوپڙ"",
  ""translation_rationale"": ""ڊيجيٽل يوناني جو لفظ ۾ ٿيل، انسانيت جي سائنس کي سنھجي ترجمو ڪرڻ لاءِ پهريون انگريزي لفظ هو، جنهن ۾ ديجينيرس، ديجيٽل، انسائيکلوپڙيءَ کان واقف ٿيل انسانيت جي علميات جو مرکب هو.""
}",2026-04-04T03:41:55.991947Z,stop,132.0,1787414743.0,[],79210666.0,llama3.1,152.0,336803333.0,2241481458.0,,,,2026-04-03 22:41:55,False,ڊجيٽل هيومنٽيز,True,,False,ڊجيٽل انسانيت,False,ڊيجيٽل يوناني جو لفظ ۾ ٿيل، انسانيت جي سائنس کي سنھجي ترجمو ڪرڻ لاءِ پهريون انگريزي لفظ هو، جنهن ۾ ديجينيرس، ديجيٽل، انسائيکلوپڙيءَ کان واقف ٿيل انسانيت جي علميات جو مرکب هو.
sc,Sardinian,Digital Humanities,,"{'translated_term': 'Iscriana digitale de sa humanidade', 'translation_rationale': 'Sa parola ""Digital Humanities"" si referit a su campu de s'istudiosu intelellente chi utilizat tecnologias digitales p'e studiare e s'interprete are de sa cultura, sa storia e sa literatura. Iscriana digitale de sa humanidade si referit a istudia de su modu in ue is istudiosos utilizant tecnologias digitales p'e comprender e s'interpretare su passatu e su presente, custituende unu mezzi innovativu p'is istudiosus.'}",2026-04-04T03:41:51.719063Z,stop,142.0,1942816495.0,[],78653000.0,llama3.1,160.0,357424458.0,2419000750.0,,,,2026-04-03 22:41:51,True,,True,,True,,False,
sa,Sanskrit (Saṁskṛta),Digital Humanities,,"{'translated_term': 'dīgita itihāsa śāstra', 'translation_rationale': 'Dīgitaṃ 'dharaṇaṃ' iti śabdaḥ dīgiteṣu vartamānaṃ, tatra 'dharaṇaṃ' pūrvaṃ ""dharaṇa"" abhidhāyate. Tad eva yathā itihāsa śāstrasya dharaṇaṃ 'ītiḥāsya śāstra' saṅkhyāyām. Iti dīgita itihāsa śāstram abhidhāyate.'}",2026-04-04T03:41:47.275771Z,stop,161.0,2310262336.0,[],79633625.0,llama3.1,221.0,446466041.0,2879660375.0,,,,2026-04-03 22:41:47,False,डिजिटल मानविकी,True,,True,,False,
rw,Kinyarwanda,Digital Humanities,Tegitekerezo la Digital,"{
  'translated_term': 'Tegitekerezo la Digital',
  'translation_rationale': 'Ndiwe na hana kwemerwa kuhabanya leza ""Digital"" kandi kuhabanya leza ""Humanities"". Muvunyacyaha wa ""Digital"" ni kuvuga inzoka ya digitali, muvunyacyaha wa ""Humanities"" ni kugereranisa nayo uvumvu na inzoka za insine. Ni ziko za makina ya kubana, ubugerezi, na inzoka zo hasa zuharanira mbili iyo ziko hifadhiwe imbere muvumbi.'
}",2026-04-04T03:41:42.365796Z,stop,148.0,1962812575.0,[],76159500.0,llama3.1,176.0,365309125.0,2445435833.0,,,,2026-04-03 22:41:42,False,Ubuhanga mu by&#39;Ikoranabuhanga,False,Ubwoko bw'Abantu,False,Ubumuntu bwa Digital,False,"Ndiwe na hana kwemerwa kuhabanya leza ""Digital"" kandi kuhabanya leza ""Humanities"". Muvunyacyaha wa ""Digital"" ni kuvuga inzoka ya digitali, muvunyacyaha wa ""Humanities"" ni kugereranisa nayo uvumvu na inzoka za insine. Ni ziko za makina ya kubana, ubugerezi, na inzoka zo hasa zuharanira mbili iyo ziko hifadhiwe imbere muvumbi."
ru,Russian,Digital Humanities,Дискурсивные Искусства Дигитализации,"{'translated_term': 'Дискурсивные Искусства Дигитализации', 'translation_rationale': 'Ключевое слово ""Humanities"" было заменено на более точное переводное выражение ""Искусства"", учитывая, что оно часто используется в русском языке для обозначения гуманитарных наук. Кроме того, я добавил приставку ""Дискурсивные"" для передачи смысла термина ""Digital Humanities"", который предполагает диджитализацию и взаимодействие с цифровыми формами дискурса.'}",2026-04-04T03:41:37.890595Z,stop,136.0,1752382866.0,"[{'translated_term': 'Дискурсивные Искусства Дигитализации', 'translation_rationale': 'Ключевое слово ""Humanities"" было заменено на более точное переводное выражение ""Искусства"", учитывая, что оно часто используется в русском языке для обозначения гуманитарных наук. Кроме того, я добавил приставку ""Дискурсивные"" для передачи смысла термина ""Digital Humanities"", который предполагает диджитализацию и взаимодействие с цифровыми формами дискурса.'}]",76506459.0,llama3.1,144.0,339400625.0,2208196459.0,Дискурсивные Искусства Дигитализации,Цифровые гуманитарные науки,Цифровые гуманитарные науки,2026-04-03 22:41:37,False,Цифровые гуманитарные науки,False,Цифровые гуманитарные науки,False,Цифровые гуманитарные науки,False,"Ключевое слово ""Humanities"" было заменено на более точное переводное выражение ""Искусства"", учитывая, что оно часто используется в русском языке для обозначения гуманитарных наук. Кроме того, я добавил приставку ""Дискурсивные"" для передачи смысла термина ""Digital Humanities"", который предполагает диджитализацию и взаимодействие с цифровыми формами дискурса."
ro,"Romanian, Moldavan",Digital Humanities,Umanități digitale," {'translated_term': 'Umanități digitale', 'translation_rationale': 'Termenul a fost tradus în acord cu principiile traducerii adecvate. Cuvântul „digital” s-a păstrat intact, în timp ce cuvântul „umanități” a fost folosit în forma originală pentru a evita orice confuzie cu termenul „umanitate”. Termenul este utilizat în contextul academic și științific, unde limba română are nevoie de o terminologie adecvată.'}

 {'translated_term': 'Уманьтэти дигиталэ', 'translation_rationale': 'Термин був перехресен в згоду з принципами адекватной перекладу. Слово „дигітал” було залишено без змін, а слово „уманьтэти” використовувалося у формі оригіналу для уникнення будь-якої заплутаності між термінами „уманьтэты” і „уманітэть”. Термін використовується в академічному та науковому контексті, де мова молдовська має потребу в належній спеціалізованій лексиконі.'}",2026-04-04T03:41:33.652758Z,stop,281.0,5365210793.0,"[{'translated_term': 'Umanități digitale', 'translation_rationale': 'Termenul a fost tradus în acord cu principiile traducerii adecvate. Cuvântul „digital” s-a păstrat intact, în timp ce cuvântul „umanități” a fost folosit în forma originală pentru a evita orice confuzie cu termenul „umanitate”. Termenul este utilizat în contextul academic și științific, unde limba română are nevoie de o terminologie adecvată.'}, {'translated_term': 'Уманьтэти дигиталэ', 'translation_rationale': 'Термин був перехресен в згоду з принципами адекватной перекладу. Слово „дигітал” було залишено без змін, а слово „уманьтэти” використовувалося у формі оригіналу для уникнення будь-якої заплутаності між термінами „уманьтэты” і „уманітэть”. Термін використовується в академічному та науковому контексті, де мова молдовська має потребу в належній спеціалізованій лексиконі.'}]",77868709.0,llama3.1,168.0,360222250.0,5886752042.0,Уманьтэти дигиталэ,,,2026-04-03 22:41:33,False,Științe Umaniste Digitale,False,Umanități digitale,False,Științe umaniste digitale,False,"Termenul a fost tradus în acord cu principiile traducerii adecvate. Cuvântul „digital” s-a păstrat intact, în timp ce cuvântul „umanități” a fost folosit în forma originală pentru a evita orice confuzie cu termenul „umanitate”. Termenul este utilizat în contextul academic și științific, unde limba română are nevoie de o terminologie adecvată."
rn,Kirundi,Digital Humanities,Uhandisi wa Kimataifa,"{
  ""translated_term"": ""Uhandisi wa Kimataifa"",
  ""translation_rationale"": ""Ninatumia mlinganyo wa Uhandisi na Nyanja ya Kimataifa. Uhandisi ni neno la Kifalme linalotumika kushughulikia data za kimantiki, na 'Kimataifa' huturuhusu kuwaacha kwamba inahusiana na utafiti wa dharura na mabadiliko ya sayansi huko ulimwengu mzima. Neno 'Uhandisi wa Kimataifa' linaonyesha dhana kuu, ambayo ni kujumlisha sayansi za digital kwenye uchunguzi wa binadamu na historia.""
}",2026-04-04T03:41:25.73516Z,stop,164.0,2420366079.0,[],79624167.0,llama3.1,152.0,348154375.0,2895260208.0,,,,2026-04-03 22:41:25,False,Ubumuntu bwa digitale,False,Abantu b’intagondwa,True,,False,"Ninatumia mlinganyo wa Uhandisi na Nyanja ya Kimataifa. Uhandisi ni neno la Kifalme linalotumika kushughulikia data za kimantiki, na 'Kimataifa' huturuhusu kuwaacha kwamba inahusiana na utafiti wa dharura na mabadiliko ya sayansi huko ulimwengu mzima. Neno 'Uhandisi wa Kimataifa' linaonyesha dhana kuu, ambayo ni kujumlisha sayansi za digital kwenye uchunguzi wa binadamu na historia."
rm,Romansh,Digital Humanities,,"{'translated_term': 'Humanitads digitalas', 'translation_rationale': 'Las humanitads digitalas è in engasch, ma l'expression da basa è da la lingua ingleisa. Per quai motivs, ho scurdà las caracteristicas fundamentais dals termes per trasslavrìl cun precision ed exactitad: ""digital"" sa refera a la tecnologia ed als medios digitalis, ""humanities"" sa refera a l'umanitas e le sciencias umanas. Insomma, si las humanitads èn sempre stadas centradas sin ils omns e lur culturas, las humanitads digitalas èn caracterizadas da la tecnologia ed inzialitad novas, che permettan ina analisa ed interpretaziun da las datas e documentaziuns en moda innovativa. Per quai, ho charrà ""humanitads digitalas"" per traduic el term engasch.'}",2026-04-04T03:41:20.818458Z,stop,213.0,3559233742.0,[],75188125.0,llama3.1,152.0,332949916.0,4026697083.0,,,,2026-04-03 22:41:20,True,,True,,True,,False,
qu,Quechua,Digital Humanities,,"{'translated_term': 'P'allataqta kawsaypimanta', 'translation_rationale': 'Inti qillqakuna, P'allataqta (dh) Digital (sp) kawsaypimantamanta, kaymantapaqmi wakin rikch'a imaymana wankurkuyninkunapakupas qarqipas. Kastilu simipi ""digital"" nispa ""kallpay qullu"", icha ""p'allataqta kawsay"", taqpas.'}

Explanation (in Quechua): Kay p'allataqta kawsaypimantapampi, 'P'allataqta kawsaypimanta' wakin kawsaypimantawanpi kikin rimaku. Kastilu simipita Digital nispa qallpay qullunmanta, icha p'allataqtapas ñaqalla tukurqa pampi, kaymantapraqmi wakichiqkuna imaymanapakupas rikch'a kawsaypimantawanpi yachaqkuchu.",2026-04-04T03:41:14.76552Z,stop,250.0,4617486789.0,[],81075333.0,llama3.1,160.0,366647042.0,5134926417.0,,,,2026-04-03 22:41:14,False,Humanidades Digitales nisqa,True,,True,,False,
pt,Portuguese,Digital Humanities,Humanidades Digitais,"{'translated_term': 'Humanidades Digitais', 'translation_rationale': 'Escolhi a forma ""Humanidades"" em vez de ""Ciências Humanas"" para manter o foco na abordagem interdisciplinar e humanista da área. Além disso, a expressão ""Digitais"" é mais direta e precisa do que ""Computacionais"" ou ""Cibernéticas"", pois enfatiza a relação entre as disciplinas humanistas e a tecnologia digital.'}",2026-04-04T03:41:07.603955Z,stop,106.0,1349235414.0,"[{'translated_term': 'Humanidades Digitais', 'translation_rationale': 'Escolhi a forma ""Humanidades"" em vez de ""Ciências Humanas"" para manter o foco na abordagem interdisciplinar e humanista da área. Além disso, a expressão ""Digitais"" é mais direta e precisa do que ""Computacionais"" ou ""Cibernéticas"", pois enfatiza a relação entre as disciplinas humanistas e a tecnologia digital.'}]",68498375.0,llama3.1,144.0,376596625.0,1823909166.0,Humanidades Digitais,,Humanidades digitais,2026-04-03 22:41:07,False,Humanidades Digitais,True,,False,Humanidades Digitais,False,"Escolhi a forma ""Humanidades"" em vez de ""Ciências Humanas"" para manter o foco na abordagem interdisciplinar e humanista da área. Além disso, a expressão ""Digitais"" é mais direta e precisa do que ""Computacionais"" ou ""Cibernéticas"", pois enfatiza a relação entre as disciplinas humanistas e a tecnologia digital."
ps,"Pashto, Pushto",Digital Humanities,,"د کمپیوټري انسایکنسيز پړند

بېلګه: ښکته چا د کمپیوټري انسایکنسيز پړنډ څرنګونه يادوي، چې له هغه خپریدونته جوړښتۍ کي ځانګړني معلوماتي وسايل او ساینسي مطالعي جوړوي.",2026-04-04T03:41:03.749856Z,stop,113.0,1531195964.0,[],69596709.0,llama3.1,200.0,426762041.0,2058920375.0,,,,2026-04-03 22:41:03,False,ډیجیټل انسانیتونه,True,,False,ډیجیټل انسانیتونه,False,
pl,Polish,Digital Humanities,Humanistyczne Dziedziny Cyfrowe,"{'translated_term': 'Humanistyczne Dziedziny Cyfrowe', 'translation_rationale': 'Oprócz znaczenia dosłownego, która odnosi się do dziedzin nauk humanistycznych realizowanych przy użyciu narzędzi informatycznych i technologii cyfrowych, chciałem uwzględniać również konotacje terminu ""cyfrowy"", który w języku polskim może mieć różne znaczenia, zależnie od kontekstu. W tym przypadku wybrałem określenie ""Dziedziny Cyfrowe"" jako bardziej adekwatne do oryginalnego terminu.'}",2026-04-04T03:40:59.669851Z,stop,164.0,2214395423.0,"[{'translated_term': 'Humanistyczne Dziedziny Cyfrowe', 'translation_rationale': 'Oprócz znaczenia dosłownego, która odnosi się do dziedzin nauk humanistycznych realizowanych przy użyciu narzędzi informatycznych i technologii cyfrowych, chciałem uwzględniać również konotacje terminu ""cyfrowy"", który w języku polskim może mieć różne znaczenia, zależnie od kontekstu. W tym przypadku wybrałem określenie ""Dziedziny Cyfrowe"" jako bardziej adekwatne do oryginalnego terminu.'}]",92437292.0,llama3.1,144.0,330488333.0,2684196959.0,Humanistyczne Dziedziny Cyfrowe,,Humanistyka cyfrowa,2026-04-03 22:40:59,False,Humanistyka cyfrowa,True,,False,Humanistyka cyfrowa,False,"Oprócz znaczenia dosłownego, która odnosi się do dziedzin nauk humanistycznych realizowanych przy użyciu narzędzi informatycznych i technologii cyfrowych, chciałem uwzględniać również konotacje terminu ""cyfrowy"", który w języku polskim może mieć różne znaczenia, zależnie od kontekstu. W tym przypadku wybrałem określenie ""Dziedziny Cyfrowe"" jako bardziej adekwatne do oryginalnego terminu."
pi,Pāli,Digital Humanities,Digitalaumanityāya,"{'translated_term': 'Digitalaumanityāya', 'translation_rationale': 'Niddesaṃ dhōmesticitaṃ digitalaṃ, humanītayaṅgamaṃ āyasmantamāhaṃ. Tena Digitalaumanityāyaṃ pahūtameva.'}",2026-04-04T03:40:54.966075Z,stop,75.0,909463586.0,"[{'translated_term': 'Digitalaumanityāya', 'translation_rationale': 'Niddesaṃ dhōmesticitaṃ digitalaṃ, humanītayaṅgamaṃ āyasmantamāhaṃ. Tena Digitalaumanityāyaṃ pahūtameva.'}]",65718375.0,llama3.1,160.0,371078250.0,1366570458.0,Digitalaumanityāya,,,2026-04-03 22:40:54,True,,True,,True,,False,"Niddesaṃ dhōmesticitaṃ digitalaṃ, humanītayaṅgamaṃ āyasmantamāhaṃ. Tena Digitalaumanityāyaṃ pahūtameva."
pa,"Panjabi, Punjabi",Digital Humanities,ਡਿਜੀਟਲ ਮਾਨਵਤਾ,"{
  ""translated_term"": ""ਡਿਜੀਟਲ ਮਾਨਵਤਾ"",
  ""translation_rationale"": ""ਹਰਿਆਣਾ ਅਕਾਦਮੀ ਦੁਆਰਾ ਪੈਦਾ ਕੀਤੇ ਗਏ ਸ਼ਬਦ ਨੂੰ ਪ੍ਰੇਰਿਤ ਕੀਤਾ ਗਿਆ ਹੈ। ਮਾਨਵਤਾ ਅਤੇ ਡਿਜੀਟਲ ਸ਼ਬਦਾਂ ਦੇ ਰੋਮਨ ਐਕਸਟੈਂਸ਼ਨ ਦਾ ਸਹਿਯੋਗ ਉਪਜਣ ਵਾਲੀ ਸ਼ਬਦ ਬਣਾਉਣ ਦੇ ਨਿਯਮ ਨੂੰ ਅਤੇ ਮਤਲਬ ਨੂੰ ਧਿਆਨ ਵਿਚ ਰੱਖਿਆ ਗਿਆ ਹੈ।""
}",2026-04-04T03:40:51.580587Z,stop,336.0,6402545221.0,[],93537416.0,llama3.1,176.0,395862208.0,6973987791.0,,,,2026-04-03 22:40:51,False,ਡਿਜੀਟਲ ਹਿਊਮੈਨਿਟੀਜ਼,True,,False,ਡਿਜੀਟਲ ਮਨੁੱਖਤਾ,False,ਹਰਿਆਣਾ ਅਕਾਦਮੀ ਦੁਆਰਾ ਪੈਦਾ ਕੀਤੇ ਗਏ ਸ਼ਬਦ ਨੂੰ ਪ੍ਰੇਰਿਤ ਕੀਤਾ ਗਿਆ ਹੈ। ਮਾਨਵਤਾ ਅਤੇ ਡਿਜੀਟਲ ਸ਼ਬਦਾਂ ਦੇ ਰੋਮਨ ਐਕਸਟੈਂਸ਼ਨ ਦਾ ਸਹਿਯੋਗ ਉਪਜਣ ਵਾਲੀ ਸ਼ਬਦ ਬਣਾਉਣ ਦੇ ਨਿਯਮ ਨੂੰ ਅਤੇ ਮਤਲਬ ਨੂੰ ਧਿਆਨ ਵਿਚ ਰੱਖਿਆ ਗਿਆ ਹੈ।
os,"Ossetian, Ossetic",Digital Humanities,Гумæнаг цыбыргæ,"{
  ""translated_term"": ""Гумæнаг цыбыргæ"",
  ""translation_rationale"": ""«Дигиталон» у хъуыдыны фендагон, «университеттæ» (гумæнатæ) гæнахæй. Хуссин æмæ цыбыргæ сты деги афтæ фæнчын.""
}",2026-04-04T03:40:42.583941Z,stop,94.0,1162557289.0,[],72975792.0,llama3.1,192.0,407055250.0,1669369958.0,,,,2026-04-03 22:40:42,False,Нымæцон гуманитарон зонæдтæ,True,,True,,False,"«Дигиталон» у хъуыдыны фендагон, «университеттæ» (гумæнатæ) гæнахæй. Хуссин æмæ цыбыргæ сты деги афтæ фæнчын."
or,Oriya,Digital Humanities, ଡିଜିଟ୍‌ ମ୍ୟାନେସ ଆର୍ଟ ଏଣ୍ଡ ସାଇଁସ ,"{'translated_term': ' ଡିଜିଟ୍‌ ମ୍ୟାନେସ ଆର୍ଟ ଏଣ୍ଡ ସାଇଁସ ', 'translation_rationale': 'প্রাচীন মিথ, ""তথ্য""  ਆর ""ধর্ম"" শব্দের কলামের সংজ্ঞা' }",2026-04-04T03:40:38.892271Z,stop,149.0,1828656337.0,"[{'translated_term': ' ଡିଜିଟ୍\u200c ମ୍ୟାନେସ ଆର୍ଟ ଏଣ୍ଡ ସାଇଁସ ', 'translation_rationale': 'প্রাচীন মিথ, ""তথ্য""  ਆর ""ধর্ম"" শব্দের কলামের সংজ্ঞা'}]",75242125.0,llama3.1,152.0,331297708.0,2273331375.0, ଡିଜିଟ୍‌ ମ୍ୟାନେସ ଆର୍ଟ ଏଣ୍ଡ ସାଇଁସ ,,,2026-04-03 22:40:38,False,ଡିଜିଟାଲ୍ ମାନବିକତା,True,,False,ଡିଜିଟାଲ୍ ମାନବିକତା,False,"প্রাচীন মিথ, ""তথ্য""  ਆর ""ধর্ম"" শব্দের কলামের সংজ্ঞা"
om,Oromo,Digital Humanities,Dagmama Aadaan Badiiyaa,"{
  'translated_term': 'Dagmama Aadaan Badiiyaa',
  'translation_rationale': 'Dagmama waliin wal taate, ""daga"" maqsaad afaanii fi ""badiyaa"" gidda qabxummaa kanatti.'
}",2026-04-04T03:40:34.593414Z,stop,70.0,806305288.0,[],83859250.0,llama3.1,152.0,332318875.0,1243024167.0,,,,2026-04-03 22:40:34,False,Saayinsii Namoomaa Dijiitaalaa,False,WANTA IRRATTI HUNDAAʼE,True,,False,"Dagmama waliin wal taate, ""daga"" maqsaad afaanii fi ""badiyaa"" gidda qabxummaa kanatti."
oj,"Ojibwe, Ojibwa",Digital Humanities,Mishinamadizijig Iganiizhoo-bebin,"{
  ""translated_term"": ""Mishinamadizijig Iganiizhoo-bebin"",
  ""translation_rationale"": ""Makawaajig akiwenzie mashkikokaanan anishinaabemowin. Mishinamadizijig iganiizhoo-bebin imaa ozaa waapita, anishinaabe akiwenziyaan nikaagigoonjwaan indibinashkizii. Niindinawemaaganid M'iknaadiwin.""
}",2026-04-04T03:40:31.331353Z,stop,115.0,1405897912.0,[],75824083.0,llama3.1,209.0,405993500.0,1918890166.0,,,,2026-04-03 22:40:31,True,,True,,True,,False,"Makawaajig akiwenzie mashkikokaanan anishinaabemowin. Mishinamadizijig iganiizhoo-bebin imaa ozaa waapita, anishinaabe akiwenziyaan nikaagigoonjwaan indibinashkizii. Niindinawemaaganid M'iknaadiwin."
oc,Occitan,Digital Humanities,Umanitats Digitals,"Aquela es la traduccion:

{
""translated_term"": ""Umanitats Digitals"",
""translation_rationale"": ""L'expresson anglésa « Digital Humanities » correspond a una disciplina que combina las tecnologias de l'informacion amb las sciéncias umanistas. La paraula principal, « Humanitats », es un calque del latin « humanitates », que s'utiliza per descriure lo coneissenemts e los arts que concernisson l'èsser uman. Per aquò, l'adjectiu « digital » es la melhor forma d'indicar las tecnicas de calcul e la informatica que son utilizadas dins aquesta disciplina.""
}",2026-04-04T03:40:27.388148Z,stop,153.0,1801531671.0,[],82806375.0,llama3.1,152.0,334769583.0,2263258500.0,,,,2026-04-03 22:40:27,False,Umanitats numericas,True,,True,,False,"L'expresson anglésa « Digital Humanities » correspond a una disciplina que combina las tecnologias de l'informacion amb las sciéncias umanistas. La paraula principal, « Humanitats », es un calque del latin « humanitates », que s'utiliza per descriure lo coneissenemts e los arts que concernisson l'èsser uman. Per aquò, l'adjectiu « digital » es la melhor forma d'indicar las tecnicas de calcul e la informatica que son utilizadas dins aquesta disciplina."
nv,"Navajo, Navaho",Digital Humanities,,"{'translated_term': 'Aji Dine'é Dah Adahéeł', 'translation_rationale': 'Aji Dine'é, ""digital"" áyi dah adahéeł, ""humanities""'}",2026-04-04T03:40:23.097674Z,stop,45.0,514012414.0,[],75833542.0,llama3.1,176.0,359432500.0,961561875.0,,,,2026-04-03 22:40:23,True,,True,,True,,False,
nr,South Ndebele,Digital Humanities,Ubuholi lwePhalamende,"{
  ""translated_term"": ""Ubuholi lwePhalamende"",
  ""translation_rationale"": ""Ibandla lokuzinza ukuweletha nje kuwela kwenjalo kweminyaka 20. Ubuholi lwebhali lwegaziwa nguZuza labantu, njalo kuwedla ukubika phalamende.""
}",2026-04-04T03:40:20.108995Z,stop,85.0,989034129.0,[],80653291.0,llama3.1,176.0,360111167.0,1453816833.0,,,,2026-04-03 22:40:20,False,I-Digital Humanities,True,,True,,False,"Ibandla lokuzinza ukuweletha nje kuwela kwenjalo kweminyaka 20. Ubuholi lwebhali lwegaziwa nguZuza labantu, njalo kuwedla ukubika phalamende."
no,Norwegian,Digital Humanities,Digtal humaniora,"{'translated_term': 'Digtal humaniora', 'translation_rationale': 'Jeg valgte denne oversettelsen da ""Digital Humanities"" vanligvis benyttes på engelsk i akademiske sammenhenger. Oversetteringen er også en direkte overføring av ordene fra engelsk, og det norske begrepet ""digtal humaniora"" har nådd opp til å være anerkjent i norsk forskningssammenheng.'}",2026-04-04T03:40:16.62356Z,stop,104.0,1237114041.0,"[{'translated_term': 'Digtal humaniora', 'translation_rationale': 'Jeg valgte denne oversettelsen da ""Digital Humanities"" vanligvis benyttes på engelsk i akademiske sammenhenger. Oversetteringen er også en direkte overføring av ordene fra engelsk, og det norske begrepet ""digtal humaniora"" har nådd opp til å være anerkjent i norsk forskningssammenheng.'}]",81086542.0,llama3.1,144.0,346594792.0,1693875042.0,Digtal humaniora,,,2026-04-03 22:40:16,False,Digital humaniora,True,,False,Digital Humanities,False,"Jeg valgte denne oversettelsen da ""Digital Humanities"" vanligvis benyttes på engelsk i akademiske sammenhenger. Oversetteringen er også en direkte overføring av ordene fra engelsk, og det norske begrepet ""digtal humaniora"" har nådd opp til å være anerkjent i norsk forskningssammenheng."
nn,Norwegian Nynorsk,Digital Humanities,Digital-humaniora,"```json
{
  ""translated_term"": ""Digital-humaniora"",
  ""translation_rationale"": ""Eg valde å følgje dei to ordane opp etter kvarandre, fordi dei er samskapt i engelsk. 'Digital' betyr digitale eller dataprogram, og 'humaniora' refererer til dei humanistiske fag. Dette samanstillingen er brukt både på norsk (Bokmål) og nynorsk.""
}
```",2026-04-04T03:40:12.903785Z,stop,109.0,1355893710.0,[],67659292.0,llama3.1,168.0,399643750.0,1853544209.0,,,,2026-04-03 22:40:12,True,,True,,True,,False,"Eg valde å følgje dei to ordane opp etter kvarandre, fordi dei er samskapt i engelsk. 'Digital' betyr digitale eller dataprogram, og 'humaniora' refererer til dei humanistiske fag. Dette samanstillingen er brukt både på norsk (Bokmål) og nynorsk."
nl,Dutch,Digital Humanities,Digitale Geesteswetenschappen,"{'translated_term': 'Digitale Geesteswetenschappen', 'translation_rationale': 'Ik heb voor de vertaling ""Digitale"" gekozen om de hedendaagse connotatie van alles wat digitaal is te behouden. Voor het tweede woord, ""Geesteswetenschappen"", gebruik ik een meer algemene term die in Nederland en Vlaanderen beide gebruikt wordt om de Geisteswissenschaften aan te duiden.'}",2026-04-04T03:40:09.021926Z,stop,105.0,1315643287.0,"[{'translated_term': 'Digitale Geesteswetenschappen', 'translation_rationale': 'Ik heb voor de vertaling ""Digitale"" gekozen om de hedendaagse connotatie van alles wat digitaal is te behouden. Voor het tweede woord, ""Geesteswetenschappen"", gebruik ik een meer algemene term die in Nederland en Vlaanderen beide gebruikt wordt om de Geisteswissenschaften aan te duiden.'}]",73997667.0,llama3.1,144.0,337607083.0,1758964584.0,Digitale Geesteswetenschappen,,Digitale geesteswetenschappen,2026-04-03 22:40:09,False,Digitale Geesteswetenschappen,False,Digitale geesteswetenschappen,False,Digital Humanities,False,"Ik heb voor de vertaling ""Digitale"" gekozen om de hedendaagse connotatie van alles wat digitaal is te behouden. Voor het tweede woord, ""Geesteswetenschappen"", gebruik ik een meer algemene term die in Nederland en Vlaanderen beide gebruikt wordt om de Geisteswissenschaften aan te duiden."
ng,Ndonga,Digital Humanities,Tinɛmbo ya Digital," {'translated_term': 'Tinɛmbo ya Digital', 'translation_rationale': 'Digital tseyo tinɛmbo e e na ka seletela ombwelelo byi. Humanities a ku mpete nayo, na ""humanities"" a nne ka sambuliwe kana ""ombwelelo."" Ondonga a na lelelo la ""tinɛmbo,"" kwa hiyo tinɛmbo ya digital i nene ka seletela ombwelelo byi. Tinɛmbo ya digital a ka tseyo ka tinɛmbo e e, na ombwelelo byi ku mpete nayo.' }",2026-04-04T03:40:05.235851Z,stop,154.0,2057105495.0,"[{'translated_term': 'Tinɛmbo ya Digital', 'translation_rationale': 'Digital tseyo tinɛmbo e e na ka seletela ombwelelo byi. Humanities a ku mpete nayo, na ""humanities"" a nne ka sambuliwe kana ""ombwelelo."" Ondonga a na lelelo la ""tinɛmbo,"" kwa hiyo tinɛmbo ya digital i nene ka seletela ombwelelo byi. Tinɛmbo ya digital a ka tseyo ka tinɛmbo e e, na ombwelelo byi ku mpete nayo.'}]",76552417.0,llama3.1,160.0,362583000.0,2537872542.0,Tinɛmbo ya Digital,,,2026-04-03 22:40:05,True,,False,Omithikampango dhaantu odha li hadhi ningitha aantu ya kale ye na ekwatathano ewanawa,True,,False,"Digital tseyo tinɛmbo e e na ka seletela ombwelelo byi. Humanities a ku mpete nayo, na ""humanities"" a nne ka sambuliwe kana ""ombwelelo."" Ondonga a na lelelo la ""tinɛmbo,"" kwa hiyo tinɛmbo ya digital i nene ka seletela ombwelelo byi. Tinɛmbo ya digital a ka tseyo ka tinɛmbo e e, na ombwelelo byi ku mpete nayo."
ne,Nepali,Digital Humanities,Dijital Mānusya Vigyān,"{
  ""translated_term"": ""Dijital Mānusya Vigyān"",
  ""translation_rationale"": ""मेरो तर्क हो त्यहा यस्तो छ: पहिले, \'Digital Humanities\' को अनुवाद गर्नु भएको थियो, जसले चाहे पनि संक्षिप्त अर्थ वा परिभाषामा अछुतो छ। तपाईंले देखेका मेरो तर्क यस्तो हो- डिजिटल (Dijital) भन्नाले कृपया आफ्नै ब्राउजर, कम्प्यूटर, इंटरनेट आदि सामग्रीमा प्रयोग गरिएको केही शब्दको लागि अनुवाद हुन्छ। तर, Humanities (मानविका) भन्ले व्यवहारवादी, समाजशास्त्र, इतिहास, कला, भाषाविज्ञान आदि क्षेत्रमा प्रवेश गर्छ। त्यसैले, यस शब्दको अनुवादमा ध्यान दिएर केही सटीकता ल्याउन सकिनेछ। मेरो तर्क यस्तो छ- डिजिटल हुनाले सामग्री, प्रविधि आदिको बारेमा हुन्छ र मानविका हुनाले व्यवहार, समाज, इतिहास आदिको बारेमा हुन्छ। त्यसैले, यसको अनुवाद \'Dijital Mānusya Vigyān\' नै सही छ।""
}",2026-04-04T03:40:00.676276Z,stop,374.0,6832054795.0,[],71674292.0,llama3.1,152.0,342618500.0,7357097250.0,,,,2026-04-03 22:40:00,False,डिजिटल मानविकी,True,,False,डिजिटल मानविकी,False,"मेरो तर्क हो त्यहा यस्तो छ: पहिले, 'Digital Humanities' को अनुवाद गर्नु भएको थियो, जसले चाहे पनि संक्षिप्त अर्थ वा परिभाषामा अछुतो छ। तपाईंले देखेका मेरो तर्क यस्तो हो- डिजिटल (Dijital) भन्नाले कृपया आफ्नै ब्राउजर, कम्प्यूटर, इंटरनेट आदि सामग्रीमा प्रयोग गरिएको केही शब्दको लागि अनुवाद हुन्छ। तर, Humanities (मानविका) भन्ले व्यवहारवादी, समाजशास्त्र, इतिहास, कला, भाषाविज्ञान आदि क्षेत्रमा प्रवेश गर्छ। त्यसैले, यस शब्दको अनुवादमा ध्यान दिएर केही सटीकता ल्याउन सकिनेछ। मेरो तर्क यस्तो छ- डिजिटल हुनाले सामग्री, प्रविधि आदिको बारेमा हुन्छ र मानविका हुनाले व्यवहार, समाज, इतिहास आदिको बारेमा हुन्छ। त्यसैले, यसको अनुवाद 'Dijital Mānusya Vigyān' नै सही छ।"
nd,North Ndebele,Digital Humanities,Mamela ya Digital,"{
  ""translated_term"": ""Mamela ya Digital"",
  ""translation_rationale"": ""Kutengisana na isikhungo esingakhulunywa kwenkosha, Mamela yakwazi ukhuluma kwakhe ngabahlobo abathatha ngokubhizinisiwe ngumoyo.""
}",2026-04-04T03:39:51.297609Z,stop,75.0,881326207.0,[],68839708.0,llama3.1,176.0,365656625.0,1336735667.0,,,,2026-04-03 22:39:51,True,,True,,True,,False,"Kutengisana na isikhungo esingakhulunywa kwenkosha, Mamela yakwazi ukhuluma kwakhe ngabahlobo abathatha ngokubhizinisiwe ngumoyo."
nb,Norwegian Bokmål,Digital Humanities,Digital humaniora,"{'translated_term': 'Digital humaniora', 'translation_rationale': 'Jeg valgte denne oversettelsen siden ""humaniora"" allerede er et norsk begrep som refererer til de sosiale og åndelige vitenskapene. Begrepet ""digital"" blir satt i forkant av det eksisterende begrepet, slik at det kan forstås i en digital kontekst.'}",2026-04-04T03:39:47.939065Z,stop,91.0,1083444917.0,"[{'translated_term': 'Digital humaniora', 'translation_rationale': 'Jeg valgte denne oversettelsen siden ""humaniora"" allerede er et norsk begrep som refererer til de sosiale og åndelige vitenskapene. Begrepet ""digital"" blir satt i forkant av det eksisterende begrepet, slik at det kan forstås i en digital kontekst.'}]",78255083.0,llama3.1,176.0,361278375.0,1548966167.0,Digital humaniora,,,2026-04-03 22:39:47,False,Digital humaniora,True,,True,,False,"Jeg valgte denne oversettelsen siden ""humaniora"" allerede er et norsk begrep som refererer til de sosiale og åndelige vitenskapene. Begrepet ""digital"" blir satt i forkant av det eksisterende begrepet, slik at det kan forstås i en digital kontekst."
na,Nauru,Digital Humanities,Rauj ebua Tebbinaa,"""Digital Humanities"" kaku eurek arii.

{'translated_term': 'Rauj ebua Tebbinaa', 'translation_rationale': 'Araut ka kaiwi kaku, tebbinai wawi ni digital, huumaniti eureka nuwe. Ebua arikareka, huumaniti eurek wawi no kaku.'}",2026-04-04T03:39:44.361138Z,stop,83.0,999832752.0,"[{'translated_term': 'Rauj ebua Tebbinaa', 'translation_rationale': 'Araut ka kaiwi kaku, tebbinai wawi ni digital, huumaniti eureka nuwe. Ebua arikareka, huumaniti eurek wawi no kaku.'}]",81918375.0,llama3.1,160.0,360562000.0,1466073083.0,Rauj ebua Tebbinaa,,,2026-04-03 22:39:44,True,,True,,True,,False,"Araut ka kaiwi kaku, tebbinai wawi ni digital, huumaniti eureka nuwe. Ebua arikareka, huumaniti eurek wawi no kaku."
my,Burmese,Digital Humanities,ဒီဂျစ်တယ် မန်းလတ္သာနေဝါက္,"{
  ""translated_term"": ""ဒီဂျစ်တယ် မန်းလတ္သာနေဝါက္"",
  ""translation_rationale"": ""ဓာတ္သပ္ျခင့္ (digital humanities) ဟီုရွင္းအေန မိုက္ဆြန္မ်ားထဲ႐ွင္ သက္ပါယန္းအေျခလစ္တုိ႔ရာတည္႔မ်ားျဖင့္ ဒီသက္ပါယန္းေျခလစ္တုိ႔ အမ်ားၾကညီျဖင့္ အသံုးျပဳေသာစြဲၿဖဴလာပါတယ္""
}",2026-04-04T03:39:40.866569Z,stop,355.0,8320265338.0,[],70927959.0,llama3.1,160.0,367283208.0,8849203125.0,,,,2026-04-03 22:39:40,False,ဒစ်ဂျစ်တယ် လူသားပညာ,True,,False,ဒစ်ဂျစ်တယ်လူ့ပညာ,False,ဓာတ္သပ္ျခင့္ (digital humanities) ဟီုရွင္းအေန မိုက္ဆြန္မ်ားထဲ႐ွင္ သက္ပါယန္းအေျခလစ္တုိ႔ရာတည္႔မ်ားျဖင့္ ဒီသက္ပါယန္းေျခလစ္တုိ႔ အမ်ားၾကညီျဖင့္ အသံုးျပဳေသာစြဲၿဖဴလာပါတယ္
mt,Maltese,Digital Humanities,,"{'translated_term': 'Ġumienza Digitali', 'translation_rationale': 'Għalda mill-terminu ""Digital Humanities"" li huwa mistoħriggħ tal-għanijiet ta' kull tibdil li jġibu importanza lil il-komputażżazzjoni fil-filosofija u l-ispirazzjoni ta' studju tad-dinja. Għall-terminu ""Ġumienza Digitali"", Ħaqqad issaqtugħalha b'sens li jirrappreżenta t-tibdil ta' il-kontribuzzjoni tal-teknoloġija digitali fis-servizz ta' l-umanisti u fil-filosofija tas-seklu għoxrin. Huwa mistoħriggħalha ukoll b'sens li jirrappreżenta t-tibdil fi t-mod kif in-nuċell tal-għalliem huma f'isem il-Ġumienza Digitali. Li dwarha, għall-kontribuzzjoni taghha fil-qagħad tal-bliet u li kollha hi taħt it-titlu ""Ġumienza Digitali"", Ħaqqad qattugħalha b'sens.'}",2026-04-04T03:39:29.990715Z,stop,312.0,7154595703.0,[],91953917.0,llama3.1,160.0,392646708.0,7735144417.0,,,,2026-04-03 22:39:29,False,Umanistika Diġitali,False,L-istudji umanistiċi diġitali,False,Umanistika Diġitali,False,
ms,Malay,Digital Humanities,Kemanusiaan Digital,"{
  ""translated_term"": ""Kemanusiaan Digital"",
  ""translation_rationale"": ""Terjemahan ini didasarkan pada analisis struktur bahasa Inggeris dan kemahiran saya dalam bidang Digital Humanities. Kata 'digital' diterjemahkan secara langsung sebagai 'digital', kerana istilah tersebut sudah menjadi sebahagian daripada kehidupan seharian kita. Kata 'humanities' pula bermakna yang lebih luas, iaitu kajian mengenai aspek budaya dan sains sosial manusia, seperti sastera, seni, sejarah, antropologi dan geografi. Oleh itu, saya memilih kata 'kemanusiaan' untuk menerjemahkan 'humanities', kerana ia sudah ada dalam konteks yang serupa di Malaysia.""
}",2026-04-04T03:39:20.229766Z,stop,183.0,2782764458.0,[],80036583.0,llama3.1,144.0,329553083.0,3247605916.0,,,,2026-04-03 22:39:20,False,Kemanusiaan Digital,True,,False,Kemanusiaan Digital,False,"Terjemahan ini didasarkan pada analisis struktur bahasa Inggeris dan kemahiran saya dalam bidang Digital Humanities. Kata 'digital' diterjemahkan secara langsung sebagai 'digital', kerana istilah tersebut sudah menjadi sebahagian daripada kehidupan seharian kita. Kata 'humanities' pula bermakna yang lebih luas, iaitu kajian mengenai aspek budaya dan sains sosial manusia, seperti sastera, seni, sejarah, antropologi dan geografi. Oleh itu, saya memilih kata 'kemanusiaan' untuk menerjemahkan 'humanities', kerana ia sudah ada dalam konteks yang serupa di Malaysia."
mr,Marathi (Marāṭhī),Digital Humanities,संकृतिक डिजिटल शास्त्र,"{'translated_term': 'संकृतिक डिजिटल शास्त्र', 'translation_rationale': 'शब्दाच्या अनुवादासाठी मी संकृतिक व विद्युत यांचे अर्थ मिळवून घेतले. ""संकृतिक"" हे कक्षा आणि इतर कला खंडातील विद्वानांना ओळखते. तर ""डिजिटल"" म्हटलेल्यास ते कंप्यूटर, संगणक, आणि इंटरनेट यांची दोन्ही भाषा आहेत. त्यामुळे हे शब्द प्रथम वाचल्यावर एक विशिष्ट अर्थ आला नाही, परंतु चिंतनानंतर मी ""संकृतिक डिजिटल शास्त्र"" असा अर्थ योग्य म्हणाला.'}",2026-04-04T03:39:14.954741Z,stop,217.0,3529263035.0,"[{'translated_term': 'संकृतिक डिजिटल शास्त्र', 'translation_rationale': 'शब्दाच्या अनुवादासाठी मी संकृतिक व विद्युत यांचे अर्थ मिळवून घेतले. ""संकृतिक"" हे कक्षा आणि इतर कला खंडातील विद्वानांना ओळखते. तर ""डिजिटल"" म्हटलेल्यास ते कंप्यूटर, संगणक, आणि इंटरनेट यांची दोन्ही भाषा आहेत. त्यामुळे हे शब्द प्रथम वाचल्यावर एक विशिष्ट अर्थ आला नाही, परंतु चिंतनानंतर मी ""संकृतिक डिजिटल शास्त्र"" असा अर्थ योग्य म्हणाला.'}]",79833083.0,llama3.1,213.0,403097583.0,4075557958.0,संकृतिक डिजिटल शास्त्र,,,2026-04-03 22:39:14,False,डिजिटल मानविकी,False,मानवी क्षमता,False,डिजिटल मानवता,False,"शब्दाच्या अनुवादासाठी मी संकृतिक व विद्युत यांचे अर्थ मिळवून घेतले. ""संकृतिक"" हे कक्षा आणि इतर कला खंडातील विद्वानांना ओळखते. तर ""डिजिटल"" म्हटलेल्यास ते कंप्यूटर, संगणक, आणि इंटरनेट यांची दोन्ही भाषा आहेत. त्यामुळे हे शब्द प्रथम वाचल्यावर एक विशिष्ट अर्थ आला नाही, परंतु चिंतनानंतर मी ""संकृतिक डिजिटल शास्त्र"" असा अर्थ योग्य म्हणाला."
mn,Mongolian,Digital Humanities,Дигитал Хүмүүснэгт,"{
  'translated_term': 'Дигитал Хүмүүснэгт',
  'translation_rationale': 'Гаралцан хэлбэртэй бүтээлүүдийг судлах мэдээллийн технологиудын нөлөөллөө оруулж, дизайныг хөгжүүлсэн хувьсгалыг илтгэх хэвтүүдийг оролцуулахад ""Digital Humanities"" хэмээх Үнэмөрийн гишүүдийн талд нь чухал түүх, угсарч байгаа бодит бичиг болохоор ""Дигитал Хүмүүснэгт"" хэмээх нэр өргүйзүй.'
}",2026-04-04T03:39:08.852868Z,stop,242.0,4154179507.0,[],83645500.0,llama3.1,152.0,331558209.0,4633199959.0,,,,2026-04-03 22:39:08,False,Дижитал хүмүүнлэгийн ухаан,True,,False,Дижитал хүмүүнлэг,False,"Гаралцан хэлбэртэй бүтээлүүдийг судлах мэдээллийн технологиудын нөлөөллөө оруулж, дизайныг хөгжүүлсэн хувьсгалыг илтгэх хэвтүүдийг оролцуулахад ""Digital Humanities"" хэмээх Үнэмөрийн гишүүдийн талд нь чухал түүх, угсарч байгаа бодит бичиг болохоор ""Дигитал Хүмүүснэгт"" хэмээх нэр өргүйзүй."
ml,Malayalam,Digital Humanities,ഡിജിറ്റൽ മാനുഷ്യവിഭാഗം,"{
  ""translated_term"": ""ഡിജിറ്റൽ മാനുഷ്യവിഭാഗം"",
  ""translation_rationale"": ""ഇത് ആധുനിക ശാസ്ത്ര, എലക്ട്രോണിക് മാനുഷ്യവിദ്യാ ഭരണഘടന, ഡിജിറ്റൽ സംസ്കാരത്തിൻ്റെ ഒരു ശാഖയാണ്. ഹ്യൂമനിട്ടിസിസ്, ഡിജിറ്റൽ എന്നതിന് പുരാതന ശാഖയെ സൂചിപ്പിക്കുന്നു.""
}",2026-04-04T03:39:02.195769Z,stop,313.0,6009148331.0,[],73617959.0,llama3.1,152.0,335113791.0,6494645875.0,,,,2026-04-03 22:39:02,False,ഡിജിറ്റൽ മാനവികത,False,മാനവരാശി,False,ഡിജിറ്റൽ ഹ്യുമാനിറ്റീസ്,False,"ഇത് ആധുനിക ശാസ്ത്ര, എലക്ട്രോണിക് മാനുഷ്യവിദ്യാ ഭരണഘടന, ഡിജിറ്റൽ സംസ്കാരത്തിൻ്റെ ഒരു ശാഖയാണ്. ഹ്യൂമനിട്ടിസിസ്, ഡിജിറ്റൽ എന്നതിന് പുരാതന ശാഖയെ സൂചിപ്പിക്കുന്നു."
mk,Macedonian,Digital Humanities,,"{'translated_term': 'Dijitalni Umetnosti', 'translation_rationale': 'Termot Дигитални Уметности e korišten kako prevod za ""Digital Humanities"" zatoa što so prvoto ime na anglijski, а по тоа немаме друг избор освен да го преведем како и во другите преводи на ovakvi termini. The термин е сконструиран од strana на angliski govori za da opiše nov razvoj vo polietno i kompjutersko analiza na kulturni i istorisni materijali, so toa se moze prevodati samo kako и се i во druge prevodi.')",2026-04-04T03:38:53.672757Z,stop,161.0,2025685085.0,[],75849500.0,llama3.1,152.0,333846250.0,2482205084.0,,,,2026-04-03 22:38:53,False,Дигитални хуманистички науки,False,Дигитални хуманости,False,Дигитални хуманистички науки,False,
mi,Māori,Digital Humanities,Tikanga Pūkorero Matihiko,"{'translated_term': 'Tikanga Pūkorero Matihiko', 'translation_rationale': 'He take o tēnei ingoa i whakapapaia ki te tikanga matihiko, arā, ngā mahere me ngā rauemi. Ko Tikanga he kupu kaha e rite ana ki Digital Humanities, a, he pūkorero kei te kaupapa o te korero mō tēnei whenua.'}",2026-04-04T03:38:49.163663Z,stop,102.0,1238051407.0,"[{'translated_term': 'Tikanga Pūkorero Matihiko', 'translation_rationale': 'He take o tēnei ingoa i whakapapaia ki te tikanga matihiko, arā, ngā mahere me ngā rauemi. Ko Tikanga he kupu kaha e rite ana ki Digital Humanities, a, he pūkorero kei te kaupapa o te korero mō tēnei whenua.'}]",78825584.0,llama3.1,160.0,356632042.0,1702479084.0,Tikanga Pūkorero Matihiko,,,2026-04-03 22:38:49,False,Ngā Tikanga Mamati,True,,False,Mamati Tangata,False,"He take o tēnei ingoa i whakapapaia ki te tikanga matihiko, arā, ngā mahere me ngā rauemi. Ko Tikanga he kupu kaha e rite ana ki Digital Humanities, a, he pūkorero kei te kaupapa o te korero mō tēnei whenua."
mh,Marshallese,Digital Humanities,Kajin Aingin Kūru,"'Kajin Aingin Kūru': 
a term that combines the concept of 'kajin aingin', or human knowledge, with the modern idea of digital technology.

{
  ""translated_term"": ""Kajin Aingin Kūru"",
  ""translation_rationale"": ""Mwit kajin aingin te kūru ebad, ebbok enij ejidōn. Iojen ebil kūru tata ekkor aakaij mejūt, kebwe jikōr āmin.""
}",2026-04-04T03:38:45.431615Z,stop,122.0,1551950380.0,[],83892791.0,llama3.1,160.0,362140042.0,2032424541.0,,,,2026-04-03 22:38:45,False,Digital Humanities,False,Ta ko Rej Wal̦o̦k ñan Armej?,True,,False,"Mwit kajin aingin te kūru ebad, ebbok enij ejidōn. Iojen ebil kūru tata ekkor aakaij mejūt, kebwe jikōr āmin."
mg,Malagasy,Digital Humanities,Fiainan'ny Fanoratana,"{
    ""translated_term"": ""Fiainan'ny Fanoratana"",
    ""translation_rationale"": ""Ampiasa ny teny 'Digital Humanities' dia maneho ny toko sy ny fiainany amin'ny fitondravana fampidirina, ary ny fanoratana dia maneho ny fidirana ny taolan'ny olona fahefahan'ny teknôlôjia. Ny hoe 'Digital Humanities' io dia hafa-manova-tena noho ny toko sy ny fiainany ao amin'ny fitondravana, ary ny fanoratana kosa no hafa-manova-tena ny fidirana anatin'ny taolan'ny olona.""
}",2026-04-04T03:38:41.373811Z,stop,162.0,2442351331.0,[],80567250.0,llama3.1,160.0,362198875.0,2929437333.0,,,,2026-04-03 22:38:41,False,Siansa momba ny maha-olona nomerika,False,Maha-olombelona nomerika,False,Digital Humanities,False,"Ampiasa ny teny 'Digital Humanities' dia maneho ny toko sy ny fiainany amin'ny fitondravana fampidirina, ary ny fanoratana dia maneho ny fidirana ny taolan'ny olona fahefahan'ny teknôlôjia. Ny hoe 'Digital Humanities' io dia hafa-manova-tena noho ny toko sy ny fiainany ao amin'ny fitondravana, ary ny fanoratana kosa no hafa-manova-tena ny fidirana anatin'ny taolan'ny olona."
lv,Latvian,Digital Humanities,Datorzinības humanitātes,"{
  'translated_term': 'Datorzinības humanitātes',
  'translation_rationale': 'Termins ""Digital Humanities"" saistīts ar jauno zinību un valodu teknoloģiju pielietojumu cilvēkzinību, vēstures un kultūras pētījumos. Lai izskaidrotu šo terminu latviski, esmu izvēlējusies kombinēt vārdu ""datorzinības"" (latvisks varbūtīgs tulkojums no angļu ""digital"") ar sengrieķu vārdu ""anthropos"", kas nozīmē cilvēkam, un to apvieno ar latvisku vārdu ""humanitātes"".'
}",2026-04-04T03:38:36.417071Z,stop,190.0,2730284883.0,[],80983500.0,llama3.1,160.0,356791166.0,3225823833.0,,,,2026-04-03 22:38:36,False,Digitālās humanitārās zinātnes,True,,False,Digitālās humanitārās zinātnes,False,"Termins ""Digital Humanities"" saistīts ar jauno zinību un valodu teknoloģiju pielietojumu cilvēkzinību, vēstures un kultūras pētījumos. Lai izskaidrotu šo terminu latviski, esmu izvēlējusies kombinēt vārdu ""datorzinības"" (latvisks varbūtīgs tulkojums no angļu ""digital"") ar sengrieķu vārdu ""anthropos"", kas nozīmē cilvēkam, un to apvieno ar latvisku vārdu ""humanitātes""."
lu,Luba-Katanga,Digital Humanities,Mafisiki ya Digital,"{
  ""translated_term"": ""Mafisiki ya Digital"",
  ""translation_rationale"": ""Kuandikisha -mafisiki- na -ya-, kwa kuwa Digital iko sawa na ya kompyuta, wakati ni mchakato wa kusoma na kutumia maudhui makubwa.""
}",2026-04-04T03:38:31.164725Z,stop,76.0,931408047.0,[],71214250.0,llama3.1,176.0,385705000.0,1409174000.0,,,,2026-04-03 22:38:31,True,,False,BISHINTE BYA KWIFUNDA,True,,False,"Kuandikisha -mafisiki- na -ya-, kwa kuwa Digital iko sawa na ya kompyuta, wakati ni mchakato wa kusoma na kutumia maudhui makubwa."
lt,Lithuanian,Digital Humanities,Dėsinių Mokslai,"{'translated_term': 'Dėsinių Mokslai', 'translation_rationale': 'Pavadinimas „Digital Humanities“ reiškia mokslo bei humanitarinio ir socialinio mokslų sritis, kuri naudoja kompiuterius bei internetą savo tyrinėjimuose. Šios žodžio reikšmę lietuviu kalba apleido „Dėsinių Mokslai“.'}",2026-04-04T03:38:27.727279Z,stop,113.0,1923723092.0,"[{'translated_term': 'Dėsinių Mokslai', 'translation_rationale': 'Pavadinimas „Digital Humanities“ reiškia mokslo bei humanitarinio ir socialinio mokslų sritis, kuri naudoja kompiuterius bei internetą savo tyrinėjimuose. Šios žodžio reikšmę lietuviu kalba apleido „Dėsinių Mokslai“.'}]",92530042.0,llama3.1,160.0,388898292.0,2437028250.0,Dėsinių Mokslai,,,2026-04-03 22:38:27,False,Skaitmeniniai humanitariniai mokslai,True,,False,Skaitmeniniai humanitariniai mokslai,False,"Pavadinimas „Digital Humanities“ reiškia mokslo bei humanitarinio ir socialinio mokslų sritis, kuri naudoja kompiuterius bei internetą savo tyrinėjimuose. Šios žodžio reikšmę lietuviu kalba apleido „Dėsinių Mokslai“."
lo,Lao,Digital Humanities,ການທິບສະໄໝດິຈີດຕະລົມ,"{'translated_term': 'ການທິບສະໄໝດິຈີດຕະລົມ', 'translation_rationale': 'ຊື້ຂອງ Digital Humanities ຖອນຢາກັບ ""ທິບ"" ແທນ ""ດິຈີດຕະລົມ"" ໃນຊື້ຂອງ Lao ສຳຄັນຢາກວິທະຍາ'}",2026-04-04T03:38:23.264266Z,stop,170.0,3245981700.0,"[{'translated_term': 'ການທິບສະໄໝດິຈີດຕະລົມ', 'translation_rationale': 'ຊື້ຂອງ Digital Humanities ຖອນຢາກັບ ""ທິບ"" ແທນ ""ດິຈີດຕະລົມ"" ໃນຊື້ຂອງ Lao ສຳຄັນຢາກວິທະຍາ'}]",80490250.0,llama3.1,152.0,376367875.0,3746344125.0,ການທິບສະໄໝດິຈີດຕະລົມ,,,2026-04-03 22:38:23,False,ມະນຸດສາດດິຈິຕອນ,True,,False,Digital Humanities,False,"ຊື້ຂອງ Digital Humanities ຖອນຢາກັບ ""ທິບ"" ແທນ ""ດິຈີດຕະລົມ"" ໃນຊື້ຂອງ Lao ສຳຄັນຢາກວິທະຍາ"
ln,Lingala,Digital Humanities,Bana ntambu ya Digidal,"{
  ""translated_term"": ""Bana ntambu ya Digidal"",
  ""translation_rationale"": ""Nsimwa na mifumo ya kompyuta, bano na wansi wafuata kufahamisha ujuzi wa leta kwenye mfumo wa kompyuta.""
}",2026-04-04T03:38:17.495119Z,stop,69.0,970381213.0,[],80041042.0,llama3.1,152.0,331623125.0,1402696792.0,,,,2026-04-03 22:38:17,False,Humanités numériques,False,Biloko oyo bato bazali na yango,True,,False,"Nsimwa na mifumo ya kompyuta, bano na wansi wafuata kufahamisha ujuzi wa leta kwenye mfumo wa kompyuta."
li,Limburgish,Digital Humanities,Digitalen Kunsten,"{
  ""translated_term"": ""Digitalen Kunsten"",
  ""translation_rationale"": ""De term is gebaseerd op de betekenis van 'digital' en 'humanities'. In Limburgs gebruikt me we 'digital' as t'noodzaak um digitale technologie te beschrieven, zo wiert 'digitalen' de juiste vertaling. 'Kunsten' vertelt mi dat hei geit over kunst- en wetenschapsgeschiedenis, cultuurkunde, literatuurwetenschap of anzeer andere gebiede van de humanities. De term 'Digitalen Kunsten' klinkt dus logisch en zuinig.""
}",2026-04-04T03:38:10.082524Z,stop,149.0,3113845876.0,[],66731958.0,llama3.1,160.0,378860500.0,3602652500.0,,,,2026-04-03 22:38:10,False,Digitale geestesweitesjappe,True,,True,,False,"De term is gebaseerd op de betekenis van 'digital' en 'humanities'. In Limburgs gebruikt me we 'digital' as t'noodzaak um digitale technologie te beschrieven, zo wiert 'digitalen' de juiste vertaling. 'Kunsten' vertelt mi dat hei geit over kunst- en wetenschapsgeschiedenis, cultuurkunde, literatuurwetenschap of anzeer andere gebiede van de humanities. De term 'Digitalen Kunsten' klinkt dus logisch en zuinig."
lg,Luganda,Digital Humanities,Digiitali Obutonde,"{
  ""translated_term"": ""Digiitali Obutonde"",
  ""translation_rationale"": ""Luganda lino, \""Digitali\"" tuliwandiikibwa kuwandiikibwa w'abakulu abasaba okufumbula kati obutonde bwo. Kinyonyumba cha \""Humanities\"", tuliwandekebwa kuwawulidde ""Obutonde"" (obutonde), ekivuganya mu nyanja za butonde.""
}",2026-04-04T03:38:04.455644Z,stop,111.0,1802827916.0,[],77530666.0,llama3.1,152.0,350667084.0,2262608791.0,,,,2026-04-03 22:38:04,False,Eby’obuntubulamu ebya Digital,False,Obusobozi bw'Abantu,True,,False,"Luganda lino, ""Digitali"" tuliwandiikibwa kuwandiikibwa w'abakulu abasaba okufumbula kati obutonde bwo. Kinyonyumba cha ""Humanities"", tuliwandekebwa kuwawulidde "
lb,Luxembourgish,Digital Humanities,Digiwallwëttesch Kultura,"{
  ""translated_term"": ""Digiwallwëttesch Kultura"",
  ""translation_rationale"": ""D'Termin 'Digital Humanities' ass kuerzgefest an der englescher Sprooch. Fir dës Zäit ze übertrecken, géint wéi an de meeschten Fäll, hunn mir och deemno e Kompromiss gesuergt. D'Begrëff 'Digiwallwëttesch' ass méiglech dofir, well et an der franséischer Sprooch ""humanités numériques"" heescht an d'Digital Humanitiest zu Lëtzebuerg awer och méi vu franséische Kulturinstituter inspiréiert sinn. 
D'Hierarchie vun de Wierder ass nach eng interessant Säit, well 'Digital' keng Äquivalenten a der luxemburgescher Sprooch huet. Dofir huet mir 'Digiwallwëttesch' ausgebild, an där 'digi' wéi franséisch ""numériques"" verwendet ginn ass, well et méiglech ass d'Semantik besser ze kommunizieren.""
}",2026-04-04T03:38:00.1776Z,stop,275.0,5842997294.0,[],71011666.0,llama3.1,152.0,378812542.0,6370965416.0,,,,2026-04-03 22:38:00,False,Digital Humanities,True,,False,Digital Geeschteswëssenschaft,False,"D'Termin 'Digital Humanities' ass kuerzgefest an der englescher Sprooch. Fir dës Zäit ze übertrecken, géint wéi an de meeschten Fäll, hunn mir och deemno e Kompromiss gesuergt. D'Begrëff 'Digiwallwëttesch' ass méiglech dofir, well et an der franséischer Sprooch "
la,Latin,Digital Humanities,Humanitates Digitales,"{
  ""translated_term"": ""Humanitates Digitales"",
  ""translation_rationale"": ""Nomen 'Digital Humanities' a duobus partibus constat: substantivo 'humanitates,' quod significat studia liberalia, et adjectiveo 'digitales,' quod referre potest ad res computatales. Cum istis duas partes in ordine nominativo et adjectivum coniungeremus, obtineremus 'Humanitates Digitales.'""
}",2026-04-04T03:37:51.782637Z,stop,101.0,1415378287.0,[],82069334.0,llama3.1,144.0,349874542.0,1875870584.0,,Humanitates digitales,Humanitates digitales,2026-04-03 22:37:51,False,Humanitates Digitales,True,,False,Digital Humanities,False,"Nomen 'Digital Humanities' a duobus partibus constat: substantivo 'humanitates,' quod significat studia liberalia, et adjectiveo 'digitales,' quod referre potest ad res computatales. Cum istis duas partes in ordine nominativo et adjectivum coniungeremus, obtineremus 'Humanitates Digitales.'"
ky,"Kirghiz, Kyrgyz",Digital Humanities,Дигиталдык адабият,"{
  ""translated_term"": ""Дигиталдык адабият"",
  ""translation_rationale"": ""Кыргызча \""дигиталдык\"" сөзү \""саналып жасалган\"", \""байланышкан\"" деген маанини берет, ал эми \""адабият\"" сөзү чыгармачыл чөйрөнү, адабий көркөмчүлүктү билдирет. Дигиталдык адабият деген термин биздин урууларда да жаңы технологияларды пайдалануу менен жаралып жаткан жаңы түрдөгү чыгармачыл ишмердикке берилип, жыйналып турат.""
}",2026-04-04T03:37:47.886587Z,stop,216.0,4290771161.0,[],100394542.0,llama3.1,184.0,383804792.0,4834410709.0,,,,2026-04-03 22:37:47,False,Санариптик гуманитардык илимдер,True,,False,Санариптик гуманитардык илимдер,False,"Кыргызча ""дигиталдык"" сөзү ""саналып жасалган"", ""байланышкан"" деген маанини берет, ал эми ""адабият"" сөзү чыгармачыл чөйрөнү, адабий көркөмчүлүктү билдирет. Дигиталдык адабият деген термин биздин урууларда да жаңы технологияларды пайдалануу менен жаралып жаткан жаңы түрдөгү чыгармачыл ишмердикке берилип, жыйналып турат."
kw,Cornish,Digital Humanities,,"{'translated_term': 'Dhiazelekowethyek y'n Furvans', 'translation_rationale': 'Yma'n term ""Digital Humanities"" ow tavgroglowek a dheuth yn kever dewmadow ha furvansow kemmynnowek. Yn dhiazelekowethyek, dheutha a-dreus y'n kernewek, kepar hag e-vydhynnow yw ""Digital"" ow termnya yth yw dhe vos tavgroglowek ha ""Humanities"" ow termnya yth yw yurinow dhyworth an fylmynnyon.'}",2026-04-04T03:37:41.01663Z,stop,144.0,1766546079.0,[],91486625.0,llama3.1,152.0,361544959.0,2259935958.0,,,,2026-04-03 22:37:41,True,,True,,True,,False,
kv,Komi,Digital Humanities,Kodikša mužita,"{
  ""translated_term"": ""Kodikša mužita"",
  ""translation_rationale"": ""I used the word ""kodikša"" to denote digital, as it comes from the Russian ""цифровой"", which is commonly used in Komi. I added ""mužit"" (human) and ""a"" (noun marker) to signify the connection between technology and humanities.""
}",2026-04-04T03:37:36.725307Z,stop,85.0,1009362124.0,[],79442750.0,llama3.1,152.0,332828375.0,1445146416.0,,,,2026-04-03 22:37:36,False,Цифрӧвӧй гуманитарнӧй наукаяс,True,,True,,False,I used the word 
ku,Kurdish,Digital Humanities,Bîrkaribûnên Digitale,"{
  ""translated_term"": ""Bîrkaribûnên Digitale"",
  ""translation_rationale"": ""Kurdîkiriya termê \""Digital Humanities\"" hema bi karsaziya bingehîn a îngilîzî ye, ku «digital» û «humanities» ji bo Kurdishan zêde tê gotin. Lê ew du wateyên jî hemû weke «bîrkari» û «insaniyeta» ango dewleta mezin a insaniyetê tê çavdariya.""
}",2026-04-04T03:37:33.256901Z,stop,128.0,1496290751.0,[],80934208.0,llama3.1,144.0,337803208.0,1951168416.0,,,,2026-04-03 22:37:33,False,Mirovahiyên Dîjîtal,True,,False,Humanities dîjîtal,False,"Kurdîkiriya termê ""Digital Humanities"" hema bi karsaziya bingehîn a îngilîzî ye, ku «digital» û «humanities» ji bo Kurdishan zêde tê gotin. Lê ew du wateyên jî hemû weke «bîrkari» û «insaniyeta» ango dewleta mezin a insaniyetê tê çavdariya."
ks,Kashmiri,Digital Humanities,Digital Humanities,"{
  ""translated_term"": ""Digital Humanities"", 
  ""translation_rationale"": ""Humanities Digital""
}",2026-04-04T03:37:29.279355Z,stop,24.0,270800416.0,[],77803000.0,llama3.1,152.0,334733541.0,690902167.0,,,,2026-04-03 22:37:29,True,,True,,True,,False,Humanities Digital
kr,Kanuri,Digital Humanities,Ɛmmáɓí dúbbé rúbó,"{
  ""translated_term"": ""Ɛmmáɓí dúbbé rúbó"",
  ""translation_rationale"": ""Dubbé rúbó ní mmaɓí, wanda na yɛ a kɔrɩyɛn tukiyɛn. Rúbó ma nɔnniɗɛn òróhí, dúbbé nɔnniɗɛn ámúrɔ""
}",2026-04-04T03:37:26.559278Z,stop,109.0,1361304586.0,[],82698666.0,llama3.1,152.0,331969375.0,1806273916.0,,,,2026-04-03 22:37:26,False,Ilmu adamganabe zamanbe,True,,True,,False,"Dubbé rúbó ní mmaɓí, wanda na yɛ a kɔrɩyɛn tukiyɛn. Rúbó ma nɔnniɗɛn òróhí, dúbbé nɔnniɗɛn ámúrɔ"
ko,Korean,Digital Humanities,,"{'translated_term': '디지털 인문학', 'translation_rationale': ' ""Digital Humanities""이라는 용어는 영어권에서 유명한 학문 분야입니다. 한국어로 번역할 때 고려해야 할 점은 ""인문학""은 이미 우리나라의 공식 언어로 사용되고 있기 때문에, 단순히 '디지털'을 더하는 것만으로 충분하지 않습니다. 또한, 이 용어는 기존의 인문학에 컴퓨터 및 정보 과학 기술을 적용한 새로운 학문 영역을 의미하므로, ""인문""과 ""디지털"" 사이에 연결하는 역할도 해야 합니다. 따라서, ""디지털 인문학""이라는 번역이 가장 적절한 선택입니다.'}",2026-04-04T03:37:22.736612Z,stop,165.0,2421745001.0,[],64311291.0,llama3.1,144.0,360915666.0,2894452375.0,,디지털 인문학,디지털 인문학,2026-04-03 22:37:22,False,디지털 인문학,True,,False,디지털 인문학,False,
kn,Kannada,Digital Humanities,ಡಿಜಿಟಲ್ ಮಾನವಶಾಸ್ತ್ರ,"{'translated_term': 'ಡಿಜಿಟಲ್ ಮಾನವಶಾಸ್ತ್ರ', 'translation_rationale': 'ಈ ಪದವನ್ನು ಕಂಪ್ಯೂಟರೀಕೃತ ಮಾಹಿತಿಗಳ ಅಧ್ಯಯನ ಎಂಬ ಅರ್ಥದಲ್ಲಿ ಭಾವಿಸಿ ಕನ್ನಡಕ್ಕೆ ಅನುವಾದಿಸಬಹುದು. ಇದರ ಪರಭಾಷೆಯಾಗಲೆಂದರೆ, ಮಾನವತಾಶಾಸ್ತ್ರದ ಅಧ್ಯಯನ.'}",2026-04-04T03:37:17.800047Z,stop,277.0,5266683794.0,"[{'translated_term': 'ಡಿಜಿಟಲ್ ಮಾನವಶಾಸ್ತ್ರ', 'translation_rationale': 'ಈ ಪದವನ್ನು ಕಂಪ್ಯೂಟರೀಕೃತ ಮಾಹಿತಿಗಳ ಅಧ್ಯಯನ ಎಂಬ ಅರ್ಥದಲ್ಲಿ ಭಾವಿಸಿ ಕನ್ನಡಕ್ಕೆ ಅನುವಾದಿಸಬಹುದು. ಇದರ ಪರಭಾಷೆಯಾಗಲೆಂದರೆ, ಮಾನವತಾಶಾಸ್ತ್ರದ ಅಧ್ಯಯನ.'}]",95000459.0,llama3.1,152.0,337722084.0,5765633084.0,ಡಿಜಿಟಲ್ ಮಾನವಶಾಸ್ತ್ರ,,,2026-04-03 22:37:17,False,ಡಿಜಿಟಲ್ ಮಾನವಿಕಗಳು,True,,False,ಡಿಜಿಟಲ್ ಹ್ಯುಮಾನಿಟೀಸ್,False,"ಈ ಪದವನ್ನು ಕಂಪ್ಯೂಟರೀಕೃತ ಮಾಹಿತಿಗಳ ಅಧ್ಯಯನ ಎಂಬ ಅರ್ಥದಲ್ಲಿ ಭಾವಿಸಿ ಕನ್ನಡಕ್ಕೆ ಅನುವಾದಿಸಬಹುದು. ಇದರ ಪರಭಾಷೆಯಾಗಲೆಂದರೆ, ಮಾನವತಾಶಾಸ್ತ್ರದ ಅಧ್ಯಯನ."
km,Khmer,Digital Humanities,ព័តែរសាស្ត្រទីធ្នាងឌិចអេឡិចត្រូណិក,"{'translated_term': 'ព័តែរសាស្ត្រទីធ្នាងឌិចអេឡិចត្រូណិក', 'translation_rationale': 'ដំបូងយើងគិតថា  ""ព័តែ"" ជាភាសាខ្មែរចំនួន ពីរទៀតប៉ុណ្ណោះ។ ដើម្បីឱ្យវាស់ខ្លាំងឡើងនា ភាសាខ្មែរយើងចូររៀនថា ""ព័តែ"" ជាកំណត់អារម្មិច ដែលសំដៅទៅវាស់ខ្លាំងឡើងនា ភាសាផ្សេងៗអំពី ""digital"" (បណ្ឌិតសាស្ត្រ) ដែលមានឥទ្ធិពលខ្លាំងឡើង នៅក្នុងវណ្ណូនា សារព័ត៌មានទីធ្នាង ដូចជា ""ព័តែខ្លាំង"" ឬ ""បណ្ឌិតសាស្ត្រខ្លាំង""។'}",2026-04-04T03:37:10.010294Z,stop,509.0,10804484244.0,"[{'translated_term': 'ព័តែរសាស្ត្រទីធ្នាងឌិចអេឡិចត្រូណិក', 'translation_rationale': 'ដំបូងយើងគិតថា  ""ព័តែ"" ជាភាសាខ្មែរចំនួន ពីរទៀតប៉ុណ្ណោះ។ ដើម្បីឱ្យវាស់ខ្លាំងឡើងនា ភាសាខ្មែរយើងចូររៀនថា ""ព័តែ"" ជាកំណត់អារម្មិច ដែលសំដៅទៅវាស់ខ្លាំងឡើងនា ភាសាផ្សេងៗអំពី ""digital"" (បណ្ឌិតសាស្ត្រ) ដែលមានឥទ្ធិពលខ្លាំងឡើង នៅក្នុងវណ្ណូនា សារព័ត៌មានទីធ្នាង ដូចជា ""ព័តែខ្លាំង"" ឬ ""បណ្ឌិតសាស្ត្រខ្លាំង""។'}]",85403583.0,llama3.1,152.0,368746167.0,11381127583.0,ព័តែរសាស្ត្រទីធ្នាងឌិចអេឡិចត្រូណិក,,,2026-04-03 22:37:10,False,មនុស្សសាស្ត្រឌីជីថល,True,,False,មនុស្សធម៌ឌីជីថល។,False,"ដំបូងយើងគិតថា  ""ព័តែ"" ជាភាសាខ្មែរចំនួន ពីរទៀតប៉ុណ្ណោះ។ ដើម្បីឱ្យវាស់ខ្លាំងឡើងនា ភាសាខ្មែរយើងចូររៀនថា ""ព័តែ"" ជាកំណត់អារម្មិច ដែលសំដៅទៅវាស់ខ្លាំងឡើងនា ភាសាផ្សេងៗអំពី ""digital"" (បណ្ឌិតសាស្ត្រ) ដែលមានឥទ្ធិពលខ្លាំងឡើង នៅក្នុងវណ្ណូនា សារព័ត៌មានទីធ្នាង ដូចជា ""ព័តែខ្លាំង"" ឬ ""បណ្ឌិតសាស្ត្រខ្លាំង""។"
kl,Kalaallisut,Digital Humanities,Siorarneq taakkuttivaat,"{
  ""translated_term"": ""Siorarneq taakkuttivaat"",
  ""translation_rationale"": ""Digital-i maanni ilisarniarfik 'siorarneq' (digital). Humanities-i ilisarniarfik 'taakkuttivaat'. Isigumik 'siorarneq taakkuttivaat' qallunaarfissaanik. ""
}",2026-04-04T03:36:56.602749Z,stop,85.0,1017446750.0,[],82478625.0,llama3.1,168.0,364232375.0,1486720791.0,,,,2026-04-03 22:36:56,False,Digitalimik inuussutissarsiorneq,True,,True,,False,Digital-i maanni ilisarniarfik 'siorarneq' (digital). Humanities-i ilisarniarfik 'taakkuttivaat'. Isigumik 'siorarneq taakkuttivaat' qallunaarfissaanik. 
kk,Kazakh,Digital Humanities,Дigital Ұлттық адабиет,"{
  ""translated_term"": ""Дigital Ұлттық адабиет"",
  ""translation_rationale"": ""Ойын-сауык және оның тарихы, сондай-ақ баспахана мен кітапхананың алуан түрлі ғимараттары туралы зерттеулермен шұғылданатын ғылым ретінде «Дигиталды гуманитаризм» деген сөзді айдадым. Мысалы, осы жаңа әлемдік баспахана тәжірибелері мен кітапхана деректерін зерттеу үшін.""
}",2026-04-04T03:36:53.096935Z,stop,188.0,3308138248.0,[],81107875.0,llama3.1,152.0,333303167.0,3776069958.0,,,,2026-04-03 22:36:53,False,Сандық гуманитарлық ғылымдар,True,,False,Сандық гуманитарлық ғылымдар,False,"Ойын-сауык және оның тарихы, сондай-ақ баспахана мен кітапхананың алуан түрлі ғимараттары туралы зерттеулермен шұғылданатын ғылым ретінде «Дигиталды гуманитаризм» деген сөзді айдадым. Мысалы, осы жаңа әлемдік баспахана тәжірибелері мен кітапхана деректерін зерттеу үшін."
kj,"Kwanyama, Kuanyama",Digital Humanities,Omutumba mwa digital ndi aya kutala,"Omutumba mwa digital ndi aya kutala
Tiko: Omagongola dhina lya kuhalukanya dhila la digital humanities. Ondi fanela kudhini kana kuamba kutalilwa kwaya kwomagongola ombwanyi.

{
  'translated_term': 'Omutumba mwa digital ndi aya kutala',
  'translation_rationale': 'Omagongola dhina lya kuhalukanya dhila la digital humanities. Ondi fanela kudhini kana kuamba kutalilwa kwaya kwomagongola ombwanyi.'
}",2026-04-04T03:36:47.298467Z,stop,143.0,2095504035.0,[],81934750.0,llama3.1,192.0,405588959.0,2624112583.0,,,,2026-04-03 22:36:47,True,,False,Kala u na etaleko liwa li na sha novanhu,True,,False,Omagongola dhina lya kuhalukanya dhila la digital humanities. Ondi fanela kudhini kana kuamba kutalilwa kwaya kwomagongola ombwanyi.
ki,"Kikuyu, Gikuyu",Digital Humanities,Wĩtharabu wa Digitali,"{
""translated_term"": ""Wĩtharabu wa Digitali"",
""translation_rationale"": ""Ninatumia uhusiano kati ya maneno katika lugha zingine, lakini Digital Humanities ni mchanganyiko mkubwa wa dhana na mbinu. Kwa hivyo nilichukua mtazamo wa 'tharabu', ambayo inawakilisha habari au taarifa za kisasa, ili kupata maana ya maalum. Digitali ndio neno lililojitegemea ambalo linatokana na Digital Age. Wĩtharabu ni kipengele cha kwanza kilichotumiwa katika mashauri yangu.""
}",2026-04-04T03:36:42.652409Z,stop,161.0,2419590665.0,[],91383417.0,llama3.1,192.0,428297417.0,2985452875.0,,,,2026-04-03 22:36:42,True,,True,,True,,False,"Ninatumia uhusiano kati ya maneno katika lugha zingine, lakini Digital Humanities ni mchanganyiko mkubwa wa dhana na mbinu. Kwa hivyo nilichukua mtazamo wa 'tharabu', ambayo inawakilisha habari au taarifa za kisasa, ili kupata maana ya maalum. Digitali ndio neno lililojitegemea ambalo linatokana na Digital Age. Wĩtharabu ni kipengele cha kwanza kilichotumiwa katika mashauri yangu."
kg,Kongo,Digital Humanities,Nkita kwa nzalumbu,"{
  ""translated_term"": ""Nkita kwa nzalumbu"",
  ""translation_rationale"": ""Kifamba cha nkita, kiakisi mbili. Nkita kwa nzalumbu ni nkita ya nguo zisizo na vitu vya mvuke. Nzalumbu ina maana 'digitali' kama vitabu vyenye data na mawasiliano yasiyotumia vipeo.""
}",2026-04-04T03:36:37.643691Z,stop,101.0,1214777585.0,[],90806000.0,llama3.1,152.0,335204000.0,1668859250.0,,,,2026-04-03 22:36:37,False,Bantu ya Dijital,False,Mambu ya Mfunu Yina Bantu Ketudilaka Ntima,True,,False,"Kifamba cha nkita, kiakisi mbili. Nkita kwa nzalumbu ni nkita ya nguo zisizo na vitu vya mvuke. Nzalumbu ina maana 'digitali' kama vitabu vyenye data na mawasiliano yasiyotumia vipeo."
ka,Georgian,Digital Humanities,დიჯიტალური ხელოვნება,"{
  ""translated_term"": ""დიჯიტალური ხელოვნება"",
  ""translation_rationale"": ""სიტყვა 'Digital Humanities' მთარგმნება ქართულად, რომ ხაზს პირველად შემოუტანოს. 'Digital' - ინფორმაციის დახვეწილი, თვითგანაზავებული ფორმა. 'Humanities' - მხატვრული, სოციოლოგიური და ფილოსოფიური მეცნიერებები, ხელოვნებათა დარგში. 'დიჯიტალური' ქართულსა კი, ძველი გამოთქმით 'დიჯიტალური' ხდება. 'ხელოვნებათა', ქართული გამოყავაზებული ფორმა. 'დიჯიტალური ხელოვნება' - სწორი თარგმნა, რაც შემოფარდულად ხელოვნების ზოგადსა, იქტემიკ-კონცეპტურს. თვლით, ხელოვნებათა ფენომენი ქართულ-სალაპარაკო ლიტერატურაში, იქმნიდა 19-20 საუკუნეთა. ფოლკლორიც, იშვიათად ხელოვნებათა ჯგუფად მივიჩნევ, კრიტიკულ-შპრიცუნისტული და მოდერნისტული, 'ხელოვნებათა' ქართ-ლიტ.ფენომენში.""
}",2026-04-04T03:36:33.950747Z,stop,1140.0,24296916068.0,[],84579959.0,llama3.1,144.0,363606041.0,25007397750.0,,,,2026-04-03 22:36:33,False,ციფრული ჰუმანიტარული მეცნიერებები,True,,False,ციფრული ჰუმანიტარული,False,"სიტყვა 'Digital Humanities' მთარგმნება ქართულად, რომ ხაზს პირველად შემოუტანოს. 'Digital' - ინფორმაციის დახვეწილი, თვითგანაზავებული ფორმა. 'Humanities' - მხატვრული, სოციოლოგიური და ფილოსოფიური მეცნიერებები, ხელოვნებათა დარგში. 'დიჯიტალური' ქართულსა კი, ძველი გამოთქმით 'დიჯიტალური' ხდება. 'ხელოვნებათა', ქართული გამოყავაზებული ფორმა. 'დიჯიტალური ხელოვნება' - სწორი თარგმნა, რაც შემოფარდულად ხელოვნების ზოგადსა, იქტემიკ-კონცეპტურს. თვლით, ხელოვნებათა ფენომენი ქართულ-სალაპარაკო ლიტერატურაში, იქმნიდა 19-20 საუკუნეთა. ფოლკლორიც, იშვიათად ხელოვნებათა ჯგუფად მივიჩნევ, კრიტიკულ-შპრიცუნისტული და მოდერნისტული, 'ხელოვნებათა' ქართ-ლიტ.ფენომენში."
jv,Javanese,Digital Humanities,Kemhumanisasi Digital,"{
  ""translated_term"": ""Kemhumanisasi Digital"",
  ""translation_rationale"": ""Kapilih tembung 'Digital' lan kemajemukake karo 'Humanisasi'. Tembung 'Digital' nduwèka arti sapa wédang, sajeroning konteks iki nduwèka arti teknologi komputer. Kemhumanisasi Digital duwé arti pangembangan kebudayaan lan ilmu pengetahuan nganggo bantuan teknologi komputer.""
}",2026-04-04T03:36:06.923915Z,stop,113.0,1391516130.0,[],81257208.0,llama3.1,161.0,361519375.0,1869657833.0,,,,2026-04-03 22:36:06,False,Humaniora Digital,True,,False,Kamanungsan Digital,False,"Kapilih tembung 'Digital' lan kemajemukake karo 'Humanisasi'. Tembung 'Digital' nduwèka arti sapa wédang, sajeroning konteks iki nduwèka arti teknologi komputer. Kemhumanisasi Digital duwé arti pangembangan kebudayaan lan ilmu pengetahuan nganggo bantuan teknologi komputer."
iu,Inuktitut,Digital Humanities,Ɩᴯƅ᠐ិᲊŽ᲏ ᧤ឭ᠐," {'translated_term': '\u0196\u1d2f\u0185\u1810\u17b7\u1c8a\u017d\u1c8f \u19e4\u17ad\u1810', 
  'translation_rationale': '\u18ca \u19f3\u180b\u1780\u179b\u1761 \u188c\u190d\u17ab\u17ec, \u1787\u1782\u1798 \u1896\u187e\u1784\u177a \u17d9\u1810 \u1780\u179a\u179f \u18f0\u1784 \u186b\u19e2\u17ac\u1801.'}",2026-04-04T03:35:59.236045Z,stop,156.0,1932925792.0,[],80831250.0,llama3.1,169.0,384211208.0,2438753917.0,,,,2026-04-03 22:35:59,False,ᖃᕆᑕᐅᔭᒃᑯᑦ ᐃᓄᓕᕆᓂᕐᒧᑦ,True,,True,,False,"ᣊ ᧳᠋កលᝡ ᢌᤍឫ៬, ជគម ᢖ᡾ង᝺ ៙᠐ ករស ᣰង ᡫ᧢ឬ᠁."
it,Italian,Digital Humanities,,"{'translated_term': 'Umanità Digitale', 'translation_rationale': 'Ho scelto di tradurre ""Digital Humanities"" con il termine ""Umanità Digitale"", poiché è più comune e riconosciuta nell'ambito accademico italiano. Inoltre, l'aggettivo ""digitale"" si appoggia alla parola ""umanità"" senza necessità di traduzione ulteriore.'}",2026-04-04T03:35:54.775753Z,stop,96.0,1122341493.0,[],99974458.0,llama3.1,144.0,356438916.0,1606271083.0,,Informatica umanistica,Informatica umanistica,2026-04-03 22:35:54,False,Discipline umanistiche digitali,False,Digital Humanities,False,Scienze umanistiche digitali,False,
is,Icelandic,Digital Humanities,Dökk bókmenntafræði,"{
  ""translated_term"": ""Dökk bókmenntafræði"",
  ""translation_rationale"": ""Ogma um þróun dókkrar fræði og búnaðar á sviði bókmennta. Hún felur í sér hlutverki sem eru tengd handbókinu, hljóðbúnaði og viðskiptum á internetinu.""
}",2026-04-04T03:35:51.148761Z,stop,102.0,1203796457.0,[],81049792.0,llama3.1,144.0,332300083.0,1645172917.0,,,,2026-04-03 22:35:51,False,Stafræn hugvísindi,False,Stafræn mannvera,False,Stafræn hugvísindi,False,"Ogma um þróun dókkrar fræði og búnaðar á sviði bókmennta. Hún felur í sér hlutverki sem eru tengd handbókinu, hljóðbúnaði og viðskiptum á internetinu."
io,Ido,Digital Humanities,,"{'translated_term': 'Humanesa Digitala', 'translation_rationale': 'Mea uzajo, ni plu necesasala esas la kombino di ""humana"" e ""scienco"" kun prefiko ""Digital"", pase ke la duesma vorto ja kontenas l'idei dil teknologio.'}",2026-04-04T03:35:47.480869Z,stop,70.0,807413086.0,[],82516958.0,llama3.1,152.0,329647875.0,1241093333.0,,,,2026-04-03 22:35:47,True,,True,,True,,False,
ik,Inupiaq,Digital Humanities,Qaggiq Qulliqta,"{'translated_term': 'Qaggiq Qulliqta', 'translation_rationale': 'Inupiaq word for ""digital"" is qaggiq, meaning computer or electronic. Qulliqta means humanities, referring to the study of human culture and expression.'}",2026-04-04T03:35:44.218212Z,stop,57.0,682123456.0,"[{'translated_term': 'Qaggiq Qulliqta', 'translation_rationale': 'Inupiaq word for ""digital"" is qaggiq, meaning computer or electronic. Qulliqta means humanities, referring to the study of human culture and expression.'}]",95636458.0,llama3.1,168.0,364835375.0,1158150250.0,Qaggiq Qulliqta,,,2026-04-03 22:35:44,True,,True,,True,,False,"Inupiaq word for ""digital"" is qaggiq, meaning computer or electronic. Qulliqta means humanities, referring to the study of human culture and expression."
ii,Nuosu,Digital Humanities,ᑎᕮᗪᓂ ᒇᐳᔨᐧᐢ,"{'translated_term': 'ᑎᕮᗪᓂ ᒇᐳᔨᐧᐢ', 'translation_rationale': 'ᑎᕮᗪᓂ (digital) - ɯᕼᘿᐶ (modern technology, computing), ᒇᐳᔨᐧᐢ (humanities) - ᐩᒻᖦᕤ (study of human culture and knowledge)'}

Note: The term 'Digital Humanities' is translated into Nuosu as ᑎᕮᗪᓂ ᒇᐳᔨᐧᐢ, where ᑎᕮᗪᓂ represents the concept of digital technology and ᒇᐳᔨᐧᐢ represents the study of human culture and knowledge.",2026-04-04T03:35:41.03633Z,stop,201.0,2539278998.0,"[{'translated_term': 'ᑎᕮᗪᓂ ᒇᐳᔨᐧᐢ', 'translation_rationale': 'ᑎᕮᗪᓂ (digital) - ɯᕼᘿᐶ (modern technology, computing), ᒇᐳᔨᐧᐢ (humanities) - ᐩᒻᖦᕤ (study of human culture and knowledge)'}]",97333875.0,llama3.1,152.0,331304292.0,3021494417.0,ᑎᕮᗪᓂ ᒇᐳᔨᐧᐢ,,,2026-04-03 22:35:41,True,,True,,True,,False,"ᑎᕮᗪᓂ (digital) - ɯᕼᘿᐶ (modern technology, computing), ᒇᐳᔨᐧᐢ (humanities) - ᐩᒻᖦᕤ (study of human culture and knowledge)"
ig,Igbo,Digital Humanities,Ịgbọrọ Abọgụ Ọkike,"{
  ""translated_term"": ""Ịgbọrọ Abọgụ Ọkike"",
  ""translation_rationale"": ""Ghara ndị na-eme kwa okike, bụ na-ahụ anya na njikọta iji kwado udo na ajụjụ na abọgụ.""
}",2026-04-04T03:35:35.993447Z,stop,73.0,863015872.0,[],82672834.0,llama3.1,152.0,330226167.0,1296172584.0,,,,2026-04-03 22:35:35,False,Ụmụ mmadụ dijitalụ,False,Ihe Ùgwù Ụmụ Mmadụ,False,Digital Humanities,False,"Ghara ndị na-eme kwa okike, bụ na-ahụ anya na njikọta iji kwado udo na ajụjụ na abọgụ."
ie,Interlingue,Digital Humanities,Humani Digital,"{'translated_term': 'Humani Digital', 'translation_rationale': 'Me semblava plu natural tradir ""Digital"" directamente, perque no existe un sinifia specific interlinguistic por cualcun de dis iste parol. Per totevi altri cosas, la palabra ""Humanities"" refere a scientias humanistic e culturales, ma in Interlingue ja existe un sinonimie, namat ""studis human."" Perque ""Digital Humanities"" no es un termino sinifiant strictamene, pove tradirlo con qualcun de sinifia specifica.'}",2026-04-04T03:35:32.67628Z,stop,130.0,1569279748.0,"[{'translated_term': 'Humani Digital', 'translation_rationale': 'Me semblava plu natural tradir ""Digital"" directamente, perque no existe un sinifia specific interlinguistic por cualcun de dis iste parol. Per totevi altri cosas, la palabra ""Humanities"" refere a scientias humanistic e culturales, ma in Interlingue ja existe un sinonimie, namat ""studis human."" Perque ""Digital Humanities"" no es un termino sinifiant strictamene, pove tradirlo con qualcun de sinifia specifica.'}]",80583667.0,llama3.1,160.0,363025625.0,2049584042.0,Humani Digital,,,2026-04-03 22:35:32,True,,True,,True,,False,"Me semblava plu natural tradir ""Digital"" directamente, perque no existe un sinifia specific interlinguistic por cualcun de dis iste parol. Per totevi altri cosas, la palabra ""Humanities"" refere a scientias humanistic e culturales, ma in Interlingue ja existe un sinonimie, namat ""studis human."" Perque ""Digital Humanities"" no es un termino sinifiant strictamene, pove tradirlo con qualcun de sinifia specifica."
id,Indonesian,Digital Humanities,Humanitas Digital,"{
  'translated_term': 'Humanitas Digital',
  'translation_rationale': 'Saya memilih ""Humanitas"" karena kata ini memiliki hubungan yang erat dengan konsep seni dan budaya, seperti pada Humaniora. Sedangkan ""Digital"" merupakan terjemahan langsung dari bahasa Inggris. Oleh karena itu, kombinasi kedua kata tersebut dapat memberikan gambaran yang tepat tentang bidang studi ini.'
}",2026-04-04T03:35:28.605817Z,stop,95.0,1110747499.0,[],79185458.0,llama3.1,144.0,335463292.0,1552726250.0,,,Humaniora digital,2026-04-03 22:35:28,False,Humaniora Digital,False,Humanities Digital,False,Digital Humaniora,False,"Saya memilih ""Humanitas"" karena kata ini memiliki hubungan yang erat dengan konsep seni dan budaya, seperti pada Humaniora. Sedangkan ""Digital"" merupakan terjemahan langsung dari bahasa Inggris. Oleh karena itu, kombinasi kedua kata tersebut dapat memberikan gambaran yang tepat tentang bidang studi ini."
ia,Interlingua,Digital Humanities,Humanitates Digitali,"{'translated_term': 'Humanitates Digitali', 'translation_rationale': 'Le nomine ""Digital Humanities"" es un binomio de artefactos linguistic, ubi ""digital"" indica le uso de technologia del computador e ""humanitates"" se refere al campo academic que studia le cultura, le litteratura, e le historia human. In Interlingua, nos ha combine le deux partes per crear un nomine que es clar e facile a comprende.'}",2026-04-04T03:35:25.031122Z,stop,98.0,1175716873.0,"[{'translated_term': 'Humanitates Digitali', 'translation_rationale': 'Le nomine ""Digital Humanities"" es un binomio de artefactos linguistic, ubi ""digital"" indica le uso de technologia del computador e ""humanitates"" se refere al campo academic que studia le cultura, le litteratura, e le historia human. In Interlingua, nos ha combine le deux partes per crear un nomine que es clar e facile a comprende.'}]",83279291.0,llama3.1,160.0,364015166.0,1650580166.0,Humanitates Digitali,,,2026-04-03 22:35:25,True,,True,,True,,False,"Le nomine ""Digital Humanities"" es un binomio de artefactos linguistic, ubi ""digital"" indica le uso de technologia del computador e ""humanitates"" se refere al campo academic que studia le cultura, le litteratura, e le historia human. In Interlingua, nos ha combine le deux partes per crear un nomine que es clar e facile a comprende."
hz,Herero,Digital Humanities,Ombwiri za Kuti,"{
  ""translated_term"": ""Ombwiri za Kuti"",
  ""translation_rationale"": ""Ombwiri wa kuti oha ndjoka, kuti oha kana ombwiri dhi ombwezi. Ombwiri dzoka dzo ha piti dzo kati ya ombwezi. Omukwa omukwa hwa kati ya ombwiri na kuti, oha ha piti kwa kuti.""
}",2026-04-04T03:35:21.358976Z,stop,104.0,1282363039.0,[],69155958.0,llama3.1,153.0,347976792.0,1726634333.0,,,,2026-04-03 22:35:21,True,,True,,True,,False,"Ombwiri wa kuti oha ndjoka, kuti oha kana ombwiri dhi ombwezi. Ombwiri dzoka dzo ha piti dzo kati ya ombwezi. Omukwa omukwa hwa kati ya ombwiri na kuti, oha ha piti kwa kuti."
hy,Armenian,Digital Humanities,Մատչությունային Գիտելիքներ,"{
  ""translated_term"": ""Մատչությունային Գիտելիքներ"",
  ""translation_rationale"": ""Դարձնել էի բառը «Digital Humanities»-ը, որպես «Մատչությունային» (անգլ.՝ digital) և «Գիտելիքներ» (անգլ.՝ humanities): Պարզաբանումը կարևոր, սակայն դա վերացվել է, հաշվի առնելով գլխավոր նպատակը, որը թարգմանության իրականացման է""
}",2026-04-04T03:35:17.616627Z,stop,347.0,6246841293.0,[],79530125.0,llama3.1,144.0,331348916.0,6742261791.0,,,Թվային հումանիտար գիտություններ,2026-04-03 22:35:17,False,Թվային հումանիտար գիտություններ,False,Դժբախտ մարդիկ,False,Թվային հումանիտար գիտություններ,False,"Դարձնել էի բառը «Digital Humanities»-ը, որպես «Մատչությունային» (անգլ.՝ digital) և «Գիտելիքներ» (անգլ.՝ humanities): Պարզաբանումը կարևոր, սակայն դա վերացվել է, հաշվի առնելով գլխավոր նպատակը, որը թարգմանության իրականացման է"
hu,Hungarian,Digital Humanities,Digitális Kulturális Tudományok,"{'translated_term': 'Digitális Kulturális Tudományok', 'translation_rationale': 'A ""digitális"" és a ""kulturális tudományok"" kifejezések kombinációjával jött létre, melyek jelentését az angol eredetiben tükrözik. A ""digitális"" hangsúlyosan jelezte a számítógépes és internetes alapú kutatásokat, míg a ""kulturális tudományok"" az emberi társadalmak kultúráját és történelmét vizsgáló tudományterületet jelenti. Magyar nyelven ezeket összevonva, a digitális technológiák alkalmazásával felszerelt kulturális kutatások jelentését adjuk kifejezéssel.'}",2026-04-04T03:35:08.849529Z,stop,208.0,2939098461.0,"[{'translated_term': 'Digitális Kulturális Tudományok', 'translation_rationale': 'A ""digitális"" és a ""kulturális tudományok"" kifejezések kombinációjával jött létre, melyek jelentését az angol eredetiben tükrözik. A ""digitális"" hangsúlyosan jelezte a számítógépes és internetes alapú kutatásokat, míg a ""kulturális tudományok"" az emberi társadalmak kultúráját és történelmét vizsgáló tudományterületet jelenti. Magyar nyelven ezeket összevonva, a digitális technológiák alkalmazásával felszerelt kulturális kutatások jelentését adjuk kifejezéssel.'}]",73128959.0,llama3.1,144.0,329789583.0,3400711584.0,Digitális Kulturális Tudományok,,Digitális bölcsészet,2026-04-03 22:35:08,False,Digitális humán tudományok,False,Digitális bölcsészettudományok,False,Digitális Bölcsészet,False,"A ""digitális"" és a ""kulturális tudományok"" kifejezések kombinációjával jött létre, melyek jelentését az angol eredetiben tükrözik. A ""digitális"" hangsúlyosan jelezte a számítógépes és internetes alapú kutatásokat, míg a ""kulturális tudományok"" az emberi társadalmak kultúráját és történelmét vizsgáló tudományterületet jelenti. Magyar nyelven ezeket összevonva, a digitális technológiák alkalmazásával felszerelt kulturális kutatások jelentését adjuk kifejezéssel."
ht,Haitian,Digital Humanities,Djital ètmanistik,"{'translated_term': 'Djital ètmanistik', 'translation_rationale': 'Mwen tradui ""Digital Humanities"" nan kreyòl ayisyen nan fason sa: ""Djital"" se ""djital"" la, ki signife bagay ki genyen nan yon sistèm òdinè. ""Humantizik"" se ""humanistis la"", ki vle di ekspètisan an pou lavi moun. Fonn ""Djital ètmanistik"" se yon kominikasyon jistèm pou tèm sa a, pase yo pa nan akòz yo nan lang fransè a.'}",2026-04-04T03:35:03.425461Z,stop,143.0,1725991547.0,"[{'translated_term': 'Djital ètmanistik', 'translation_rationale': 'Mwen tradui ""Digital Humanities"" nan kreyòl ayisyen nan fason sa: ""Djital"" se ""djital"" la, ki signife bagay ki genyen nan yon sistèm òdinè. ""Humantizik"" se ""humanistis la"", ki vle di ekspètisan an pou lavi moun. Fonn ""Djital ètmanistik"" se yon kominikasyon jistèm pou tèm sa a, pase yo pa nan akòz yo nan lang fransè a.'}]",76814375.0,llama3.1,152.0,335185709.0,2178336709.0,Djital ètmanistik,,,2026-04-03 22:35:03,False,Syans Imanitè Dijital,False,Reflechi sou fason lèzòm pral viv,False,Syans imanitè dijital,False,"Mwen tradui ""Digital Humanities"" nan kreyòl ayisyen nan fason sa: ""Djital"" se ""djital"" la, ki signife bagay ki genyen nan yon sistèm òdinè. ""Humantizik"" se ""humanistis la"", ki vle di ekspètisan an pou lavi moun. Fonn ""Djital ètmanistik"" se yon kominikasyon jistèm pou tèm sa a, pase yo pa nan akòz yo nan lang fransè a."
hr,Croatian,Digital Humanities,Dijigitalne humanističke znanosti,"{'translated_term': 'Dijigitalne humanističke znanosti', 'translation_rationale': 'Preuzeto je od engleskog izraza ""Digital Humanities"", gdje ""digital"" prevedeno nije kao ""dijigitalni"", već se koristi uobičajena hrvatska forma ""dijitalni"". Riječ ""humanities"" ekvivalentno je riječi ""znanosti"", ali s naglaskom na ljudske znanosti, stoga se preveli kao ""humanističke"".'}",2026-04-04T03:34:59.226304Z,stop,125.0,1473378452.0,"[{'translated_term': 'Dijigitalne humanističke znanosti', 'translation_rationale': 'Preuzeto je od engleskog izraza ""Digital Humanities"", gdje ""digital"" prevedeno nije kao ""dijigitalni"", već se koristi uobičajena hrvatska forma ""dijitalni"". Riječ ""humanities"" ekvivalentno je riječi ""znanosti"", ali s naglaskom na ljudske znanosti, stoga se preveli kao ""humanističke"".'}]",81060292.0,llama3.1,144.0,332083084.0,1921958125.0,Dijigitalne humanističke znanosti,,,2026-04-03 22:34:59,False,Digitalne humanističke znanosti,True,,False,Digitalne humanističke znanosti,False,"Preuzeto je od engleskog izraza ""Digital Humanities"", gdje ""digital"" prevedeno nije kao ""dijigitalni"", već se koristi uobičajena hrvatska forma ""dijitalni"". Riječ ""humanities"" ekvivalentno je riječi ""znanosti"", ali s naglaskom na ljudske znanosti, stoga se preveli kao ""humanističke""."
ho,Hiri Motu,Digital Humanities,Bilum bilim bilong kukus,"'Bona bilong kukus bilas bilong tumbuna'.

 {'translated_term': 'Bilum bilim bilong kukus', 'translation_rationale': 'Kukus i tok abaut samting bilong bilum, bilim bilong mipela long bilas bilong tumbuna.'}",2026-04-04T03:34:55.282688Z,stop,66.0,792867079.0,"[{'translated_term': 'Bilum bilim bilong kukus', 'translation_rationale': 'Kukus i tok abaut samting bilong bilum, bilim bilong mipela long bilas bilong tumbuna.'}]",80461500.0,llama3.1,168.0,385974209.0,1277214833.0,Bilum bilim bilong kukus,,,2026-04-03 22:34:55,True,,False,NOVEMBER 3 - 5,True,,False,"Kukus i tok abaut samting bilong bilum, bilim bilong mipela long bilas bilong tumbuna."
hi,Hindi,Digital Humanities,,"{
  'translated_term': 'Digital Humanities की शाखा',
  'translation_rationale': 'मैंने 'शाखा' शब्द को चुना क्योंकि Digital Humanities विषयवस्तु, संसाधनों, और अनुसंधान में नवाचार लाती है, जिससे यह एक विशिष्ट क्षेत्र बनता है। इसके अलावा, 'Digital Humanities' शब्द में अंग्रेजी शब्दों को अनुवाद करने से बचने के लिए, हमने संबंधित हिंदी शब्दों का प्रयोग किया है, जैसे कि 'डिजिटल' और 'मानविकी'
}",2026-04-04T03:34:51.981883Z,stop,171.0,2323651999.0,[],92273792.0,llama3.1,144.0,331741083.0,2796377500.0,,,अभिकलनात्मक मानविकी,2026-04-03 22:34:51,False,डिजिटल मानविकी,False,डिजिटल मानवता,False,डिजिटल मानविकी,False,
he,Hebrew (modern),Digital Humanities,אנתרופולוגיה דיגיטלית,"{ 
  ""translated_term"": ""אנתרופולוגיה דיגיטלית"", 
  ""translation_rationale"": ""בחירת המונח 'אנתרופולוגיה' בהקשר 'דיגיטלית' מתייחסת לעיצוב מחדש של ענף האנתרופולוגיה, שהמסורת הקלאסית שלו כללה ניטור וחקירה בעקביות. עם התפתחות אולי-גדול, 'האנתרופולוגיה דיגיטלית' משמשת כשם לענף, שבו החקירה והבנת אוריינטציות 'דיגיטליות', באמצעות הסחר דיגיטלי.  "" 
}",2026-04-04T03:34:47.163956Z,stop,295.0,4321585214.0,[],78701375.0,llama3.1,165.0,362477625.0,4841967208.0,,מדעי הרוח הדיגיטליים,מדעי הרוח הדיגיטליים,2026-04-03 22:34:47,False,מדעי הרוח הדיגיטליים,False,Humanital Humanities,False,מדעי הרוח הדיגיטליים,False,"בחירת המונח 'אנתרופולוגיה' בהקשר 'דיגיטלית' מתייחסת לעיצוב מחדש של ענף האנתרופולוגיה, שהמסורת הקלאסית שלו כללה ניטור וחקירה בעקביות. עם התפתחות אולי-גדול, 'האנתרופולוגיה דיגיטלית' משמשת כשם לענף, שבו החקירה והבנת אוריינטציות 'דיגיטליות', באמצעות הסחר דיגיטלי.  "
ha,Hausa,Digital Humanities,Humanities digitakal,"{
  ""translated_term"": ""Humanities digitakal"",
  ""translation_rationale"": ""Kafin dubawa, Humanitiya za aiki tare da al'amuran digital. Kuma, 'digital' itace madaidaiciyar Hausa na 'digitakal', wanda tunawoda kamar yadda ake magana da shi a manyan harsuna.""
}",2026-04-04T03:34:40.299631Z,stop,87.0,1014809625.0,[],101648458.0,llama3.1,152.0,333185917.0,1474614208.0,,,,2026-04-03 22:34:40,False,Dan Adam na Dijital,False,KCharselect unicode block name,False,Digital Humanities,False,"Kafin dubawa, Humanitiya za aiki tare da al'amuran digital. Kuma, 'digital' itace madaidaiciyar Hausa na 'digitakal', wanda tunawoda kamar yadda ake magana da shi a manyan harsuna."
gv,Manx,Digital Humanities,,"{'translated_term': 'Dooalaght ny Heshelgey', 'translation_rationale': 'Ta dooalaght ny heshelgey çheet dy bee'n ghraihyn gialloo as gialloo-lhiegganagh. T'ee goaill stiagh deiney d'traa-chooilley ta shirrey jalloo, kiarailtys, studeyrys as dooalaght ec ny lioaryn as ny feansaghyn çheiltit.'}",2026-04-04T03:34:36.803847Z,stop,120.0,1434223874.0,[],82651167.0,llama3.1,152.0,351529958.0,1901860584.0,,,,2026-04-03 22:34:36,False,Dooinney Digitagh,False,Aghtyn mair-chlaa,True,,False,
gu,Gujarati,Digital Humanities,ડિજિટલ માનવિકતા,"{
  ""translated_term"": ""ડિજિટલ માનવિકતા"",
  ""translation_rationale"": ""આ શબ્દ 'ડિજિટલ' અને 'હુમનિટીઝ' થી બનેલ છે. 'ડિજિટલ' શબ્દનો અર્થ ગુજરાતીમાં 'ડિજિટલ' છે, પણ ઘણીવાર 'ડિજિટલ' શબ્દનો ઉપયોગ હંમેશા 'કમ્પ્યુટર-અધારિત' માટે થાય છે. 'હુમનિટીઝ' શબ્દનો અર્થ ગુજરાતીમાં 'માનવિકતા' છે, જે ભાષા, સાહિત્ય, ચિત્રકલા, મૂસીક વગેરે જોડે સબંધિત છે.""
}",2026-04-04T03:34:32.881206Z,stop,470.0,8121747793.0,[],82822709.0,llama3.1,152.0,337949209.0,8659223459.0,,,,2026-04-03 22:34:32,False,ડિજિટલ હ્યુમેનિટીઝ,True,,False,ડિજિટલ માનવતા,False,"આ શબ્દ 'ડિજિટલ' અને 'હુમનિટીઝ' થી બનેલ છે. 'ડિજિટલ' શબ્દનો અર્થ ગુજરાતીમાં 'ડિજિટલ' છે, પણ ઘણીવાર 'ડિજિટલ' શબ્દનો ઉપયોગ હંમેશા 'કમ્પ્યુટર-અધારિત' માટે થાય છે. 'હુમનિટીઝ' શબ્દનો અર્થ ગુજરાતીમાં 'માનવિકતા' છે, જે ભાષા, સાહિત્ય, ચિત્રકલા, મૂસીક વગેરે જોડે સબંધિત છે."
gn,Guaraní,Digital Humanities,Tatãrenda Tekuakua,"Oĩha pykypápe oúva Digital Humanities ohechauka:
{
  ""translated_term"": ""Tatãrenda Tekuakua"",
  ""translation_rationale"": ""Ha'e pefokógui tendota hag̃ua, oike térã katu kuati araka'ỹme 'digital' ha 'humanities', ñemoñe'ẽme. Digital, ikypeguápe, oñeme'ẽnguére 'takuakua', ára pyahuha, téi hag̃ua ha ekuakua. Humanities, iñerére, oñeme'ẽnguére 'tekuakua', térã katu kuati araka'ỹme, jey 'renda', peña ñemonguégui.""
}",2026-04-04T03:34:22.201488Z,stop,179.0,2172494712.0,[],82436542.0,llama3.1,160.0,363374709.0,2668527667.0,,,,2026-04-03 22:34:22,False,Humanidades Digitales rehegua,True,,True,,False,"Ha'e pefokógui tendota hag̃ua, oike térã katu kuati araka'ỹme 'digital' ha 'humanities', ñemoñe'ẽme. Digital, ikypeguápe, oñeme'ẽnguére 'takuakua', ára pyahuha, téi hag̃ua ha ekuakua. Humanities, iñerére, oñeme'ẽnguére 'tekuakua', térã katu kuati araka'ỹme, jey 'renda', peña ñemonguégui."
gl,Galician,Digital Humanities,Humanidades Digitais,"{'translated_term': 'Humanidades Digitais', 'translation_rationale': 'A expresión ""Digital Humanities"" é un termo anglofono que abrangue as aplicacións das tecnoloxías da informática e a análise de datos aos campos humanísticos. Na súa versión en galego, utilicei o calco directo ""Humanidades Digitais"", seguindo a tendencia de traducir os neoloxismos directamente desde o inglés.'}",2026-04-04T03:34:17.510212Z,stop,104.0,1220661582.0,"[{'translated_term': 'Humanidades Digitais', 'translation_rationale': 'A expresión ""Digital Humanities"" é un termo anglofono que abrangue as aplicacións das tecnoloxías da informática e a análise de datos aos campos humanísticos. Na súa versión en galego, utilicei o calco directo ""Humanidades Digitais"", seguindo a tendencia de traducir os neoloxismos directamente desde o inglés.'}]",81719583.0,llama3.1,152.0,338995542.0,1671744083.0,Humanidades Digitais,,,2026-04-03 22:34:17,False,Humanidades Dixitais,False,Humanos dixitais,False,Humanidades Dixitais,False,"A expresión ""Digital Humanities"" é un termo anglofono que abrangue as aplicacións das tecnoloxías da informática e a análise de datos aos campos humanísticos. Na súa versión en galego, utilicei o calco directo ""Humanidades Digitais"", seguindo a tendencia de traducir os neoloxismos directamente desde o inglés."
gd,Scottish Gaelic,Digital Humanities,Cànanaichean Digeal,"{
  ""translated_term"": ""Cànanaichean Digeal"",
  ""translation_rationale"": ""Tha e coltach gu bheil an tèarma ""Digital Humanities"" a' gabhail ri eòin-chànain nan luchd-eòlais, leis a' chiallachadh gun cùisean cananach, stòranach agus digitail. Tha e a' còrdadh ris na h-ionsnadan ionnsramaideanach a thèid a chur air ri taobh nan dàtaichean ceart.""
}",2026-04-04T03:34:13.81703Z,stop,133.0,1592047423.0,[],81674250.0,llama3.1,160.0,361858708.0,2072584542.0,,,,2026-04-03 22:34:13,False,Daonnachdan Didseatach,True,,False,Daonnachdan Didseatach,False,Tha e coltach gu bheil an tèarma 
ga,Irish,Digital Humanities,Daonnais Eolas Dhigiteach,"{'translated_term': 'Daonnais Eolas Dhigiteach', 'translation_rationale': 'Cuirtear an téarma ""Digital Humanities"" trí Ghaeilge i dtéama Daonnais Eolas Dhigiteach, a chiallaíonn eolas dhigiteach na daonnachtaí. Is é Daonnais Eolas Dhigiteach ainm don chuid den lucht léinn agus an taighde sa cheird eolaíochta idirnáisiúnta atá bunaithe ar shaoránas na bhfoghlaimeoirí aistrithe ón ghréasán dhigiteach.'}",2026-04-04T03:34:09.723182Z,stop,148.0,1787730827.0,"[{'translated_term': 'Daonnais Eolas Dhigiteach', 'translation_rationale': 'Cuirtear an téarma ""Digital Humanities"" trí Ghaeilge i dtéama Daonnais Eolas Dhigiteach, a chiallaíonn eolas dhigiteach na daonnachtaí. Is é Daonnais Eolas Dhigiteach ainm don chuid den lucht léinn agus an taighde sa cheird eolaíochta idirnáisiúnta atá bunaithe ar shaoránas na bhfoghlaimeoirí aistrithe ón ghréasán dhigiteach.'}]",80949084.0,llama3.1,144.0,330944834.0,2241259750.0,Daonnais Eolas Dhigiteach,,,2026-04-03 22:34:09,False,Daonnachtaí Digiteacha,False,Daonnachtaí Digiteacha,False,Daonnachtaí Digiteacha,False,"Cuirtear an téarma ""Digital Humanities"" trí Ghaeilge i dtéama Daonnais Eolas Dhigiteach, a chiallaíonn eolas dhigiteach na daonnachtaí. Is é Daonnais Eolas Dhigiteach ainm don chuid den lucht léinn agus an taighde sa cheird eolaíochta idirnáisiúnta atá bunaithe ar shaoránas na bhfoghlaimeoirí aistrithe ón ghréasán dhigiteach."
fy,Western Frisian,Digital Humanities,Digitalen Maatskiplikens,"{""translated_term"": ""Digitalen Maatskiplikens"", ""translation_rationale"": ""Italysk ""digital"" kin ik mei oerset wurde ta it Frysk mei ""digitel"", mar yn de kontekst fan de wetenskippen wurdt dy term faak ferwiisd nei nije techneken en -manieren foar te wittenskippen, dêrom binne der ek wol de termen ""Digitalisearre"" of ""Cyber- "" brûkt yn it Frysk. It Frysk wurd ""humanistysk"" kin mei 't algemiene oerset wurde ta ""maatskiplik"", mar om better te ferskienen en in better begryp fan de term te geven, kinne dy beide wurdjes byelkoar komme.""}",2026-04-04T03:34:05.460529Z,stop,181.0,2179387122.0,[],79995166.0,llama3.1,168.0,362195042.0,2672499875.0,,,,2026-04-03 22:34:05,False,Digitale Humaniora,True,,False,Digital Humanities,False,Italysk 
fr,French,Digital Humanities,Humanités numériques,"Voici la traduction :

{
  ""translated_term"": ""Humanités numériques"",
  ""translation_rationale"": ""J'ai choisi cette traduction car elle est couramment utilisée dans le monde francophone. La première partie « Humanités » vient directement du français, puisque c'est un emprunt à l'anglais qui s'est inséré dans la langue française depuis longtemps. La deuxième partie « numériques », quant à elle, traduit avec précision le sens anglais original.""
}",2026-04-04T03:34:00.765019Z,stop,110.0,1281826755.0,[],78710666.0,llama3.1,144.0,333108708.0,1725251916.0,,Humanités numériques,Humanités numériques,2026-04-03 22:34:00,False,Humanités numériques,False,Humanités numériques,False,Humanités numériques,False,"J'ai choisi cette traduction car elle est couramment utilisée dans le monde francophone. La première partie « Humanités » vient directement du français, puisque c'est un emprunt à l'anglais qui s'est inséré dans la langue française depuis longtemps. La deuxième partie « numériques », quant à elle, traduit avec précision le sens anglais original."
fo,Faroese,Digital Humanities,Døgumálfrøði,"{'translated_term': 'Døgumálfrøði', 'translation_rationale': 'Við valdi Døgumálfrøði, tí orðið ""Digital Humanities"" er týdningarmært og felur sumu av týdningarlinjum í nýggjarligari vísindasøgu, sum er komin fram við at broyta gamla mánalagið fyri ávístu vísindi. Døgumálfrøði er ein nyggj orðsumseting, ið nær yvir bæði matematikku og teknologi á norðurlendskum svipliga.'}",2026-04-04T03:33:57.017031Z,stop,153.0,1827203799.0,"[{'translated_term': 'Døgumálfrøði', 'translation_rationale': 'Við valdi Døgumálfrøði, tí orðið ""Digital Humanities"" er týdningarmært og felur sumu av týdningarlinjum í nýggjarligari vísindasøgu, sum er komin fram við at broyta gamla mánalagið fyri ávístu vísindi. Døgumálfrøði er ein nyggj orðsumseting, ið nær yvir bæði matematikku og teknologi á norðurlendskum svipliga.'}]",80872625.0,llama3.1,160.0,374548375.0,2325359042.0,Døgumálfrøði,,,2026-04-03 22:33:57,False,Talgild hugvísindi,True,,True,,False,"Við valdi Døgumálfrøði, tí orðið ""Digital Humanities"" er týdningarmært og felur sumu av týdningarlinjum í nýggjarligari vísindasøgu, sum er komin fram við at broyta gamla mánalagið fyri ávístu vísindi. Døgumálfrøði er ein nyggj orðsumseting, ið nær yvir bæði matematikku og teknologi á norðurlendskum svipliga."
fj,Fijian,Digital Humanities,,"{ 
""na kena tamata na digitaalani"": ""Kei na vakamacala o iko na ka na yacana e dau doka, ena digitalekati. Na kei na dromakau ni na kena tamata na ka meleca kina na ka vakamacala."" 

'Na kena tamata': refers to the human aspect of humanities, focusing on the study of human culture and expression.

'digitaalani': derived from English ""digital"", referring to the modern technology used in the field.

'nai vakamacala o iko na ka na yacana e dau doka' : implies the intersection of traditional knowledge with digital tools, allowing for a more comprehensive understanding of humanities.

'enadigitalekati' : emphasizes the use of digital technologies to study and analyze human culture.

'na kei na dromakau ni': highlights the creative aspect of the field, where scholars use digital tools to create new forms of expression and interpretation.

'Na kena tamata na ka meleca kina na ka vakamacala': stresses the importance of human creativity and understanding in the context of digital humanities.",2026-04-04T03:33:52.672358Z,stop,244.0,2856378332.0,[],93709584.0,llama3.1,160.0,358225292.0,3377121667.0,,,,2026-04-03 22:33:52,False,Digitaki ni tamata,False,Cata na iTovo ni Tamata,True,,False,
fi,Finnish,Digital Humanities,Digitaalinen humanismi,"{'translated_term': 'Digitaalinen humanismi', 'translation_rationale': 'Olen valinnut sanan \u201eDigitaalinen\u201e, koska se on suoraan mukauttunut englanninkieliseen alkuperäisiin sanoihin. Humanistisen tiedeen erityispiirteet eivät vaadi erillistä muokkausta, sillä kyseessä ei ole vain teknologian soveltamista tutkimukseen vaan myös uusia menetelmiä ja näkökulmia tutkimuksen toteuttamiseen.'}",2026-04-04T03:33:47.271711Z,stop,143.0,1662662449.0,"[{'translated_term': 'Digitaalinen humanismi', 'translation_rationale': 'Olen valinnut sanan „Digitaalinen„, koska se on suoraan mukauttunut englanninkieliseen alkuperäisiin sanoihin. Humanistisen tiedeen erityispiirteet eivät vaadi erillistä muokkausta, sillä kyseessä ei ole vain teknologian soveltamista tutkimukseen vaan myös uusia menetelmiä ja näkökulmia tutkimuksen toteuttamiseen.'}]",78969833.0,llama3.1,144.0,352964250.0,2135064333.0,Digitaalinen humanismi,Digitaaliset ihmistieteet,Digitaaliset ihmistieteet,2026-04-03 22:33:47,False,Digitaaliset humanistiset tieteet,False,Digitaaliset humanistiset tieteet,False,Digitaaliset humanistiset tieteet,False,"Olen valinnut sanan „Digitaalinen„, koska se on suoraan mukauttunut englanninkieliseen alkuperäisiin sanoihin. Humanistisen tiedeen erityispiirteet eivät vaadi erillistä muokkausta, sillä kyseessä ei ole vain teknologian soveltamista tutkimukseen vaan myös uusia menetelmiä ja näkökulmia tutkimuksen toteuttamiseen."
ff,Fula,Digital Humanities,Digiitaaal Maanaatiig,"{
  ""translated_term"": ""Digiitaaal Maanaatiig"",
  ""translation_rationale"": ""Woldee Digidal Humaneeties, ko boolee boli maani kadi. Kadi wulde fii dii ku daga daa. Digitaal maanatiig ma a jegeeri maaji, a cikin jiyyaa, a yi karatu.""
}",2026-04-04T03:33:43.114097Z,stop,90.0,1044739497.0,[],81418542.0,llama3.1,152.0,336182209.0,1488572959.0,,,,2026-04-03 22:33:43,False,Neɗɗaŋke Dijital,True,,True,,False,"Woldee Digidal Humaneeties, ko boolee boli maani kadi. Kadi wulde fii dii ku daga daa. Digitaal maanatiig ma a jegeeri maaji, a cikin jiyyaa, a yi karatu."
fa,Persian,Digital Humanities,," {'translated_term': 'انسانیت دیجیتال', 'translation_rationale': 'این اصطلاح را می‌توان ترجمه‌ای از کلمه‌ی انگلیسی ""Digital Humanities"" در نظر گرفت. به‌عبارت دیگر، منظور از این اصطلاح مطالعه‌ی استفاده از فن‌آوری‌های دیجیتالی در حوزه‌ی علوم انسانی است. در ترجمه‌ی فارسی از اصطلاح ""انسانیت"" برای اشاره به جنبه‌ی انسانی و ملموس علوم انسانی استفاده شده است، نه صرفاً عنوان کردن آن به عنوان یک علم یا رشته. همچنین کلمه‌ی ""دیجیتال"" بدون تغییر در شکل خود به فارسی برگردانده شده است.')",2026-04-04T03:33:39.603077Z,stop,142.0,1660995746.0,[],82556625.0,llama3.1,144.0,332389042.0,2116435083.0,,,علوم انسانی دیجیتال,2026-04-03 22:33:39,False,علوم انسانی دیجیتال,True,,False,علوم انسانی دیجیتال,False,
eu,Basque,Digital Humanities,,"{'translated_term': 'Arteen Digitalak', 'translation_rationale': 'Digitalaren eta gizarte-zientzien arteko eraberritzea kontuan hartuta, ""Humanitate digitalak"" hitza oso egokia da. Basque hizkuntzan, ""digitalak"" artikuluaren forma ematen du, eta ezinbestekoa izango litzateke gehitu digitalen plurala (digitalak), baina erdibertsionatu bat kontuan hartuta (Arteen Digitalak), forma hori hobea da. Halaber, basque hizkuntza askotan ""arteen"" hitza oso ohikoa da adierazteko gizarte-zientziak edo artea, eta eraberritze honekin ""Arteen Digitalak"" hitzaren aniztasun handia lortuko dugu.')",2026-04-04T03:33:35.465596Z,stop,192.0,2242670177.0,[],87149709.0,llama3.1,152.0,339685750.0,2724038834.0,,,Humanitate digitalak,2026-04-03 22:33:35,False,Humanitate Digitalak,False,Gizatasun digitalak,False,Humanitate Digitalak,False,
et,Estonian,Digital Humanities,Digitaalsete Humanitaarusteadust,"{
  'translated_term': 'Digitaalsete Humanitaarusteadust',
  'translation_rationale': 'Eksprèsime ""digitaalne"" tähendab Eestis ""arvutiline"", ja sellele vastavad ingliskeelne termin ja selle eesti keele variant. Sõna ""humanitaarsed teadused"" on üsna selge, sest see on mõeldud kultuuriteaduste ja filoloogia alade kohta. '
}",2026-04-04T03:33:30.720171Z,stop,115.0,1343889713.0,[],82315334.0,llama3.1,152.0,332918167.0,1791660500.0,,,Digihumanitaaria,2026-04-03 22:33:30,False,Digitaalsed humanitaarteadused,False,Digitaalsed humanitaarteadused,False,Digitaalhumanitaaria,False,"Eksprèsime ""digitaalne"" tähendab Eestis ""arvutiline"", ja sellele vastavad ingliskeelne termin ja selle eesti keele variant. Sõna ""humanitaarsed teadused"" on üsna selge, sest see on mõeldud kultuuriteaduste ja filoloogia alade kohta. "
es,Spanish; Castilian,Digital Humanities,Humanidades Digitales,"{'translated_term': 'Humanidades Digitales', 'translation_rationale': 'La elección de ""Digitales"" en lugar de ""de la computadora"" o ""informáticas"" se debe a que el término ""humanidades digitales"" tiene un sentido más amplio y connotativo, enfatizando el papel de las tecnologías digitales en la investigación y creación humanística. En este contexto, ""digitales"" se refiere a la naturaleza digital de los objetos de estudio y herramientas utilizadas en estas disciplinas.'}",2026-04-04T03:33:26.90707Z,stop,116.0,1345127378.0,"[{'translated_term': 'Humanidades Digitales', 'translation_rationale': 'La elección de ""Digitales"" en lugar de ""de la computadora"" o ""informáticas"" se debe a que el término ""humanidades digitales"" tiene un sentido más amplio y connotativo, enfatizando el papel de las tecnologías digitales en la investigación y creación humanística. En este contexto, ""digitales"" se refiere a la naturaleza digital de los objetos de estudio y herramientas utilizadas en estas disciplinas.'}]",80292833.0,llama3.1,168.0,363698750.0,1821810917.0,Humanidades Digitales,Humanidades digitales,Humanidades digitales,2026-04-03 22:33:26,False,Humanidades digitales,False,Humanidades digitales,False,Humanidades digitales,False,"La elección de ""Digitales"" en lugar de ""de la computadora"" o ""informáticas"" se debe a que el término ""humanidades digitales"" tiene un sentido más amplio y connotativo, enfatizando el papel de las tecnologías digitales en la investigación y creación humanística. En este contexto, ""digitales"" se refiere a la naturaleza digital de los objetos de estudio y herramientas utilizadas en estas disciplinas."
eo,Esperanto,Digital Humanities,Dokumenta Scienco,"{'translated_term': 'Dokumenta Scienco', 'translation_rationale': 'Mi uzis la vorton ""Dokumenta"" por referenci al la dokumentaj aspektoj de homariko, kiel arkivado kaj analizo de datumoj. La radiko ""-uma"" estas kutima en Esperanto por sciencoj, tial mi aldonaĵis ĝin por plifacili la komprenon de la termino kiel scienca kampumo.'}",2026-04-04T03:33:23.062245Z,stop,110.0,1287926167.0,"[{'translated_term': 'Dokumenta Scienco', 'translation_rationale': 'Mi uzis la vorton ""Dokumenta"" por referenci al la dokumentaj aspektoj de homariko, kiel arkivado kaj analizo de datumoj. La radiko ""-uma"" estas kutima en Esperanto por sciencoj, tial mi aldonaĵis ĝin por plifacili la komprenon de la termino kiel scienca kampumo.'}]",103177958.0,llama3.1,152.0,352965666.0,1774141083.0,Dokumenta Scienco,,,2026-04-03 22:33:23,False,Ciferecaj Homstudoj,False,Ciferecaj homoj,False,Ciferecaj Homaroj,False,"Mi uzis la vorton ""Dokumenta"" por referenci al la dokumentaj aspektoj de homariko, kiel arkivado kaj analizo de datumoj. La radiko ""-uma"" estas kutima en Esperanto por sciencoj, tial mi aldonaĵis ĝin por plifacili la komprenon de la termino kiel scienca kampumo."
en,English,Digital Humanities,Humanités numériques,"{
  ""translated_term"": ""Humanités numériques"",
  ""translation_rationale"": ""In French, the term 'Digital Humanities' is literally translated as 'Humanités numériques', combining the English loanword 'numérique' (digital) with the established concept of 'humanités'.""
}",2026-04-04T03:33:19.26742Z,stop,64.0,740146125.0,[],83278000.0,llama3.1,144.0,336412208.0,1178019625.0,,Digital Humanities,digital humanities,2026-04-03 22:33:19,False,Digital Humanities,True,,False,Digital Humanities,False,"In French, the term 'Digital Humanities' is literally translated as 'Humanités numériques', combining the English loanword 'numérique' (digital) with the established concept of 'humanités'."
el,"Greek, Modern",Digital Humanities,Δημοσιονομικές Ανθρωπιστικές Επιστήμες,"{
  ""translated_term"": ""Δημοσιονομικές Ανθρωπιστικές Επιστήμες"",
  ""translation_rationale"": ""Η επιλογή αυτού του ονόματος επηρεάστηκε από τη μεταφράση των αγγλικών όρων 'Digital Humanities'. Ο όρος 'Δημοσιονομικά' στη σημερινή εποχή χρησιμοποιείται για να περιγράψει τη μεταφορά των ανθρωπιστικών επιστημών στο διαδίκτυο, ενώ ο όρος 'Ανθρωπιστικές Επιστήμες' παραμένει σαφής αναφορά στις ανθρωπιστικές μεθόδους και θεωρίες.""
}",2026-04-04T03:33:16.069541Z,stop,144.0,1679617615.0,[],81680250.0,llama3.1,160.0,362216875.0,2165640833.0,,,Ψηφιακές Ανθρωπιστικές Επιστήμες,2026-04-03 22:33:16,False,Ψηφιακές Ανθρωπιστικές Επιστήμες,False,Ψηφιακές Ανθρωπιστικές Επιστήμες,False,Ψηφιακές Ανθρωπιστικές Επιστήμες,False,"Η επιλογή αυτού του ονόματος επηρεάστηκε από τη μεταφράση των αγγλικών όρων 'Digital Humanities'. Ο όρος 'Δημοσιονομικά' στη σημερινή εποχή χρησιμοποιείται για να περιγράψει τη μεταφορά των ανθρωπιστικών επιστημών στο διαδίκτυο, ενώ ο όρος 'Ανθρωπιστικές Επιστήμες' παραμένει σαφής αναφορά στις ανθρωπιστικές μεθόδους και θεωρίες."
ee,Ewe,Digital Humanities,Mɛdigal Humaanityii,"{'translated_term': 'Mɛdigal Humaanityii', 'translation_rationale': 'Woɖe mɛdigal nɔ ɖaŋa, ""Humaanityii"" ʋu ɖoŋa wɔtso, kɔpɔ mewo. Mɛdigal nye xwɔ ɣlɛwoɖeke tɔ, Humaanityii nye xeke kpele tɔ, kpodzie mawu si wodzi dɔmɛ. Xɛwoɖeke wodzi gba ɔpɔwɔ nɔ tɔ, kpele wodzi ɣlɛwoɖeke xɛ, na tɔ mawu si wodzi mɛdigal hia. Nye xeke ɾege, Humaanityii nye xeke kpele tɔ, na mɛdigal nɔ nye xwɔ ɣlɛwoɖeke tɔ.'}",2026-04-04T03:33:11.881955Z,stop,250.0,2921965510.0,"[{'translated_term': 'Mɛdigal Humaanityii', 'translation_rationale': 'Woɖe mɛdigal nɔ ɖaŋa, ""Humaanityii"" ʋu ɖoŋa wɔtso, kɔpɔ mewo. Mɛdigal nye xwɔ ɣlɛwoɖeke tɔ, Humaanityii nye xeke kpele tɔ, kpodzie mawu si wodzi dɔmɛ. Xɛwoɖeke wodzi gba ɔpɔwɔ nɔ tɔ, kpele wodzi ɣlɛwoɖeke xɛ, na tɔ mawu si wodzi mɛdigal hia. Nye xeke ɾege, Humaanityii nye xeke kpele tɔ, na mɛdigal nɔ nye xwɔ ɣlɛwoɖeke tɔ.'}]",95302834.0,llama3.1,152.0,328823084.0,3408437000.0,Mɛdigal Humaanityii,,,2026-04-03 22:33:11,False,Digitál Amegbetɔŋutinunya,False,Internet Dzi Nu Siwo Gbɔ Míaƒe Ŋutete Ŋu Tsoe,True,,False,"Woɖe mɛdigal nɔ ɖaŋa, ""Humaanityii"" ʋu ɖoŋa wɔtso, kɔpɔ mewo. Mɛdigal nye xwɔ ɣlɛwoɖeke tɔ, Humaanityii nye xeke kpele tɔ, kpodzie mawu si wodzi dɔmɛ. Xɛwoɖeke wodzi gba ɔpɔwɔ nɔ tɔ, kpele wodzi ɣlɛwoɖeke xɛ, na tɔ mawu si wodzi mɛdigal hia. Nye xeke ɾege, Humaanityii nye xeke kpele tɔ, na mɛdigal nɔ nye xwɔ ɣlɛwoɖeke tɔ."
dz,Dzongkha,Digital Humanities,Nyamchag Tshechu Digitel," {'translated_term': 'Nyamchag Tshechu Digitel', 'translation_rationale': 'Dzongkha ""Nyamchag"" གནམས་ཆག་ (digit) + ""Tshechu"" རྩེད་ཆུབ་ (humanities), Digitel ཏི་གེལ་ (digital).'}",2026-04-04T03:33:06.453539Z,stop,104.0,1212181456.0,"[{'translated_term': 'Nyamchag Tshechu Digitel', 'translation_rationale': 'Dzongkha ""Nyamchag"" གནམས་ཆག་ (digit) + ""Tshechu"" རྩེད་ཆུབ་ (humanities), Digitel ཏི་གེལ་ (digital).'}]",73444166.0,llama3.1,176.0,364365792.0,1677192791.0,Nyamchag Tshechu Digitel,,,2026-04-03 22:33:06,False,དྲ་རྒྱའི་མི་རིགས།,True,,True,,False,"Dzongkha ""Nyamchag"" གནམས་ཆག་ (digit) + ""Tshechu"" རྩེད་ཆུབ་ (humanities), Digitel ཏི་གེལ་ (digital)."
dv,Divehi; Maldivian;,Digital Humanities,Meehuva Gaadhegaa,"{
  ""translated_term"": ""Meehuva Gaadhegaa"",
  ""translation_rationale"": ""Dhivehi meehuva"" - This term is derived from the words ""meehuva"" meaning modern or contemporary, and ""gaadhegaa"", which means learning or scholarship. The prefix ""me"" in Divehi is a common way to form nouns indicating abstract concepts.""
}",2026-04-04T03:33:02.759275Z,stop,86.0,998478828.0,[],71291500.0,llama3.1,190.0,404138708.0,1498867625.0,,,,2026-04-03 22:33:02,False,ދިރާގު ހިއުމަނިޓީސް އެވެ,True,,True,,False,Dhivehi meehuva
de,German,Digital Humanities,Digitale Geisteswissenschaften,"```json
{
  ""translated_term"": ""Digitale Geisteswissenschaften"",
  ""translation_rationale"": ""Ich habe das englische Wort \""Digital Humanities\"" ins Deutsche übertragen, indem ich das Wort \""digitale\"" direkt als Übersetzung von \""digital\"" übernehme und mit dem Begriff \""Geisteswissenschaften\"" kombiniere. Das Wort \""Humanities\"" wird durch \""Geisteswissenschaften\"" ersetzt, da es sich um einen Oberbegriff für die Kultur-, Sprach- und Geschichtswissenschaften handelt, der in Deutschland weit verbreitet ist.""
}
```",2026-04-04T03:32:59.237115Z,stop,137.0,1644636955.0,[],95003708.0,llama3.1,144.0,340446791.0,2119555583.0,,digitale Geisteswissenschaften,Digital Humanities,2026-04-03 22:32:59,False,Digitale Geisteswissenschaften,False,Digitale Geisteswissenschaften,False,Digitale Geisteswissenschaften,False,"Ich habe das englische Wort ""Digital Humanities"" ins Deutsche übertragen, indem ich das Wort ""digitale"" direkt als Übersetzung von ""digital"" übernehme und mit dem Begriff ""Geisteswissenschaften"" kombiniere. Das Wort ""Humanities"" wird durch ""Geisteswissenschaften"" ersetzt, da es sich um einen Oberbegriff für die Kultur-, Sprach- und Geschichtswissenschaften handelt, der in Deutschland weit verbreitet ist."
da,Danish,Digital Humanities,Digitale humaniora,"'{ 
  ""translated_term"": ""Digitale humaniora"", 
  ""translation_rationale"": ""Jeg har valgt dette udtryk, fordi det er et godt dansk ekvivalent til engelske Digital Humanities. Udtrykket 'humaniora' er bredt brugt på danske universiteter og kulturelle institutioner, mens 'digitale' er en selfeksagtig oversættelse af ordet 'digital'.""
}'",2026-04-04T03:32:55.095799Z,stop,100.0,1164786585.0,[],83033250.0,llama3.1,144.0,332981208.0,1609796042.0,,,,2026-04-03 22:32:55,False,Digitale humaniora,False,Digitale humaniora,False,Digital humaniora,False,"Jeg har valgt dette udtryk, fordi det er et godt dansk ekvivalent til engelske Digital Humanities. Udtrykket 'humaniora' er bredt brugt på danske universiteter og kulturelle institutioner, mens 'digitale' er en selfeksagtig oversættelse af ordet 'digital'."
cy,Welsh,Digital Humanities,Ddilnodi Celfyddydol,"{
  ""translated_term"": ""Ddilnodi Celfyddydol"",
  ""translation_rationale"": ""Mae Ddilnodi Celfyddydol yn enw Saesneg ar gyfer y maes o ymchwil sy'n cofrestru, datblygu a phrofiad defnyddio technolegau newydd i astudio celfyddydau. Ystyrir yn unigryd a chyfoethog fath o ymchwil hanesyddol ac ieithyddol. Mae'n cynnwys dulliau o ddadleoli, geirioli a datblygu gweithgareddau digidol sy'n adlewyrchu celfyddydau yn gyfnewidiol ac ehangach.""
}",2026-04-04T03:32:51.464949Z,stop,181.0,2113871631.0,[],81580875.0,llama3.1,144.0,334565583.0,2579873375.0,,Dyniaethau digidol,Dyniaethau digidol,2026-04-03 22:32:51,False,Dyniaethau Digidol,False,"Person UnigolCity name (optional, probably does not need a translation)",False,Dyniaethau Digidol,False,"Mae Ddilnodi Celfyddydol yn enw Saesneg ar gyfer y maes o ymchwil sy'n cofrestru, datblygu a phrofiad defnyddio technolegau newydd i astudio celfyddydau. Ystyrir yn unigryd a chyfoethog fath o ymchwil hanesyddol ac ieithyddol. Mae'n cynnwys dulliau o ddadleoli, geirioli a datblygu gweithgareddau digidol sy'n adlewyrchu celfyddydau yn gyfnewidiol ac ehangach."
cv,Chuvash,Digital Humanities,Çĕнтерӳ ушкăвӗ,"{
""translated_term"": ""Çĕнтерӳ ушкăвӗ"",
""translation_rationale"": ""Услам çинчен сӑмах пултарать. Çĕнтерӳ (çĕн) — «хуть, кудый» тени, хушма - «ушкăвĕ», айăнса шутласа илмешкĕн ушкăвĕ теççĕ. Çав пекех, çĕнтерӳ — вăрçăçулăмпа хутăштарнă тĕпчев никеши.""
}",2026-04-04T03:32:46.865038Z,stop,151.0,1759935123.0,[],78402333.0,llama3.1,160.0,361829958.0,2241792583.0,,,,2026-04-03 22:32:46,False,Цифра гуманитари,True,,True,,False,"Услам çинчен сӑмах пултарать. Çĕнтерӳ (çĕн) — «хуть, кудый» тени, хушма - «ушкăвĕ», айăнса шутласа илмешкĕн ушкăвĕ теççĕ. Çав пекех, çĕнтерӳ — вăрçăçулăмпа хутăштарнă тĕпчев никеши."
cu,Old Church Slavonic,Digital Humanities,Вижданіяцька Гуманітарія,"{
  ""translated_term"": ""Вижданіяцька Гуманітарія"",
  ""translation_rationale"": ""Термін Виждінняцька Гуманітарія се стає от глагола видеть, што значить дахътъ мѣстамъ на дигитальной технике, а гуманіція се поимѧваѥ изъ латиньскаго ґранта гуманіцес. Значіть то Виждінняцька Гуманітарія - наукꙗ о вмѣсти съ дигиталными техниками и човекѡвѣнствомъ.""
}",2026-04-04T03:32:42.601483Z,stop,151.0,1759028279.0,[],78765000.0,llama3.1,168.0,359312625.0,2241740666.0,,,,2026-04-03 22:32:42,True,,True,,True,,False,"Термін Виждінняцька Гуманітарія се стає от глагола видеть, што значить дахътъ мѣстамъ на дигитальной технике, а гуманіція се поимѧваѥ изъ латиньскаго ґранта гуманіцес. Значіть то Виждінняцька Гуманітарія - наукꙗ о вмѣсти съ дигиталными техниками и човекѡвѣнствомъ."
cs,Czech,Digital Humanities,Digitální humanitní vedy,"{'translated_term': 'Digitální humanitní vedy', 'translation_rationale': 'Termín „Digital Humanities“ se překládá tak, aby zachoval jeho původní význam. „Digitální“ zde označuje použití počítačových technologií a digitálních nástrojů pro výzkum a analýzu lidských věd. „Humanitní vedy“ zahrnují oblasti jako dějepis, filozofie, literatura atd., tedy všechna obory, které se zabývají studiem lidského chování, kultury a společnosti.'}",2026-04-04T03:32:38.335497Z,stop,122.0,1463082748.0,"[{'translated_term': 'Digitální humanitní vedy', 'translation_rationale': 'Termín „Digital Humanities“ se překládá tak, aby zachoval jeho původní význam. „Digitální“ zde označuje použití počítačových technologií a digitálních nástrojů pro výzkum a analýzu lidských věd. „Humanitní vedy“ zahrnují oblasti jako dějepis, filozofie, literatura atd., tedy všechna obory, které se zabývají studiem lidského chování, kultury a společnosti.'}]",83053375.0,llama3.1,144.0,332463625.0,1915950500.0,Digitální humanitní vedy,,Digitální humanitní vědy,2026-04-03 22:32:38,False,Digitální humanitní vědy,False,Digitální humanity,False,Digitální humanitní vědy,False,"Termín „Digital Humanities“ se překládá tak, aby zachoval jeho původní význam. „Digitální“ zde označuje použití počítačových technologií a digitálních nástrojů pro výzkum a analýzu lidských věd. „Humanitní vedy“ zahrnují oblasti jako dějepis, filozofie, literatura atd., tedy všechna obory, které se zabývají studiem lidského chování, kultury a společnosti."
cr,Cree,Digital Humanities,Nitamawinanin Gitiganan,"{'translated_term': 'Nitamawinanin Gitiganan', 'translation_rationale': 'Nitamawinanin kitci wapimatisit, Gitiganan nitamowinin onakiskwaciwan.'} 

Explanation: Nitamawinanin refers to the digit (mâwân), and Gitiganan refers to the humanities. Onakiskwaciwan is a Cree term for 'digital' or 'electronic'.",2026-04-04T03:32:34.397189Z,stop,95.0,1102256413.0,"[{'translated_term': 'Nitamawinanin Gitiganan', 'translation_rationale': 'Nitamawinanin kitci wapimatisit, Gitiganan nitamowinin onakiskwaciwan.'}]",90595125.0,llama3.1,144.0,361655709.0,1580341875.0,Nitamawinanin Gitiganan,,,2026-04-03 22:32:34,True,,True,,True,,False,"Nitamawinanin kitci wapimatisit, Gitiganan nitamowinin onakiskwaciwan."
co,Corsican,Digital Humanities,Umanità Digitale,"{
  ""translated_term"": ""Umanità Digitale"",
  ""translation_rationale"": ""S'è ispiratu à l'espressione inglesa, ma ho chjamatu 'umanità' anziché 'umana' perché si tratta di un campo accademicu che s'applica a tutte l'àrie di ricerca, non solo quella umanistica. In u sottotitulu, hè statu più precisa in traducendu direttamente ""studii"" in corsican.""
}",2026-04-04T03:32:30.795122Z,stop,111.0,1296090669.0,[],78960958.0,llama3.1,152.0,339382250.0,1745113875.0,,,,2026-04-03 22:32:30,False,Umanità Digitale,True,,False,Umanità digitale,False,"S'è ispiratu à l'espressione inglesa, ma ho chjamatu 'umanità' anziché 'umana' perché si tratta di un campo accademicu che s'applica a tutte l'àrie di ricerca, non solo quella umanistica. In u sottotitulu, hè statu più precisa in traducendu direttamente "
ch,Chamorro,Digital Humanities,Sientia ni Digitu Humantesi,"{'translated_term': 'Sientia ni Digitu Humantesi', 'translation_rationale': 'I hinasso i termino nu sientia ni digitu, maolek i huvente i ""digital"" siha. I humantesi, na hinasso i puenti nu akademiko, na meggai estoria, literatura, i lingua para kuentotdot.'}",2026-04-04T03:32:27.03245Z,stop,86.0,995973085.0,"[{'translated_term': 'Sientia ni Digitu Humantesi', 'translation_rationale': 'I hinasso i termino nu sientia ni digitu, maolek i huvente i ""digital"" siha. I humantesi, na hinasso i puenti nu akademiko, na meggai estoria, literatura, i lingua para kuentotdot.'}]",80532209.0,llama3.1,152.0,338256208.0,1440717542.0,Sientia ni Digitu Humantesi,,,2026-04-03 22:32:27,False,Digital Humanities,True,,True,,False,"I hinasso i termino nu sientia ni digitu, maolek i huvente i ""digital"" siha. I humantesi, na hinasso i puenti nu akademiko, na meggai estoria, literatura, i lingua para kuentotdot."
ce,Chechen,Digital Humanities,Хьалдористулла дешкъа,"{
  ""translated_term"": ""Хьалдористулла дешкъа"",
  ""translation_rationale"": ""Дигиталан humanities-ха да цхьаннацамма тӀавагӏийча «Хьал» (хьалда кхоьллина) а, «дистулла» (дигитала) а цхьаннаца ю. Дешкъа - журналистика, литература, истори азоршаме дешйарийча хьийзаш да.""
}",2026-04-04T03:32:23.570259Z,stop,131.0,1527525540.0,[],79944542.0,llama3.1,152.0,339431208.0,1986941209.0,,,,2026-04-03 22:32:23,False,Терахьийн гуманитаран Ӏилманаш,True,,True,,False,"Дигиталан humanities-ха да цхьаннацамма тӀавагӏийча «Хьал» (хьалда кхоьллина) а, «дистулла» (дигитала) а цхьаннаца ю. Дешкъа - журналистика, литература, истори азоршаме дешйарийча хьийзаш да."
ca,Catalan; Valencian,Digital Humanities,,"{'translated_term': 'Humanitats Digitals', 'translation_rationale': 'S'ha optat per traduir ""Digital Humanities"" com a ""Humanitats Digitals"" per mantenir la corresponència entre les dues llengües i no fer referència directa al contingut digital. Així, es reflecteix l'abast de les Humanitats, que ara són digitals.'}",2026-04-04T03:32:19.561154Z,stop,93.0,1083008208.0,[],81489500.0,llama3.1,176.0,406696583.0,1597181917.0,,Humanitats digitals,Humanitats digitals,2026-04-03 22:32:19,False,Humanitats Digitals,False,Humanitats digitals,False,Humanitats Digitals,False,
bs,Bosnian,Digital Humanities,Humaniteti digitalni,"{
  ""translated_term"": ""Humaniteti digitalni"",
  ""translation_rationale"": ""Prijevod zasniva se na razumijevanju izvornog engleskog termina, koji se odnosi na kombinaciju humanističkih i digitalnih disciplina. Riječ 'digitalni' koristimo u smislu tehnološke integracije i kompjuterskog pristupa, dok je 'humaniteti' prevod riječi 'humanities', koja označava društvene znanosti, kao što su književnost, umjetnost, povijest itd. U bosanskom jeziku, ove dvije riječi se kombinišu kako bi se stvorio jedinstveni termin koji označava novi pristup ljudskom znanju i kulturi.""",2026-04-04T03:32:15.943903Z,stop,196.0,2750529422.0,[],80484292.0,llama3.1,160.0,386304125.0,3272076333.0,,,,2026-04-03 22:32:15,False,Digitalne humanističke nauke,True,,False,Digital Humanities,False,"Prijevod zasniva se na razumijevanju izvornog engleskog termina, koji se odnosi na kombinaciju humanističkih i digitalnih disciplina. Riječ 'digitalni' koristimo u smislu tehnološke integracije i kompjuterskog pristupa, dok je 'humaniteti' prevod riječi 'humanities', koja označava društvene znanosti, kao što su književnost, umjetnost, povijest itd. U bosanskom jeziku, ove dvije riječi se kombinišu kako bi se stvorio jedinstveni termin koji označava novi pristup ljudskom znanju i kulturi."
br,Breton,Digital Humanities,Ar Gwareziñ Digitael,"```
{
  ""translated_term"": ""Ar Gwareziñ Digitael"",
  ""translation_rationale"": ""Kemennet eo term eo Digital Humanities e brezhoneg, dre aliesseurder war internet. Da lavaret eo ez a zo kinnigadoù disheñvel d'ar vuhez deskadurel hag int teknologiezhioù ha diskleriñ pe dosterezhioù internet.""
}
```

Explanation: E brezhoneg e vez graet Ar Gwareziñ Digitael anezhi. 

Kemennet eo term eo Digital Humanities e brezhoneg, dre aliesseurder war internet. 
Da lavaret eo ez a zo kinnigadoù disheñvel d'ar vuhez deskadurel hag int teknologiezhioù ha diskleriñ pe dosterezhioù internet.

Ar c'hentañ silabenn eus an anv e vez skrivet gant ar sin 'G'. Ar Gwareziñ eo, kement ha skrid evit ar vuhez deskadurel. Digitael e penn-kentañ eo term eo, met en ur splet war ar c'hilpoutioù teknologiezhioù digitiel, dreist-holl internet, hag ivez diskleriñ pe dosterezhioù internet.
Hepken e vez an anv Ar Gwareziñ Digitael da skouer eus term eo Digital Humanities.",2026-04-04T03:32:10.649533Z,stop,323.0,3859746912.0,[],91172208.0,llama3.1,152.0,347283709.0,4389950833.0,,,,2026-04-03 22:32:10,False,Skiantoù mab-den niverel,True,,True,,False,"Kemennet eo term eo Digital Humanities e brezhoneg, dre aliesseurder war internet. Da lavaret eo ez a zo kinnigadoù disheñvel d'ar vuhez deskadurel hag int teknologiezhioù ha diskleriñ pe dosterezhioù internet."
bo,Tibetan,Digital Humanities,,"{
  'translated_term': 'dpe po'i gtan ngag rig,' 
  'translation_rationale': 'Dpe po'i yig rgyu chags kyi shes rab kyi don ni phyin ci log pa'i yig brda'i mtshan nyid yin te, mthar par gyis thob pa'i dpe skor dang mtshungs pa'i gtan ngag rig zhugs nas lus bzhin du gzung ba la yang dag par byed do. Dpal yang 'jigs med tibb skyab sde'i rgyud kyi dbang po (1998) nyi khri dpe skor gsal bar byed pa'i mthar thug ces bya ba las shes rab kyi phal cher bzhugs nas, phyogs gcig du 'joms par byed do.'
}",2026-04-04T03:32:04.237826Z,stop,189.0,2237538048.0,[],76771625.0,llama3.1,144.0,350284083.0,2718437208.0,,,,2026-04-03 22:32:04,False,གྲངས་འཛིན་མི་ཆོས་རིག་པ།,True,,True,,False,
bn,Bengali,Digital Humanities,ডিজিটাল মানবিক শিক্ষা,"{
  ""translated_term"": ""ডিজিটাল মানবিক শিক্ষা"",
  ""translation_rationale"": ""পূর্বের সাহিত্য ও ঐতিহাসিক গবেষণার উপর ফোকাস থেকে দৃশ্যকল্প এবং ভাইডিও-চিত্রগুলি অন্তর্ভুক্ত করা, সাধারণ জনমানসের পরিবর্তে শোষণ-বহুল ভাগাভাগি এবং অন্যান্য ক্ষেত্রের উদ্ভাবন, আইটি প্রযুক্তির সাথে মিশ্রিত হওয়ার জন্য এই শব্দটি অনুবাদ।""
}",2026-04-04T03:31:59.498567Z,stop,323.0,3885788669.0,[],69657792.0,llama3.1,152.0,367358708.0,4406550084.0,,,,2026-04-03 22:31:59,False,ডিজিটাল মানববিদ্যা,True,,False,ডিজিটাল মানবিক,False,"পূর্বের সাহিত্য ও ঐতিহাসিক গবেষণার উপর ফোকাস থেকে দৃশ্যকল্প এবং ভাইডিও-চিত্রগুলি অন্তর্ভুক্ত করা, সাধারণ জনমানসের পরিবর্তে শোষণ-বহুল ভাগাভাগি এবং অন্যান্য ক্ষেত্রের উদ্ভাবন, আইটি প্রযুক্তির সাথে মিশ্রিত হওয়ার জন্য এই শব্দটি অনুবাদ।"
bm,Bambara,Digital Humanities,,"{
  'translated_term': 'Tiemoko t' a kɛlɛmɔn t' ba',
  'translation_rationale': 'Tiemoko t' a, kɛlɛmɔn t' ba. Tiemoko t' a ko, ""a sɔn sɔn"", nyɛla balɩŋmbo t' ba sɔrɔfɔra la. Kɛlɛmɔn t' ba, ""digitale"", nyɛla wumadugu kɔrɔ ka n ni ti a sɔn sɔn la. Moko lɩŋkɔmbo t' ba, ""humanities"", nyɛla mookɔmɔlɩna t' ba.'
}",2026-04-04T03:31:53.073545Z,stop,188.0,2202027032.0,[],93641542.0,llama3.1,152.0,342822417.0,2689292417.0,,,,2026-04-03 22:31:53,False,Hadamadenw ka dɔnniya nimɔrɔma,True,,True,,False,
bi,Bislama,Digital Humanities,Huminaitis Digitala,"{'translated_term': 'Huminaitis Digitala', 'translation_rationale': 'Mi toktok wantaim laen blong Digital Humanities. ""Humani"" i kom fraem English, na em i mekem referens blong humaniti mo kastom, tu. Nau mi tok olgeta term iko ""Digital"", na em i mekem refrens blong samting we iwek i tumbuwan internet mo teknolojia.'}",2026-04-04T03:31:48.36195Z,stop,99.0,1157302877.0,"[{'translated_term': 'Huminaitis Digitala', 'translation_rationale': 'Mi toktok wantaim laen blong Digital Humanities. ""Humani"" i kom fraem English, na em i mekem referens blong humaniti mo kastom, tu. Nau mi tok olgeta term iko ""Digital"", na em i mekem refrens blong samting we iwek i tumbuwan internet mo teknolojia.'}]",77881125.0,llama3.1,160.0,383414625.0,1645610500.0,Huminaitis Digitala,,,2026-04-03 22:31:48,True,,False,Ol Fasin Blong Man We Oli No Isi,True,,False,"Mi toktok wantaim laen blong Digital Humanities. ""Humani"" i kom fraem English, na em i mekem referens blong humaniti mo kastom, tu. Nau mi tok olgeta term iko ""Digital"", na em i mekem refrens blong samting we iwek i tumbuwan internet mo teknolojia."
bh,Bihari,Digital Humanities, Digital Humanities ko Arthvyavastha kee Kala ,"{
  ""translated_term"": "" Digital Humanities ko Arthvyavastha kee Kala "",
  ""translation_rationale"": "" Arthvyavastha kee kahaani chhe: digital ka arth hai computer ke baare mein, aur humanities ka arth hai manav vikaas ke adhyayan mein. Isliye, humne 'arthvyavastha' ko lagu kiya hai, jiska arth hai kisi cheez ke vibhinn bhagon ke saath sambandh, jo digital tehnology aur humanities dono ka milti hui hai. Kala ka kahaani bhi chhe: yah ek aitihaasik aur Sanskritik kshetra hai jahan manav vikaas kee gatividhiyon ko samjhaya jaata hai, jo digital medium se prakashit hota hai.""
}",2026-04-04T03:31:44.69358Z,stop,192.0,2256937370.0,[],82050208.0,llama3.1,160.0,378140541.0,2776821166.0,,,,2026-04-03 22:31:44,False,डिजिटल मानविकी के बारे में बतावल गइल बा,True,,True,,False," Arthvyavastha kee kahaani chhe: digital ka arth hai computer ke baare mein, aur humanities ka arth hai manav vikaas ke adhyayan mein. Isliye, humne 'arthvyavastha' ko lagu kiya hai, jiska arth hai kisi cheez ke vibhinn bhagon ke saath sambandh, jo digital tehnology aur humanities dono ka milti hui hai. Kala ka kahaani bhi chhe: yah ek aitihaasik aur Sanskritik kshetra hai jahan manav vikaas kee gatividhiyon ko samjhaya jaata hai, jo digital medium se prakashit hota hai."
bg,Bulgarian,Digital Humanities,Човешки дижитали,"{
  ""translated_term"": ""Човешки дижитали"",
  ""translation_rationale"": ""Използвам термина „Човешки"" за да подчертая човечния аспект на изследванията, което е ключова тема в областта на Човешките дижитали. Срещу това, често се среща и английската фраза „Дигитални хуманитарии“ (Digital Humanities), но за да направя прецизно превод, използвам термина „Човешки"" вместо „Хуманитарии"", тъй като по-интересното е как се дефинира този термин в български и дали ще се променя със времето.""
}",2026-04-04T03:31:39.894713Z,stop,195.0,2287175958.0,[],82848750.0,llama3.1,144.0,345802291.0,2771280250.0,,,,2026-04-03 22:31:39,False,Дигитални хуманитарни науки,False,(Средредредредредредредредредредредредредредредредредредредредредредредредредредредредредредредредредредредредредред,False,Дигитални хуманитарни науки,False,Използвам термина „Човешки
be,Belarusian,Digital Humanities,Humanistyka Cyfrowa,"{
  ""translated_term"": ""Humanistyka Cyfrowa"",
  ""translation_rationale"": ""Пераходзіла на беларускую мову па таямнасці, што часціна слоў складаецца з лацінскіх каранёў. Словы «humanistyka» паходзяць ад лацінскага «humanus», які азначае чалавека або людзінасць. Падрабязней, назва мовішча ўтворана з літар «H», прысвойной да мовішчаў па-лацінску і ад лацінскага падножжа «humanus». У выніку, пераклад «Humanistyka Cyfrowa» можа быць зроблены як ""Humanistyka Цыфрова"". Між тым, іншыя спосаб перакладу магчымы і гэта - у залежнасці ад кантэксту мовішча.""
}",2026-04-04T03:31:35.101714Z,stop,226.0,2643282717.0,[],80616666.0,llama3.1,152.0,338302500.0,3126700125.0,,,,2026-04-03 22:31:35,False,Лічбавыя гуманітарныя навукі,True,,False,Лічбавыя гуманітарныя навукі,False,"Пераходзіла на беларускую мову па таямнасці, што часціна слоў складаецца з лацінскіх каранёў. Словы «humanistyka» паходзяць ад лацінскага «humanus», які азначае чалавека або людзінасць. Падрабязней, назва мовішча ўтворана з літар «H», прысвойной да мовішчаў па-лацінску і ад лацінскага падножжа «humanus». У выніку, пераклад «Humanistyka Cyfrowa» можа быць зроблены як "
ba,Bashkir,Digital Humanities,Дigital Bəşər Fənnları,"{
  ""translated_term"": ""Дigital Bəşər Fənnları"",
  ""translation_rationale"": ""Билгелик Бәшәр фәннәре төшөнсәһен билгеләп, русса ""цифровые гуманитарные науки"" сөзлеге аша килеп индердек. Бу термин хәҙис заманда белем биреү процесын дөресләштереүгә һәм мәгълумәтте интерактив итеп әйләндереүгә арналған.""
}",2026-04-04T03:31:29.951164Z,stop,179.0,2090159711.0,[],92973416.0,llama3.1,152.0,357929458.0,2590358000.0,,,,2026-04-03 22:31:29,False,Һанлы гуманитар фәндәр,True,,True,,False,"Билгелик Бәшәр фәннәре төшөнсәһен билгеләп, русса "
az,Azerbaijani,Digital Humanities,Dünya İnsaniyyatı,"{ 
  ""translated_term"": ""Dünya İnsaniyyatı"",
  ""translation_rationale"": ""Tərcümədə ilk öncə ""digital"" və ""humanities"" birləşdirilməsi məqsədiyə uyğun olaraq hesab edildiyimə görə, bu termini iki hissəyə bölmək lazımdır. ""Digital"" tərcümədə ""rəqəmsal"" və ya ""elektronik"" istifadə edilə bilər, lakin mənə görə, bu terminin daha modern mənasını çatdırmaq üçün ""rəqəmsal"" variantı daha uyğundur. ""Humanities"" tərcümədə isə terminin mənasını çatdırmaq üçün ""insaniyyat"" və ya ""elmlərin-humanitar elmlər"" istifadə edilə bilər, lakin mənə görə, bu terminin daha tam mənasını çatdırmaq üçün ""insaniyyat"" variantı daha uyğundur. Bu səbəbdən, tərcümədə ""Dünya İnsaniyyatı"" variantı istifadə olunub."" 
}",2026-04-04T03:31:25.337663Z,stop,298.0,3480909539.0,[],78862250.0,llama3.1,160.0,361428875.0,4001164250.0,,,Rəqəmsal humanitar elmlər,2026-04-03 22:31:25,False,Rəqəmsal Humanitar Elmlər,False,İnsaniyyətləri,False,Rəqəmsal humanitar elmlər,False,Tərcümədə ilk öncə 
ay,Aymara,Digital Humanities,," {'translated_term': 'Iñiyki Awqallaylla Pacha', 'translation_rationale': 'Kamayaqa, Digital Humanities nispa qullasita sapa kawsaymi awaqk'alla, yachaqta pachatapas kamarqan. Qhawarina, iñiyki awqallaylla pachatapis kawsaqta phuyupi waña.'}",2026-04-04T03:31:19.314879Z,stop,92.0,1061663210.0,[],82462291.0,llama3.1,160.0,358553959.0,1529306958.0,,,,2026-04-03 22:31:19,False,Humanidades Digitales uka tuqit yatxataña,True,,True,,False,
av,Avaric,Digital Humanities,გამოყენებითი ხელოვნება,"{
  ""translated_term"": ""გამოყენებითი ხელოვნება"",
  ""translation_rationale"": ""დიჯიტალური მნიშვნელობის გვარანთი, ჰუმანიტარული, ეფექტიანობის და გავრცხლველობის თუ გვარანთი.""
}",2026-04-04T03:31:15.763926Z,stop,231.0,2712988367.0,[],80726417.0,llama3.1,160.0,389760459.0,3238072917.0,,,,2026-04-03 22:31:15,False,Цифралъулал гуманитариялин абулел,True,,True,,False,"დიჯიტალური მნიშვნელობის გვარანთი, ჰუმანიტარული, ეფექტიანობის და გავრცხლველობის თუ გვარანთი."
as,Assamese,Digital Humanities,ডিজিটাল মানৱ বিজ্ঞান,"{
  ""translated_term"": ""ডিজিটাল মানৱ বিজ্ঞান"",
  ""translation_rationale"": ""এই শব্দের অনুবাদ করার সময়, আমি 'ডিজিটাল' (digital) শব্দটিকে নিজে থেকে অনুবাদ করেছি ভাষা. পরে 'হিউম্যানিটিস' (humanities) শব্দটিও একইভাবে। আগের থেকে, লোকে অনুবাদ করত 'মানবিক' (human)।""
}",2026-04-04T03:31:10.502647Z,stop,231.0,2684806120.0,[],85053792.0,llama3.1,160.0,384591208.0,3217339125.0,,,,2026-04-03 22:31:10,False,ডিজিটেল মানৱীয় বিজ্ঞান,True,,False,,False,"এই শব্দের অনুবাদ করার সময়, আমি 'ডিজিটাল' (digital) শব্দটিকে নিজে থেকে অনুবাদ করেছি ভাষা. পরে 'হিউম্যানিটিস' (humanities) শব্দটিও একইভাবে। আগের থেকে, লোকে অনুবাদ করত 'মানবিক' (human)।"
ar,Arabic,Digital Humanities,الاندماجية البشرية للذكاء,"{'translated_term': 'الاندماجية البشرية للذكاء', 'translation_rationale': 'استخدمت كلمة ""أندماجي"" لأنها تعني الجمع بين المعرفة التقنية وفرص التطوير في مجال الدراسات الإنسانية. وكلمة ""بشرية"" لتأكيد العلاقة بين البشر والنظم الرقمية.'}",2026-04-04T03:31:05.265292Z,stop,86.0,986952338.0,"[{'translated_term': 'الاندماجية البشرية للذكاء', 'translation_rationale': 'استخدمت كلمة ""أندماجي"" لأنها تعني الجمع بين المعرفة التقنية وفرص التطوير في مجال الدراسات الإنسانية. وكلمة ""بشرية"" لتأكيد العلاقة بين البشر والنظم الرقمية.'}]",90702875.0,llama3.1,144.0,332351250.0,1435650000.0,الاندماجية البشرية للذكاء,إنسانيات رقمية,إنسانيات رقمية,2026-04-03 22:31:05,False,العلوم الإنسانية الرقمية,False,العلوم البشرية,False,العلوم الإنسانية الرقمية,False,"استخدمت كلمة ""أندماجي"" لأنها تعني الجمع بين المعرفة التقنية وفرص التطوير في مجال الدراسات الإنسانية. وكلمة ""بشرية"" لتأكيد العلاقة بين البشر والنظم الرقمية."
an,Aragonese,Digital Humanities,,"{'translated_term': 'Chumanías Digitals', 'translation_rationale': 'O termin ""Digital Humanities"" s'inspira en a tradición d'a investigación chumanistica con tecnolochías novellas, por o que lo he trobato meyor traduyir-lo como Chumanías Digitals. A parola ""humánies"" se refeire a la cultura y as arts chumanas, mientres que ""digital"" fa referencia a l'uso d'as tecnolochías en ista investigación.'}",2026-04-04T03:31:01.807313Z,stop,116.0,1343968260.0,[],97419000.0,llama3.1,160.0,388042125.0,1861360458.0,,,,2026-04-03 22:31:01,True,,True,,True,,False,
am,Amharic,Digital Humanities,ድብል አጣዮስ,"{
  ""translated_term"": ""ድብል አጣዮስ"",
  ""translation_rationale"": ""ስብሔው ይገነንሃል, አጽናኝ ይቀራል, እኩል ይረኛል. ድብል እንግሊዞሽ, ጣዮሱኛ ነው""
}",2026-04-04T03:30:57.924534Z,stop,163.0,1893314333.0,[],94530375.0,llama3.1,160.0,364091834.0,2390713084.0,,,,2026-04-03 22:30:57,False,ዲጂታል ሂውማኒቲስ,True,,False,ዲጂታል ሰብአዊነት,False,"ስብሔው ይገነንሃል, አጽናኝ ይቀራል, እኩል ይረኛል. ድብል እንግሊዞሽ, ጣዮሱኛ ነው"
ak,Akan,Digital Humanities,Mmoa ne Dwumadzi,"{
""translated_term"": ""Mmoa ne Dwumadzi"",
""translation_rationale"": ""Dwumadzi nyansa mu akwan abɛn, ase mo ntease mmoa, yɛmu ne dwumadiyɛ mu.""
}",2026-04-04T03:30:53.512158Z,stop,61.0,701141915.0,[],76139084.0,llama3.1,152.0,353529083.0,1147677750.0,,,,2026-04-03 22:30:53,False,Digitals Nnipa Ho Adesua,True,,True,,False,"Dwumadzi nyansa mu akwan abɛn, ase mo ntease mmoa, yɛmu ne dwumadiyɛ mu."
af,Afrikaans,Digital Humanities,Digitale Geletterdheid,"{
  ""translated_term"": ""Digitale Geletterdheid"",
  ""translation_rationale"": ""Ek het die terme 'digitaal' en 'geletterdheid' afsonderlik oorweeg. 'Digitaal' is vandag algemeen gebruiklik in Afrikaans om na alles te verwys wat met sagteware of die internet te doen het, dus dit het nie verdere verduideliking nodig gehad nie. Geletterdheid word egter meestal geassosieer met lees- en skryfvaardighede van mense in 'n fisiese sin, maar ek het besluit om die terme 'humanities' en -heid (wat bynaal na 'eienskap' of 'karaktertrek' verwys) aan die einde te laat, want dit bied reeds selfskeppende implikasies van 'n menslike eienskap in 'n digitalle konteks. Daarom sluit ek ""Geletterdheid"" net by na die terme ""Digitale"".""
}",2026-04-04T03:30:50.340923Z,stop,229.0,2668468382.0,[],79273792.0,llama3.1,152.0,339764958.0,3148871084.0,,,,2026-04-03 22:30:50,False,Digitale Geesteswetenskappe,False,Digitale Menslikhede,False,Digitale Geesteswetenskappe,False,"Ek het die terme 'digitaal' en 'geletterdheid' afsonderlik oorweeg. 'Digitaal' is vandag algemeen gebruiklik in Afrikaans om na alles te verwys wat met sagteware of die internet te doen het, dus dit het nie verdere verduideliking nodig gehad nie. Geletterdheid word egter meestal geassosieer met lees- en skryfvaardighede van mense in 'n fisiese sin, maar ek het besluit om die terme 'humanities' en -heid (wat bynaal na 'eienskap' of 'karaktertrek' verwys) aan die einde te laat, want dit bied reeds selfskeppende implikasies van 'n menslike eienskap in 'n digitalle konteks. Daarom sluit ek "
ae,Avestan,Digital Humanities,Zarīmā Dātika,"{
  ""translated_term"": ""Zarīmā Dātika"",
  ""translation_rationale"": ""Man zartamāy dātika-ē gosān, padidamān āsrōšn-amadāhā. Zarīmā dar dastūr-e tābidi pahluvunā dātikāpāhā, madašk-i pardaš-e avestai hāyim kardām.""
}",2026-04-04T03:30:45.173935Z,stop,107.0,1240033291.0,[],95161166.0,llama3.1,160.0,357621458.0,1720214875.0,,,,2026-04-03 22:30:45,True,,True,,True,,False,"Man zartamāy dātika-ē gosān, padidamān āsrōšn-amadāhā. Zarīmā dar dastūr-e tābidi pahluvunā dātikāpāhā, madašk-i pardaš-e avestai hāyim kardām."
ab,Abkhaz,Digital Humanities,ჟირსობაშ მენცვი,"{
  ""translated_term"": ""ჟირსობაშ მენცვი"",
  ""translation_rationale"": ""წყაროეფს გჷთმახაზირჰან, ჟირსობა - დიჯიტალური, მენცვი - ხელოვნ. ჟირსობაშ მენცვი - წყაროეფს გჷთმახაზირჰან, ინტერნეტში.""
}",2026-04-04T03:30:41.433391Z,stop,254.0,2967828040.0,[],67443750.0,llama3.1,160.0,355598083.0,3449569958.0,,,,2026-04-03 22:30:41,False,Ацифратә гуманитартә ҵарақәа,True,,True,,False,"წყაროეფს გჷთმახაზირჰან, ჟირსობა - დიჯიტალური, მენცვი - ხელოვნ. ჟირსობაშ მენცვი - წყაროეფს გჷთმახაზირჰან, ინტერნეტში."
aa,Afar,Digital Humanities,Bulbulka aadiska diyaar,"{
  ""translated_term"": ""Bulbulka aadiska diyaar"",
  ""translation_rationale"": ""Aafrikaan waxa ku dhex qaadisaa dhamaantooyinka sharciyeysan, isla markaana in ay ugu wargali karto qoladaasho ya diyaarka iyo khudaynta abaaraha. Bulbulka hore aadinka ahayd bulbulka ku dhex qaadisan, lakini inta badalda soo saartahay kaarismaanka isla markaana in ay ugu daaliyaan diyaarka.""
}",2026-04-04T03:30:35.961483Z,stop,140.0,1625139926.0,[],1545064000.0,llama3.1,152.0,390479125.0,3600176958.0,,,,2026-04-03 22:30:35,False,Xiyitaal Sehdaytiino,True,,True,,False,"Aafrikaan waxa ku dhex qaadisaa dhamaantooyinka sharciyeysan, isla markaana in ay ugu wargali karto qoladaasho ya diyaarka iyo khudaynta abaaraha. Bulbulka hore aadinka ahayd bulbulka ku dhex qaadisan, lakini inta badalda soo saartahay kaarismaanka isla markaana in ay ugu daaliyaan diyaarka."
ny,Chichewa; Chewa; Nyanja,Digital Humanities,,,,,,,,,,,,,,,,,False,Zaumunthu Za digito,False,Digital Humans,False,Digital Humanities,True,
cdo,Min Dong Chinese,Digital Humanities,,,,,,,,,,,,,,,,,True,,True,,True,,True,
gil,Gilbertese,Digital Humanities,,,,,,,,,,,,,,,,,True,,False,Aroia Aomata n Tokanikai i Aoni Bwaai ni Kabane,True,,True,
hak,Hakka Chinese,Digital Humanities,,,,,,,,,,,,,,,,,True,,True,,True,,True,
pih,Norfolk,Digital Humanities,,,,,,,,,,,,,,,,,True,,True,,True,,True,
zh-classical,Classical Chinese,Digital Humanities,,,,,,,,,,,,,,,,,True,,True,,True,,True,
zh-tw,Traditional Chinese,Digital Humanities,,,,,,,,,,,,,,,,,False,數位人文,True,,False,數位人文,True,
