language_code,term_source,ollama_translated_term,language_name,ollama_content,ollama_model,ollama_created_at,ollama_total_duration,ollama_load_duration,ollama_prompt_eval_count,ollama_prompt_eval_duration,ollama_eval_count,ollama_eval_duration,ollama_done_reason,ollama_extracted_dictionaries,ollama_translation,coding_dh_date
co,Humanities Data Science,,Corsican,"{'translated_term': 'Sientifiche di dati umanistiche', 
'translation_rationale': 'I used the word ""sientifiche"" instead of ""scientifiche"" to give it a more Corsican tone, as in Corsican linguistics, the suffix ""-icke"" is often used to form nouns indicating a field or discipline. This change maintains the connection to ""scienza"", meaning science, while adapting to the local grammatical structure. I also kept 'umanistiche' to preserve its original meaning in the context of Humanities Data Science.'}",llama3.2,2025-02-27T23:24:30.028318Z,1176247125.0,33136541.0,153.0,94000000.0,118.0,1047000000.0,stop,[],,2025-05-31 21:15:56
ne,Humanities Data Science,,Nepali,"{'translated_term': 'मानविकी डेटा विज्ञान' या 'निवेशित व्यक्ति से जुड़ी गणना विज्ञान', 'translation_rationale': 'हumaनिटीज़ डैटा साइंस को नेपाली में परिभाषित करने के लिए, हम ""मानविकी"" और ""डेटा विज्ञान"" दोनों शब्दों का उपयोग कर सकते हैं, लेकिन 'निवेशित व्यक्ति से जुड़ी गणना' पूर्णतावादी शब्द है जो इस क्षेत्र के सिद्धांतों और परिप्रेक्ष्यों को दर्शाता है। इसके अलावा, 'डेटा विज्ञान' भी एक व्यापक शब्द है जो विभिन्न शैक्षिक और पेशेवर क्षेत्रों में उपयोग किया जाता है, इसलिए यह स्पष्टीकरण देने के लिए इसका संकेत 'मानविकी डेटा विज्ञान' दिया गया था।', 'alternative_translations': ['मानविकी और गणितीय सिद्धांत', 'शैक्षिक अनुसंधान और डेटा विज्ञान']}

Note: The alternative translations are provided to show the nuances of translation and to give options for different contexts or interpretations.",llama3.2,2025-02-27T23:34:02.837387Z,4107093583.0,27244166.0,156.0,92000000.0,333.0,3985000000.0,stop,[],,2025-05-31 21:15:56
mk,Humanities Data Science,Наука за податоци за хуманските науки,Macedonian,"{'translated_term': 'Наука за податоци за хуманските науки', 'translation_rationale': 'The term ""Humanities Data Science"" is a blend of Western and Eastern academic traditions, so I chose to preserve the word order and terminology from both spheres. The Google Translate suggestion already suggests a good direction, but I added the suffix ""-а"" for grammatical consistency in Macedonian. A more poetic option could be ""Морфологија на податоци за хуманистичките науки"", which emphasizes the morphological aspects of data science in relation to humanities sciences.'}",llama3.2,2025-02-27T23:32:11.623329Z,1447918542.0,28345917.0,159.0,105000000.0,127.0,1313000000.0,stop,"[{'translated_term': 'Наука за податоци за хуманските науки', 'translation_rationale': 'The term ""Humanities Data Science"" is a blend of Western and Eastern academic traditions, so I chose to preserve the word order and terminology from both spheres. The Google Translate suggestion already suggests a good direction, but I added the suffix ""-а"" for grammatical consistency in Macedonian. A more poetic option could be ""Морфологија на податоци за хуманистичките науки"", which emphasizes the morphological aspects of data science in relation to humanities sciences.'}]",Наука за податоци за хуманските науки,2025-05-31 21:15:56
ml,Humanities Data Science,ൎശ ൺലവഹ ഷ഼ ഻ഭഘയ,Malayalam,"{'translated_term': '\u0d4e\u0d36 \u0d7a\u0d32\u0d35\u0d39 \u0d37\u0d3c \u0d3b\u0d2d\u0d18\u0d2f', 'translation_rationale': 'The term &quot;Humanities Data Science&quot; can be translated to Malayalam as &quot;\u0d4e\u0d36 \u0d7a\u0d32\u0d35\u0d39 \u0d37\u0d3c \u0d3b\u0d2d\u0d18\u0d2f&quot; by breaking down the word into its constituent parts. &quot;\u0d4e\u0d36&quot; represents the word for Human or Person, which is commonly used in Malayalam to refer to individuals or groups of people involved in various fields such as literature, history, philosophy, etc. &quot;\u0d7a\u0d32\u0d35\u0d39&quot; can be translated as Science or Knowledge. This combination of the two terms represents the core idea of Humanities Data Science, which is the application of scientific methods and data analysis techniques to humanities subjects like literature, history, philosophy, etc. However, alternative translations like \u0d4e\u0d36\u0d2b\u0d31\u0d38\u0d3a \u0d2f\u0d37\u0d3c\u0d2f (\u0d4e\u0d36 \u0d2b \u0d31\u0d38\u0d3a \u0d2f) which translates to &quot;Person and Knowledge&quot;, could also be considered. ', 'alternative_translations': ['\u0d4e\u0d36\u0d2b\u0d31\u0d38\u0d3a \u0d2f\u0d37\u0d3c\u0d2f', '\u0d4e\u0d36\u0d2e\u0d33\u0d32\u0d30\u0d37\u0d3c\u0d2f']}",llama3.2,2025-05-15T20:36:27.86285Z,5010171166.0,34488750.0,121.0,73807709.0,483.0,4900676291.0,stop,"[{'translated_term': 'ൎശ ൺലവഹ ഷ഼ ഻ഭഘയ', 'translation_rationale': 'The term &quot;Humanities Data Science&quot; can be translated to Malayalam as &quot;ൎശ ൺലവഹ ഷ഼ ഻ഭഘയ&quot; by breaking down the word into its constituent parts. &quot;ൎശ&quot; represents the word for Human or Person, which is commonly used in Malayalam to refer to individuals or groups of people involved in various fields such as literature, history, philosophy, etc. &quot;ൺലവഹ&quot; can be translated as Science or Knowledge. This combination of the two terms represents the core idea of Humanities Data Science, which is the application of scientific methods and data analysis techniques to humanities subjects like literature, history, philosophy, etc. However, alternative translations like ൎശഫറസഺ യഷ഼യ (ൎശ ഫ റസഺ യ) which translates to &quot;Person and Knowledge&quot;, could also be considered. ', 'alternative_translations': ['ൎശഫറസഺ യഷ഼യ', 'ൎശമളലരഷ഼യ']}]",ൎശ ൺലവഹ ഷ഼ ഻ഭഘയ,2025-05-31 21:15:56
mn,Humanities Data Science,Алы кчінулялс теебюшния медаклялс тисуочня,Mongolian,"{'translated_term': '\u0410\u043b\u044b \u043a\u0447\u0456\u043d\u0443\u043b\u044f\u043b\u0441 \u0442\u0435\u0435\u0431\u044e\u0448\u043d\u0438\u044f \u043c\u0435\u0434\u0430\u043a\u043b\u044f\u043b\u0441 \u0442\u0438\u0441\u0443\u043e\u0447\u043d\u044f', 'translation_rationale': 'I took inspiration from the Google Translate API suggestion, but refined it to better fit the term. I replaced &quot;мэдээллийн&quot; with &quot;\u0442\u0435\u0435\u0431\u044e\u0448\u043d\u0438\u044f\u043b\u0441&quot;, which means &quot;scientific&quot; or &quot;research-oriented&quot;. I also replaced &quot;мэдээллийн&quot; with &quot;\u0442\u0435\u0435\u0431\u044e\u0448\u043d\u0438\u044f\u043b\u0441&quot;, to make the term more formal and academic. This translation emphasizes the interdisciplinary nature of Humanities Data Science, combining humanistic studies with scientific methods.'}

Note: In Mongolian, the ISO code is `mn`, but when translating into the language itself, I used the Unicode characters for better readability.",llama3.2,2025-02-27T23:32:55.30243Z,4156998875.0,27729125.0,179.0,20000000.0,334.0,4108000000.0,stop,"[{'translated_term': 'Алы кчінулялс теебюшния медаклялс тисуочня', 'translation_rationale': 'I took inspiration from the Google Translate API suggestion, but refined it to better fit the term. I replaced &quot;мэдээллийн&quot; with &quot;теебюшниялс&quot;, which means &quot;scientific&quot; or &quot;research-oriented&quot;. I also replaced &quot;мэдээллийн&quot; with &quot;теебюшниялс&quot;, to make the term more formal and academic. This translation emphasizes the interdisciplinary nature of Humanities Data Science, combining humanistic studies with scientific methods.'}]",Алы кчінулялс теебюшния медаклялс тисуочня,2025-05-31 21:15:56
mr,Humanities Data Science,,Marathi (Marāṭhī),"{'translated_term': 'मानव्यशास्त्र डेटा विज्ञान' (Manavyasatra Data Vaigyan), 
 'translation_rationale': 'The term ""Humanities Data Science"" has been directly translated into Marathi. The word ""manavyasatra"" (मानव्यशास्त्र) combines the elements of ""manav"" (मनव) meaning human and ""yasatra"" (यशस्त्र) meaning study or science, capturing the essence of the term. The word ""data vaigyan"" (डेटा विज्ञान) directly translates to data science.', 
 'alternative_translations': ['अनुसंधान सिद्धांत' (Anusandhan Siddhant), a more literal translation emphasizing research principles, but not as directly conveying the term's meaning.]}",llama3.2,2025-02-27T23:32:39.468345Z,1951121791.0,23873916.0,174.0,121000000.0,178.0,1805000000.0,stop,[],,2025-05-31 21:15:56
ms,Humanities Data Science,Sains Data Kemanusiaan,Malay,"{'translated_term': 'Sains Data Kemanusiaan', 'translation_rationale': 'The suggested translation ""Sains Data Kemanusiaan"" is a direct adaptation of the English term ""Humanities Data Science"", incorporating the Malay prefix ""Kemanusiaan"", which means ""humanity"" or ""relating to humans"". This prefix is commonly used in Malay to denote human-centered or socially oriented fields. The word ""Sains"" translates to ""science"" in English, and ""Data"" is a straightforward translation of the term ""Data Science"". The resulting phrase accurately conveys the core concept of the field while being mindful of linguistic and cultural nuances in Malay.'}",llama3.2,2025-02-27T23:32:21.101623Z,1299475166.0,28036916.0,151.0,20000000.0,141.0,1250000000.0,stop,"[{'translated_term': 'Sains Data Kemanusiaan', 'translation_rationale': 'The suggested translation ""Sains Data Kemanusiaan"" is a direct adaptation of the English term ""Humanities Data Science"", incorporating the Malay prefix ""Kemanusiaan"", which means ""humanity"" or ""relating to humans"". This prefix is commonly used in Malay to denote human-centered or socially oriented fields. The word ""Sains"" translates to ""science"" in English, and ""Data"" is a straightforward translation of the term ""Data Science"". The resulting phrase accurately conveys the core concept of the field while being mindful of linguistic and cultural nuances in Malay.'}]",Sains Data Kemanusiaan,2025-05-31 21:15:56
mt,Humanities Data Science,,Maltese,"{'translated_term': 'Xjenza tad-Dejta dwar l-Umanitajiet', 
 'translation_rationale': 'I used the suggested term from Google Translate, but upon reevaluation, I believe it accurately captures the essence of Humanities Data Science. However, to make it more nuanced, we can consider an alternative translation: ""Xjenza tad-Dejta dwar l-Arti u l-Hofra"". This modification emphasizes the connection between data-driven inquiry and humanistic disciplines like art and humanities.'}

Note that 'tad-Dejta' roughly translates to 'Humanities', but in Maltese, it's more commonly used as a noun to refer specifically to Humanities. Therefore, I opted for the first translation suggestion from Google Translate, which seems to be an accurate representation of the term 'Humanities Data Science'. However, I also included an alternative translation that incorporates 'Arti u l-Hofra', which further emphasizes the interdisciplinary nature of this field.",llama3.2,2025-02-27T23:32:31.523781Z,2146641458.0,27588917.0,162.0,97000000.0,204.0,2020000000.0,stop,[],,2025-05-31 21:15:56
na,Humanities Data Science,Botenik Anekstiks Siensitik,Nauru,"{'translated_term': 'Botenik Anekstiks Siensitik', 'translation_rationale': 'The terms ""Botenik"" and ""Anekstiks"" are adapted from Nauruan words that roughly translate to ""science"" or ""research"". The term ""Siensitik"" is derived from the English word ""data science"", with a suffix (-tik) commonly used in Nauruan to form nouns. Alternative translation: \'Nautik Anekstiks Siensitik\', using \'nautik\' instead of \'botenik\'. However, this might make the term sound less scientific or more akin to navigation.', 'alternatives': ['Botenik Anekstiks Siensitik', 'Nautik Anekstiks Siensitik']}",llama3.2,2025-02-27T23:33:10.528659Z,1644282750.0,27355667.0,123.0,20000000.0,166.0,1594000000.0,stop,"[{'translated_term': 'Botenik Anekstiks Siensitik', 'translation_rationale': 'The terms ""Botenik"" and ""Anekstiks"" are adapted from Nauruan words that roughly translate to ""science"" or ""research"". The term ""Siensitik"" is derived from the English word ""data science"", with a suffix (-tik) commonly used in Nauruan to form nouns. Alternative translation: \'Nautik Anekstiks Siensitik\', using \'nautik\' instead of \'botenik\'. However, this might make the term sound less scientific or more akin to navigation.', 'alternatives': ['Botenik Anekstiks Siensitik', 'Nautik Anekstiks Siensitik']}]",Botenik Anekstiks Siensitik,2025-05-31 21:15:56
nb,Humanities Data Science,Humanitær datavitenskap og -teknologi,Norwegian Bokmål,"{'translated_term': 'Humanitær datavitenskap og -teknologi', 
 'translation_rationale': 'Jeg har valgt å bruke en mer bred definisjon av ""Humanities Data Science"" med ""og -teknologi"" tilføyd for å inkludere det teknologiske aspekten, selv om ordet ""vitenskap"" ofte kun associeres med naturforskning. Alternativt kan man også bruke ""humanitær datavitenskap"" som i Google Translate\'s forslag, men denne definisjonen ser ut til å være mer begrenset på seg selv.'}",llama3.2,2025-02-27T23:33:42.842808Z,1247913459.0,29347125.0,158.0,26000000.0,140.0,1191000000.0,stop,[],,2025-05-31 21:15:56
nd,Humanities Data Science,Nsini Dabutsuna Ndebele,North Ndebele,"{'translated_term': 'Nsini Dabutsuna Ndebele', 
 'translation_rationale': 'In North Ndebele, ""Nsini"" means human or people, and ""Dabutsuna"" refers to knowledge or science. Combining these two terms, I proposed ""Nsini Dabutsuna Ndebele"". This term roughly translates to ""Human Knowledge Science"" in English. An alternative translation could be ""Ndebele Tete"", where ""Tete"" means the field of study or discipline, conveying a sense of specialization. This would translate more literally as ""Human Studies Field"" in English.', 
 'alternative_translations': ['Nsini Dabutsuna Ndebele', 'Ndebele Tete']}",llama3.2,2025-05-15T20:37:19.876689Z,1446592667.0,27579000.0,127.0,18051542.0,158.0,1399661208.0,stop,[],,2025-05-31 21:15:56
ng,Humanities Data Science,Ovungulwa wa Data ya Muŋu Ŋǂuundjala,Ndonga,"{'translated_term': 'Ovungulwa wa Data ya Muŋu Ŋǂuundjala', 'translation_rationale': 'Humanities Data Science translates to Ovungulwa wa Data ya Muŋu Ŋǂuundjala in Ndonga, as ""Ovungulwa"" roughly means ""Knowledge"" or ""Understanding"", ""wa"" is a possessive suffix indicating ""of/related to"", ""Data"" directly translates from the English term, and ""ya Muŋu"" adds the concept of ""humanities"", with ""Muŋu"" meaning ""people"" or ""humans"", while Ŋǂuundjala indicates ""science"" or ""study"".', 'alternative_translation': 'Ovungulwa wa Data ya Nguvu Ŋǂa Ŋǂuundjala'}",llama3.2,2025-02-27T23:34:11.938286Z,1838778708.0,30834083.0,123.0,177000000.0,185.0,1629000000.0,stop,"[{'translated_term': 'Ovungulwa wa Data ya Muŋu Ŋǂuundjala', 'translation_rationale': 'Humanities Data Science translates to Ovungulwa wa Data ya Muŋu Ŋǂuundjala in Ndonga, as ""Ovungulwa"" roughly means ""Knowledge"" or ""Understanding"", ""wa"" is a possessive suffix indicating ""of/related to"", ""Data"" directly translates from the English term, and ""ya Muŋu"" adds the concept of ""humanities"", with ""Muŋu"" meaning ""people"" or ""humans"", while Ŋǂuundjala indicates ""science"" or ""study"".', 'alternative_translation': 'Ovungulwa wa Data ya Nguvu Ŋǂa Ŋǂuundjala'}]",Ovungulwa wa Data ya Muŋu Ŋǂuundjala,2025-05-31 21:15:56
it,Humanities Data Science,,Italian,"{'translated_term': 'Scienze Umane e Data Science', 
 'translation_rationale': 'La traduzione ""Scienze Umane"" esiste già, quindi ho aggiunto ""Data Science"" per includere la disciplina di analisi dei dati. La scelta di ""e"" invece del punto è per mantenere un accordo grammaticale con il termine italiano ""scienza"". 
 Alternativa: Scienze Umanistiche e Data Science'}
Nota: Ho cercato di essere lo più preciso possibile utilizzando la traduzione in Italiano standard.",llama3.2,2025-02-27T23:28:43.876529Z,1237439792.0,29967084.0,151.0,97000000.0,126.0,1109000000.0,stop,[],,2025-05-31 21:15:56
nl,Humanities Data Science,Geesteswetenschappen Datawetenschap,Dutch,"{'translated_term': 'Geesteswetenschappen Datawetenschap', 
'translation_rationale': 'The original suggestion from Google Translate is a good starting point, but I have refined it by removing the word ""Data"" and replacing it with ""Wetenschap"" which conveys the idea of scientific study. This results in Geesteswetenschappen Datawetenschap, emphasizing both the humanistic aspect (Geesteswetenschappen) and the data science aspect (Datawetenschap).', 
'alternative_translations': ['Geesteswetenschappen Informatica', 'Humanitaire Wetenschappen Dataanalyse']}",llama3.2,2025-02-27T23:25:22.393485Z,1394851542.0,28402000.0,155.0,86000000.0,140.0,1278000000.0,stop,[],,2025-05-31 21:15:56
nn,Humanities Data Science,Forskning om menneskelige kunnskaper i kombinasjon med datamaterial,Norwegian Nynorsk,"{'translated_term': 'Fagforbundsdatabasikkunst', 'translation_rationale': 'Et engasjende uttrykk som kombinerer studier av menneske- og kulturhistorie med analyse og matematisk modellering av store mengder data. Dette området kombinerer metoder fra humaniorken med teknologien bak Big Data-analyser. Omfanget av ""Fagforbundsdatabasikkunst"" betyr at den kombinerer og utforsker forskningstillidene som studier av tekst, bilder og annen digital data som er viktig for å forstå menneske- og kulturhistorie.'}

Alternatively, a more literal translation could be:
{'translated_term': 'Forskning om menneskelige kunnskaper i kombinasjon med datamaterial', 'translation_rationale': 'Et engasjende uttrykk som kombinerer studier av menneske- og kulturhistorie med analyse og matematisk modellering av store mengder data. Det er et bredt omfang som inkluderer forskning i feltene tekst, billedkunst, musikk og annen digital data som er viktig for å forstå menneske- og kulturhistorie.'}

Note: Norwegian Nynorsk has different dialects and regional variations, so the suggested translations are based on the standardized form of the language.",llama3.2,2025-05-15T20:37:30.460799Z,3060443792.0,32355917.0,125.0,81069708.0,300.0,2946029542.0,stop,"[{'translated_term': 'Fagforbundsdatabasikkunst', 'translation_rationale': 'Et engasjende uttrykk som kombinerer studier av menneske- og kulturhistorie med analyse og matematisk modellering av store mengder data. Dette området kombinerer metoder fra humaniorken med teknologien bak Big Data-analyser. Omfanget av ""Fagforbundsdatabasikkunst"" betyr at den kombinerer og utforsker forskningstillidene som studier av tekst, bilder og annen digital data som er viktig for å forstå menneske- og kulturhistorie.'}, {'translated_term': 'Forskning om menneskelige kunnskaper i kombinasjon med datamaterial', 'translation_rationale': 'Et engasjende uttrykk som kombinerer studier av menneske- og kulturhistorie med analyse og matematisk modellering av store mengder data. Det er et bredt omfang som inkluderer forskning i feltene tekst, billedkunst, musikk og annen digital data som er viktig for å forstå menneske- og kulturhistorie.'}]",Forskning om menneskelige kunnskaper i kombinasjon med datamaterial,2025-05-31 21:15:56
no,Humanities Data Science,Humanitetsdatavitenskap,Norwegian,"{'translated_term': 'Humanitetsdatavitenskap', 'translation_rationale': 'I chose to translate ""Humanities Data Science"" into Norwegian as ""Humanitetsdatavitenskap"", which maintains the core concept of combining humanistic studies with data-driven approaches. This term emphasizes the interdisciplinary nature of Humanities Data Science and its focus on using data analysis methods in humanities research.'}",llama3.2,2025-02-27T23:34:31.449435Z,827762334.0,28209000.0,150.0,91000000.0,80.0,706000000.0,stop,"[{'translated_term': 'Humanitetsdatavitenskap', 'translation_rationale': 'I chose to translate ""Humanities Data Science"" into Norwegian as ""Humanitetsdatavitenskap"", which maintains the core concept of combining humanistic studies with data-driven approaches. This term emphasizes the interdisciplinary nature of Humanities Data Science and its focus on using data analysis methods in humanities research.'}]",Humanitetsdatavitenskap,2025-05-31 21:15:56
nr,Humanities Data Science,Nkhona wa Makhulundwana we Nhambi,South Ndebele,"{'translated_term': 'Nkhona wa Makhulundwana we Nhambi', 
 'translation_rationale': 'The term ""Humanities Data Science"" is composed of two main parts: ""humanities"" which refers to the study of human culture, history, and language. In South Ndebele, ""Nkhona"" means ""culture"" or ""humanity"", while ""Makhulundwana we Nhambi"" translates to ""the science of people"". The term is thus rendered as ""Nkhona wa Makhulundwana we Nhambi"", conveying the idea of studying human culture and history through data-driven methods.',
 'alternatives': ['Nkhona wa Ngoda we Nhambi', 'Makhulundwana ya Nhambi na Kufunywa', 'Sokolo sa Makhulundwana']}",llama3.2,2025-05-15T20:37:46.947377Z,1673667375.0,35979125.0,127.0,72203292.0,180.0,1564223458.0,stop,[],,2025-05-31 21:15:56
nv,Humanities Data Science,髓食ᆰ駈ბん韲京,"Navajo, Navaho","{'translated_term': '\u9ad3\u98df\u11b0\u99c8\u10d1\u3093\u97f2\u4eac', 
'translation_rationale': 'This term is a direct translation of ""Humanities Data Science"" into Navajo. The word ""\u9ad3\u98df\u11b0\u99c8\u10d1\u3093\u97f2\u4eac"" roughly translates to ""Knowledge with Technology for People"" or more literally, ""Technology for the People with Knowledge"". This reflects the core focus on applying knowledge and technology to better understand human experiences and cultures. In Navajo culture, the emphasis is often placed on understanding and preserving traditional knowledge rather than solely focusing on modern technology, making this term a fitting representation of Humanities Data Science.',
'alternative_translations': ['\u9ad3\u98df\u11b0\u99c8\u10d1\u3093\u97f2\u4eac', '\u95c5\u998a\u9ad3\u98df\u11b0\u99c8\u10d1\u3093\u97f2\u4eac']}",llama3.2,2025-05-15T20:37:03.639137Z,2298634166.0,32356916.0,127.0,21075333.0,247.0,2244138084.0,stop,[],,2025-05-31 21:15:56
oc,Humanities Data Science,,Occitan,"{'translated_term': 'Sciéncia de las donadas humana', 
 'translation_rationale': 'Utilizam lo nom ""Humanities Data Science"" per designar un campo que combina la sciéncia de las donadas amb l'ànima umana e la cultura. En Occitan, puc simplificar ""Humanities"" a ""umanas"", coma en la suggestion de Google Translate, mas prefiri un termen plus exact e precis: ""sciéncias humanas"". Acançar perfeccionar l'ús de ""donadas"" en lloc de ""donadas humana"" per render lo terme més precís. 
 Alternativas a considerar: ""tecnologia de las donadas umanas"", ""tecnologia dels sciéncias humans""}

Note: I translated 'Data Science' to 'sciéncia de las donadas', but then decided to use 'umanas' and 'humana' to maintain the connection with 'Humanities'. This creates a direct correlation between the two, while still conveying the scientific aspect of Data Science. 

Also, note that Occitan has multiple variations and dialects, this is a standardized translation for the standard dialect of Occitan",llama3.2,2025-02-27T23:35:07.342484Z,2639262084.0,28502084.0,159.0,97000000.0,255.0,2512000000.0,stop,[],,2025-05-31 21:15:56
oj,Humanities Data Science,Mishoomis Wiindamowin,"Ojibwe, Ojibwa","{'translated_term': 'Gidawenwin Wiindamowin', 'translation_rationale': 'I combined elements of both languages to create a term that reflects the interdisciplinary nature of Humanities Data Science. \n\n* \'Gidawenwin\' comes from Ojibwa and means \u201cdata\u201d or \u201cscience\u201d. \n\n* \'Wiindamowin\' is derived from Ojibwe words \u201cwiin\uh-MAH-win, \u201cpeople of knowledge.\u201d It conveys the idea of human knowledge and understanding being harnessed through data science methods. \n\nThis translation seeks to acknowledge the rich cultural heritage of both languages while conveying the unique blend of humanities and data science in a way that is meaningful and authentic to Ojibwa speakers.'}

Alternatively, some might suggest using {'translated_term': 'Doodemagin Wiindamowin', 'translation_rationale': ...}, where '\u201cDoodemagin\u201d' translates to \u201cHumanities\u201d in English, emphasizing the core subject matter. However, I believe this translation may not fully capture the interdisciplinary nature of Humanities Data Science.

In another approach, {'translated_term': 'Mishoomis Wiindamowin', 'translation_rationale': ...} could be used, where '\u201cMishoomis\u201d' is an Ojibwa term for \u201chumanity,\u201d and combined with \u201cWiindamowin.\u201d This option maintains a closer connection to the original meaning of both languages while still conveying the intersection of humanities and data science.",llama3.2,2025-02-27T23:35:21.701481Z,4238350500.0,28868583.0,136.0,19000000.0,365.0,4189000000.0,stop,"[{'translated_term': 'Doodemagin Wiindamowin', 'translation_rationale': Ellipsis}, {'translated_term': 'Mishoomis Wiindamowin', 'translation_rationale': Ellipsis}]",Mishoomis Wiindamowin,2025-05-31 21:15:56
om,Humanities Data Science,,Oromo,"{'translated_term': 'Saayinsii Daataa Saayinsii Namoomaa Qaxawo', 
 'translation_rationale': 'The term ""Humanities Data Science"" can be roughly translated to Oromo as ""Saayinsii Daataa Saayinsii Namoomaa Qaxawo"", which incorporates the original suggestion from Google Translate API. The word ""Qaxawo"" is added at the end to indicate that it is a field of study. 
 Alternatives: Saayinsii Daataa Saayinsii Namoomaa Fiican (which emphasizes the analytical aspect), or Saayinsii Daataa Saayinsii Namoomaa Baraboo (which highlights the connection with human culture).'}",llama3.2,2025-02-27T23:35:59.218208Z,1508462084.0,25911459.0,159.0,96000000.0,156.0,1385000000.0,stop,[],,2025-05-31 21:15:56
pa,Humanities Data Science,म् ि गस ए ् पी फ् ऱ,"Panjabi, Punjabi","{'translated_term': '\u092e\u094d \u093f \u0917\u0938 \u090f \u094d \u092a\u0940 \u092b\u094d \u0931', 'translation_rationale': 'ਮਾਨਵਤਾ ਡੇਟਾ ਵਿਗਿਆਨ ਦੀ ਜ਼ਰੂਰਤ ਹੋਣ ਕਰਕੇ, \u092e\u094d ਮਾਨਵ ਸਿਧਾਂਤ, ਪੱਛਮੀ ਦ੍ਰਿਸ਼ਟੀਕੋਣ ਅਤੇ ਆਪਣੇ ਹੁਣ-ਤੁਹਾਨੇ ਸਾਂਸਕ੍ਰਿਤਿਕ, ਸੱਭਿਆਚਾਰਕ ਅਤੇ ਸਮਾਜਿਕ ਵਿਗਿਆਨਾਂ ਦੀ ਸਹਿਯੋਗ ਦੇ ਲਈ, \u092e\u094d ਪੱਛਮੀ ਡੇਟਾ ਡਰਾਇਨਿੰਗ ਅਤੇ ਆਪਣੇ ਹੁਣ-ਤੁਹਾਨੇ ਵਿਗਿਆਨੀਕ ਸਿਧਾਂਤਾਂ, ਜਿਵੇਂ \u092e\u094d ਪ੍ਰਣਾਲੀ ਅਦਯਸ਼, ਮਨੋਵਿਗਿਆਨ, ਕੈਮਿਊਲੌਜਿਕਸ ਅਤੇ \u092e\u094d ਵਿਹਾਰ, ਦੀ ਸਮਝ ਲਈ. ', 'alternatives': ['ਪੱਛਮੀ ਡੇਟਾ ਵਿਗਿਆਨ', '\u092e\u094d ਅਤੇ \u0917\u0938 \ਸੀ', '\u092e\u094d ਪੱਛਮੀ ਡੇਟਾ ਡਰਾਇਨਿੰਗ ਕਲਾ'] }",llama3.2,2025-02-27T23:36:27.986861Z,7973984916.0,24111333.0,183.0,104000000.0,655.0,7844000000.0,stop,"[{'translated_term': 'म् ि गस ए ् पी फ् ऱ', 'translation_rationale': 'ਮਾਨਵਤਾ ਡੇਟਾ ਵਿਗਿਆਨ ਦੀ ਜ਼ਰੂਰਤ ਹੋਣ ਕਰਕੇ, म् ਮਾਨਵ ਸਿਧਾਂਤ, ਪੱਛਮੀ ਦ੍ਰਿਸ਼ਟੀਕੋਣ ਅਤੇ ਆਪਣੇ ਹੁਣ-ਤੁਹਾਨੇ ਸਾਂਸਕ੍ਰਿਤਿਕ, ਸੱਭਿਆਚਾਰਕ ਅਤੇ ਸਮਾਜਿਕ ਵਿਗਿਆਨਾਂ ਦੀ ਸਹਿਯੋਗ ਦੇ ਲਈ, म् ਪੱਛਮੀ ਡੇਟਾ ਡਰਾਇਨਿੰਗ ਅਤੇ ਆਪਣੇ ਹੁਣ-ਤੁਹਾਨੇ ਵਿਗਿਆਨੀਕ ਸਿਧਾਂਤਾਂ, ਜਿਵੇਂ म् ਪ੍ਰਣਾਲੀ ਅਦਯਸ਼, ਮਨੋਵਿਗਿਆਨ, ਕੈਮਿਊਲੌਜਿਕਸ ਅਤੇ म् ਵਿਹਾਰ, ਦੀ ਸਮਝ ਲਈ. ', 'alternatives': ['ਪੱਛਮੀ ਡੇਟਾ ਵਿਗਿਆਨ', 'म् ਅਤੇ गस \\ਸੀ', 'म् ਪੱਛਮੀ ਡੇਟਾ ਡਰਾਇਨਿੰਗ ਕਲਾ']}]",म् ि गस ए ् पी फ् ऱ,2025-05-31 21:15:56
mi,Humanities Data Science,Pūtaiao Tangata Mātauranga,Māori,"{'translated_term': 'Pūtaiao Tangata Mātauranga', 'translation_rationale': 
'The term ""Humanities Data Science"" is composed of two main elements: Pūtaiao, which refers to the humanities (encompassing areas like history, literature, and linguistics), and Mātauranga, meaning knowledge or understanding. By combining these two, we aim to capture the essence of Humanities Data Science as a field that applies data-driven methods to understand complex human experiences and cultures. The suffix ""Mātauranga"" was chosen to emphasize the focus on knowledge and understanding, while ""Pūtaiao"" remains the core concept. This translation maintains cultural relevance by incorporating traditional Māori terms for humanities.'}",llama3.2,2025-02-27T23:32:36.501705Z,1467207667.0,26656917.0,156.0,22000000.0,155.0,1416000000.0,stop,[],,2025-05-31 21:15:56
lv,Humanities Data Science,,Latvian,"{'translated_term': 'Humanitāro zinātņu datu zinātnes', 
'translation_rationale': 'Modifizēts vārdu ""zinātne"" par ""zinātnes"", kas ir nozīmējums Latvijas valodā. Tiesībā tiek izmantots Google Translate API's sugestija ""Humanitāro zinātņu datu zinātne"", bet šeit tiek nodrots ""datu"" ar ""zinātu"" lietojumu, lai nozīmētu datisko analīzu. 
Alternatīva: ""Humanitārtiesību zinātnes"". 

'Sugestija': Google Translate API's sugestija ir ļaujamība uzskaitīt, jo tiek parādita tikai Latvijas valodās vārdiņos, bet nevis tieši tās kompozīcijā.",llama3.2,2025-02-27T23:32:05.967806Z,2548365542.0,28868250.0,165.0,19000000.0,231.0,2498000000.0,stop,[],,2025-05-31 21:15:56
lu,Humanities Data Science,Lubimbe la Mabasa ya Kibinadamu,Luba-Katanga,"{'translated_term': 'Lubimbe la Mabasa ya Kibinadamu', 
 'translation_rationale': 'The terms &quot;Lubimbe&quot; (meaning &quot;knowledge&quot; or &quot;understanding&quot;) and &quot;Mabasa&quot; (meaning &quot;books&quot; or &quot;reading&quot;) convey the idea of accessing knowledge through written materials. The suffix &quot;la&quot; is a possessive marker, indicating possession by the speaker. Combining these elements with &quot;kibinadamu&quot; (meaning &quot;humanity&quot), provides a comprehensive translation that encompasses the field of study. This term roughly translates to &quot;Human Knowledge Studies&quot; or &quot;Reading Humanity&quot;. Alternative translations include: &quot;Lubimbe la Kijambo&quot; (emphasizing the importance of understanding) and &quot;Mabasa ya Mwana wa Binadamu&quot; (focusing on the human aspect).', 'additional_context': 'In Luba-Katanga culture, knowledge is highly valued and transmitted through oral traditions. The term Lubimbe la Mabasa ya Kibinadamu reflects a unique perspective that combines traditional notions of knowledge with modern analytical methods.'}",llama3.2,2025-05-15T20:36:13.47576Z,2714336417.0,28253459.0,127.0,79151166.0,271.0,2606280875.0,stop,[],,2025-05-31 21:15:56
lo,Humanities Data Science,ວິທະຍາສາດຂໍ້ມູນມະນຸດສະທໍາ,Lao,"{'translated_term': 'ວິທະຍາສາດຂໍ້ມູນມະນຸດສະທໍາ', 
'translation_rationale': 'The term ""Humanities Data Science"" can be translated to Lao as ""ວິທະຍາສາດຂໍ້ມູນມະນຸດສະທໍາ"", which literally means ""digital humanities"" or ""electronic scholarship"". This translation is based on the Google Translate API\'s suggestion, but I chose to use it as it accurately conveys the meaning of the term. However, I would like to note that this translation may not fully capture the nuances and complexities of the original English phrase.', 
'alternative_translations': ['ວິທະຍາສາດຂໍ້ມູນຕົວ', 'ລັດບາງທາດຸກສະທາມ', 'ສະທໍາອິນພິຊີ']}",llama3.2,2025-02-27T23:31:40.694982Z,3845329000.0,27973084.0,195.0,118000000.0,304.0,3697000000.0,stop,[],,2025-05-31 21:15:56
ja,Humanities Data Science,腑いだ今なされにですとまた,Japanese,"{'translated_term': '\u8151\u3044\u3060\u4eca\u306a\u3055\u308c\u306b\u3067\u3059\u3068\u307e\u305f', 'translation_rationale': 'This translation combines elements of \u8151\u3044 (humanities) and \u3067\u3059\u3068\u307e\u305f (data science) to convey the idea of applying data-driven approaches to humanities. Using a combination of Kanji characters, this term is more nuanced and accurately reflects the interdisciplinary nature of Humanities Data Science.', 'alternatives': ['\u8151\u3044\u3067\u3059\u3068\u307e\u305f', '\u3067\u3059\u3068\u307e\u305f \u8151\u3044']}

Note: The provided Japanese translation uses a combination of Kanji characters to convey the meaning accurately. The first term, , suggests the application of scientific methods to humanities, while the second term, , emphasizes the importance of data in humanities research. 

The alternatives listed provide different ways of translating the term, with using only and using as an alternative to convey the idea of applying data science approaches to humanities.",llama3.2,2025-02-27T23:29:00.253965Z,2834237208.0,27779917.0,151.0,226000000.0,258.0,2578000000.0,stop,"[{'translated_term': '腑いだ今なされにですとまた', 'translation_rationale': 'This translation combines elements of 腑い (humanities) and ですとまた (data science) to convey the idea of applying data-driven approaches to humanities. Using a combination of Kanji characters, this term is more nuanced and accurately reflects the interdisciplinary nature of Humanities Data Science.', 'alternatives': ['腑いですとまた', 'ですとまた 腑い']}]",腑いだ今なされにですとまた,2025-05-31 21:15:56
jv,Humanities Data Science,Ilmu Data Humaniora Klasik,Javanese,"{'translated_term': 'Ilmu Data Humaniora Klasik', 'translation_rationale': 'Using ""Ilmu Data Humaniora"" as a base, I added ""Klasik"" to emphasize the traditional and classical aspect of Humanities, which is often associated with the field. This term suggests a focus on historical and theoretical foundations in the humanities data science discipline. The alternative term ""Ilmu Komunikasi dan Teks"" could also be considered, but it seems less specific and nuanced.'}",llama3.2,2025-02-27T23:29:08.023982Z,1022074500.0,28112333.0,154.0,97000000.0,104.0,895000000.0,stop,"[{'translated_term': 'Ilmu Data Humaniora Klasik', 'translation_rationale': 'Using ""Ilmu Data Humaniora"" as a base, I added ""Klasik"" to emphasize the traditional and classical aspect of Humanities, which is often associated with the field. This term suggests a focus on historical and theoretical foundations in the humanities data science discipline. The alternative term ""Ilmu Komunikasi dan Teks"" could also be considered, but it seems less specific and nuanced.'}]",Ilmu Data Humaniora Klasik,2025-05-31 21:15:56
ka,Humanities Data Science,მეცნიერული ჰუმანისტიკა,Georgian,"{'translated_term': 'მეცნიერული ჰუმანისტიკა', 'translation_rationale': 'ფრანგული ""humanities data science"" შერწყებოდა ჰუმანიტარულ სამეცნიერო ძიებათა მაშფე, კი გეორჯული ""ჰუმანისტიკა"" მიგვერძო აღებდა, ფრანგულ ""data science"" შერწყებოდა მეცნიერულ ძიებათა ხაზ-ვე. გეორჯულ ""მეცნიერული"" ხაზ-ვე მெსეფ თქუღ, დღეს ე ჰუმანიტარულ განვეჭიებით დო ""data science"" შერწყებოდა. ', 'alternative_translations': ['მეცნიერულ-ჰუმანისტიკა', 'ჰუმანისტიკა-მეცნიერობა']}",llama3.2,2025-02-27T23:26:23.31472Z,6553606084.0,25208084.0,232.0,19000000.0,587.0,6507000000.0,stop,"[{'translated_term': 'მეცნიერული ჰუმანისტიკა', 'translation_rationale': 'ფრანგული ""humanities data science"" შერწყებოდა ჰუმანიტარულ სამეცნიერო ძიებათა მაშფე, კი გეორჯული ""ჰუმანისტიკა"" მიგვერძო აღებდა, ფრანგულ ""data science"" შერწყებოდა მეცნიერულ ძიებათა ხაზ-ვე. გეორჯულ ""მეცნიერული"" ხაზ-ვე მெსეფ თქუღ, დღეს ე ჰუმანიტარულ განვეჭიებით დო ""data science"" შერწყებოდა. ', 'alternative_translations': ['მეცნიერულ-ჰუმანისტიკა', 'ჰუმანისტიკა-მეცნიერობა']}]",მეცნიერული ჰუმანისტიკა,2025-05-31 21:15:56
kg,Humanities Data Science,Mfumo wa Sayansi ya Mwasi na Uchunguzi wa Mwanadamu,Kongo,"{'translated_term': 'Mfumo wa Sayansi ya Mwasi na Uchunguzi wa Mwanadamu', 
'translation_rationale': 'I drew inspiration from ""Siansi ya Bansangu ya Bantu"" by Google Translate, but added ""Mfumo wa Sayansi"" to incorporate the scientific and analytical aspects of Humanities Data Science, and also used the term ""Mwasi"" (meaning ""humanity"" or ""man"") in Kongo to convey a sense of human-centeredness. The word ""Uchunguzi"" means ""investigation"" or ""research"", which is fitting for the field of study.', 
'alternative_terms': ['Siansi ya Bansangu ya Bantu', 'Mfumo wa Sayansi na Ulaya wa Mwasi', 'Kusanya Kielelezo cha Kijamii']}",llama3.2,2025-02-27T23:30:55.55987Z,1751311625.0,29496416.0,154.0,109000000.0,182.0,1610000000.0,stop,[],,2025-05-31 21:15:56
ki,Humanities Data Science,Makala ya Kiadili na Sayansi ya Data,"Kikuyu, Gikuyu","{'translated_term': 'Makala ya Kiadili na Sayansi ya Data', 'translation_rationale': 'In Kikuyu, &quot;Makala&quot; means literature or writing, while &quot;Kiadili&quot; translates to humanities. &quot;Sayansi ya Data&quot; is a direct translation of Data Science. The combination of the two terms forms ""Makala ya Kiadili na Sayansi ya Data"", which encompasses the field of Humanities Data Science. Alternative translations could include ""Tafiti za Kiadili na Sayansi ya Maana"" or simply ""Tafiti za Kiadili"", but these options might not fully capture the essence of Data Science.'}",llama3.2,2025-02-27T23:30:16.900335Z,1319989334.0,25072875.0,131.0,22000000.0,147.0,1270000000.0,stop,"[{'translated_term': 'Makala ya Kiadili na Sayansi ya Data', 'translation_rationale': 'In Kikuyu, &quot;Makala&quot; means literature or writing, while &quot;Kiadili&quot; translates to humanities. &quot;Sayansi ya Data&quot; is a direct translation of Data Science. The combination of the two terms forms ""Makala ya Kiadili na Sayansi ya Data"", which encompasses the field of Humanities Data Science. Alternative translations could include ""Tafiti za Kiadili na Sayansi ya Maana"" or simply ""Tafiti za Kiadili"", but these options might not fully capture the essence of Data Science.'}]",Makala ya Kiadili na Sayansi ya Data,2025-05-31 21:15:56
kj,Humanities Data Science,"Kavumbi kwa data ya olo,","Kwanyama, Kuanyama","{'translated_term': 'Kavumbi kwa data ya olo,' , 'translation_rationale': 'Humanities Data Science translates to ""Data science of human knowledge"" in Kwanyama, Kuanyama. The term ""kavumbi"" in Kwanyama means knowledge or wisdom, and combining it with ""data science"" emphasizes the application of scientific methods to the study of human experience.', 'alternatives': ['Kavumbi kwa data ya olo', 'Olo ku ndjala,'] }",llama3.2,2025-02-27T23:31:10.252083Z,1037228792.0,27587667.0,131.0,20000000.0,110.0,988000000.0,stop,"[{'translated_term': 'Kavumbi kwa data ya olo,', 'translation_rationale': 'Humanities Data Science translates to ""Data science of human knowledge"" in Kwanyama, Kuanyama. The term ""kavumbi"" in Kwanyama means knowledge or wisdom, and combining it with ""data science"" emphasizes the application of scientific methods to the study of human experience.', 'alternatives': ['Kavumbi kwa data ya olo', 'Olo ku ndjala,']}]","Kavumbi kwa data ya olo,",2025-05-31 21:15:56
kk,Humanities Data Science,Коулятя Фоманичнс датабесу,Kazakh,"{'translated_term': '\u041a\u043e\u0443\u043b\u044f\u0442\u044f \u0424\u043e\u043c\u0430\u043d\u0438\u0447\u043d\u0441 \u0434\u0430\u0442\u0430\u0431\u0435\u0441\u0443', 'translation_rationale': 'The term is composed of two parts. \u042a\u043e\u043b\u044f\u0442 (kazakh) means \u041f\u044f\u043d\u0443\u0447\u0438\u043b\u0438\u0441 (humanities), and \u0434\u0430\u0442\u0430 (kazakh) means \u0424\u043e\u043c\u0430\u043d\u0438\u0447\u043d\u0441\u044f (data).', 'alternatives': '[\u041a\u043e\u0430\u043b\u0439\u0442\u044c \u0434\u0430\u0442\u0430\u0431\u0435\u0441 \u0438 \u0421\u043e\u0441\u044f\u043d\u0430\u0443 \u041a\u043e\u043c \u043b\u044c \u043a\u0430\u0437\u0430\u043a (An alternative translation to Humanities Data Science is ""Kazakhstan"" for the word sciences).'}",llama3.2,2025-05-15T20:35:05.013043Z,3613605250.0,30298042.0,121.0,16534250.0,332.0,3566192250.0,stop,"[{'translated_term': 'Коулятя Фоманичнс датабесу', 'translation_rationale': 'The term is composed of two parts. Ъолят (kazakh) means Пянучилис (humanities), and дата (kazakh) means Фоманичнся (data).', 'alternatives': '[Коалйть датабес и Сосянау Ком ль казак (An alternative translation to Humanities Data Science is ""Kazakhstan"" for the word sciences).'}]",Коулятя Фоманичнс датабесу,2025-05-31 21:15:56
kl,Humanities Data Science,Inunnik ilisimatusarneq Data-mik ilisimatusarneq,Kalaallisut,"{'translated_term': 'Inunnik ilisimatusarneq Data-mik ilisimatusarneq', 
 'translation_rationale': 'The term ""Humanities Data Science"" can be translated directly into Kalaallisut by combining the words for ""humanity"" (inunnik), ""science"" (ilisimatusarneq, which is a direct borrowing from the Greenlandic dialect of Danish), and ""data"" (mik, with the suffix -ik indicating something related to or associated with). This translation is informed by the Google Translate API suggestion, but it maintains the core meaning of the original term while adapting it to Kalaallisut. For alternatives, one could also consider using ""inunnik silisimatikkus"" (emphasizing science and technology) or ""inunnik data-sivulluup"" (focusing on data analysis in humanities).', 
 'alternative_translations': ['inunnik silisimatikkus', 'inunnik data-sivulluup']}",llama3.2,2025-02-27T23:29:15.797869Z,2196369375.0,29647958.0,169.0,18000000.0,216.0,2147000000.0,stop,[],,2025-05-31 21:15:56
kn,Humanities Data Science,,Kannada,"{'translated_term': ಮಾನವಿಕ ದತ್ತಾಂಶ ಸಾಹಿತ್ಯಿಕ ವಿಜ್ಞಾನ', 'translation_rationale': 'The translation ""ಮಾನವಿಕ ದತ್ತಾಂಶ ಸಾಹಿತ್ಯಿಕ ವಿಜ್ಞಾನ"" is a modified version of Google Translate's suggestion. I replaced ""Data Science"" with ""ಸಾಹಿತ್ಯಿಕ"", which implies the application of data science to humanities, as opposed to ""ವಿಜ್ಞಾನ"" (science) alone. This translation aims to convey the interdisciplinary nature of Humanities Data Science in Kannada.', 'alternatives': ['ಮಾನವ ದತ್ತಾಂಶ ಸಾಹಿತ್ಯ', 'ಮಾನವ ಜೀವನ ವಿಷಯಗಳ ಸಂಶೋಧನೆ', 'ಮಾನವಿಕ ದತ್ತಾಂಶ ಅಭ್ಯಾಸ']}",llama3.2,2025-02-27T23:29:21.317521Z,4507275334.0,27239167.0,185.0,124000000.0,345.0,4355000000.0,stop,[],,2025-05-31 21:15:56
ko,Humanities Data Science,,Korean,"{'translated_term': '\uici\uac92\uace0 \uce8c\ud6d0\uace0 \uace0\uad80\uace0', 'translation_rationale': 'Humanities Data Science is a field that combines humanistic inquiry and scientific methods to analyze and interpret complex data. In Korean, \uici\uac92 (humanity) refers to the humanities or social sciences. Here, I used \uici\uac92\uace0 \uace0\uad80\uace0, which means ""human science"" or ""human studies,"" to emphasize the humanistic aspect of this field. The word \uace0 \uad80\uace0 (\ud306\ub155\uc138\uc694) refers to data science or scientific method, and \uace0 (data) is added at the end to indicate a connection between human knowledge and data analysis. This translation aims to capture the interdisciplinary nature of Humanities Data Science.'}",llama3.2,2025-02-27T23:31:00.746447Z,1967396584.0,25793500.0,149.0,20000000.0,202.0,1919000000.0,stop,[],,2025-05-31 21:15:56
kr,Humanities Data Science,Mansa Kudu Data Science,Kanuri,"{'translated_term': 'Mansa Kudu Data Science', 'translation_rationale': 'The terms ""Mansa"" and ""Kudu"" are highly respected concepts in Kanuri culture. ""Mansa"" roughly translates to ""wisdom"" or ""knowledge,"" while ""Kudu"" symbolizes a great and noble beast, conveying power and intelligence. By combining these words with ""Data Science,"" we create a term that effectively conveys the intersection of knowledge, data, and science in Humanities Data Science.', 'alternatives': ['Sare Kudu Dajin', 'Kanuri Data Wala', 'Dabbin Mansa']}

Note: The suggested translation may not be perfect due to the nuances and complexities of language. This is just one possible interpretation.

Breakdown:
- ""Mansa"" represents knowledge or wisdom, conveying a sense of intellectual pursuit.
- ""Kudu"" symbolizes power, grandeur, and intelligence, reflecting the complex nature of Humanities Data Science.
- ""Data Science"" provides clarity on the field's focus on collecting, analyzing, and interpreting data.

The suggested alternatives offer slight variations in word choice, which can influence the overall tone and emphasis.",llama3.2,2025-05-15T20:34:23.418053Z,2361404791.0,35273083.0,121.0,168115625.0,241.0,2157280041.0,stop,"[{'translated_term': 'Mansa Kudu Data Science', 'translation_rationale': 'The terms ""Mansa"" and ""Kudu"" are highly respected concepts in Kanuri culture. ""Mansa"" roughly translates to ""wisdom"" or ""knowledge,"" while ""Kudu"" symbolizes a great and noble beast, conveying power and intelligence. By combining these words with ""Data Science,"" we create a term that effectively conveys the intersection of knowledge, data, and science in Humanities Data Science.', 'alternatives': ['Sare Kudu Dajin', 'Kanuri Data Wala', 'Dabbin Mansa']}]",Mansa Kudu Data Science,2025-05-31 21:15:56
ku,Humanities Data Science,Zanistiya Daneyên Mirovanî,Kurdish,"{'translated_term': 'Zanistiya Daneyên Mirovanî', 'translation_rationale': 'The term ""Humanities Data Science"" can be translated to Kurdish as ""Zanistiya Daneyên Mirovanî"", which roughly translates to ""Scientific Study of Humanity"" or ""Humanitarian Data Analysis"". The prefix ""Zani-"" means ""science"" or ""study"", while ""-Daneye-"" refers to ""data"" and the suffix ""-Mirovanî"" is an adjective form in Kurdish indicating a connection or relationship with humanity. This translation aims to convey the interdisciplinary nature of Humanities Data Science, combining humanistic knowledge with data analysis techniques.'}",llama3.2,2025-02-27T23:31:03.25534Z,1497496458.0,28803875.0,153.0,209000000.0,139.0,1258000000.0,stop,"[{'translated_term': 'Zanistiya Daneyên Mirovanî', 'translation_rationale': 'The term ""Humanities Data Science"" can be translated to Kurdish as ""Zanistiya Daneyên Mirovanî"", which roughly translates to ""Scientific Study of Humanity"" or ""Humanitarian Data Analysis"". The prefix ""Zani-"" means ""science"" or ""study"", while ""-Daneye-"" refers to ""data"" and the suffix ""-Mirovanî"" is an adjective form in Kurdish indicating a connection or relationship with humanity. This translation aims to convey the interdisciplinary nature of Humanities Data Science, combining humanistic knowledge with data analysis techniques.'}]",Zanistiya Daneyên Mirovanî,2025-05-31 21:15:56
kv,Humanities Data Science,,Komi,"{'translated_term': 'Гуманитарнӧй наукаяс йылысь наука'/'Наукаяс йыла'/'Гуманитарнӧй нэм' , 'translation_rationale': 'The term ""Humanities Data Science"" can be translated to Komi as ""Гуманитарнӧй наукаяс йылысь наука"" which emphasizes the connection between humanities and science. However, a more concise version could be ""Наукаяс йыла"" or ""Гуманитарнӱй нэм"", maintaining the core meaning while adapting to Komi phonology and grammatical structure.'}",llama3.2,2025-02-27T23:30:46.271607Z,1518322375.0,25454833.0,165.0,91000000.0,152.0,1400000000.0,stop,[],,2025-05-31 21:15:56
kw,Humanities Data Science,Tethyow Nowydhias Da Sisyes Hwevras,Cornish,"{'translated_term': 'Tethyow Nowydhias Da Sisyes Hwevras', 
 'translation_rationale': 
  'The term ""Humanities Data Science"" can be broken down into its constituent parts: Tethyow (humanities), Nowydhias (data science). A literal translation would be Tethyow Nowydhias. However, to make the phrase more idiomatic and natural-sounding in Cornish, I added the prefix ""Hwevras"" which is often used to form abstract or collective nouns (e.g., Hwevras y Goynen - The Government). This suggests that Humanities Data Science refers to a broader field of study encompassing various disciplines.',
  'alternatives': 
   ['Tethyow Nowydhias', 'Hwevras Tethyow Nowydhias', 'Da Sisyes Tethyow (for more formal, academic context)']}",llama3.2,2025-05-15T20:32:12.12527Z,2097233542.0,35432709.0,121.0,114633333.0,200.0,1946137334.0,stop,[],,2025-05-31 21:15:56
ky,Humanities Data Science,୍Ḣḳỉệ ிẶẢṝểờ ḰỆḣỠ,"Kirghiz, Kyrgyz","{'translated_term': '\u0b4d\u1e22\u1e33\u1ec9\u1ec7 \u0bbf\u1eb6\u1ea2\u1e5d\u1ec3\u1edd \u1e30\u1ec6\u1e23\u1ee0', 'translation_rationale': 'The term ""Гуманитардык маалымат илими"" from Google Translate suggests a good starting point, but I modified it to better fit the nuances of Kirghiz language. The phrase \u0b4d\u1e22\u1e33\u1ec9\u1ec7 \u0bbf\u1eb6\u1ea2\u1e5d\u1ec3\u1edd means ""data-based humanities"" or ""humanities with data"", but I added the suffix \u1ec6\u1ee0 (a possessive suffix) to emphasize that it is a field of study. This translation highlights the intersection of humanities and data science in Kyrgyz language.'}",llama3.2,2025-02-27T23:30:40.966666Z,2513791333.0,26391500.0,166.0,85000000.0,225.0,2401000000.0,stop,"[{'translated_term': '୍Ḣḳỉệ ிẶẢṝểờ ḰỆḣỠ', 'translation_rationale': 'The term ""Гуманитардык маалымат илими"" from Google Translate suggests a good starting point, but I modified it to better fit the nuances of Kirghiz language. The phrase ୍Ḣḳỉệ ிẶẢṝểờ means ""data-based humanities"" or ""humanities with data"", but I added the suffix ỆỠ (a possessive suffix) to emphasize that it is a field of study. This translation highlights the intersection of humanities and data science in Kyrgyz language.'}]",୍Ḣḳỉệ ிẶẢṝểờ ḰỆḣỠ,2025-05-31 21:15:56
la,Humanities Data Science,Scientia Humanitatis et Data Scientia,Latin,"{'translated_term': 'Scientia Humanitatis et Data Scientia', 
 'translation_rationale': 'I have combined ""Scientia"" (knowledge) from Latin with ""Humanitas"" (humanity) and added ""et Data Scientia"" to explicitly include data science, making it a more accurate and precise translation of the term ""Humanities Data Science"". This approach maintains the core concept of human knowledge and its expansion into data-driven analysis.'}",llama3.2,2025-02-27T23:31:12.309632Z,1047388416.0,26410000.0,149.0,85000000.0,93.0,935000000.0,stop,[],,2025-05-31 21:15:56
lg,Humanities Data Science,,Luganda,"{'translated_term': 'Odundo wa Sayansi lye'ebyobununtu bwonko', 
 'translation_rationale': 'Modified Google Translate API's suggestion ""Sayansi wa Data ey’eby’obuntubulamu"" to better fit Luganda language structure. ""Odundo"" means ""science"" or ""knowledge"", and ""bununtu"" is a collective noun that refers to the humanities, implying a field of study that focuses on human experience and culture. The prefix ""eby'"" indicates a connection or relationship between things, and ""obuntubulamu"" emphasizes the interdisciplinary nature of Humanities Data Science.'}

Alternatively, another possible translation could be:
{'translated_term': 'Luganda ya Sayansi na Odundo lye'bununtu', 
 'translation_rationale': 'Using Luganda words to express the core concept. ""Luganda"" refers to the language itself, but here it serves as a term that represents the field or discipline. ""Sayansi"" still conveys scientific knowledge, while ""na Oduondo"" indicates the humanities aspect. The prefix ""lye'"" means belonging to or characteristic of, and ""bununtu"" is used again to refer to the humanities.'}",llama3.2,2025-02-27T23:31:27.15155Z,2749097416.0,26304875.0,158.0,90000000.0,255.0,2631000000.0,stop,[],,2025-05-31 21:15:56
li,Humanities Data Science,Daeitische Kunst- en Gesellschaftsdata,Limburgish,"{'translated_term': 'Daeitische Kunst- en Gesellschaftsdata', 
 'translation_rationale': 'In Limburgish, we often use ""daei"" to mean ""science"" or ""knowledge"", and ""kunst-"" is used in place of the English term ""humanities"". I also replaced ""-Data Science"" with ""-Daeitische Kunst- en Gesellschaftsdata"" as the concept of humanities encompasses both art (kunst) and social sciences (gesellschafts), so a single compound word better captures the idea.', 
 'alternative_terms': ['Daaistieke Kunst- en Gesellschaftsdata', 'Kunst- en Daeitiesche data']}",llama3.2,2025-05-15T20:36:01.902228Z,1270021916.0,29078333.0,123.0,17449084.0,149.0,1222407791.0,stop,[],,2025-05-31 21:15:56
ln,Humanities Data Science,Sesanga ya Datasi ya Luvu,Lingala,"{'translated_term': 'Sesanga ya Datasi ya Luvu', 
 'translation_rationale': 'I used ""Sesanga"" which means ""science"" or ""study"", ""Datasi"" comes from ""Data Science"", and added ""-ya Luvu"" to imply a focus on humanity. This combination is close to the concept of Humanities Data Science, but note that Lingala might not be the most suitable language for this term as it is more commonly associated with scientific studies.',
 'alternative_terms': ['Sesanga ya Datasi', 'Njamba ya Luvu']}",llama3.2,2025-05-15T20:36:04.024281Z,1099351500.0,32366625.0,121.0,68244959.0,123.0,997901875.0,stop,[],,2025-05-31 21:15:56
pi,Humanities Data Science,Paññañānussatiyādata Vipulaviddhi,Pāli,"{'translated_term': ""Paññañānussatiyādata Vipulaviddhi"", 
 'translation_rationale': 'The terms ""Paññañānussatiyā"" translates to ""Knowledge of Knowledge"" in Pāli, conveying the essence of Humanities Data Science as a field that deals with understanding and analyzing knowledge. Adding ""data"" emphasizes its numerical component. Vipulaviddhi is an adjective meaning ""boundless"", reflecting the vast scope of human knowledge being explored through this field. This term conveys the idea of an expansive exploration of human knowledge, which aligns with the essence of Humanities Data Science.', 
 'alternative_translations': ['Paññañānussatiyā Vipulaviddhi', 'Manovaññādata Vipulaviddhi', 'Vipulaviddhi Pāññañānussatiyā']}",llama3.2,2025-05-15T20:38:58.529004Z,1659542958.0,33132000.0,123.0,17193458.0,190.0,1608005917.0,stop,[],,2025-05-31 21:15:56
ps,Humanities Data Science,,"Pashto, Pushto","{'translated_term': '\u0628 \u0632\u0644\u0650\u06cc \u0631\u0645\u0645\u0627\u062f \u0646\u0628\u0627\u0644\u06cc \u0633\u064a\u0645\u064e\u0648\u0639', 
'translation_rationale': 'I took the core components of ""Humanities Data Science"" and translated them to Pashto, Pushto. 
- \u0628 (Base) corresponds to ""Humanity"" in Pashto.
- \u0632\u0644\u0650\u06cc (Knowledge) translates to ""\u0631\u0645\u0645\u0627\u062f"" which is the closest equivalent for ""Data Science"".
- \u0646\u0628 (Science) corresponds to ""\u0646\u062b"" in Pashto, but since we want a precise translation for Data Science, I used ""\u0631\u0645\u0645\u0627\u062f"".
- The preposition (\u0644) is dropped for better fluency.
 
This translation might not be entirely perfect due to the nuances of language and culture. However, it aims to convey the core idea behind ""Humanities Data Science"" in Pashto, Pushto.'}",llama3.2,2025-02-27T23:37:41.863098Z,2981160834.0,27673084.0,168.0,113000000.0,289.0,2838000000.0,stop,[],,2025-05-31 21:15:56
qu,Humanities Data Science,Willakuy yachaykunamanta Runapachaq,Quechua,"{'translated_term': 'Willakuy yachaykunamanta Runapachaq', 'translation_rationale': 'I combined elements from Quechua to form a term that conveys the intersection of data science and human knowledge. ""Willakuy"" means ""human"" or ""person"", while ""yachaykunamanta"" is a phrase used to describe the study of humanities. I added ""Runapachaq"", which can be roughly translated as ""data"" in Quechua, to connect the two concepts. This term aims to capture the essence of Humanities Data Science in a way that is respectful and linguistically accurate.'}",llama3.2,2025-02-27T23:37:56.66501Z,1204275708.0,27513250.0,162.0,23000000.0,135.0,1151000000.0,stop,"[{'translated_term': 'Willakuy yachaykunamanta Runapachaq', 'translation_rationale': 'I combined elements from Quechua to form a term that conveys the intersection of data science and human knowledge. ""Willakuy"" means ""human"" or ""person"", while ""yachaykunamanta"" is a phrase used to describe the study of humanities. I added ""Runapachaq"", which can be roughly translated as ""data"" in Quechua, to connect the two concepts. This term aims to capture the essence of Humanities Data Science in a way that is respectful and linguistically accurate.'}]",Willakuy yachaykunamanta Runapachaq,2025-05-31 21:15:56
th,Humanities Data Science,สลัศรน ปถร่็์ร,Thai,"{'translated_term': '\u0e2a\u0e25\u0e31\u0e28\u0e23\u0e19 \u0e1b\u0e16\u0e23\u0e48\u0e47\u0e4c\u0e23', 'translation_rationale': 'The translation is based on breaking down the term into its constituent parts: \u0e2a\u0e25 (มนุษยศาสตร์), \u0e31\u0e28 (วิทยาศาสตร์) และ \u0e23\u0e19 (\u0e47\u0e4c\u0e22) to convey the meaning of Humanities Data Science in Thai. The word for ""data"" is not explicitly included as it is already implied by the concept itself. The suggested translation by Google Translate API, \u0e25\u0e32\u0e16\u0e2b\u0e23\u0e48\u0e47\u0e4c\u0e23, uses a word for ""science"" that is more formal and less commonly used in everyday conversation.', 'alternative_terms': ['มนุษยศาสตร์ข้อมูลวิทยา', '\u0e25\u0e32\u0e16\u0e2b\u0e23\u0e48\u0e47\u0e4c\u0e23'] }",llama3.2,2025-02-27T23:40:52.815713Z,3518284583.0,27742000.0,152.0,97000000.0,291.0,3391000000.0,stop,"[{'translated_term': 'สลัศรน ปถร่็์ร', 'translation_rationale': 'The translation is based on breaking down the term into its constituent parts: สล (มนุษยศาสตร์), ัศ (วิทยาศาสตร์) และ รน (็์ย) to convey the meaning of Humanities Data Science in Thai. The word for ""data"" is not explicitly included as it is already implied by the concept itself. The suggested translation by Google Translate API, ลาถหร่็์ร, uses a word for ""science"" that is more formal and less commonly used in everyday conversation.', 'alternative_terms': ['มนุษยศาสตร์ข้อมูลวิทยา', 'ลาถหร่็์ร']}]",สลัศรน ปถร่็์ร,2025-05-31 21:15:56
tk,Humanities Data Science,,Turkmen,"{'translated_term': 'Ynsanperwerlik maglumatlary', 'translation_rationale': 'While Google Translate's suggestion is a good starting point, I have kept the original term intact since it closely matches the meaning of ""Humanities Data Science"". However, if we consider more nuanced translations, we could suggest ""Ynsanperwerlik bilimsel maglumatlary"" (Scientific humanities information) or ""Taraqiýat Bilimler Maglumatlary"" (Progressive sciences information), which better emphasize the interdisciplinary nature of the field. The term ""maglumatlar"" is a common Turkmen word for ""information"" and can encompass various fields, making it suitable for this context.'}",llama3.2,2025-02-27T23:41:18.632348Z,1412126791.0,26788583.0,156.0,85000000.0,152.0,1298000000.0,stop,[],,2025-05-31 21:15:56
tn,Humanities Data Science,Saense ya Tshedimosetso ya Botho Dikokote,Tswana,"{'translated_term': 'Saense ya Tshedimosetso ya Botho Dikokote', 
 'translation_rationale': 'The term ""Saense ya Tshedimosetso ya Botho"" already exists and roughly translates to ""Humanities Science of the Botswana Way"". I added ""Dikokote"", which means ""data"", to create a more direct translation. This combination aims to convey the idea of combining humanities and data science, while maintaining cultural sensitivity.'}",llama3.2,2025-02-27T23:41:30.583711Z,1016770333.0,28188375.0,156.0,98000000.0,100.0,889000000.0,stop,[],,2025-05-31 21:15:56
to,Humanities Data Science,,Tonga,"{'translated_term': 'Fasi 'o Fakaetangata Fakafonua', 
'translation_rationale': 'I have drawn inspiration from Tongan words to create a term that reflects the interdisciplinary nature of Humanities Data Science. '
             'Fasi'' means ""science"" or ""knowledge"", while ''Fakaetangata'' denotes ""of people"" and ''Fakafonua'' signifies "" humanities"". This translation aims to capture the essence of Humanities Data Science, emphasizing its focus on human knowledge and culture.', 
'alternative_translations': [
    {'term': 'Saienisi Fakamatala Fakaetangata', 
     'rationale': 'I considered using Google Translate API\'s suggestion but opted for a more nuanced approach to better capture the complexity of Humanities Data Science. '
                'While the term means ""humanities data science"", it may not fully convey the specific focus on human knowledge and culture that is inherent in this field.'},
    {'term': 'Fakamatala Fakaonaga', 
     'rationale': 'This alternative translation uses the Tongan word ''fakamatala'' (knowledge) and ''fakaonaga'' ( humanities or arts), aiming to convey a sense of interdisciplinary research that is characteristic of Humanities Data Science.'}]}",llama3.2,2025-02-27T23:41:34.181009Z,2583976166.0,28857875.0,158.0,85000000.0,271.0,2468000000.0,stop,[],,2025-05-31 21:15:56
tr,Humanities Data Science,,Turkish,"{'translated_term': 'İnsan Bilimleri Veri Bilimi', 
 'translation_rationale': 'I used ""İnsan Bilimleri"" which directly translates to ""Humanities"" in English, and combined it with the term ""Veri Bilimi"" which is a more neutral translation of ""Data Science"". I chose not to use Google Translate's suggestion ""Beşeri Bilimler Veri Bilimi"" because it uses the word ""Bilimler"" which implies ""sciences"" or ""disciplines"", whereas we want a more general term that encompasses various humanities fields. This way, the translation suggests Data Science applied to Humanities rather than implying a specific discipline within Humanities.',
 'alternatives': [
  {'term': 'İnsan Bilimleri Veri Teknolojileri', 
   'rationale': 'Alternatively, I could have used ""Veri Teknolojileri"" which is closer to ""Data Technology"" in English. However, it implies more of a technical aspect than the interdisciplinary approach we aim for in Humanities Data Science.'},
  {'term': 'İnsan Bilimleri Veri Analizi', 
   'rationale': 'Another alternative could be ""Veri Analizi"" which emphasizes data analysis rather than the broader scope of Data Science. While it is more specific, it still conveys a connection to humanities fields.'}
 ]}",llama3.2,2025-02-27T23:41:38.090621Z,2894283084.0,29427542.0,152.0,97000000.0,279.0,2765000000.0,stop,[],,2025-05-31 21:15:56
ts,Humanities Data Science,Sayense ya Data ya Vutivi bya Misaazi,Tsonga,"{'translated_term': 'Sayense ya Data ya Vutivi bya Misaazi', 
'translation_rationale': 'I used a combination of Tsonga words to convey the meaning of Humanities Data Science. ""Misaazi"" means ""scholars"" or ""knowledge seekers"", which is relevant to the field of Humanities. ""Vutivi"" comes from the word ""vitivi"", meaning ""humanity"" or ""people"". ""Sayense ya Data"" roughly translates to ""data science"" in English, combining it with ""sayense"" (knowledge) and ""ya data"" (of/for data). I modified the suggested term by adding ""Misaazi"" at the beginning to emphasize the academic aspect of Humanities Data Science. The term is meant to convey a sense of scholars or knowledge seekers working with data in the field of humanity.'}",llama3.2,2025-02-27T23:41:43.04882Z,1711392792.0,27540375.0,157.0,91000000.0,176.0,1591000000.0,stop,[],,2025-05-31 21:15:56
tt,Humanities Data Science,Tatar ilmiy tarixy va sənəti bilimi,Tatar,"{'translated_term': 'Tatar ilmiy tarixy va sənəti bilimi', 'translation_rationale': 'Tatar ilmiy tarixy - şähesän, şähär, şähär xalqıning istoriyası ve kultüry; Tarxiy - tarix, tarixçilik; Sənəti bilimi - mənəviyət, mənəviyat, sənətiyyat; Tatar ilmiy tarixy va sənəti bilimi - tatar ilmiy tarixi, tatar ədəbiyyatı ve sanʼăti bilimi. , Sənət bilimi tatarca qeydə qarşы tıyan əsriyyatdan ibarət bir kelame əlqisi.'}

Note: Tatar language is a Turkic language and its script may be different from the Latin alphabet used in English. The translation I provided uses the Latin alphabet, but if you need it in the Tatar script, please let me know.

Also, note that there are various ways to translate ""Humanities Data Science"" into other languages. This is just one possible translation:

* 'Tatar ilmiy tarixi va sənəti bilimi' combines the words for 'history', 'science', and 'art' in Tatar.
* Another option could be 'Tatar ədəbiyyatı va sanʼăti bilimi', which is a more direct translation of 'Humanities Data Science'.

Please let me know if you'd like to see alternative translations or have any further requests!",llama3.2,2025-05-15T20:40:56.172194Z,3835138167.0,33774500.0,121.0,82425125.0,364.0,3717855209.0,stop,"[{'translated_term': 'Tatar ilmiy tarixy va sənəti bilimi', 'translation_rationale': 'Tatar ilmiy tarixy - şähesän, şähär, şähär xalqıning istoriyası ve kultüry; Tarxiy - tarix, tarixçilik; Sənəti bilimi - mənəviyət, mənəviyat, sənətiyyat; Tatar ilmiy tarixy va sənəti bilimi - tatar ilmiy tarixi, tatar ədəbiyyatı ve sanʼăti bilimi. , Sənət bilimi tatarca qeydə qarşы tıyan əsriyyatdan ibarət bir kelame əlqisi.'}]",Tatar ilmiy tarixy va sənəti bilimi,2025-05-31 21:15:56
tw,Humanities Data Science,Nnipa ho Nimpa Data Nyansahu,Twi,"{'translated_term': 'Nnipa ho Nimpa Data Nyansahu', 
 'translation_rationale': 'The term ""Humanities Data Science"" is composed of words that can be broken down into their Twi equivalents. ""Nnipa"" means ""humanity"" or ""people,"" while ""Nimpa"" roughly translates to ""data."" ""Nyansahu"" means ""science"" or ""knowledge."" Combining these words, we get ""Nnipa ho Nimpa Data Nyansahu,"" which conveys the idea of combining humanity and knowledge with data. This term maintains the original meaning while adopting a more idiomatic Twi expression.', 
 'alternative_translations': ['Nnipa ho Nnipa Data Nyansahu', 'Nnimpa ho Nyansahu Data Nsuna'], 
 'notes': ['In Twi, the verb ""ho"" can be used to indicate a combination or conjunction of two nouns. Using this grammatical structure helps to preserve the original meaning while making it more accessible and natural-sounding in Twi.']}",llama3.2,2025-02-27T23:42:31.860299Z,2040076709.0,24617417.0,157.0,87000000.0,218.0,1926000000.0,stop,[],,2025-05-31 21:15:56
ty,Humanities Data Science,,Tahitian,"{'translated_term': 'Te tauā haamaramaramaraa no te tata', 
 'translation_rationale': 'I combined ""tauā"" (meaning ""humanity"" or ""human being"") with the concept of data science and ""haamaramaramaraa"" (derived from Google Translate's suggestion) to create a term that conveys the intersection of human knowledge and data analysis. The prefix ""Te"" is a Tahitian definite article meaning ""the"". I modified the original suggestion to better fit the nuances of the Tahitian language.',
 'alternative_translation': 'Fa'ataha te mau haamaramaramaraa no ni&#39;a i te taata', 
 'alternative_translation_rationale': 'This alternative translation uses the phrase ""Fa'ataha"" (meaning ""with humans"" or ""involving humans"") to emphasize the human aspect of Humanities Data Science, rather than combining it with ""tauā"".'}",llama3.2,2025-02-27T23:42:34.961016Z,2089475584.0,28374459.0,162.0,96000000.0,194.0,1963000000.0,stop,[],,2025-05-31 21:15:56
ug,Humanities Data Science,ๆྍ๋໲ෑෳඵ ໇ູ໨໊,"Uighur, Uyghur","{'translated_term': '\u0e46\u0f8d\u0e4b\u0ef2\u0dd1\u0df3\u0db5\u0de3 \u0ec4\u0e7c\u0ea9\u0eb3\u0ed3', 'translation_rationale': 'The term ''Humanities Data Science'' can be translated to Uighur as ''\u0e46\u0f8d\u0e4b\u0ef2\u0dd1\u0df3\u0db5\u0de3 \u0ec4\u0e7c\u0ea9\u0eb3\u0ed3'' by combining ''\u0e46\u0f8d\u0e4b\u0ef2\u0dd1\u0df3\u0db5'' (humanities) with the suffix ''\u0ec4\u0e7c\u0ea9\u0eb3\u0ed3'' (science), which is a common way to form nouns indicating scientific or academic fields in Uighur.'}

Alternative translation:

{'translated_term': '\u0e46\u0f8d\u0e4b\u0ef2\u0dd1\u0df3\u0db5 \u0ec7\u0eb9\u0ee8\u0eca', 'translation_rationale': 'An alternative translation could be ''\u0e46\u0f8d\u0e4b\u0ef2\u0dd1\u0df3\u0db5 \u0ec7\u0eb9\u0ee8\u0eca'' by using the word ''\u0ec7\u0eb9\u0ee8'' (data) and combining it with ''\u0e46\u0f8d\u0e4b\u0ef2\u0dd1\u0df3\u0db5'' (humanities). This translation is more literal, but may sound less idiomatic in Uighur.'}

Note: The above translations are based on the assumption that the speaker is fluent in both English and Uighur. However, it's always recommended to consult with a native speaker or a language expert for accurate and culturally sensitive translations.",llama3.2,2025-02-27T23:42:46.857549Z,5290578209.0,23806375.0,175.0,19000000.0,474.0,5246000000.0,stop,"[{'translated_term': 'ๆྍ๋\u0ef2ෑෳඵ\u0de3 ໄ\u0e7cຩຳ໓', 'translation_rationale': 'The term Humanities Data Science can be translated to Uighur as ๆྍ๋\u0ef2ෑෳඵ\u0de3 ໄ\u0e7cຩຳ໓ by combining ๆྍ๋\u0ef2ෑෳඵ (humanities) with the suffix ໄ\u0e7cຩຳ໓ (science), which is a common way to form nouns indicating scientific or academic fields in Uighur.'}, {'translated_term': 'ๆྍ๋\u0ef2ෑෳඵ \u0ec7ູ\u0ee8໊', 'translation_rationale': 'An alternative translation could be ๆྍ๋\u0ef2ෑෳඵ \u0ec7ູ\u0ee8໊ by using the word \u0ec7ູ\u0ee8 (data) and combining it with ๆྍ๋\u0ef2ෑෳඵ (humanities). This translation is more literal, but may sound less idiomatic in Uighur.'}]",ๆྍ๋໲ෑෳඵ ໇ູ໨໊,2025-05-31 21:15:56
uk,Humanities Data Science,Гчовнитарни \_далансщ,Ukrainian,"{'translated_term': '\u0413\u0447\u043e\u0432\u043d\u0438\u0442\u0430\u0440\u043d\u0438 \_\u0434\u0430\u043b\u0430\u043d\u0441\u0449', 'translation_rationale': 'Combining Ukrainian words for ""humanities"" (\u0413\u0447\u043e\u0432\u043d\u0438\u0442\u0430\u0440\u043d\u0438) and ""data science"" (\u0434\u0430\u043b\u0430\u043d\u0441\u044f), the suggested translation is \u0413\u0447\u043e\u0432\u043d\u0438\u0442\u0430\u0440\u043d\u0438 \u0434\u0430\u043b\u0430\u043d\u0441\u044a. This term captures the essence of applying data-driven methods to humanities research. Alternative suggestions include: \u0413\u0447\u043e\u0432\u043d\u0438\u0442\u0435\u0449\u043d\u044f \u0434\u0430\u043b\u0430\u043d\u0441\u044c, \u0424\u0435\u043c\u0435\u0442\u0457\u044a \u043b\u0456\u043d\u044e\u0438 \u0434\u0430\u043d\u0430, where the first option maintains a direct connection to data science terminology in Ukrainian, while the second option adds a more general term for ""methods"" or ""science"".', 'alternatives': ['\u0413\u0447\u043e\u0432\u043d\u0438\u0442\u0435\u0449\u043d\u044a \u0434\u0430\u043b\u0430\u043d\u0441\u044c', '\u0424\u0435\u043c\u0435\u0442\u0457\u044a \u043b\u0456\u043d\u044e\u0438 \u0434\u0430\u043d\u0430']}",llama3.2,2025-02-27T23:42:53.695818Z,5824839458.0,26339500.0,151.0,89000000.0,476.0,5708000000.0,stop,"[{'translated_term': 'Гчовнитарни \\_далансщ', 'translation_rationale': 'Combining Ukrainian words for ""humanities"" (Гчовнитарни) and ""data science"" (даланся), the suggested translation is Гчовнитарни далансъ. This term captures the essence of applying data-driven methods to humanities research. Alternative suggestions include: Гчовнитещня далансь, Феметїъ лінюи дана, where the first option maintains a direct connection to data science terminology in Ukrainian, while the second option adds a more general term for ""methods"" or ""science"".', 'alternatives': ['Гчовнитещнъ далансь', 'Феметїъ лінюи дана']}]",Гчовнитарни \_далансщ,2025-05-31 21:15:56
uz,Humanities Data Science,,Uzbek,"```json
{
  ""translated_term"": ""Gumanitar fanlar maʼlumotlar fanati"",
  ""translation_rationale"": ""I translated 'Humanities Data Science' into Uzbek as 'Gumanitar fanlar maʼlumotlar fanati', which closely matches the Google Translate API's suggestion. I used the compound noun structure typical of Uzbek language, combining 'gumanitar fanlar' (humanities) and 'maʼlumotlar fanati' (data science). This structure is more idiomatic in Uzbek than using a single word equivalent to 'science'.

Alternative translation: Gumanitar maqolalar va fanniyot (Humanities of language and science)
This alternative uses a phrase that combines the concepts of humanities (gumanitar) with data analysis/fanati (fanniyot) for a more nuanced expression. However, it may sound less idiomatic in Uzbek.""

}
```

Please note that translation can be subjective, and different translations may be possible depending on context or personal preference.",llama3.2,2025-02-27T23:43:00.597223Z,2256360125.0,28596333.0,156.0,199000000.0,216.0,2026000000.0,stop,[],,2025-05-31 21:15:56
vi,Humanities Data Science,ᬿư᮪ ¸đ½Ƭ ᄒ ᄜęn ĕnh ƿ ᆶ,Vietnamese,"{'translated_term': '\u1b3f\u01b0\u1baa \u00b8\u0111\u00bd\u01ac \u1112 \u111c\u0119n \u0115nh \u01bf \u11b6', 'translation_rationale': 'Khoa học dữ liệu nhân văn (KSDN) l\u000f\u01a9u \u111c \u1ba8 \u00b4i\u0113n, \u00b4\u0110\u01d4ng c\u00f2ng \u111c \u0115nh \u00b4\u011B \u0111\u1e7ft, \u00b9\u1b3f\u1baa d\u01b5\u1bbf d\u1ed3u \u001b6\u01a9i \u0119nh \u0115nh \u00bd \u111c \u11b6. \u1b3f\u01b0\u1baa \u00b4i\u0113n \u00bb \u111c KSDN.'}

Note: \u1b3f, \u0115nh, \u00b4i\u0113n are the Unicode representations for Vietnamese letters.",llama3.2,2025-02-27T23:43:14.504071Z,3003050458.0,28055208.0,150.0,91000000.0,286.0,2882000000.0,stop,"[{'translated_term': 'ᬿư᮪ ¸đ½Ƭ ᄒ ᄜęn ĕnh ƿ ᆶ', 'translation_rationale': 'Khoa học dữ liệu nhân văn (KSDN) l\x0fƩu ᄜ ᮨ ´iēn, ´Đǔng còng ᄜ ĕnh ´ě đṿt, ¹ᬿ᮪ dƵᮿ dồu \x1b6Ʃi ęnh ĕnh ½ ᄜ ᆶ. ᬿư᮪ ´iēn » ᄜ KSDN.'}]",ᬿư᮪ ¸đ½Ƭ ᄒ ᄜęn ĕnh ƿ ᆶ,2025-05-31 21:15:56
vo,Humanities Data Science,VO-Datamänikülat,Volapük,"{'translated_term': 'VO-Datamänikülat', 
 'translation_rationale': 'VO-Datamänikülat combines ""VO"" (Volapük) with ""datamänikülat"", which roughly translates to ""data science"". The term is constructed using the Latinized word for Volapük, ""vo-"", and the word for data science, which was influenced by its English equivalent. This construction maintains the spirit of combining languages while still conveying the essence of the term ""Humanities Data Science"" in a way that feels native to the Volapük language.', 
 'alternative_term': ['VO-Datamänikülat', 'VO-Tödabäränt', 'VO-Öniklämicülat']}",llama3.2,2025-02-27T23:43:26.468847Z,1375638875.0,27703709.0,123.0,19000000.0,158.0,1326000000.0,stop,[],,2025-05-31 21:15:56
wa,Humanities Data Science,Datusse des Letres et des Sciences Humaines,Walloon,"{'translated_term': 'Datusse des Letres et des Sciences Humaines', 'translation_rationale': 'I translated ""Humanities Data Science"" into Walloon using a combination of linguistic rules and etymological analysis. The term ""Datusse"" is derived from the Latin word ""datum"", meaning ""given"" or ""provided"", which is fitting for a field that involves analyzing and providing insights from data. Adding the prefix ""des Lettres"" (of the Letters) conveys the connection to the humanities, while ""et des Sciences Humaines"" specifically emphasizes the humanistic aspect of the field. This translation aims to convey the core idea of combining data science with a focus on human knowledge and culture.'}",llama3.2,2025-02-27T23:43:31.56182Z,1352155042.0,27070792.0,121.0,76000000.0,147.0,1248000000.0,stop,"[{'translated_term': 'Datusse des Letres et des Sciences Humaines', 'translation_rationale': 'I translated ""Humanities Data Science"" into Walloon using a combination of linguistic rules and etymological analysis. The term ""Datusse"" is derived from the Latin word ""datum"", meaning ""given"" or ""provided"", which is fitting for a field that involves analyzing and providing insights from data. Adding the prefix ""des Lettres"" (of the Letters) conveys the connection to the humanities, while ""et des Sciences Humaines"" specifically emphasizes the humanistic aspect of the field. This translation aims to convey the core idea of combining data science with a focus on human knowledge and culture.'}]",Datusse des Letres et des Sciences Humaines,2025-05-31 21:15:56
wo,Humanities Data Science,Dibes Diji Sine Soofool,Wolof,"{'translated_term': 'Dibes Diji Sine Soofool', 'translation_rationale': 'I combined ""dibes"" (humanity) from Wolof with ""diji"" (science), and added the suffix ""-soofool"" to convey a sense of expertise or analysis, as it is common in Wolof to use this suffix to form professional or expert terms. Alternative translation: ''dibes'' alone could be translated directly to ""humanity"", but incorporating ""diji"" helps to emphasize the scientific aspect.'}",llama3.2,2025-05-15T20:41:28.988273Z,1039299334.0,25901042.0,121.0,75204667.0,118.0,935692708.0,stop,"[{'translated_term': 'Dibes Diji Sine Soofool', 'translation_rationale': 'I combined ""dibes"" (humanity) from Wolof with ""diji"" (science), and added the suffix ""-soofool"" to convey a sense of expertise or analysis, as it is common in Wolof to use this suffix to form professional or expert terms. Alternative translation: dibes alone could be translated directly to ""humanity"", but incorporating ""diji"" helps to emphasize the scientific aspect.'}]",Dibes Diji Sine Soofool,2025-05-31 21:15:56
xh,Humanities Data Science,Iziduko zinhlobo la Data,Xhosa,"{'translated_term': 'Iziduko zinhlobo la Data', 'translation_rationale': 'The term ""Humanities Data Science"" can be translated into Xhosa by combining ""iziduko"" (knowledge, understanding) with ""inhlobo"" (science). The suffix ""-Data"" is not commonly used in Xhosa, so I replaced it with the more suitable ""-Inhlobo"". This translation maintains the core meaning of the original term while adapting it to the nuances of the Xhosa language.', 'translation_alternatives': ['Iziduko la Data', 'Ntshutungo zinhlobo']}",llama3.2,2025-02-27T23:43:59.828045Z,1366623875.0,30769000.0,152.0,99000000.0,135.0,1235000000.0,stop,"[{'translated_term': 'Iziduko zinhlobo la Data', 'translation_rationale': 'The term ""Humanities Data Science"" can be translated into Xhosa by combining ""iziduko"" (knowledge, understanding) with ""inhlobo"" (science). The suffix ""-Data"" is not commonly used in Xhosa, so I replaced it with the more suitable ""-Inhlobo"". This translation maintains the core meaning of the original term while adapting it to the nuances of the Xhosa language.', 'translation_alternatives': ['Iziduko la Data', 'Ntshutungo zinhlobo']}]",Iziduko zinhlobo la Data,2025-05-31 21:15:56
yi,Humanities Data Science,אנליטיקע פון מנסחנשאַפֿט אות הומאָניטי,Yiddish,"{'translated_term': 'אנליטיקע פון מנסחנשאַפֿט אות הומאָניטי', 
 'translation_rationale': 
  'I used ""אנליטיקע"" (analysis) from the Yiddish root ""ל-אנליזן"" (to analyze), to convey the quantitative and analytical aspects of Data Science. The term ""מנסחנשאַפֿט"" (humanities) comes directly from ""הומאָניטי"" (humanities). I combined these two words with the Yiddish prefix ""-ֱ"" (meaning data or information), and attached the suffix ""-ֿ"" (science, derived from Greek). The final term ""אנליטיקע פון מנסחנשאַפֿט אות הומאָניטי"" roughly translates to ""Analysis of Humanities Data Science"", emphasizing the quantitative aspect of humanities. I also considered using ""רעדאָקשע"" (reproduction) from Greek, but it doesn\'t convey the exact meaning as needed.', 
 'alternative_translation': 
  'Alternatively, I could have used ""רעדאָגניעליק"" (analysis of humanities), but it would lose the direct connection with the quantitative aspect. An even more precise translation could be ""סימבולישע אנליטיק"" (symbolic analysis), which specifically highlights the symbolic and analytical aspects of Humanities Data Science, taking into account Yiddish nuances.', 
 'source': 'Google Translate API, modified based on linguistic knowledge.'}",llama3.2,2025-02-27T23:44:08.697132Z,4083714000.0,26317709.0,186.0,18000000.0,396.0,4037000000.0,stop,[],,2025-05-31 21:15:56
yo,Humanities Data Science,मस्य अगती दोले,Yoruba,"{'translated_term': '\u092e\u0938\u094d\u092f \u0905\u0917\u0924\u0940 \u0926\u094b\u0932\u0947', 'translation_rationale': 'The term """"Humanities Data Science"""" is translated to Yoruba as ''\u092e\u0938\u094d\u092f \u0905\u0917\u0924\u0940 \u0926\u094b\u0932\u0947\\'' because it combines the root words for ''humanity'' (\u092e\u0938\u094d\u092f), which is derived from Yoruba words like ''\u092c\u0941'' (people) and ''\u0905\u0917\u0924'' (knowledge or wisdom), with the word ''\u0926\u094b\u0932\u0947\\'' meaning data. This translation captures the essence of Humanities Data Science as an interdisciplinary field that combines human knowledge, culture, and society with computational methods to analyze and understand complex data.'}

Note: \u092e\u0938\u094d\u092f is the Yoruba script rendering for the word 'humanity', \u0905\u0917\u0924\u0940 refers to the root word for knowledge or wisdom, and \u0926\u094b\u0932\u0947 refers to the word 'data'.",llama3.2,2025-02-27T23:44:12.834813Z,3124579208.0,25846875.0,152.0,97000000.0,300.0,3000000000.0,stop,"[{'translated_term': 'मस्य अगती दोले', 'translation_rationale': 'The term """"Humanities Data Science"""" is translated to Yoruba as मस्य अगती दोले\\ because it combines the root words for humanity (मस्य), which is derived from Yoruba words like बु (people) and अगत (knowledge or wisdom), with the word दोले\\ meaning data. This translation captures the essence of Humanities Data Science as an interdisciplinary field that combines human knowledge, culture, and society with computational methods to analyze and understand complex data.'}]",मस्य अगती दोले,2025-05-31 21:15:56
za,Humanities Data Science,Kawg tieng dabz,"Zhuang, Chuang","{'translated_term': 'Tieng zo kawg hmoob miaz tias dabz', 'translation_raniale': 'The term ""Humanities Data Science"" is translated into Zhuang, Chuang by combining the words for ""humanity"" (tieng) and ""science"" (miaz), with the addition of ""kawg hmoob"" to convey a sense of discipline or field, similar to how we use ""kaibz"" in other languages. The suffix ""-dabz"" is added to denote a scientific or academic field. This translation attempts to capture the essence of Humanities Data Science while staying true to the structure and syntax of the Zhuang language.'}

Alternative translations:
- {'translated_term': 'Tieng zo miaz dabz', 'translation_raniale': 'This alternative translation prioritizes the word for ""science"" (miaz) as the primary component, with ""tieng zo"" added to convey a sense of humanity or culture. The suffix ""-dabz"" is used to denote an academic field.'}
- {'translated_term': 'Kawg tieng dabz', 'translation_raniale': 'This translation emphasizes the word for ""discipline"" (kawg) as the primary component, with ""tieng"" added to convey a sense of humanity or culture. The suffix ""-dabz"" is used to denote an academic field.'}",llama3.2,2025-05-15T20:41:41.637651Z,3187694250.0,32063750.0,127.0,16524167.0,292.0,3138195708.0,stop,"[{'translated_term': 'Tieng zo kawg hmoob miaz tias dabz', 'translation_raniale': 'The term ""Humanities Data Science"" is translated into Zhuang, Chuang by combining the words for ""humanity"" (tieng) and ""science"" (miaz), with the addition of ""kawg hmoob"" to convey a sense of discipline or field, similar to how we use ""kaibz"" in other languages. The suffix ""-dabz"" is added to denote a scientific or academic field. This translation attempts to capture the essence of Humanities Data Science while staying true to the structure and syntax of the Zhuang language.'}, {'translated_term': 'Tieng zo miaz dabz', 'translation_raniale': 'This alternative translation prioritizes the word for ""science"" (miaz) as the primary component, with ""tieng zo"" added to convey a sense of humanity or culture. The suffix ""-dabz"" is used to denote an academic field.'}, {'translated_term': 'Kawg tieng dabz', 'translation_raniale': 'This translation emphasizes the word for ""discipline"" (kawg) as the primary component, with ""tieng"" added to convey a sense of humanity or culture. The suffix ""-dabz"" is used to denote an academic field.'}]",Kawg tieng dabz,2025-05-31 21:15:56
ti,Humanities Data Science,ᆧᆵᅨᆺ ዃᇤዒ ቏ሩሷ ኏ᇺሷ,Tigrinya,"{'translated_term': '\u11a7\u11b5\u1168\u11ba \u12c3\u11e4\u12d2 \u124f\u1229\u1237 \u128f\u11fa\u1237', 
 'translation_rationale': 'I have drawn inspiration from the suggested term by Google Translate, making slight adjustments to ensure better fitment in Tigrinya language. I added ""\u11a7\u11b5"" which means ""Humanity"" or ""\u121a\u1200\u1221\u120d\u1239\u124f\u1254\u1248\u12e6\u1239"" meaning ""scholarship"" to convey the essence of Humanities Data Science. The \u124f\u1229\u1237 is a loan word from English, and I replaced it with a Tigrinya root ""\u11ba\u121a\u1239\u1254\u1248"" for better naturalness in Tigrinya.'}",llama3.2,2025-02-27T23:41:01.29122Z,2153400917.0,27233542.0,195.0,250000000.0,209.0,1874000000.0,stop,[],,2025-05-31 21:15:56
tg,Humanities Data Science,,Tajik,"{'translated_term': 'Илмҳои гуманитарӣ ва датасайенс', 'translation_rationale': 'I have modified the suggested term by adding \'ва\' (and) to connect it with \'датасайенс\', as Tajik language uses this conjunction for connecting nouns. The term is a combination of ''Илмҳои'' (disciplines/sciences), ''гуманитарӣ'' (humanities), and ''датасайенс''' (data science).', 'alternative_terms': ['Илмҳои гуманитарӣ, датасайенс', 'Илмҳои гуманитарӣ ва тарбияи мумакунӣ']}

Note: The alternative terms are offered to account for different aspects of the concept. In Tajik language, some people might use 'тарбияи мумакунӣ' (education/training) to refer to data science as well, as it also involves learning and training in a specific field.",llama3.2,2025-02-27T23:40:48.283691Z,2492180000.0,26763125.0,158.0,20000000.0,232.0,2443000000.0,stop,[],,2025-05-31 21:15:56
rn,Humanities Data Science,Umuhigiro na Sayansi ya Data wa Kiboko,Kirundi,"{'translated_term': 'Umuhigiro na Sayansi ya Data wa Kiboko', 
'translation_rationale': 'In Kirundi, ""kiboko"" means ""human"", and ""umuhigiro"" can be translated to ""humanities"" or ""arts"". This term is a combination of these two words. The addition of ""Sayansi ya Data"" is necessary to indicate the scientific aspect of data science.', 
'alternatives': ['Umuhigiro na Sayansi', 'Umuhigiro wa Kiboko', 'Nyanja ya Umwana']}",llama3.2,2025-05-15T20:39:27.518494Z,1310790292.0,39689375.0,121.0,96013542.0,123.0,1174063416.0,stop,[],,2025-05-31 21:15:56
te,Humanities Data Science,జಪ ೄೕ ೈಬ ಷೂ೔,Telugu,"{'translated_term': '\u0c1c\u0caa \u0cc4\u0cd5 \u0cc8\u0cac \u0cb7\u0cc2\u0cd4', 'translation_rationale': 'హ్యుమానిటీస్ డేటా సైన్స్‌కు దగ్గరి సంబంధం ఉన్న భావనల అధ్యయనం, మేధోపరమైన నైపుణ్యాలు, మేధో విజ్ఞానం మరియు సాహిత్యం వంటి అంశాలపై డేటా ఆధారిత విధానాలు. ', 'translation_alternatives': ['\u0c1c\u0caa \u0cc4\u0cd5 \u0cc8\u0cac', '\u0c1c\u0caa \u0cc4\u0cd5 డేటా సైన్స్‌లు', 'హ్యుమానిటీ విజ్ఞానం']}

Note: The Telugu alphabet uses the Latin script, so I've represented the characters using Unicode escape sequences. Also, please note that translating a term like 'Humanities Data Science' which involves multiple concepts and disciplines can be subjective, and different translators might suggest different translations based on their understanding of the term and its nuances in the target language.",llama3.2,2025-02-27T23:40:42.276678Z,5933185375.0,27943291.0,189.0,18000000.0,494.0,5885000000.0,stop,"[{'translated_term': 'జಪ ೄೕ ೈಬ ಷೂ\u0cd4', 'translation_rationale': 'హ్యుమానిటీస్ డేటా సైన్స్\u200cకు దగ్గరి సంబంధం ఉన్న భావనల అధ్యయనం, మేధోపరమైన నైపుణ్యాలు, మేధో విజ్ఞానం మరియు సాహిత్యం వంటి అంశాలపై డేటా ఆధారిత విధానాలు. ', 'translation_alternatives': ['జಪ ೄೕ ೈಬ', 'జಪ ೄೕ డేటా సైన్స్\u200cలు', 'హ్యుమానిటీ విజ్ఞానం']}]",జಪ ೄೕ ೈಬ ಷೂ೔,2025-05-31 21:15:56
ro,Humanities Data Science,,"Romanian, Moldavan","```json
{
  ""translated_term"": ""Știința datelor umaniste și științele sociale și culturale digitale"",
  ""translation_rationale"": ""Mi-a placut să folosesc alocuvile 'Știința datelor' pentru a sublinia abordarea datistică, dar am înțeles că nu se referă strict la domeniul informatic al științei datelor. Deci, am adăugat 'și științele sociale și culturale digitale' pentru a reflecta aspectele umaniste care sunt la baza disciplinei. Aceasta este o variantă mai largă a sugerentei, dar cred că e mai precisă în contextul ro.
  
 Alternativa: 
Știința datelor umaniste - și poate fi utilizată pentru abordările mai stricte ale științei datelor.
Științele sociale și culturale digitale - ar putea fi folosită singure pentru a sublinia aspectele umaniste, dar am ales să le combini cu 'Știința datelor' pentru a avea o explicație mai completă a disciplinei.""
}
```

Note that the translation ""Știința datelor umaniste și științele sociale și culturale digitale"" may not be perfectly equivalent to the English term ""Humanities Data Science"", but it reflects my understanding of the concept and aims to convey its essence in Romanian, Moldovan. The translation rationale provides a brief explanation for each choice made during the translation process.",llama3.2,2025-02-27T23:38:19.869245Z,3887868041.0,28388541.0,160.0,129000000.0,367.0,3728000000.0,stop,[],,2025-05-31 21:15:56
rw,Humanities Data Science,Nsambano na Mipango ya Data ya Uhusiano wa Kibinadamu,Kinyarwanda,"{'translated_term': 'Nsambano na Mipango ya Data ya Uhusiano wa Kibinadamu', 'translation_rationale': 'Nsambano ni kiongozi kwa lugha ya Kinyarwanda ambayo ina maana ya ""Uhusiano"" au ""Maono"". Na Mipango ya Data huenda iwe na maana ya &quot;Mipango&quot; au &quot;Kupanga&quot;. Ili kusawazisha dhana za Uhusiano wa Kibinadamu, ninaongeza kama &quot;Nsambano na&quot; ili kufafanua kikamilifu uwanja huo. Hii inakubaliana na dhana ya Kibinadamu ambayo ni msingi wa Nsambano na Mipango ya Data. ', 'alternative_translation': ['Nsambano na Tumizi la Data', 'Nyanjwa la Binadamu na Mipango ya Data']}",llama3.2,2025-05-15T20:35:27.74627Z,2096102333.0,39246833.0,127.0,175763625.0,214.0,1880160291.0,stop,"[{'translated_term': 'Nsambano na Mipango ya Data ya Uhusiano wa Kibinadamu', 'translation_rationale': 'Nsambano ni kiongozi kwa lugha ya Kinyarwanda ambayo ina maana ya ""Uhusiano"" au ""Maono"". Na Mipango ya Data huenda iwe na maana ya &quot;Mipango&quot; au &quot;Kupanga&quot;. Ili kusawazisha dhana za Uhusiano wa Kibinadamu, ninaongeza kama &quot;Nsambano na&quot; ili kufafanua kikamilifu uwanja huo. Hii inakubaliana na dhana ya Kibinadamu ambayo ni msingi wa Nsambano na Mipango ya Data. ', 'alternative_translation': ['Nsambano na Tumizi la Data', 'Nyanjwa la Binadamu na Mipango ya Data']}]",Nsambano na Mipango ya Data ya Uhusiano wa Kibinadamu,2025-05-31 21:15:56
sc,Humanities Data Science,Sientzifadu de Dades dae sa Sura Sastru,Sardinian,"{'translated_term': 'Sientzifadu de Dades dae sa Sura Sastru', 'translation_rationale': 'I combined ""sientzifadu"" (data science) with ""dadas"" (data), ""su"" (of/related to the), and ""sastru"" (humanities/sciences). The term aims to convey the connection between data analysis, humanistic studies, and scientific inquiry. Alternatives could be ''Sientzifadu de sa Conoscimentu'' (emphasizing knowledge) or ''Dadas Sastru e Sientzifadu'' (focusing on data and science), but ""Sientzifadu de Dades dae sa Sura Sastru"" seems the most encompassing.'}",llama3.2,2025-02-27T23:38:51.647461Z,1616214250.0,24827792.0,123.0,128000000.0,158.0,1462000000.0,stop,"[{'translated_term': 'Sientzifadu de Dades dae sa Sura Sastru', 'translation_rationale': 'I combined ""sientzifadu"" (data science) with ""dadas"" (data), ""su"" (of/related to the), and ""sastru"" (humanities/sciences). The term aims to convey the connection between data analysis, humanistic studies, and scientific inquiry. Alternatives could be Sientzifadu de sa Conoscimentu (emphasizing knowledge) or Dadas Sastru e Sientzifadu (focusing on data and science), but ""Sientzifadu de Dades dae sa Sura Sastru"" seems the most encompassing.'}]",Sientzifadu de Dades dae sa Sura Sastru,2025-05-31 21:15:56
se,Humanities Data Science,Gielddi diehtodieđa,Northern Sami,"{'translated_term': 'Gielddi diehtodieđa', 'translation_rationale': 'The term ""Humanities Data Science"" is composed of multiple elements, and I aimed to preserve the core concepts in the Northern Sami translation. ""Gielddi"" roughly translates to ""humanity"" or ""culture,"" which encompasses the humanities aspect. Adding ""diehtodieđa"" means ""science"" or ""knowledge,"" reflecting the data-driven approach used in Data Science. The resulting term, ""Gielddi diehtodieđa,"" aims to convey a nuanced understanding of this field in Northern Sami.'}",llama3.2,2025-02-27T23:39:05.925788Z,1205503625.0,27063375.0,157.0,95000000.0,130.0,1081000000.0,stop,"[{'translated_term': 'Gielddi diehtodieđa', 'translation_rationale': 'The term ""Humanities Data Science"" is composed of multiple elements, and I aimed to preserve the core concepts in the Northern Sami translation. ""Gielddi"" roughly translates to ""humanity"" or ""culture,"" which encompasses the humanities aspect. Adding ""diehtodieđa"" means ""science"" or ""knowledge,"" reflecting the data-driven approach used in Data Science. The resulting term, ""Gielddi diehtodieđa,"" aims to convey a nuanced understanding of this field in Northern Sami.'}]",Gielddi diehtodieđa,2025-05-31 21:15:56
sg,Humanities Data Science,Nziyari tino dzinza Science,Sango,"{'translated_term': 'Nziyari tino dzinza Science', 'translation_rationale': 'I have used ""dzinza"" which is a Sango term for ""science"" or ""knowledge"". This choice reflects the emphasis on empirical research and methodology in Humanities Data Science. The prefix ""nziyari"" means ""humanities"", making it clear that this field is concerned with human knowledge and culture.', 'alternatives': ['Nziyari tino dzinza Technology', 'Ti asango ti azo ti asango', 'Science ti asango ti nziyari']}",llama3.2,2025-02-27T23:39:13.779811Z,1371974667.0,24881709.0,152.0,214000000.0,125.0,1131000000.0,stop,"[{'translated_term': 'Nziyari tino dzinza Science', 'translation_rationale': 'I have used ""dzinza"" which is a Sango term for ""science"" or ""knowledge"". This choice reflects the emphasis on empirical research and methodology in Humanities Data Science. The prefix ""nziyari"" means ""humanities"", making it clear that this field is concerned with human knowledge and culture.', 'alternatives': ['Nziyari tino dzinza Technology', 'Ti asango ti azo ti asango', 'Science ti asango ti nziyari']}]",Nziyari tino dzinza Science,2025-05-31 21:15:56
sh,Humanities Data Science,Хуманистичке nauke o podatкама,Serbo-Crotian,"{'translated_term': 'Хуманистичке nauke o podatкама', 
 'translation_rationale': 'I used a combination of literal translation and cultural context to create this term. I translated ""Humanities"" to Serbian ''humaniстичke'' which implies a connection to human culture, history, and society. I combined it with the word for science, ''nauka'', which fits well in this context. Finally, I used the plural form of data, ''podataka'', as it refers to datasets or information in general. The resulting term aims to convey the idea of a field that deals with humanistic subjects using scientific methods and techniques involving data analysis.'}",llama3.2,2025-02-27T23:38:36.950967Z,1350981958.0,24578583.0,163.0,158000000.0,140.0,1166000000.0,stop,[],,2025-05-31 21:15:56
si,Humanities Data Science,ගපඊි ්ඟපඳරශ,"Sinhala, Sinhalese","{'translated_term': '\u0d9c\u0db4\u0d8a\u0dd2 \u0dca\u0d9f\u0db4\u0db3\u0dbb\u0dc1', 'translation_rationale': 'The term ""Humanities Data Science"" can be translated to Sinhala as ""\u0d9c\u0db4\u0d8a\u0dd2 \u0dca\u0d9f\u0db4\u0db3\u0dbb\u0dc1"", which includes the word for knowledge (මානව) from the root meaning of ""Humanities"" in English. The term ""Data Science"" is also included to represent the field of study involving data analysis and science.'}

Note: In Sinhala, the ISO code 'si' may not be widely used or recognized. It's recommended to use the romanization '\u0d9c\u0db4\u0d8a\u0dd2 \u0dca\u0d9f\u0db4\u0db3\u0dbb\u0dc1' for consistency and accuracy.

Alternatives:

* {\u0d9c\u0db4\u0d8a\u0dd2 \u0daa\u0db4\u0dad\u0dbb දත්ත \විද්‍යාව} (including the word for study) or
* {\u0d9c\u0db4\u0d8a\u0dd2 \u0dc1\u0dca\u0d99 දත්ත විද්‍යාව} (including the word for data)",llama3.2,2025-02-27T23:39:36.986928Z,4560810083.0,29541625.0,202.0,157000000.0,388.0,4372000000.0,stop,"[{'translated_term': 'ගපඊි ්ඟපඳරශ', 'translation_rationale': 'The term ""Humanities Data Science"" can be translated to Sinhala as ""ගපඊි ්ඟපඳරශ"", which includes the word for knowledge (මානව) from the root meaning of ""Humanities"" in English. The term ""Data Science"" is also included to represent the field of study involving data analysis and science.'}]",ගපඊි ්ඟපඳරශ,2025-05-31 21:15:56
sk,Humanities Data Science,Humanitné informatické vedy,Slovak,"{'translated_term': 'Humanitné informatické vedy', 'translation_rationale': 'I refined the term from ""Humanitné vedy o údajoch"" by changing ""vedy o údajoch"" to ""informatické vedy"", which better conveys the intersection of humanities and data science. This modification is intended to emphasize the application of data-driven methods in the study of humanities, rather than simply a narrow focus on digital archives or databases.'}",llama3.2,2025-02-27T23:39:45.750274Z,995220500.0,27923958.0,153.0,86000000.0,100.0,879000000.0,stop,"[{'translated_term': 'Humanitné informatické vedy', 'translation_rationale': 'I refined the term from ""Humanitné vedy o údajoch"" by changing ""vedy o údajoch"" to ""informatické vedy"", which better conveys the intersection of humanities and data science. This modification is intended to emphasize the application of data-driven methods in the study of humanities, rather than simply a narrow focus on digital archives or databases.'}]",Humanitné informatické vedy,2025-05-31 21:15:56
sl,Humanities Data Science,Antropološki podatni znanost,Slovene,"{'translated_term': 'Antropološki podatni znanost', 'translation_rationale': 'Pomemogo uporaba termosta ""podatne"" in ""znanosti"", ki se pogosto upošteva v svetu antropologije in teoretičnega znanja. Mednarodno je poizvedeno, da se uporaba terma ""Humanities Data Science"" vzdržuje tudi na Slovenski, saj zdaje bolje ujemajo teme kot je ""podatni znanost"". '}

Note: The suggested translation 'Antropološki podatni znanost' translates both the meaning and the context of the term 'Humanities Data Science'.",llama3.2,2025-05-15T20:40:13.797267Z,1534419084.0,60097917.0,121.0,95428333.0,160.0,1377643292.0,stop,"[{'translated_term': 'Antropološki podatni znanost', 'translation_rationale': 'Pomemogo uporaba termosta ""podatne"" in ""znanosti"", ki se pogosto upošteva v svetu antropologije in teoretičnega znanja. Mednarodno je poizvedeno, da se uporaba terma ""Humanities Data Science"" vzdržuje tudi na Slovenski, saj zdaje bolje ujemajo teme kot je ""podatni znanost"". '}]",Antropološki podatni znanost,2025-05-31 21:15:56
sm,Humanities Data Science,,Samoan,"{'translated_term': 'Fa'amatai o le Fafanafaganino i le Data Science', 
 'translation_rationale': 'I used ""Fa'amatai"" (knowledge or wisdom) and added the suffix ""-o le"", which means ""of"" in Samoan. I combined it with ""Fafanafaganino"" (humanities), modified to keep the original word for human studies while incorporating ""Data Science"". 
 Alternatives: 
 * Fa'amatai fainano le Data Science (emphasizing knowledge from humanities)
 * O le Fafanafaganino i le Data Science (more literal translation of ""of the Humanities"")
 * Sia fa'amatai o le Data Science (more colloquial and casual tone)}",llama3.2,2025-02-27T23:39:11.394507Z,1549643584.0,26000042.0,151.0,89000000.0,159.0,1433000000.0,stop,[],,2025-05-31 21:15:56
sn,Humanities Data Science,,Shona,"{'translated_term': 'Tinozwi zinokanganwa na data', 
'translation_rationale': 'I used the Shona phrase ""Tinozwi"" which means ""the human things"" and combined it with ""zinokanganwa"" meaning ""to analyze or to study"", hence the term ""Humanities Data Science"". I also considered using ""Makongoni"" (human knowledge) but ""zinokanganwa"" seems more fitting in this context. The API translation, while close, suggested ""Humanities Data Science"" without adding any indication of data analysis.'}

Note: 'Tinozwi zinokanganwa na data' is a combination of 'Tinozwi' (human knowledge, things) and 'zinokanganwa' (to analyze or study), which conveys the idea of studying human knowledge with data. This translation aims to capture the essence of Humanities Data Science in Shona.",llama3.2,2025-02-27T23:39:31.412868Z,2019920667.0,27340250.0,149.0,87000000.0,194.0,1903000000.0,stop,[],,2025-05-31 21:15:56
so,Humanities Data Science,Xisudiya Maamulku Xaruni,Somali,"{'translated_term': 'Xisudiya Maamulku Xaruni', 
 'translation_rationale': 'This is a direct translation of ""Humanities Data Science"" into Somali. The term ""Maamulku"" means knowledge or science, and ""Xisudiya"" refers to humans or people. This combination conveys the idea that Humanities Data Science deals with human knowledge and understanding using scientific methods.', 
 'translation_variations': ['Xisudiya Maamulko', 'Soomaali Muuqaalo'], 
 'contextualized_translation': 'The translated term ""Maamulku Xisudiya"" is more literal, while ""Muuqaalo Soomaali"" conveys a sense of Somali specificity and might be preferred in certain contexts.'}",llama3.2,2025-05-15T20:40:16.305297Z,1479171500.0,34843584.0,119.0,77721834.0,162.0,1365478666.0,stop,[],,2025-05-31 21:15:56
sq,Humanities Data Science,Të Dhënave e Shkenca e Kulturales,Albanian,"{'translated_term': 'Shkenca e Humane të Dhënave të Kësaj Lendi', 'translation_rationale': 'I took inspiration from ""Shkenca Humane"" and added ""të Dhënave"" and ""të Kësaj Lendi"" to convey the concept of data science within the humanities, emphasizing that it is a field that studies and analyzes human knowledge and experiences. The term ""të Kësaj Lendi"" means ""of this land"" or ""specifically"", highlighting the focus on humanistic approaches in data science.'}

Alternatively, I could suggest:

{'translated_term': 'Shkenca e Humaniste të Dhënave', 'translation_rationale': 'A more straightforward translation that combines ""Shkenca Humane"" (human sciences) with ""të Dhënave"" (data), emphasizing the intersection of humanistic and data-driven approaches. However, this term might not fully convey the nuances of data science in the humanities.'}

{'translated_term': 'Të Dhënave e Shkenca e Kulturales', 'translation_rationale': 'This option emphasizes ""të Dhënave"" (data) as a key component, and pairs it with ""Shkenca e Kulturales"" (cultural sciences), highlighting the focus on cultural and humanistic aspects in data science.'}",llama3.2,2025-02-27T23:20:53.254467Z,3400832333.0,26067917.0,155.0,95000000.0,284.0,3278000000.0,stop,"[{'translated_term': 'Shkenca e Humane të Dhënave të Kësaj Lendi', 'translation_rationale': 'I took inspiration from ""Shkenca Humane"" and added ""të Dhënave"" and ""të Kësaj Lendi"" to convey the concept of data science within the humanities, emphasizing that it is a field that studies and analyzes human knowledge and experiences. The term ""të Kësaj Lendi"" means ""of this land"" or ""specifically"", highlighting the focus on humanistic approaches in data science.'}, {'translated_term': 'Shkenca e Humaniste të Dhënave', 'translation_rationale': 'A more straightforward translation that combines ""Shkenca Humane"" (human sciences) with ""të Dhënave"" (data), emphasizing the intersection of humanistic and data-driven approaches. However, this term might not fully convey the nuances of data science in the humanities.'}, {'translated_term': 'Të Dhënave e Shkenca e Kulturales', 'translation_rationale': 'This option emphasizes ""të Dhënave"" (data) as a key component, and pairs it with ""Shkenca e Kulturales"" (cultural sciences), highlighting the focus on cultural and humanistic aspects in data science.'}]",Të Dhënave e Shkenca e Kulturales,2025-05-31 21:15:56
sr,Humanities Data Science,,Serbian,"{'translated_term': 'Хуманистичне дане о подацима' или 'Хуманистичнаanalyticska nauka',
 'translation_rationale': 'Prema tradiciji, ""humanities"" se traduje kao ""humi"" ili ""ludskih nauka"", te bi morao prilagođati termin za ""podatke"". 
 Googleov prenos uopšćeno je dobro, ali koristim 'xumaništi' ili 'xumanička' koji su više nepodržani i tradicionalni u serbštom jeziku. 
 drugi izbor 'Хуманистичнаanalyticska nauка' je još bolji, jer podržava tradiciju i klasifikaciju kao kombinacije ""humanities"" i ""data science"".'}
 
U svetu jeziku, 'humanitas' ili 'humi' odnosi se na ljudska kultura, umetnost ili nauke. U modernoj serbijskoj koristi, ovo se traduje kao 'хуманистичке', što je potpisano od 1990-tih godina.
 Podatci su tradicionalno klasificirani kao ""statistika"", ali moderna serbija koristi i engleski izraz ""data science"" ili moderne serbische korenizacije 'дане o подацима'.",llama3.2,2025-02-27T23:39:21.235815Z,3926572875.0,30166333.0,155.0,19000000.0,308.0,3875000000.0,stop,[],,2025-05-31 21:15:56
ss,Humanities Data Science,,Swati,"{'translated_term': 'Sipimbi ya Isayensi na Data Yebantfu', 
'translation_rationale': 'I used the root word ""sipimbi"" (meaning research or study) and combined it with ""Isayensi"" (humanities) to convey the field of Humanites Data Science. The suffix ""-yebantfu"" is a Swati grammatical marker indicating the plural form, as it is applied to nouns that have more than one part, signifying the interdisciplinary nature of Humanites Data Science.',
'alternative_terms': ['Isayensi na Data Yebantfu', 'Sipimbi ya Isayensi na Data', 'Taswala ya Isayensi yamiyelo']. 
'note': '(Note: While Google Translate suggested ""Isayensi Yemininingwane Yebantfu"", the term appears to be grammatically incorrect and thus was not adopted.)'}",llama3.2,2025-02-27T23:40:18.530678Z,1851340792.0,27036917.0,157.0,93000000.0,193.0,1728000000.0,stop,[],,2025-05-31 21:15:56
st,Humanities Data Science,Data Lekgotla la Hloma,Southern Sotho,"{'translated_term': 'Hloma Lekgotla le Data', 'translation_rationale': 'I chose ""Hloma Lekgotla"" as a more colloquial and informal term that combines elements of the Southern Sotho words for ""humanity"" (hloma) and ""science"" (lekgotla). This translation aims to convey the essence of Humanities Data Science in a way that is familiar to the local language. The addition of the suffix ""-le data"" helps to make it clear that this field is related to data science.'}

As an alternative, if I wanted to be more literal and use words that are directly translatable from English to Southern Sotho, I would suggest:

 {'translated_term': 'Data Lekgotla la Hloma', 'translation_rationale': 'This translation uses the word ""lekgotla"" which means ""science"" or ""knowledge"", and combines it with ""hloma"" meaning ""humanity"". This combination creates a phrase that roughly translates to ""Humanities Science"" or ""Science of Humanity"".'}

However, I believe the first suggested term is more natural and idiomatic in Southern Sotho.",llama3.2,2025-02-27T23:40:04.441633Z,2906164167.0,24452958.0,153.0,155000000.0,241.0,2725000000.0,stop,"[{'translated_term': 'Hloma Lekgotla le Data', 'translation_rationale': 'I chose ""Hloma Lekgotla"" as a more colloquial and informal term that combines elements of the Southern Sotho words for ""humanity"" (hloma) and ""science"" (lekgotla). This translation aims to convey the essence of Humanities Data Science in a way that is familiar to the local language. The addition of the suffix ""-le data"" helps to make it clear that this field is related to data science.'}, {'translated_term': 'Data Lekgotla la Hloma', 'translation_rationale': 'This translation uses the word ""lekgotla"" which means ""science"" or ""knowledge"", and combines it with ""hloma"" meaning ""humanity"". This combination creates a phrase that roughly translates to ""Humanities Science"" or ""Science of Humanity"".'}]",Data Lekgotla la Hloma,2025-05-31 21:15:56
su,Humanities Data Science,Élmu Data Kamanusaan,Sundanese,"{'translated_term': 'Élmu Data Kamanusaan', 'translation_rationale': 'The Google Translate API provided a suggestion, Élmu Data Kamanusaan, which roughly translates to ""Humanities Data Science"". I adopted this term as it closely aligns with the concept of combining data science with humanities. However, I considered adding ""Éngga"" (human or person) before Élmu to make the translation more precise and nuanced in Sundanese culture.'}",llama3.2,2025-02-27T23:40:11.943375Z,891482875.0,31297167.0,155.0,20000000.0,101.0,838000000.0,stop,"[{'translated_term': 'Élmu Data Kamanusaan', 'translation_rationale': 'The Google Translate API provided a suggestion, Élmu Data Kamanusaan, which roughly translates to ""Humanities Data Science"". I adopted this term as it closely aligns with the concept of combining data science with humanities. However, I considered adding ""Éngga"" (human or person) before Élmu to make the translation more precise and nuanced in Sundanese culture.'}]",Élmu Data Kamanusaan,2025-05-31 21:15:56
sv,Humanities Data Science,humanistisk datavetenskap,Swedish,"{'translated_term': 'humanistisk datavetenskap', 
 'translation_rationale': 'The suggested term ""Humanistisk datavetenskap"" directly translates the concept of Humanities Data Science into Swedish. The word ""humanistisk"" implies a focus on human knowledge and culture, while ""datavetenskap"" retains its scientific connotation. However, it is worth noting that this term may not perfectly capture the nuances of the field in English.', 
 'alternative_translations': ['humanitetsvetenskaplig analys', 'kulturell dataanalys', 'datahumaniora']}",llama3.2,2025-02-27T23:40:20.782425Z,1236646250.0,26685458.0,151.0,85000000.0,127.0,1123000000.0,stop,[],,2025-05-31 21:15:56
ta,Humanities Data Science,நிைச \திப்பு கொள்கை,Tamil,"{'translated_term': '\u0ba8\u0bbf\u0bc8\u0b9a \திப்பு கொள்கை', 'translation_rationale': 'The term ""Humanities Data Science"" can be broken down into two main components: \u0ba8\u0bbf\u0bc8 (manipulated concept) and \u0b95\u0bb4\u0ba9\u0b95 (data science). The prefix \u0ba8, meaning ""manus"", is a common root in many languages for concepts related to the humanities. Similarly, the suffix \u0b95 can be linked to data analysis or science. Together, these two words form a term that roughly translates to ""\u0ba8\u0bbf\u0bc8"" (humanistic approach) and then modifying it to include data science makes it \u0ba8\u0bbf\u0bc8 \u0b95\u0bb4\u0ba9\u0b95. The suggested translation using the Google Translate API seems accurate but a slight modification is made here.'}",llama3.2,2025-02-27T23:40:29.603619Z,2262499125.0,26427459.0,176.0,17000000.0,243.0,2217000000.0,stop,"[{'translated_term': 'நிைச \\திப்பு கொள்கை', 'translation_rationale': 'The term ""Humanities Data Science"" can be broken down into two main components: நிை (manipulated concept) and கழனக (data science). The prefix ந, meaning ""manus"", is a common root in many languages for concepts related to the humanities. Similarly, the suffix க can be linked to data analysis or science. Together, these two words form a term that roughly translates to ""நிை"" (humanistic approach) and then modifying it to include data science makes it நிை கழனக. The suggested translation using the Google Translate API seems accurate but a slight modification is made here.'}]",நிைச \திப்பு கொள்கை,2025-05-31 21:15:56
iu,Humanities Data Science,ဝᄑᄀიᇥ Ⴀკᇣᇤᄇ჈ᆰ,Inuktitut,"{'translated_term': '\u10a0\u10d9\u11e3\u11e4\u1107\u10c8\u11b0 \u101d\u1111\u1100\u10d8\u11e5', 'translation_rationale': 'I translated the term as \u10a0\u10d9\u11e3\u11e4\u1107\u10c8\u11b0 (Iginiq) which refers to knowledge, and added \u101d\u1111\u1100\u10d8\u11e5 (itjinniq) meaning human beings. This combination reflects the intersection of humanities and data science in Inuktitut language, highlighting the connection between knowledge acquisition and its application by humans.'}

Alternatively, a more literal translation could be:

{'translated_term': '\u101d\u1111\u1100\u10d8\u11e5 \u10a0\u10d9\u11e3\u11e4\u1107\u10c8\u11b0', 'translation_rationale': 'This translation uses the word for human beings (itjinniq) followed by iginiq, which means knowledge or understanding. This order is more literal and conveys the idea of humans acquiring and applying knowledge through data science.'}

Note: Inuktitut language has multiple dialects and variations, and this translation is based on standard Iginiq (inuktitut spoken in Nunavut) and itjinniq (itjinnik or inuktitut for human beings).",llama3.2,2025-05-15T20:33:53.525068Z,4012535416.0,27607041.0,126.0,75459708.0,329.0,3908664083.0,stop,"[{'translated_term': 'Ⴀკᇣᇤᄇ\u10c8ᆰ ဝᄑᄀიᇥ', 'translation_rationale': 'I translated the term as Ⴀკᇣᇤᄇ\u10c8ᆰ (Iginiq) which refers to knowledge, and added ဝᄑᄀიᇥ (itjinniq) meaning human beings. This combination reflects the intersection of humanities and data science in Inuktitut language, highlighting the connection between knowledge acquisition and its application by humans.'}, {'translated_term': 'ဝᄑᄀიᇥ Ⴀკᇣᇤᄇ\u10c8ᆰ', 'translation_rationale': 'This translation uses the word for human beings (itjinniq) followed by iginiq, which means knowledge or understanding. This order is more literal and conveys the idea of humans acquiring and applying knowledge through data science.'}]",ဝᄑᄀიᇥ Ⴀკᇣᇤᄇ჈ᆰ,2025-05-31 21:15:56
is,Humanities Data Science,érleikamannakunnun gagnafrædarvý,Icelandic,"{'translated_term': '\u00e9rleikamannakunnun gagnafr\u00e6darv\u00fd', 
 'translation_rationale': 'I modified the Google Translate suggestion to better fit Icelandic grammar and syntax. ""Érleikamannakunnun"" is a more idiomatic expression that translates to ""human knowledge field"" or ""humanities discipline"", while ""gagnafræði"" remains the same as it refers to ""sciences"" or ""fields of study"". The combination of these two words results in a more accurate and nuanced translation. Alternatives could be \u00e9rleikamannaskemt (human knowledge field) or gagnafr\u00eda (sciences), but the suggested term is a more balanced option.'}",llama3.2,2025-02-27T23:28:41.625807Z,1605264583.0,26600958.0,154.0,86000000.0,168.0,1491000000.0,stop,[],,2025-05-31 21:15:56
ny,Humanities Data Science,,Chichewa; Chewa; Nyanja,"Here's my attempt at translating 'Humanities Data Science' into Chichewa, Chewa, and Nyanja:

```json
{
  ""Chichewa"": {
    ""translated_term"": ""Sana a Tawiri la Data"",
    ""translation_rationale"": ""In Chichewa, 'sana' means knowledge or understanding, 'tawiri' refers to humanities or social sciences, and 'data' is a loanword from English. This combination captures the essence of Humanities Data Science."",
    ""alternative_terms"": [
      ""Data la Nyanja ya Kibinafsi"",
      ""Tawiri ya Data ya Kikabwero""
    ]
  },
  ""Chewa"": {
    ""translated_term"": ""Lingala la Tawi la Data"",
    ""translation_rationale"": In Chewa, 'lingala' means knowledge or understanding, 'tawi' refers to humanities or social sciences, and 'data' is a loanword from English. This combination conveys the idea of Humanities Data Science."",
    ""alternative_terms"": [
      ""Data ya Tawili la Nyanja"",
      ""Lingala la Kibinafsi""
    ]
  },
  ""Nyanja"": {
    ""translated_term"": ""Mwiridzi wa Data ya Kikabwero"",
    ""translation_rationale"": In Nyanja, 'mwiridzi' means knowledge or understanding, and 'data' is a loanword from English. Adding the prefix 'ya' implies connection to humanities or social sciences."",
    ""alternative_terms"": [
      ""Data la Tawili la Kikabwero"",
      ""Makala ya Data""
    ]
  }
}
```

Please note that language translation can be nuanced, and different speakers may have varying interpretations of the same term. These translations are just one possible interpretation and should be used as a starting point for further refinement.",llama3.2,2025-02-27T23:24:00.513039Z,4485428375.0,26017167.0,167.0,107000000.0,404.0,4351000000.0,stop,[],,2025-05-31 21:15:56
am,Humanities Data Science,তপ ভফ ৑ৈভ ঺াায,Amharic,"{'translated_term': '\u09a4\u09aa \u09ad\u09ab \u09d1\u09c8\u09ad \u09ba\u09be\u09be\u09af', 'translation_rationale': 'In Amharic,  (Humanity) is used to refer to the field of study that focuses on human experiences, cultures, and societies. The term  (\u09d1\u09c8\u09ad \u09ba\u09be\u09be\u09af) is a compound word consisting of  (\u09aa), meaning ""science"" or ""study"", and  (\u09ad \u09ab), which refers to knowledge or understanding. The root  (\u09d1\u09c8\u09ad) implies a connection to human experiences, making it suitable for the term ""Humanities Data Science"".', 'alternative_term': '\u09a4\u09aa \u09e9\u09be\u09a3 \u09d1\u09c8\u09ad' }",llama3.2,2025-05-15T20:30:15.873604Z,2291277459.0,26644792.0,123.0,22332458.0,223.0,2240961000.0,stop,"[{'translated_term': 'তপ ভফ \u09d1ৈভ \u09baাায', 'translation_rationale': 'In Amharic,  (Humanity) is used to refer to the field of study that focuses on human experiences, cultures, and societies. The term  (\u09d1ৈভ \u09baাায) is a compound word consisting of  (প), meaning ""science"" or ""study"", and  (ভ ফ), which refers to knowledge or understanding. The root  (\u09d1ৈভ) implies a connection to human experiences, making it suitable for the term ""Humanities Data Science"".', 'alternative_term': 'তপ ৩াণ \u09d1ৈভ'}]",তপ ভফ ৑ৈভ ঺াায,2025-05-31 21:15:56
ha,Humanities Data Science,,Hausa,"{'translated_term': 'Yankuna Data Science au Data Science ya Sanaa', 
 'translation_rationale': 'I translated it to Hausa by breaking down the term into its core components: ""Humanities"" translates to """" (Yankuna) which emphasizes the field of study, and ""Data Science"" is left as is. The phrase ""au"" is added to convey a sense of connection between the two terms.', 
 'alternative_terms': ['Sanaa Data Science', 'Data Science ya Kultur']}

Note: Hausa language often uses particles and prefixes to convey meaning, so I used """" (Yankuna) which literally means ""humanities"" but carries a broader connotation in Hausa culture.",llama3.2,2025-02-27T23:26:51.37682Z,1472627125.0,25643792.0,149.0,90000000.0,150.0,1355000000.0,stop,[],,2025-05-31 21:15:56
gd,Humanities Data Science,,Scottish Gaelic,"{'translated_term': 'Suidheans Daonnachdan A' Chànan Air aithris', 
 'translation_rationale': 'A combination of the Scottish Gaelic words for ""humanities"" (suidheans) and ""data science"" (daonnachdan), with the addition of the preposition air aithris to indicate a connection or relationship between the two concepts. The word ""a' chanan"" means ""of language"" or ""linguistic"", which could be seen as a nod to the interdisciplinary nature of Humanities Data Science.
 
Alternative translation suggestions:
 - Saidheans Dàta Daonnachdan (as provided by Google Translate)
 - Suidheans Ceannair Leisgeul A' Chànain (using the word ""ceannair"" which means ""chief"" or ""leading"", to emphasize the scientific aspect of data science)
 - Suidheans Daonnachdan Air a' Ghàidhlig (emphasizing the linguistic nature of Humanities Data Science, and using the word ""a' ghàidhlig"" to mean ""of language"")'}",llama3.2,2025-02-27T23:39:24.744251Z,2493260750.0,27386041.0,158.0,201000000.0,234.0,2263000000.0,stop,[],,2025-05-31 21:15:56
fy,Humanities Data Science,,Western Frisian,"{'translated_term': 'Deisgeaistige geanmeningssykology', 'translation_rationale': 
'Deisgeaistige' is derived from the English word 'data science', and 'geanmeningssykology' combines elements of 'humanities' (from the English term 'Humanities') with 'sykology', which means 'study of'. Alternative translations could be 'Geanmeningse geana' or 'Deisgeaistige kenningssykology'}

Additional alternatives:
{'translated_term': 'Hjûntidyske geana',
'translation_rationale': 
This translation incorporates elements of Western Frisian words, using 'hjûntid', which means 'study' or 'knowledge', and 'geana', which is a loanword for 'data'.}

Note that the translations are not direct equivalents but attempt to convey the meaning of the original term in the context of Western Frisian language.",llama3.2,2025-02-27T23:43:57.445098Z,1923187750.0,26449208.0,153.0,23000000.0,205.0,1872000000.0,stop,[],,2025-05-31 21:15:56
zh,Humanities Data Science,,Chinese,"{'translated_term': '', 'humanities_data_science': '\u732b\u4f8d\u7ae0\u65e5', 
'translation_rationale': 'Using a combination of Chinese characters, \u732b\u4f8d means ""Humanities"" and \u7ae0\u65e5 means ""Science"". Adding the suffix \u602a to indicate a field of study makes the translation more precise. This term is widely used in English to describe a multidisciplinary field that combines humanities and social sciences with data science.', 
'google_translate_suggestion': '\u4fdd\u6cd5\u7ae0\u65e5', 
'google_translate_suggestion_rationale': 'Google Translate API suggests \u4fdd\u6cd5\u7ae0\u65e5, which literally translates to ""Data Science"" but may not accurately convey the humanities aspect of the field.', 
'alternative_translations': '\u6b66\u5728\u7ae0\u65e5', '\u4fbb\u5c45\u7ae0\u65e5'}",llama3.2,2025-02-27T23:24:03.825685Z,2304289250.0,24466000.0,147.0,85000000.0,235.0,2192000000.0,stop,[],,2025-05-31 21:15:56
aa,Humanities Data Science,,Afar,"{'translated_term': 'Kulmiyntiin oytih misso', 
 'translation_rationale': 'I drew inspiration from the Afar word ""sehdaytiino"" which means ""science"" or ""knowledge"". I combined it with ""kulumintiin"", a term that roughly translates to ""humanities"" in Afar, but has a broader meaning of ""intellectual pursuits"" or ""higher learning"". The suffix ""-oytih misso"" implies a field of study or an academic discipline. This translation aims to convey the idea of interdisciplinary research and analysis in the humanities domain.', 
 'alternative_translations': ['Kulmiyntiin qaan' (emphasizing the human aspect), 'Sahooyta oytih misso' (using ""sahoo"", a term that roughly translates to ""world"" or ""humanity""), 'Dhalataytiino oytih' (focusing on the concept of knowledge)]}",llama3.2,2025-02-27T23:20:34.187414Z,1988694583.0,27475417.0,155.0,103000000.0,204.0,1855000000.0,stop,[],,2025-05-31 21:15:56
ab,Humanities Data Science,,Abkhaz,"{'translated_term': '\u05f0\u05d5\u056b\u0566\u0578\u0556\u056e\u0564\u0561\u0562\u057a\u056c\u0569\u0565\u0564 \u0434\u0430\u0441\u0430\u043a\u0443\u0441\u043f\u0430\u0444\u0442\u0438', 'translation_rationale': 'I have translated ""Humanities Data Science"" into Abkhaz by breaking down the term into its constituent parts and using relevant words from the Abkhaz language. The word \u05f0\u05d5\u0566 (ხუმანიტართ) refers to humanities, while \u0566\u0578\u0556 (დეტექტაცი) means detection or science. The suffix \u0442\u0430რსკი (\u0442) is a common one in Abkhaz to form nouns. I have also considered the Google Translate API\'s suggestion, which provides a similar translation but with slightly different word order and emphasis. I believe my suggested term accurately conveys the meaning of ""Humanities Data Science"" while respecting the nuances of the Abkhaz language.', 'alternative_terms': ['\u05f0\u05d5\u0566\u0564\u0578\u0556\u0442\u043e \u0434\u0441\u0430სეფა', '\u056b\u0578\u0556\u0564\u056a \u0434\u0441\u0430სეფა']",llama3.2,2025-02-27T23:20:27.847712Z,4439954459.0,27737750.0,175.0,126000000.0,380.0,4284000000.0,stop,[],,2025-05-31 21:15:56
ae,Humanities Data Science,vījān dastāvajī Šahrman,Avestan,"{'translated_term': 'šahrmanak vījān dastāvajī', 'translation_rationale': 'In Avestan, ""šahrmanak"" means ""humanity"" or ""mankind"", derived from the word for human being (""šahra-"") and the suffix ""-manak"", indicating a group or people. The term ""vījān"" refers to knowledge or wisdom. Combining these elements, ""šahrmanak vījān dastāvajī"" can be translated to ""humanity of knowledge"" or ""wisdom of humanity"". This translation attempts to convey the core idea of Humanities Data Science as a field that deals with the study and analysis of human knowledge and culture.'}

Note: Avestan language uses a non-Latin alphabet, which I've tried to represent using the provided ISO code. However, please note that translating technical terms into an ancient language like Avestan can be a challenging task, and different scholars might offer alternative translations.

Alternative translation:
{'translated_term': 'vījān dastāvajī Šahrman', 'translation_rationale': 'Using the phrase ""vījān dastāvajī"" (knowledge or wisdom) as the base term, this alternative translation adds ""Šahrman"", which means ""humanity"" or ""mankind"". This translation places humanity at the forefront of the study and analysis of knowledge and culture.'}",llama3.2,2025-02-27T23:22:04.541538Z,3035990500.0,25959667.0,123.0,17000000.0,301.0,2991000000.0,stop,"[{'translated_term': 'šahrmanak vījān dastāvajī', 'translation_rationale': 'In Avestan, ""šahrmanak"" means ""humanity"" or ""mankind"", derived from the word for human being (""šahra-"") and the suffix ""-manak"", indicating a group or people. The term ""vījān"" refers to knowledge or wisdom. Combining these elements, ""šahrmanak vījān dastāvajī"" can be translated to ""humanity of knowledge"" or ""wisdom of humanity"". This translation attempts to convey the core idea of Humanities Data Science as a field that deals with the study and analysis of human knowledge and culture.'}, {'translated_term': 'vījān dastāvajī Šahrman', 'translation_rationale': 'Using the phrase ""vījān dastāvajī"" (knowledge or wisdom) as the base term, this alternative translation adds ""Šahrman"", which means ""humanity"" or ""mankind"". This translation places humanity at the forefront of the study and analysis of knowledge and culture.'}]",vījān dastāvajī Šahrman,2025-05-31 21:15:56
af,Humanities Data Science,Geesteswetenskaplike Datawetenskap,Afrikaans,"{'translated_term': 'Geesteswetenskaplike Datawetenskap', 
 'translation_rationale': 'I have taken the suggested term from Google Translate and modified it slightly by adding ""geesteswetenskaplike"" (which is more idiomatic in Afrikaans) to make it sound more natural. The term ""Geesteswetenskaplike Datawetenskap"" roughly translates to ""Human Sciences/Study of Humanities Data Science"".', 
 'alternative_translations': ['Datawetenskap met geesteswetenskapse inhoud', 'Wetenskappe van die menslikheid: data en vermoedens']}",llama3.2,2025-02-27T23:20:42.493845Z,1346111084.0,25654709.0,158.0,93000000.0,145.0,1225000000.0,stop,[],,2025-05-31 21:15:56
ak,Humanities Data Science,Fumapɛ a Fiase,Akan,"{'translated_term': 'Fumapɛ a Fiase', 'translation_rationale': 'In Akan, ""Fumapɛ"" means ""knowledge"" or ""understanding"", and ""a Fiase"" is an expression that combines the word for ""humanity"" (Fiase) with the suffix ""-ase"", which implies a field of study. The term ""Fumapɛ a Fiase"" roughly translates to ""the knowledge of humanity"", which captures the essence of Humanities Data Science.', 'translation_alternatives': ['Nkabom a Akonta', 'Fiase a Fum'], 'notes': 'The translation alternatives, Nkabom a Akonta and Fiase a Fum, convey the idea of studying humanity through data and knowledge.'}",llama3.2,2025-05-15T20:30:09.830203Z,1572114167.0,27443584.0,121.0,74052875.0,161.0,1469910333.0,stop,"[{'translated_term': 'Fumapɛ a Fiase', 'translation_rationale': 'In Akan, ""Fumapɛ"" means ""knowledge"" or ""understanding"", and ""a Fiase"" is an expression that combines the word for ""humanity"" (Fiase) with the suffix ""-ase"", which implies a field of study. The term ""Fumapɛ a Fiase"" roughly translates to ""the knowledge of humanity"", which captures the essence of Humanities Data Science.', 'translation_alternatives': ['Nkabom a Akonta', 'Fiase a Fum'], 'notes': 'The translation alternatives, Nkabom a Akonta and Fiase a Fum, convey the idea of studying humanity through data and knowledge.'}]",Fumapɛ a Fiase,2025-05-31 21:15:56
an,Humanities Data Science,Ciencia de Datas en Humanidatzs,Aragonese,"{'translated_term': 'Ciencia de Datas en Humanidatzs', 'translation_rationale': 'The term ""Humanities Data Science"" can be translated to Aragonese by combining the words ""ciencia de dasas"" (meaning ""data science"") with the suffix ""-en humanidatzs"", which is derived from the Aragonese word ""humanitats"" meaning ""humanity"". This combination conveys the idea of applying data science methods to the study and analysis of humanities fields such as literature, history, philosophy, etc. Alternative translations could be ''Ciencia de Datas en Letras'' or ''Ciencia de Datas en Filosofía'', but these options are more limited in scope.', 'alternative_terms': ['Ciencia de Datas en Humanidatzs', 'Ciencia de Datas en Letras', 'Ciencia de Datas en Filosofía']}",llama3.2,2025-05-15T20:30:24.209775Z,1793449000.0,32993708.0,123.0,77670542.0,187.0,1681835375.0,stop,"[{'translated_term': 'Ciencia de Datas en Humanidatzs', 'translation_rationale': 'The term ""Humanities Data Science"" can be translated to Aragonese by combining the words ""ciencia de dasas"" (meaning ""data science"") with the suffix ""-en humanidatzs"", which is derived from the Aragonese word ""humanitats"" meaning ""humanity"". This combination conveys the idea of applying data science methods to the study and analysis of humanities fields such as literature, history, philosophy, etc. Alternative translations could be Ciencia de Datas en Letras or Ciencia de Datas en Filosofía, but these options are more limited in scope.', 'alternative_terms': ['Ciencia de Datas en Humanidatzs', 'Ciencia de Datas en Letras', 'Ciencia de Datas en Filosofía']}]",Ciencia de Datas en Humanidatzs,2025-05-31 21:15:56
io,Humanities Data Science,Scienso por La Persono,Ido,"{'translated_term': 'Scienso por La Persono', 'translation_rationale': 'The term ""Humanities Data Science"" can be roughly translated to ""Science of Human Life"" or ""Study of Human Knowledge"", which is closer to the Ido concept of ""La Persono"". This translation emphasizes the focus on understanding and analyzing human experiences, cultures, and knowledge. Alternative translations could include ""Scienso por La Kulturo"" (Science for Culture) or ""Data Analizio por la Persona"" (Data Analysis for Human Life), which highlight different aspects of the field.'}",llama3.2,2025-02-27T23:28:33.632639Z,1062321208.0,27183083.0,121.0,18000000.0,121.0,1015000000.0,stop,"[{'translated_term': 'Scienso por La Persono', 'translation_rationale': 'The term ""Humanities Data Science"" can be roughly translated to ""Science of Human Life"" or ""Study of Human Knowledge"", which is closer to the Ido concept of ""La Persono"". This translation emphasizes the focus on understanding and analyzing human experiences, cultures, and knowledge. Alternative translations could include ""Scienso por La Kulturo"" (Science for Culture) or ""Data Analizio por la Persona"" (Data Analysis for Human Life), which highlight different aspects of the field.'}]",Scienso por La Persono,2025-05-31 21:15:56
ar,Humanities Data Science,طبف ْمد الٓيعة,Arabic,"{'translated_term': '\u0637\u0628\u0641 \u0652\u0645\u062f \u0627\u0644\u0653\u064a\u0639\u0629', 'translation_rationale': 'The term ""Humanities Data Science"" can be translated to Arabic as ""\u0637\u0628\u0641 \u0652\u0645\u062f \u0627\u0644\u0653\u064a\u0639\u0629"". This translation is based on the word ""\u0637\u0628\u0641"" meaning ""humanities"", which refers to the study of human culture, history, and language. The word ""\u0652\u0645\u062f"" meaning ""data science"" has been added to indicate the application of scientific methods to humanities subjects. Alternatives could include ""\u0637\u0628\u0641 \u0653\u064a\u0639\u0644 \u0627\u0644\u0653\u064a\u0639\u0629"" (Humanities and Social Sciences) or ""\u0637\u0628\u0641 \u0646\u062d\u0646\u062f \u0627\u0644\u0653\u064a\u0639\u0629"", which focuses more on the quantitative aspect of humanities data science.', 'alternative_translations': ['\u0637\u0628\u0641 \u0652\u0645\u062f \u0627\u0644\u0653\u064a\u0639\u0629', '\u0637\u0628\u0641 \u0646\u062d\u0646\u062f \u0627\u0644\u0653\u064a\u0639\u0629']}",llama3.2,2025-05-15T20:30:21.391062Z,4495476084.0,31537625.0,119.0,75572333.0,373.0,4387262000.0,stop,"[{'translated_term': 'طبف ْمد الٓيعة', 'translation_rationale': 'The term ""Humanities Data Science"" can be translated to Arabic as ""طبف ْمد الٓيعة"". This translation is based on the word ""طبف"" meaning ""humanities"", which refers to the study of human culture, history, and language. The word ""ْمد"" meaning ""data science"" has been added to indicate the application of scientific methods to humanities subjects. Alternatives could include ""طبف ٓيعل الٓيعة"" (Humanities and Social Sciences) or ""طبف نحند الٓيعة"", which focuses more on the quantitative aspect of humanities data science.', 'alternative_translations': ['طبف ْمد الٓيعة', 'طبف نحند الٓيعة']}]",طبف ْمد الٓيعة,2025-05-31 21:15:56
as,Humanities Data Science,মানবিক ডেটা বিজ্ঞান,Assamese,"```json
{
  ""translated_term"": ""মানবিক ডেটা বিজ্ঞান"",
  ""translation_rationale"": ""The term 'Humanities Data Science' can be translated into Assamese by combining two key concepts: 'মানবিক' (manik), which refers to the humanities or humanistic disciplines, and 'ডেটা সৈন্স' (data saṃscitta), which means 'science of data'. The literal translation is 'মানবিক ডেটা সৈন্স', but I suggested 'মানবিক ডেটা বিজ্ঞান' to make it more idiomatic and flowing in Assamese. This translation captures the essence of Humanities Data Science as a field that deals with the scientific analysis and interpretation of humanistic data."",
  ""alternative_translations"": [
    {""original_term"": ""মানীয় তথ্য বিজ্ঞান"", ""translated_term"": ""মানবিক ডেটা বিজ্ঞান""},
    {""original_term"": ""হিউম্যানিটি ডেটা সায়েন্স"", ""translated_term"": ""মানবিক ডেটা বিজ্ঞান""}
  ]
}
```

Note that the alternative translations are also possible, but I suggested 'মানবিক ডেটা বিজ্ঞান' as the primary translation because it is more idiomatic and flowing in Assamese.",llama3.2,2025-02-27T23:21:33.803071Z,4335979000.0,26106917.0,173.0,80000000.0,398.0,4228000000.0,stop,"[{'original_term': 'মানীয় তথ্য বিজ্ঞান', 'translated_term': 'মানবিক ডেটা বিজ্ঞান'}, {'original_term': 'হিউম্যানিটি ডেটা সায়েন্স', 'translated_term': 'মানবিক ডেটা বিজ্ঞান'}]",মানবিক ডেটা বিজ্ঞান,2025-05-31 21:15:56
av,Humanities Data Science,ඤීඑභ ෱ෆ඿,Avaric,"{'translated_term': '\u09a4\u0dd1\u0db7 \u0d8e\u0dc6\u0d91\u0dd4 \u0dbf\u0db3\u0dd2', 'translation_rationale': 'The term is translated as """" or ""Science of Human Knowledge"" in Avaric, emphasizing the connection between human knowledge and science. The phrase """" highlights the focus on humanities disciplines within data science.'}

Note: \u09a4, \u0dd1, \u0db7, \u0d8e, \u0dc6, \u0d91, \u0dd4, \u0dbf, and \u0db3 are the Avaric script characters used in the translation. 

Alternative translations:

{'translated_term': '\u0da9\u0d99\u0db1 \u0dfc\u0dc6\u0daa', 'translation_rationale': 'This translation emphasizes the connection between science and human knowledge, focusing on the data-driven aspect of humanities disciplines.'}

Or,

{'translated_term': '\u0da4\u0dd3\u0d91\u0db7 \u0df1\u0dc6\u0dbf', 'translation_rationale': 'This translation combines elements of ""science"" and ""humanities"" to convey the interdisciplinary nature of data science in humanities fields.'}

These alternatives offer slightly different nuances, but all aim to capture the essence of ""Humanities Data Science"" in Avaric.",llama3.2,2025-02-27T23:21:44.555432Z,3490828916.0,30619916.0,168.0,19000000.0,324.0,3438000000.0,stop,"[{'translated_term': 'তෑභ ඎෆඑු \u0dbfඳි', 'translation_rationale': 'The term is translated as """" or ""Science of Human Knowledge"" in Avaric, emphasizing the connection between human knowledge and science. The phrase """" highlights the focus on humanities disciplines within data science.'}, {'translated_term': 'ඩ\u0d99න \u0dfcෆඪ', 'translation_rationale': 'This translation emphasizes the connection between science and human knowledge, focusing on the data-driven aspect of humanities disciplines.'}, {'translated_term': 'ඤීඑභ \u0df1ෆ\u0dbf', 'translation_rationale': 'This translation combines elements of ""science"" and ""humanities"" to convey the interdisciplinary nature of data science in humanities fields.'}]",ඤීඑභ ෱ෆ඿,2025-05-31 21:15:56
ay,Humanities Data Science,,Aymara,"{'translated_term': 'Sawiri Q'ara Ayllumi Q'illaqatiri Iñanaka Yupay Ch'ara', 
 'translation_rationale': 'I used the term ""Sawiri"" (humanity, scholarship) and combined it with ""Q'ara"" (data, knowledge), ""Ayllumi"" (science, method), and ""Q'illaqatiri"" (interdisciplinary, comprehensive approach). I also added ""Iñanaka Yupay Ch'ara"" to reflect the focus on applying data science methods to humanities. The term is a combination of Aymaran words that aim to convey the essence of Humanities Data Science in a way that is native and meaningful to the language.'}",llama3.2,2025-02-27T23:22:07.026288Z,1470654834.0,27203875.0,164.0,98000000.0,152.0,1343000000.0,stop,[],,2025-05-31 21:15:56
az,Humanities Data Science,Mənəvi Elmlər Məlumat Elmi,Azerbaijani,"{'translated_term': 'Mənəvi Elmlər Məlumat Elmi', 
 'translation_rationale': 'I have used ""Mənəvi Elmlər"" (Humanitarian Sciences) and added the suffix ""-Məlumat Elmi"" to incorporate both data science and information science aspects. This translation emphasizes the focus on knowledge and information in Humanities Data Science, while also highlighting its connection to humanistic disciplines.'}",llama3.2,2025-02-27T23:22:13.757555Z,1023505250.0,30311792.0,159.0,94000000.0,95.0,897000000.0,stop,[],,2025-05-31 21:15:56
ba,Humanities Data Science,Манuellык сағыштырусы,Bashkir,"{'translated_term': 'Манuellык сағыштырусы', 'translation_rationale': 'The term ""Humanities Data Science"" is translated to Bashkir as ""Манuellык сағыштырусы"", which literally means ""data processing of human sciences"". This translation choice reflects the core idea of Humanities Data Science, which involves applying data science techniques to humanities-related fields. The use of ""манuellык"" (humanities) and ""сағыштырусы"" (data processing) accurately conveys the intersection of humanities and data-driven approaches in this field.', 'alternative_terms': ['Манuellык аналитикасы', 'Датаны әнге кĕрткÿ']}

Note: The alternative terms I provided, ""Манuellык аналитикасы"" (Humanities Analytics) and ""Датаны әнге кĕрткÿ"" (Data for Human Sciences), offer slightly different nuances. ""Аналитикасы"" emphasizes the analytical aspect of Humanities Data Science, while ""Датаны әнге кĕрткÿ"" highlights the focus on humanities-related data.",llama3.2,2025-05-15T20:31:21.082002Z,3088871583.0,36908750.0,121.0,81608167.0,267.0,2969156917.0,stop,"[{'translated_term': 'Манuellык сағыштырусы', 'translation_rationale': 'The term ""Humanities Data Science"" is translated to Bashkir as ""Манuellык сағыштырусы"", which literally means ""data processing of human sciences"". This translation choice reflects the core idea of Humanities Data Science, which involves applying data science techniques to humanities-related fields. The use of ""манuellык"" (humanities) and ""сағыштырусы"" (data processing) accurately conveys the intersection of humanities and data-driven approaches in this field.', 'alternative_terms': ['Манuellык аналитикасы', 'Датаны әнге кĕрткÿ']}]",Манuellык сағыштырусы,2025-05-31 21:15:56
be,Humanities Data Science,Матэматычная лінгвістрыка дадзеных,Belarusian,"{'translated_term': 'Гуманітарныя навукі дадзеных', 'translation_rationale': 'I took inspiration from Google Translate's suggestion and added ""навукі"" (knowledge) to make the term more accurate and nuanced. The phrase ""Гуманітарныя навукі"" already conveys a sense of humanities, so adding ""дадзеных"" emphasizes the focus on data. This translation maintains the original meaning while refining it for Belarusian context.'}

Alternatively, I considered another option: {'translated_term': 'Матэматычная лінгвістрыка дадзеных', 'translation_rationale': 'This term might be more precise, as Humanities Data Science often involves quantitative analysis and mathematical modeling of linguistic data. However, the original phrase is still a good approximation and widely used in academic circles.'}

Note that Belarusian language has its own unique grammar and syntax, so translations can sometimes require creative adjustments to ensure accurate communication.",llama3.2,2025-02-27T23:22:37.047019Z,2025449458.0,26457542.0,160.0,91000000.0,207.0,1905000000.0,stop,"[{'translated_term': 'Матэматычная лінгвістрыка дадзеных', 'translation_rationale': 'This term might be more precise, as Humanities Data Science often involves quantitative analysis and mathematical modeling of linguistic data. However, the original phrase is still a good approximation and widely used in academic circles.'}]",Матэматычная лінгвістрыка дадзеных,2025-05-31 21:15:56
bg,Humanities Data Science,Сиутнитатлитни \dе \dана в \dаннуй,Bulgarian,"{'translated_term': '\u0421\u0438\u0443\u0442\u043d\u0438\u0442\u0430\u0442\u043b\u0438\u0442\u043d\u0438 \d\u0435 \d\u0430\u043d\u0430 \f\u0432 \d\u0430\u043d\u043d\u0443\u0439', 
'translation_rationale': 'The term ""Humanities Data Science"" combines the concepts of humanities and data science, which is reflected in the Bulgarian phrase ""\u0411\u0456\u043b\u044c\u0448\u043a\u0438 \u0434\u0430\u043d\u043d\u044f \u044e \u0432 \u043b\u0435\u0442\u043e\u0432\u0430\u043d\u0438\u0447\u043d\u044b\u0439"" (Bulgarian humanities and data science).',
'alternatives': ['\u0421\u043a\u043b\u0443 \u0434\u0435\u0442\u044f \u0434\u0430\u043d\u043d\u044c\u0438 \u0446 \u0434\u0430\u043d\u043d\u044f \u043e\u0441\u0442 \u043a\u043b\u0443 \u0438 \u043b\u0440\u0435\u0442\u0438 \u0434\u0430\u043d\u043d\u044f \u0437 \u0434\u0430\u043d\u043d\u044c\u0438\u044e', '\u0421\u043a\u043b\u0443 \u044f \u0434\u0435\u0442\u044f \u0441\u043a\u043b\u044f\u0436\u0440\u0430\u043b\u044f \u0434\u0430\u043d\u043d\u044c\u0438 \u0434\u0430\u043d\u043d\u044c\u043e\u0441 \u044a \u0437 \u0434\u0430\u043d\u043d\u044c\u0438\u044f']}",llama3.2,2025-02-27T23:23:23.595698Z,5676363375.0,24879792.0,153.0,87000000.0,496.0,5563000000.0,stop,[],,2025-05-31 21:15:56
bh,Humanities Data Science,न्ाी ंॏगपा आकम,Bihari,"{'translated_term': '\u0928\u094d\u093e\u0940 \u0902\u094f\u0917\u092a\u093e \u0906\u0915\u092e', 'translation_rationale': 'The term ""Humanities Data Science"" can be broken down into three main components in Bihari: (1) \u0928\u094d\u093e\u0940 (\u0902), which refers to the field of Humanities, (2) \u0906\u0915\u092e (\u0917\u092a), which means Data Science, and (3) \u092a\u093e (\u092a). To combine these concepts, I used the prefix \u0928\u094d\u093e (\u0940) to connect the two words together, resulting in \u0928\u094d\u093e\u0940 \u0902\u094f\u0917\u092a\u093e \u0906\u0915\u092e. This translation reflects the combination of Humanities and Data Science to create a new field of study.', 'alternatives': ['\u0928\u094d\u093e\u0940 \u0902\u093e\u093f \u0906\u0915\u092e', '\u092c\u093f \u0928\u094d\u093e \u0902\u094f\u0917\u092a\u093e']}

Note: The Bihari script is written using the Devanagari script, which may not be directly supported by all devices. I've used Unicode characters to represent the script in the output.",llama3.2,2025-02-27T23:22:58.667084Z,3748429000.0,23691458.0,161.0,20000000.0,348.0,3703000000.0,stop,"[{'translated_term': 'न्ाी ंॏगपा आकम', 'translation_rationale': 'The term ""Humanities Data Science"" can be broken down into three main components in Bihari: (1) न्ाी (ं), which refers to the field of Humanities, (2) आकम (गप), which means Data Science, and (3) पा (प). To combine these concepts, I used the prefix न्ा (ी) to connect the two words together, resulting in न्ाी ंॏगपा आकम. This translation reflects the combination of Humanities and Data Science to create a new field of study.', 'alternatives': ['न्ाी ंाि आकम', 'बि न्ा ंॏगपा']}]",न्ाी ंॏगपा आकम,2025-05-31 21:15:56
hi,Humanities Data Science,,Hindi,"{'translated_term': '\u0928\u094d\u0930 \u090f \u0915\u092e \u092b\u0947 \u092f\u094d \u0921\u0942', 'translation_rationale': 'The term ""Humanities Data Science"" can be translated to Hindi as ""\u0928\u094d\u0930 \u090f \u0915\u092e \u092b\u0947 \u092f\u094d \u0921\u0942"". Here, I have used the word ""\u0928\u094d\u0930"" which refers to ""mankind"" or ""humanity"", and ""\u090f \u0915\u092e \u092b\u0947"" means ""data science"". The suffix ""\u0921\u0942"" is added at the end to indicate a field of study. I have considered Google Translate API's suggestion as well, but modified it slightly to better convey the meaning. Alternative translations could be ""\u092f\u0931 \u0909\u0917\u092e \u092b\u0947 \u092f\u094d \u0921\u0942"" (referring to ""human studies"" or ""humanities""), but this may not capture the full scope of the term. ', 'alternative_translations': ['\u0928\u094d\u0930 \u090f \u0915\u092e \u092b\u0947 \u0921\u0942', '\u092f\u0931 \u0909\u0917\u092e \u092b\u0947 \u092f\u094d \u0921\u0942']}",llama3.2,2025-02-27T23:27:18.527716Z,3827516708.0,13958208.0,154.0,83000000.0,359.0,3729000000.0,stop,[],,2025-05-31 21:15:56
ht,Humanities Data Science,,Haitian,"{'translated_term': 'Syans done Syans imanitè nan maten syans', 
'translation_rationale': 'Utilize ""syans"" from Google's suggestion and modified it with ""imanitè"" to convey the concept of humanities, emphasizing its focus on the study of human experiences. Added ""nan maten"" to specify that this field is within the realm of science. This translation aims to capture the essence of Humanities Data Science in a Haitian context.', 
'alternative_translation': 'Syans nan imanité ak teknòlòj', 
'alternative_rationale': 'Alternative suggestion using ""syans nan imanité"" which means ""humanities sciences"", and combining it with ""ak teknòlòj"" to emphasize the intersection of humanities and technology. However, this translation seems more literal and loses some nuance.'}",llama3.2,2025-02-27T23:26:48.890909Z,1692870167.0,25071917.0,154.0,86000000.0,179.0,1580000000.0,stop,[],,2025-05-31 21:15:56
hy,Humanities Data Science,,Armenian,"{'translated_term': Մարքսիզմ տվյալների գիտություն, 'translation_rationale': 'I used the term Մարքսիզմ (Marxism) to describe the approach of analyzing data with a critical perspective on social structures and inequalities. This term is inspired by the idea that Humanities Data Science aims to uncover hidden patterns and relationships in societal phenomena using a nuanced understanding of human experiences and cultural contexts. I added տվյալ (data) to make it clear that this field involves the use of quantitative methods to analyze data. The term գիտություն (science) is used to describe the process of inquiry and discovery in Humanities Data Science.'}",llama3.2,2025-02-27T23:21:24.887367Z,2269318791.0,26281125.0,198.0,117000000.0,213.0,2124000000.0,stop,[],,2025-05-31 21:15:56
km,Humanities Data Science,,Khmer,"{'translated_term': វិទ្យាសាស្ត្រ​អំពី​គ្រឹស្ត​មនុស្ស, 'translation_rationale': 'I used the term ""វិទ្យាសាស្ត្រ"" which means &quot;science&quot; or &quot;study&quot;, and combined it with ""គ្រឹស្ត"" which means &quot;humanity&quot; or &quot;mankind&quot;, to convey the meaning of Humanities Data Science. The term is a direct translation of the English phrase, but I added an explanation to clarify the meaning behind each word. This translation is in line with Google Translate API\'s suggestion.'}",llama3.2,2025-02-27T23:30:02.780446Z,1784043291.0,22315833.0,193.0,127000000.0,176.0,1632000000.0,stop,[],,2025-05-31 21:15:56
ve,Humanities Data Science,,Venda,"{'translated_term': '\u0906\u0bb4\u09c5 \u08b8\u08a9\u08c7 \u0ba1\u0b95\u0bcd', 
 'translation_rationale': 
  'The term ""Humanities Data Science"" can be broken down into its individual components. In Venda, the word for ""humanities"" is \u0906\u0bb4\u09c5 (vihu), which refers to the study of human culture, history, and social sciences. The word for ""data science"" is \u08b8\u08a9\u08c7 \u0ba1\u0b95\u0bcd (saintsi ya datha), as suggested by Google Translate. Combining these two words creates the translation \u0906\u0bb4\u09c5 \u08b8\u08a9\u08c7 \u0ba1\u0b95\u0bcd, which means ""the science of studying human culture and data"".', 
  'Alternative translation: Vihu la Datha ya Vhuthu (using a more idiomatic expression for ""humanities"") could be an alternative way to express the concept of Humanities Data Science in Venda.'}",llama3.2,2025-02-27T23:43:07.50706Z,3051444209.0,25181167.0,155.0,89000000.0,264.0,2935000000.0,stop,[],,2025-05-31 21:15:56
ur,Humanities Data Science,,Urdu,"{'translated_term': 'مानवیت میں ڈیٹا سائنس اور انسانی علوم', 
 'translation_rationale': 'میں نے 'ہیومینٹیز ڈیٹا سائنس' سے شروع کیا، لیکن یہ بات بھی پتہ چل گئی کہ 'مानवیت میں ڈیٹا سائنس اور انسانی علوم' کو زیادہ موثر اور محض کے طور پر اچھی لگتا ہے. یہ اصطلاح ماہرین کے لیے ایک مختصر اور موثر اصطلاح ہے جو انسانی علوم، لسانیات اور دیگر Humanities سے متعلق ڈیٹا سائنس کو بیان کرتی ہے. ' 
 'alternative_translations': ['انسانیت کی Sciences and Data Science', 'مानव علوم میں ڈیٹا سائنس', 'مानवیت میں ڈیٹا سائنس اور انسانی سیکھنے']}",llama3.2,2025-02-27T23:42:57.32434Z,2614126708.0,27003583.0,159.0,107000000.0,263.0,2478000000.0,stop,[],,2025-05-31 21:15:56
tl,Humanities Data Science,,Tagalog,"{'translated_term': 'Pagsasagawa ng Agham sa Kakaisipan at Silang Manggagamit ng Data', 
'translation_rationale': 
'Ang termino ""Humanities Data Science"" ay nagbabatay sa konsep ng agham na may kinalaman sa sining, pananaliksik, at kabesera ng kultura. Sa Tagalog, nagbabasa ang salitang ""Pagsasagawa ng Agham sa Kakaisipan at Silang Manggagamit ng Data"" bilang isang pormal na paggalang sa diskipline at kaugnayan nito sa makabuluhang datos.
 
Ang term ""Silang Manggagamit ng Data"" ay ang katayuang pangkasaysayan ng data at kung paano inaalok ng agham upang magpatikim sa makabuluhang datos, ang pagtatala, ang pananaliksik, at mga kabesera ng kultura.
 
Ang termino ""Humanities"" ay nagmumula sa Latin na 'humanitas', na nagbabatay sa ideya ng isang kalidad o ugali ng karaniwan, katutubong, at humanista. Sa Tagalog, ang salitang ""Kakaisipan"" ay nagbibigay ng kahusayan sa konsep ng humanidades, kaya ang terminong 'Pagsasagawa ng Agham sa Kakaisipan' ay nangangahulugang karaniwan at katutubong.

 
Ang termino ""Data Science"" ay isang pormal na term na nagmumula sa Ingles, na sinasabing ang agham ay may kinalaman sa pagtatala ng datos at pagsasaliksik nito. Sa Tagalog, ang terminong 'Silang Manggagamit ng Data' ay nangangahulugang mag-aalok ng makabuluhang datos upang magpatikim sa mga kaugnayan sa kultura, sining, pananaliksik, at kabesera.'",llama3.2,2025-02-27T23:41:28.554489Z,5749190625.0,26968709.0,149.0,147000000.0,462.0,5573000000.0,stop,[],,2025-05-31 21:15:56
sw,Humanities Data Science,,Swahili,"{'translated_term': 'Uhandisi wa Binadamu wa Data', 
'translation_rationale': 'Ninachagua Swahili ""Uhandisi wa Binadamu wa Data"" kwa sababu inaelezea dhana ya ""Humanities Data Science"" katika lugha isiyoegemea mfumo na inakubaliana nayo. 
Kumbuka kwamba kutumia Swahili ""Sayansi ya Data ya Binadamu"" kunaweza kuonekana kama zaidi la kigeni, kwa hivyo ninachagua mwelekeo wa pili ambao unashughulikia asili ya utafiti katika nyanja mbalimbali za sayansi na kihistoria. 
Uhandisi wa Binadamu wa Data ni jina linalounganisha uwanja wa tafiti wa data, ambapo wanajaribu kutumia wimbi katika uchanganuzi na utafutaji wa data.'}",llama3.2,2025-02-27T23:40:15.664774Z,2709633292.0,25976625.0,155.0,85000000.0,224.0,2597000000.0,stop,[],,2025-05-31 21:15:56
sd,Humanities Data Science,,Sindhi,"{'translated_term': '\u0627\u0646\u0645\u06ccਨਜ ਡੇਟਾ ਸੀਐਨਸ', 'translation_rationale': 'I have modified the Google Translate API suggestion to better suit Sindhi language structure. In Sindhi, ""ਹਿਊਮਨਟੀਜ਼"" is derived from English ""Humanities"", and ""ਡੇਟਾ"" means ""Data"". The prefix ""ਸੀਐਨਸ"" (Science) is added to indicate the field. However, in Sindhi language, it might be more common to use the word ""ਵਿਗਿਆਨ"" (Vigyan), which also means ""Science"". This could be an alternative translation.', 'alternative_translation': '\u0627\u0646ਮਾਨਵ ਜੀਵਨ \u0631ਸ਼ਾਸਤ੍ਰ' + 'ਡੇਟਾ ਸਾਇੰਸ', 'alternative_rationale': 'This alternative translation incorporates the Sindhi word for ""Humanities"" (ਹਿਊਮਨਵ ਜੀਵਨ) and adds the English term ""Science"" with a Sindhi suffix (-ਸ਼ਾਸਤ੍ਰ) to indicate the field, along with the Sindhi word for ""Data"" (ਡੇਟਾ).'}",llama3.2,2025-02-27T23:39:03.707198Z,4288978541.0,29259041.0,162.0,19000000.0,345.0,4239000000.0,stop,[],,2025-05-31 21:15:56
sa,Humanities Data Science,,Sanskrit (Saṁskṛta),"{'translated_term': '\u0928\u093e\u094d\u0950 \u090f\u0934\u0915\u093e\u0947 \u090f\u0932', 
 'translation_rationale': 'The term ""Humanities Data Science"" is composed of two English words: ""Humanities"" and ""Data Science"". The Sanskrit word \u0928\u093e (\uparva) means ""knowledge"" or ""study"", while \u094d\u0950 (\upasthiti) refers to ""humanity"" or ""human being"". \u090f\u0934 (\uccidhya) is derived from the root \u0901 (\uccilika), which means ""science"" or ""knowledge"". Therefore, a possible translation for ""Humanities Data Science"" could be \u0928\u093e\u094d\u0950 \u090f\u0934\u0915\u093e\u0947 \u090f\u0932, which combines the concepts of knowledge/study (parva), humanity/human being (upasthiti), and science/knowledge (uccidhya). This term is closer to the Google Translate API's suggestion (\u0928\u093e\u094d\u0950 \u090f\u0934\u0915\u093e\u0947), but with a more nuanced combination of words.', 
 'alternatives': ['\u0928\u093e\u094d\u0950 \u090f\u0932 \uccilika', '\u0928\u093e\u094d\u0950 \u090f\u0934\u0915\u093e\u0947 \uccilika', '\u0928\u093e\u094d\u0950 \u090f\u0934\u0915\u093e\u0947 \uccilika']}

Note: The Sanskrit words used in the translation are based on the ISO 15924 standard for Sanskrit.",llama3.2,2025-02-27T23:38:28.064464Z,4523011041.0,26467791.0,175.0,219000000.0,414.0,4276000000.0,stop,[],,2025-05-31 21:15:56
ru,Humanities Data Science,,Russian,"{'translated_term': '\u0413\u0449 \u0434\u0430\u0442\u0430 \u0441\u044b\u043a\u044f', 
 'translation_rationale': 'The translation aims to maintain the original meaning while adapting it to Russian terminology. The term ""Гуманитарные науки"" is a common way to refer to Humanities in Russia, and combining it with ""\u0441\u044b\u043a\u0440 \u0434\u0430\u0442\u0430"" (science of data) maintains the original intent of referring to Data Science within the field of Humanities. The resulting term ""Гуманитарные науки - Наука о данных""' would be more literal but less idiomatic, hence I chose a more common and natural-sounding Russian translation.'}",llama3.2,2025-02-27T23:38:22.529471Z,1647340708.0,28346375.0,154.0,89000000.0,174.0,1528000000.0,stop,[],,2025-05-31 21:15:56
rm,Humanities Data Science,,Romansh,"{'translated_term': 'Datascientza a dalsci umanis' , 
'translation_rationale': 'The term ""Humanities Data Science"" combines the Latin ""umanitas"", meaning human studies or humanities, with the English word ""science"", which is also used in many languages. In Romansh, I replaced ""Science"" with the Latinized form ""Datascientza"" and added ""a dalsci umanis"" to convey the idea of studying humanity. This translation maintains the original term's emphasis on human studies while incorporating the Romansh language.'}

Alternative translations:

- 'Datascientza humanities': This uses a more literal approach, directly translating ""Humanities Data Science"" into Romansh without adding any modifying phrases.
- 'Scienza da dalsci umanis': This uses the English word ""Science"" and the Romansh preposition ""da"", followed by ""dalsci umanis"" to maintain the original term's structure.",llama3.2,2025-02-27T23:38:09.568058Z,1724176375.0,28522000.0,121.0,21000000.0,203.0,1672000000.0,stop,[],,2025-05-31 21:15:56
pt,Humanities Data Science,,Portuguese,"{'translated_term': 'Ciência de Dados nas Humanidades', 
 'translation_rationale': 'The term ""Humanities Data Science"" can be translated to ""Ciência de Dados nas Humanidades"", which literally means ""Data Science in the Humanities"". I chose this translation because it maintains the original phrase's structure and conveys the same meaning. Using ""em"" instead of ""a"" allows for a broader scope, encompassing all humanities disciplines rather than just one specific field like arts or social sciences.
 
 Alternative translations: 
 - ""Ciência dos Dados da Cultura"" (Culture Data Science): This translation emphasizes the cultural aspect often found in humanistic studies and data science collaboration.
 - ""Ciência de Dados e Humanidades Cênicas"" (Cultural Data Science): This option highlights the connection between humanities and data-driven methods in a more performative sense.'}",llama3.2,2025-02-27T23:37:48.622671Z,1741816500.0,27927958.0,151.0,88000000.0,182.0,1624000000.0,stop,[],,2025-05-31 21:15:56
pl,Humanities Data Science,,Polish,"{'translated_term': 'Nauki humanistyczne danych Nauka', 'translation_rationale': 'Wydaje się, że najbardziej precyzyjna i praktyczna wersja ''Nauki humanistyczne Nauka o danych''''}
 
 Alternatywy:
 - '''Badanie społeczne dane'''
 - '''Nauki ludzkie analizę danych'''
 - '''Analityka społeczeństwa Nauka'''

 Rationale: 
- Początkowa wersja ''Nauki humanistyczne Nauka o danych'' ma sens, ponieważ nawiązuje do tradycyjnych nauk humanistycznych i pozwala umieścić naukę o danach w jej kontekście.
- Wersja '''Badanie społeczne dane''' jest bardziej praktyczna, ponieważ podkreśla aspekt badawczy, który jest kluczowy dla nauki danych.
- Wersja '''Nauki ludzkie analizę danych''' jest bardziej ekspresyjna i przypomina tradycyjne nazwy nauk humanistycznych, takich jak psychologia czy filozofia.",llama3.2,2025-02-27T23:37:34.881808Z,3990662041.0,28743000.0,155.0,88000000.0,273.0,3872000000.0,stop,[],,2025-05-31 21:15:56
os,Humanities Data Science,,"Ossetian, Ossetic","```json
{
  ""translated_term"": ""Гуманитарон наукæты бæрæггæнæнты наукæ"",
  ""translation_rationale"": ""The suggested term from Google Translate is already quite close to the literal translation of 'Humanities Data Science'. However, I have kept it as it is since it conveys the main idea. The term \""Гуманитарон наукæты бæрæггæнæнty\) in Ossetian language combines the words for 'humanity' (გუმარი, gumari), 'science' (наукæ, naukæ), and 'research/analysis' (бæрæггæнæнты, bærægnaenty). Although this term is not a perfect equivalent of the English phrase 'Humanities Data Science', it accurately conveys the core concept."",
  ""alternatives"": [
    {""original_term"": ""Гуманитарон наукæты бæрæггæнæнны æлмæты"", 
     ""translation_term"": ""Gumarian naukæty bæræggaenty almta"",
     ""rationale"": ""This alternative translation emphasizes the 'almta' (ælmta) suffix in Ossetian, which is often used to denote research or analysis, making it a viable option for conveying the English phrase 'Humanities Data Science'.""},
    {""original_term"": ""Гуманитарон наукæты бæрæггæнæны"", 
     ""translation_term"": ""Gumarian naukæty bæræggaenty"",
     ""rationale"": ""This alternative translation drops the 'nty' suffix, which is often used to denote methodology or approach in Ossetian language. It can be seen as a more concise and direct way of translating the English phrase.""}
  ]
}
```
Note that translating from English into Ossetian is always an iterative process that requires refinement and revision based on linguistic nuances and idiomatic expressions unique to the language. This translation may not perfectly capture the subtleties of the original term 'Humanities Data Science', but it aims to provide a starting point for further exploration and refinement.",llama3.2,2025-02-27T23:36:14.812825Z,5745385291.0,23432625.0,177.0,113000000.0,484.0,5607000000.0,stop,[],,2025-05-31 21:15:56
or,Humanities Data Science,,Oriya,"{'translated_term': 'ମାନବିକତା ତଥ୍୯ ବିଜ୍ଞାନ', 
'translation_rationale': 'The term ""Humanities Data Science"" can be translated directly from Oriya using the given term as a starting point. However, to provide an alternative, I would suggest ""ମାନବିକତ ଆર್‌‍ ଡેટ ସায়েન্স"" (Mānabikta ār ṭhīṭ yñaścena), which roughly translates to ""Human Knowledge Science"" or ""Data Science of Humanities"".', 
'alternative_translation': 'ମାନବିକ ତଥ್୯ ଗણିત' (Mānabika thita ganiṭ), which can be translated to ""Human Knowledge Mathematics"" or ""Mathematics of Humanities"".', 
'notes': 'While the given term is a direct translation, using ""Human Knowledge Science"" provides more context and clarity in terms. Alternative translations like ""Human Knowledge Mathematics"" are also possible.'}",llama3.2,2025-02-27T23:36:03.733455Z,3503254125.0,23661166.0,200.0,122000000.0,308.0,3355000000.0,stop,[],,2025-05-31 21:15:56
my,Humanities Data Science,,Burmese,"{'translated_term': 'လူသား ဒေတာရုံ့ပညာ', 
 'translation_rationale': 'I suggested the translation ""လူသား ဒေတာရုံ့ပညာ"" as a literal translation of the term ""Humanities Data Science"". However, I considered modifying it to make it more contextually appropriate. In Burmese, the word ""ဒေတာ"" (tha) can be translated to various fields depending on its usage, such as စူးကိုင် (tha-yauk), which refers to computer science. To make it more precise, I used the suffix ""-ရုံ့"" (-yin-sit) from the term ""ဒေတာရုံ့ပညာ"" (tha-yin-sit), which is a compound word meaning ""data science"". 

This translation maintains the core idea of combining humanities with data science, while making it more culturally relevant and nuanced. I also considered using လူသား ဒေတာရုံ့ပညာ as an alternative term to convey a similar meaning.', 
 'alternative_terms': ['လူသား ဒေတာရုံ့ပညာ', 'စူးကိုင် လူသားချမ်း'], 
 'notes': 'The use of the suffix ""-ရုံ့"" (-yin-sit) is specific to Burmese and may not be directly translatable in other languages. However, it aims to convey a sense of combining humanities with data science while being culturally relevant.'}",llama3.2,2025-02-27T23:23:34.319592Z,5747142291.0,27281791.0,184.0,21000000.0,458.0,5696000000.0,stop,[],,2025-05-31 21:15:56
cv,Humanities Data Science,,Chuvash,"{'translated_term': '\u041c\u0430\u0443\u044b\u0437\u0438 \d\u0432\u0435\u0444\u043e\u0441\u044f\u043d\u0449\u0435 \d\u0430\u043d\u043a\u044e', 'translation_rationale': 'The term is a direct translation of the phrase, using the Chuvash word '\u043c\u0430\u0443\u0442\u0438' (meaning ""humanity"" or ""people"") as the base and combining it with ""\u0434\u0430\u043d\u043d\u0438\u0449\u0435"" (meaning ""science"" or ""study""). This translation reflects the field\'s focus on human knowledge and its application. Alternative translations could include using \u041f\u0435\u0442\u044e\u0444\u043a\u0430 (\u0434\u0430\u043d\u043d\u044f\u0449\u0435) meaning ""petitions"" or ""\u0421\u0443\u0444\u043b\u0438 \d\u0430\u043d\u043a\u044e"" (the Science of people), to emphasize the interconnectedness between human sciences and the scientific method.'}",llama3.2,2025-02-27T23:24:07.830198Z,2991103458.0,24021958.0,161.0,89000000.0,278.0,2876000000.0,stop,[],,2025-05-31 21:15:56
mh,Humanities Data Science,,Marshallese,"{'translated_term': 'Elaan Ailokilolel Daseo Ngaroikolel', 
 'translation_rationale': 'I translated ""Humanities Data Science"" into Marshallese by combining elements of the two concepts. ""Elaan"" (elān) means ""humanity"" or ""people,"" and it is a common term used in Marshallese to refer to humans or human beings. ""Ailokilolel"" (ailōkīlōlēl) can be roughly translated to ""science"" or ""knowledge."" Adding ""-Daseo"" (-dāsēō) means ""of science"" or ""related to science,"" which is a suffix used in Marshallese to indicate a connection or relation. Finally, adding the suffix ""-Ngaroikolel"" (-ngārōīkōlēl) emphasizes the field of study, similar to how ""-ology"" does in other languages. 
 Alternatives: 
 * ""Kanek Ailokilolel"" (kanēk āilōkīlōlēl), which uses a more formal term for humanity (""kanek"") and maintains the connection to science.
 * ""Elaen Daseo Ngarajelel"" (elāēn dāsēō ngārājēl), where ""ngarajelel"" (ngārājēl) is a more general term for knowledge or study.'}",llama3.2,2025-02-27T23:32:44.334681Z,3857103917.0,28603667.0,151.0,99000000.0,315.0,3728000000.0,stop,[],,2025-05-31 21:15:56
mg,Humanities Data Science,,Malagasy,"{'translated_term': 'Sasahana data siviteny', 
'translation_rationale': 'Sasahana' translates to 'humanities' in Malagasy, and 'data' is already a direct loanword from English. However, to maintain consistency with the Malagasy naming convention for fields of study, I added 'siviteny' which means 'science'.', 
'alternative_translations': ['Sasahana data analohy' (Humanities Data Analysis), 'Sasahana data saka' (Humanities Data Foundation)]}",llama3.2,2025-02-27T23:32:13.801177Z,1162336042.0,29295792.0,151.0,84000000.0,121.0,1047000000.0,stop,[],,2025-05-31 21:15:56
lt,Humanities Data Science,,Lithuanian,"{'translated_term': 'Humanitariniai duomenų mokslai', 'translation_rationale': 'I used ""Humanitariniai"" (humanitarian) because it emphasizes the interdisciplinary and human-centered aspects of Humanities Data Science. I combined it with ""duomenų mokslai"" (data science), which is a direct translation of the term, to convey the focus on data analysis in Humanities fields.', 'alternative_translation': 'Humanitariniai mokslų duomenų analizė' - This alternative emphasizes the analytical aspect of Humanities Data Science and uses ""analizė"" (analysis) instead of ""mokslai"" (science) to convey a more specific process.'}",llama3.2,2025-02-27T23:31:48.667333Z,1468455583.0,29281208.0,165.0,92000000.0,153.0,1344000000.0,stop,[],,2025-05-31 21:15:56
lb,Humanities Data Science,,Luxembourgish,"{'translated_term': 'Gespréischek datenwëse Kéier,' 
 'translation_rationale': 'The phrase ""Humanities Data Science"" can be translated to ""Gespréischek"" which means "" Humanities"" in Luxembourgish. The term ""datenwëse"" is used to describe data science, and the suffix ""-Kéier"" is added to imply a connection or an approach related to data science. An alternative translation could be ""Humanités-Data-Wisenschaft"" but it sounds more formal and less common in spoken Luxembourgish.'}

Note: In Luxembourgish, the term ""Gespréischek"" typically refers to the humanities as a whole, including literature, history, philosophy, etc. The suffix ""-Kéier"" is often used to indicate a connection or an approach related to data science, making it suitable for describing Humanities Data Science.",llama3.2,2025-02-27T23:31:18.903194Z,1978970959.0,26715709.0,149.0,105000000.0,190.0,1845000000.0,stop,[],,2025-05-31 21:15:56
ks,Humanities Data Science,,Kashmiri,"{'translated_term': '', 'translation_rationale': 'The term \u06c5\u0627\u0631\u0648\u0644\u064a\u0633 (\u064f\u0627\u0632\u064a\u0627\u062d\u064e\u0627) is often used in the context of humanistic research and data analysis. In Kashmiri, it can be translated as \u06c5\u0627\u0631\u0648\u0644\u064a\u0633 (\u064f\u0627\u0632\u064a\u0627\u062d\u064e\u0627) with the meaning of ""research on human knowledge"" or ""analysis of human studies"". The term can be further refined to \u06c5\u0627\u0631\u0648\u0644\u064a\u0633 (\u064f\u0627\u0632\u064a\u0627\u062d\u064e\u0627), which includes the concept of ""science"" in its meaning. However, due to the complex and nuanced nature of Human Data Science, it may be challenging to convey its full scope with a single term.', 'alternatives': ['\u06c5\u0627\u0631\u0648\u0644\u064a\u0633 (\u064f\u0627\u0632\u064a\u0627\u062d\u064e\u0627) + \u0645\u0644\u062f (\u0646\u0627\u0629\u0648\u0647)', '\u06c5\u0627\u0631\u0648\u0644\u064a\u0633 (\u064f\u0627\u0632\u064a\u0627\u062d\u064e\u0627) + \u0627\u0646\u0627\u0629\u0644']}

Note: The provided translation may not be perfect due to the complexities of Kashmiri language and the nuances of Human Data Science. The suggested alternatives are also provided to capture the essence of the term in different ways.",llama3.2,2025-05-15T20:34:32.61481Z,5367548584.0,37252542.0,121.0,75804916.0,440.0,5253277625.0,stop,"[{'translated_term': '', 'translation_rationale': 'The term ۅاروليس (ُازياحَا) is often used in the context of humanistic research and data analysis. In Kashmiri, it can be translated as ۅاروليس (ُازياحَا) with the meaning of ""research on human knowledge"" or ""analysis of human studies"". The term can be further refined to ۅاروليس (ُازياحَا), which includes the concept of ""science"" in its meaning. However, due to the complex and nuanced nature of Human Data Science, it may be challenging to convey its full scope with a single term.', 'alternatives': ['ۅاروليس (ُازياحَا) + ملد (ناةوه)', 'ۅاروليس (ُازياحَا) + اناةل']}]",,2025-05-31 21:15:56
bi,Humanities Data Science,Yumel blong Deta Sientistik wa Humani,Bislama,"{'translated_term': 'Yumel blong Deta Sientistik wa Humani', 'translation_rationale': 'Combining ""Humanity"" (Bislama: yumel) with ""Data Science"" (Bislama: deta), using the prefix ""yumel-"" to convey a sense of humanity, and adding the suffix ""-blong"" to indicate connection or association. Alternative: Yumel blong Data wa Feli, where ""Feli"" implies a broader scope of human knowledge.'}",llama3.2,2025-02-27T23:23:02.591959Z,930613958.0,28874125.0,123.0,22000000.0,107.0,877000000.0,stop,"[{'translated_term': 'Yumel blong Deta Sientistik wa Humani', 'translation_rationale': 'Combining ""Humanity"" (Bislama: yumel) with ""Data Science"" (Bislama: deta), using the prefix ""yumel-"" to convey a sense of humanity, and adding the suffix ""-blong"" to indicate connection or association. Alternative: Yumel blong Data wa Feli, where ""Feli"" implies a broader scope of human knowledge.'}]",Yumel blong Deta Sientistik wa Humani,2025-05-31 21:15:56
bm,Humanities Data Science,Bamako Jeno Daba,Bambara,"{'translated_term': 'Bamako Jeno Daba', 'translation_rationale': 'The term ""Humanities Data Science"" can be roughly translated to Bambara as ""Bamako Jeno Daba"", which combines the concept of knowledge and data from the Humanities with the scientific approach of Daba. The word ""Jeno"" means ""science"" or ""study"", while ""Daba"" refers to the systematic collection, analysis, and interpretation of data.'}

Note: In Bambara, 'Bamako' is used as a prefix to indicate something related to the city, which in this case implies a connection to knowledge or learning. The word 'Jeno Daba' can be broken down into two parts: 'Jeno', which means 'science' or 'study', and 'Daba', which refers to the systematic collection, analysis, and interpretation of data.",llama3.2,2025-05-15T20:31:16.962571Z,1726333542.0,29175250.0,121.0,20707916.0,181.0,1675345500.0,stop,"[{'translated_term': 'Bamako Jeno Daba', 'translation_rationale': 'The term ""Humanities Data Science"" can be roughly translated to Bambara as ""Bamako Jeno Daba"", which combines the concept of knowledge and data from the Humanities with the scientific approach of Daba. The word ""Jeno"" means ""science"" or ""study"", while ""Daba"" refers to the systematic collection, analysis, and interpretation of data.'}]",Bamako Jeno Daba,2025-05-31 21:15:56
bn,Humanities Data Science,বজ খএঝঈদসকा,Bengali,"{'translated_term': '\u09ac\u099c \u0996\u098f\u099d\u009b\u0988\u09a6\u0092\u09b8\u0995\u093e', 'translation_rationale': 'The term ""Humanities Data Science"" has been translated to মানবিক ডেটা সains (Mānビk Dētā Sain) in Bengali, which combines the concepts of মানবিক (mānvis), meaning ""human"", with ডেটা সাইন্স (dēta sain), meaning ""data science"". The term aims to reflect the interdisciplinary approach that integrates humanistic knowledge and data-driven methods. Alternatives could be \u09ac\u099c \u0996\u098f\u009f\u093e\u09b2\u0988\u09a6 (Mānvis Dētā Sain) or \u09ac\u099c \u0996\u098f\u09d1\u0947\u093e\u09b2\u0988\u09a6 (Mānvis Dētā Sainj), but these are less commonly used.', 'alternative_terms': ['\u09ac\u099c \u0996\u098f\u009f\u093e\u09b2\u0988\u09a6', '\u09ac\u099c \u0996\u098f\u09d1\u0947\u093e\u09b2\u0988\u09a6']}",llama3.2,2025-05-15T20:31:28.081171Z,3893976708.0,34176291.0,121.0,76671458.0,338.0,3781950167.0,stop,"[{'translated_term': 'বজ খএঝ\x9bঈদ\x92সকा', 'translation_rationale': 'The term ""Humanities Data Science"" has been translated to মানবিক ডেটা সains (Mānビk Dētā Sain) in Bengali, which combines the concepts of মানবিক (mānvis), meaning ""human"", with ডেটা সাইন্স (dēta sain), meaning ""data science"". The term aims to reflect the interdisciplinary approach that integrates humanistic knowledge and data-driven methods. Alternatives could be বজ খএ\x9fाলঈদ (Mānvis Dētā Sain) or বজ খএ\u09d1ेाলঈদ (Mānvis Dētā Sainj), but these are less commonly used.', 'alternative_terms': ['বজ খএ\x9fाলঈদ', 'বজ খএ\u09d1ेाলঈদ']}]",বজ খএঝঈদসকा,2025-05-31 21:15:56
ff,Humanities Data Science,Fudii Keedaa Biriiji,Fula,"{'translated_term': 'Fudii Keedaa Biriiji', 'translation_rationale': 'This term combines Fula words for ""science"" (keedaa) and ""knowledge of humans"" (biriiji). The prefix ""fu-"" is added to indicate a broader scope, similar to the English translation ""Humanities Data Science"".', 'alternative_terms': ['Keedaa Biriiji', 'Fudii Keedaa', 'Biriiji Kedaa']}",llama3.2,2025-05-15T20:32:51.520864Z,897437292.0,32242083.0,121.0,19650000.0,101.0,844339791.0,stop,"[{'translated_term': 'Fudii Keedaa Biriiji', 'translation_rationale': 'This term combines Fula words for ""science"" (keedaa) and ""knowledge of humans"" (biriiji). The prefix ""fu-"" is added to indicate a broader scope, similar to the English translation ""Humanities Data Science"".', 'alternative_terms': ['Keedaa Biriiji', 'Fudii Keedaa', 'Biriiji Kedaa']}]",Fudii Keedaa Biriiji,2025-05-31 21:15:56
fj,Humanities Data Science,,Fijian,"{'translated_term': 'Navatavutaka ni Saenisi ni Tamata', 
'translation_rationale': 'The terms ""Navatavutaka"" and ""Saenisi ni itukutuku"" convey a connection between history, culture, and the human experience. The addition of ""ni tamata"" emphasizes the importance of human understanding in the field, making this translation suitable for Fijian. 
Alternatives: For a more literal translation, ""Humanities Data Science"" could be translated to ""Saenisi ni itukutuku ni Tamata"" (as suggested by Google Translate), focusing on the core concepts of humanities and data science. However, this might not fully capture the nuances of the term in Fijian culture.'}",llama3.2,2025-02-27T23:25:55.843793Z,1456535708.0,28632542.0,158.0,91000000.0,156.0,1335000000.0,stop,[],,2025-05-31 21:15:56
fo,Humanities Data Science,Hugvísinda Dátuvísinda,Faroese,"{'translated_term': 'Hugvísinda Dátuvísinda', 'translation_rationale': 
'While the Google Translate API suggested ""Hugvísindi Dátuvísindi"", I refined it to ""Hugvísinda Dátuvísinda"" to better match the term in English. The prefix ""hugví-"" is not as common in Faroese, and the suffix ""-visinda"" might be more closely related to the concept of ""data science"". This translation aims to preserve the core idea of combining humanistic studies with data analysis.'}",llama3.2,2025-02-27T23:25:53.37318Z,1121662791.0,23245375.0,157.0,19000000.0,120.0,1077000000.0,stop,[],,2025-05-31 21:15:56
fr,Humanities Data Science,,French,"{'translated_term': 'Science des données et sciences humaines', 
'translation_rationale': 'L'expression ""Sciences humaines"" est souvent traduite par ""sciences humaines et sociales"", mais dans ce contexte, je préfère utiliser l'expression ""science des données"" pour insister sur le côté technique de la Discipline. L'ajout du mot ""humain"" avant ""data science"" permettrait d'éviter tout confusion avec les différentes branches des sciences humaines. Cela me semble une formulation plus précise et claire en français.'}",llama3.2,2025-02-27T23:26:00.3165Z,1141257083.0,28276875.0,151.0,88000000.0,122.0,1023000000.0,stop,[],,2025-05-31 21:15:56
ga,Humanities Data Science,Foinseanna Data na Scileanna Cheartreachta,Irish,"{'translated_term': 'Foinseanna Data na Scileanna Cheartreachta', 
 'translation_rationale': 'I used ""Foinseanna"" (singular: ""fionnseana"") meaning ""roots"" or ""foundations"", to convey the idea of a field that explores fundamental knowledge. I paired it with ""Data"" from Latin, which is commonly used in scientific and technical contexts, and added the phrase ""na Scileanna Cheartreachta"" (genitive plural: ""of the Humanities disciplines"") to indicate the subject matter. This term aims to capture the essence of Humanities Data Science as a distinct field that seeks to extract valuable insights from data.',
 'alternative_translations': ['Foinseanna Seansailcheartreachta', 
  'Seansailcheartreachta Fhionnseana', 
  'Na Scileanna Cheartreachta Foinseana']}",llama3.2,2025-05-15T20:33:31.989664Z,2180049708.0,28303916.0,119.0,73330792.0,192.0,2077376458.0,stop,[],,2025-05-31 21:15:56
gl,Humanities Data Science,Ciencia dos Humanos e da Dada,Galician,"{'translated_term': 'Ciencia dos Humanos e da Dada', 'translation_rationale': 'A traducir ""Humanities Data Science"" ao galésíntico, tivemos que considerar a ideia central da ciencia dos humanos, que combina elementos de filoloxía, historia, socioloxía, filosofía e outras disciplinas humanas. A adición do termo ""Dada"" reflicta a influencia da teoría dadaísta na investigación data science, que busca desafiar as normas e padrões tradicionais de análise e interpretación dos datos. Por outro lado, a alternativa ""Ciencia das Humanidades"" pode ser mais precisa para traducir o termo original en Galiza, especialmente considerando o contexto cultural e académico da región.'}",llama3.2,2025-05-15T20:32:54.270867Z,1729064750.0,40924916.0,121.0,180885417.0,180.0,1506118666.0,stop,"[{'translated_term': 'Ciencia dos Humanos e da Dada', 'translation_rationale': 'A traducir ""Humanities Data Science"" ao galésíntico, tivemos que considerar a ideia central da ciencia dos humanos, que combina elementos de filoloxía, historia, socioloxía, filosofía e outras disciplinas humanas. A adición do termo ""Dada"" reflicta a influencia da teoría dadaísta na investigación data science, que busca desafiar as normas e padrões tradicionais de análise e interpretación dos datos. Por outro lado, a alternativa ""Ciencia das Humanidades"" pode ser mais precisa para traducir o termo original en Galiza, especialmente considerando o contexto cultural e académico da región.'}]",Ciencia dos Humanos e da Dada,2025-05-31 21:15:56
gn,Humanities Data Science,Tanduti Data Teku Rehegua,Guaraní,"{'translated_term': 'Tanduti Data Teku Rehegua', 
'translation_rationale': 'I used the Guaraní words ""tanduti"" (humanities), ""data"" (information/data), and ""teku"" (science) to create a term that reflects the core aspects of Humanities Data Science. The suffix ""-rehegua"" is often added to nouns in Guaraní to indicate something related or connected, making it suitable for this translation. This approach takes into consideration the cultural context of the Guaraní language and its nuances while providing a more idiomatic and accurate translation.'}",llama3.2,2025-02-27T23:26:31.030674Z,1238789083.0,29245333.0,154.0,91000000.0,127.0,1116000000.0,stop,[],,2025-05-31 21:15:56
gu,Humanities Data Science,,Gujarati,"{'translated_term': '\u0928\u0932\u0947\u0a8d\u093f \u090c\u0917\u093e\u09af', 
 'translation_rationale': 'આ પરિભાષાનું ગુજરાતીમાં અર્થ, કે સાહિત્યિક વિષયોની પરિશોધણામાં ડેટાનું અભ્યાસ કરવાનો ખંડપલ્ત, છે. ગુજરાતીમાં એટલે ""અક્ષરશઃધિવિજ્ઞાન"". આ બદલોપણમાં ગુજરાતીમાં ""કળા"" અથવા ""સાહિત્ય"" શબ્દો પણ ઉપયોગમાં લેવાય છે. 
'alt_translations': ['\u0928\u0932\u0947\u0a8d \u090c\u0917', 'અક્ષરશઃધિ', 'સાહિત્યિક જ્ઞાન']}",llama3.2,2025-02-27T23:26:40.124894Z,5332261375.0,26016541.0,179.0,227000000.0,471.0,5077000000.0,stop,[],,2025-05-31 21:15:56
gv,Humanities Data Science,Graoidaay leishtyn ionnslatey,Manx,"{'translated_term': 'Graoidaay leishtyn ionnslatey', 
'translation_rationale': 'The term ""Humanities Data Science"" can be translated to Manx using a combination of words that convey the meaning of data-driven research in humanities fields. \n\n""Graoidaay"" means ""research"" or ""study"", and is derived from the Old Norse word ""gróa"", which means ""to grow"". This root is also seen in other Celtic languages, such as Scottish Gaelic and Irish, where it carries a sense of intellectual inquiry.\n\n""leishtyn ionnslatey"" combines ""leishtyn"", meaning ""science"", with ""ionnslatey"", which is derived from the Old Norse word ""slatí"", meaning ""to sift or sort"". This suffix suggests a process of analyzing and interpreting data, while also hinting at the idea of sifting through complex information to uncover patterns or insights.\n\nThe resulting term, Graoidaay leishtyn ionnslatey, roughly translates to ""data science of research"" or ""sifting research"", which captures the essence of humanities data science as a methodical and analytical approach to understanding human culture, history, and society through the lens of data-driven inquiry.'}",llama3.2,2025-05-15T20:36:19.643174Z,2705460875.0,29477791.0,121.0,76277375.0,272.0,2598862167.0,stop,[],,2025-05-31 21:15:56
he,Humanities Data Science,,Hebrew (modern),"{'translated_term': 'מדעי הנתונים - טקרונומיה', 
 'translation_rationale': 'I translated ""Humanities Data Science"" into Hebrew as ""מדעי הנתונים - טקרונומיה"" ('Data of Collections' or 'Techno-Cultural Discourse') to better convey the nuances of interdisciplinary research in Humanities and Social Sciences. 

This term combines two elements from the original phrase:

*   ""מדעי"" (medei) meaning ""data"" or ""science"", emphasizing the quantitative aspect.
*   ""-טקרונומיה"" (tekronomia) a loanword from Greek, meaning ""techno-culture"" or ""technological culture"". This term highlights the intersection of technological methods and cultural analysis in Humanities Data Science.

While Google Translate's suggestion 'מדעי הנתונים במדעי הרוח' (Science of Collections in Sciences of the Soul) conveys the idea of data-driven research, I prefer ""Techno-Cultural Discourse"" as it better captures the interdisciplinary nature and focus on cultural analysis. 

Other possible translations include:

*   'מדעי הנתונים - תנוע' (Data of Collections - Movement) emphasizing the dynamic and adaptive aspects of Humanities Data Science.
*   'מדעי הנתונים -  פנומנולוגיה' (Data of Collections - Phenomenology), focusing on the study of human experiences.",llama3.2,2025-02-27T23:26:56.249833Z,3857796000.0,29437458.0,168.0,232000000.0,353.0,3594000000.0,stop,[],,2025-05-31 21:15:56
ho,Humanities Data Science,Yalasi Makuin Data Sainstisi,Hiri Motu,"{'translated_term': 'Yalasi Makuin Data Sainstisi', 'translation_rationale': 'I used the word ""yalasi"" which is a Hiri Motu term that refers to knowledge or expertise, combined with ""makuin"" meaning data and ""sainstisi"" derived from English ""science"". The translation emphasizes the field of study focused on analyzing and interpreting data in the context of human sciences. Alternatives could be used such as ""Yalasi Bilik Data Sainstisi"" (Knowledge Data Science) or ""Makuin Yalasi Sainstisi"" (Data Knowledge Science), but these variations may change the emphasis slightly.', 'alternative_translations': ['Yalasi Makuin Data Sainstisi', 'Yalasi Bilik Data Sainstisi', 'Makuin Yalasi Sainstisi']}",llama3.2,2025-02-27T23:27:23.56709Z,1643313166.0,27190000.0,125.0,9000000.0,182.0,1605000000.0,stop,"[{'translated_term': 'Yalasi Makuin Data Sainstisi', 'translation_rationale': 'I used the word ""yalasi"" which is a Hiri Motu term that refers to knowledge or expertise, combined with ""makuin"" meaning data and ""sainstisi"" derived from English ""science"". The translation emphasizes the field of study focused on analyzing and interpreting data in the context of human sciences. Alternatives could be used such as ""Yalasi Bilik Data Sainstisi"" (Knowledge Data Science) or ""Makuin Yalasi Sainstisi"" (Data Knowledge Science), but these variations may change the emphasis slightly.', 'alternative_translations': ['Yalasi Makuin Data Sainstisi', 'Yalasi Bilik Data Sainstisi', 'Makuin Yalasi Sainstisi']}]",Yalasi Makuin Data Sainstisi,2025-05-31 21:15:56
hr,Humanities Data Science,Znanosti o podacima s humanističkim odgovorom,Croatian,"{'translated_term': 'Znanosti o podacima s humanističkim odgovorom', 
 'translation_rationale': 'Prepoznajem koristenu verziju prevedbe iz Google Translate-a, ali izaberem drugačiji prijelazni tekst koji je bolje prilagođen kontekstu i terminologiji u Hrvatskom. Termin ""Humanitičke znanosti"" više odsudje sugerira naučno-istorijski pristup, dokležto bi se primjerice zaštitio od potencijalne asocijacije s podacima i statistikom koji su bolje povezani s podatelom podacima ""Odnos s humanističkim odgovorom"" je neophodan da izbegnemo te ključne protivorečja.'}",llama3.2,2025-02-27T23:25:00.711677Z,1750632750.0,28391833.0,154.0,16000000.0,195.0,1704000000.0,stop,[],,2025-05-31 21:15:56
hu,Humanities Data Science,Bölcsészettudományi adattudomány,Hungarian,"{'translated_term': 'Bölcsészettudományi adattudomány', 
'translation_rationale': 'I drew inspiration from the Google Translate suggestion, which captures the essence of ""Humanities Data Science"". The term ""Bölcsészettudományi"" directly translates to ""humanities studies"", and ""adattudomány"" means ""data science"". This combined term effectively conveys the interdisciplinary nature of Humanities Data Science in Hungarian.',
'alternative_translations': ['Művészeti és közgazdasági adatbányászat', 'Tudománytörténeti és számítógépes tudományos munka']}",llama3.2,2025-02-27T23:27:25.957185Z,1371097167.0,26153500.0,157.0,90000000.0,149.0,1253000000.0,stop,[],,2025-05-31 21:15:56
hz,Humanities Data Science,ǂhoseb e e dwaanawana dwaanawana ke,Herero,"{'translated_term': 'ǂhoseb e kha dwaanawana dwaanawana', 'translation_rationale': 'The term ""ǂhoseb"" is an honorific title used to address a wise person or elder in Herero culture. Adding the prefix ""e"", which means ""the"" or ""of"", and the suffix ""-kha dwaanawana dwaanawana"", which roughly translates to ""science of human knowledge"" or ""art of understanding humanity"", conveys the essence of Humanities Data Science. This translation is a combination of formal Herero language elements, aiming to convey respect for wisdom and the pursuit of human knowledge.'}

Note: The Herero script used in this answer is the Latin alphabet adaptation, which may not perfectly represent the original Herero characters.

Alternatively, one could use simpler terms like {'translated_term': 'ǂhoseb e dwaanawana', 'translation_rationale': 'This translation uses a more straightforward combination of honorific title and term for ""science"" or ""knowledge"", conveying the main idea without adding extraneous elements. However, it may not fully capture the nuances and complexities of Humanities Data Science in Herero language.'}

Another option could be to use more poetic terms like {'translated_term': 'ǂhoseb e e dwaanawana dwaanawana ke', 'translation_rationale': 'This translation incorporates a more lyrical expression, using ""ke"" (a Herero suffix indicating the plural form) to emphasize the multiple fields of study encompassed by Humanities Data Science.'}",llama3.2,2025-02-27T23:27:13.683824Z,3632626541.0,27677041.0,122.0,17000000.0,330.0,3586000000.0,stop,"[{'translated_term': 'ǂhoseb e kha dwaanawana dwaanawana', 'translation_rationale': 'The term ""ǂhoseb"" is an honorific title used to address a wise person or elder in Herero culture. Adding the prefix ""e"", which means ""the"" or ""of"", and the suffix ""-kha dwaanawana dwaanawana"", which roughly translates to ""science of human knowledge"" or ""art of understanding humanity"", conveys the essence of Humanities Data Science. This translation is a combination of formal Herero language elements, aiming to convey respect for wisdom and the pursuit of human knowledge.'}, {'translated_term': 'ǂhoseb e dwaanawana', 'translation_rationale': 'This translation uses a more straightforward combination of honorific title and term for ""science"" or ""knowledge"", conveying the main idea without adding extraneous elements. However, it may not fully capture the nuances and complexities of Humanities Data Science in Herero language.'}, {'translated_term': 'ǂhoseb e e dwaanawana dwaanawana ke', 'translation_rationale': 'This translation incorporates a more lyrical expression, using ""ke"" (a Herero suffix indicating the plural form) to emphasize the multiple fields of study encompassed by Humanities Data Science.'}]",ǂhoseb e e dwaanawana dwaanawana ke,2025-05-31 21:15:56
ia,Humanities Data Science,Scientia de Humanitates e Datanalysys,Interlingua,"{'translated_term': 'Scientia de Humanitates e Datanalysys', 'translation_rationale': 'I combined ""Humanities"" and ""Data Science"" while using the Latin root of the word ""Science"" (scientia) to create a term that is both accurate and concise in Interlingua. Alternatively, one could use ""Scientia de Datanalysys e Humanitates"", which places Data Science before Humanities but conveys the same meaning.', 'translation_variants': ['Scientia de Humanitates e Datanalysys', 'Scientia de Datanalysys e Humanitates']}",llama3.2,2025-02-27T23:27:30.482511Z,1092069500.0,24863458.0,123.0,20000000.0,127.0,1046000000.0,stop,"[{'translated_term': 'Scientia de Humanitates e Datanalysys', 'translation_rationale': 'I combined ""Humanities"" and ""Data Science"" while using the Latin root of the word ""Science"" (scientia) to create a term that is both accurate and concise in Interlingua. Alternatively, one could use ""Scientia de Datanalysys e Humanitates"", which places Data Science before Humanities but conveys the same meaning.', 'translation_variants': ['Scientia de Humanitates e Datanalysys', 'Scientia de Datanalysys e Humanitates']}]",Scientia de Humanitates e Datanalysys,2025-05-31 21:15:56
id,Humanities Data Science,Ilmu Data Sastra dan Sosial,Indonesian,"{'translated_term': 'Ilmu Data Sosial Kemanusiaan', 'translation_rationale': 'Saya memilih menggunakan istilah ""Ilmu Data Sosial Kemanusiaan"" karena menekankan hubungan antara ilmu pengetahuan, data, dan aspek sosial-kebudayaan yang terkait dengan bidang humaniora. Pilihan ini tidak hanya mencakup data dalam arti umum, tetapi juga mempertimbangkan dampaknya pada masyarakat dan budaya.'}

Alternatively, I could also consider the following options:

{'translated_term': 'Ilmu Data Sastra dan Sosial', 'translation_rationale': 'Pilihan ini lebih fokus pada aspek sastra dan sosial yang terkait dengan humaniora. Namun, mungkin kurang komprehensif dibandingkan pilihan pertama.'}

Note: Indonesian language has a complex system of prefixes and suffixes that can affect the translation of English terms. In this case, I used ""Ilmu Data"" as a prefix to indicate a field or discipline related to data, and then added ""Sosial Kemanusiaan"" (Social Humanities) as an adjective to convey the focus on social and cultural aspects of human knowledge.",llama3.2,2025-02-27T23:27:43.886258Z,2812082750.0,31370625.0,149.0,205000000.0,267.0,2574000000.0,stop,"[{'translated_term': 'Ilmu Data Sosial Kemanusiaan', 'translation_rationale': 'Saya memilih menggunakan istilah ""Ilmu Data Sosial Kemanusiaan"" karena menekankan hubungan antara ilmu pengetahuan, data, dan aspek sosial-kebudayaan yang terkait dengan bidang humaniora. Pilihan ini tidak hanya mencakup data dalam arti umum, tetapi juga mempertimbangkan dampaknya pada masyarakat dan budaya.'}, {'translated_term': 'Ilmu Data Sastra dan Sosial', 'translation_rationale': 'Pilihan ini lebih fokus pada aspek sastra dan sosial yang terkait dengan humaniora. Namun, mungkin kurang komprehensif dibandingkan pilihan pertama.'}]",Ilmu Data Sastra dan Sosial,2025-05-31 21:15:56
ie,Humanities Data Science,Scientifica de Humanitates e Dato-Analysa,Interlingue,"{'translated_term': 'Scientifica de Humanitates e Dato-Analysa', 'translation_rationale': 'Using a combination of Latin and Interlingue roots, I translated ""Humanities Data Science"" into ""Scientifica de Humanitates e Dato-Analysa"". ""Scientifica"" comes from the Latin word for ""science"", while ""de"" is used to indicate a field or discipline. ""Humanitates"" means ""humanities"" in Latin, and ""e"" is the Interlingue conjunction for ""and"". Finally, ""Dato-Analysa"" combines Interlingue roots for ""data"" (from Latin ""datum"") and ""analysa"" (from Greek ""ἄνalysis"", meaning analysis). This translation aims to capture the essence of the field while being faithful to both English and Interlingue grammatical structures.', 'alternatives': ['Scientifica de Humanitates e Dado-Analysa', 'Humanitatis Scientia et Dato-Explicatio']}",llama3.2,2025-02-27T23:27:53.291989Z,2045962625.0,28125708.0,123.0,17000000.0,210.0,1999000000.0,stop,"[{'translated_term': 'Scientifica de Humanitates e Dato-Analysa', 'translation_rationale': 'Using a combination of Latin and Interlingue roots, I translated ""Humanities Data Science"" into ""Scientifica de Humanitates e Dato-Analysa"". ""Scientifica"" comes from the Latin word for ""science"", while ""de"" is used to indicate a field or discipline. ""Humanitates"" means ""humanities"" in Latin, and ""e"" is the Interlingue conjunction for ""and"". Finally, ""Dato-Analysa"" combines Interlingue roots for ""data"" (from Latin ""datum"") and ""analysa"" (from Greek ""ἄνalysis"", meaning analysis). This translation aims to capture the essence of the field while being faithful to both English and Interlingue grammatical structures.', 'alternatives': ['Scientifica de Humanitates e Dado-Analysa', 'Humanitatis Scientia et Dato-Explicatio']}]",Scientifica de Humanitates e Dato-Analysa,2025-05-31 21:15:56
ig,Humanities Data Science,КулёТю дата трейси,Igbo,"{'translated_term': '\u041a\u0443\u043b\u0451\u0422\u044e \u0434\u0430\u0442\u0430 \u0442\u0440\u0435\u0439\u0441\u0438', 
 'translation_rationale': 'The term is directly translated from English as it doesn''t require any modification. The word \u041a\u0443\u043b\u0451\u0422\u044e (humanities) refers to human studies and cultural sciences, while \u0434\u0430\u0442\u0430 (data) denotes information or knowledge, and \u0442\u0441\u0438 (science) implies a methodical approach. The suffix \u0443 (u) is added to indicate the field of study.', 
 'alternative_translation': '\u042c\u044f \u0434\u0430\u0442\u0430 \u0442\u0440\u0435\u0438\u0441\u0439 \u043a\u0430 \u043c\u0443\u043b\u044e\u0436\u0457', 
 'alternative_rationale': '\u041a\u0443\u043b\u0451\u0422\u044e (humanities) can be translated as \u042c\u044f (culture, literature), and \u0434\u0430\u0442\u0430 (data) remains the same. \u0442\u0441\u0438 (science) still denotes a methodical approach. This alternative translation emphasizes the cultural aspect of Humanities Data Science.'}",llama3.2,2025-02-27T23:28:05.571919Z,3796917667.0,25782834.0,149.0,176000000.0,343.0,3593000000.0,stop,[],,2025-05-31 21:15:56
ii,Humanities Data Science,Произметиу Словки дафа Скиі,Nuosu,"{'translated_term': '\u041f\u0440\u043e\u0438\u0437\u043c\u0435\u0442\u0438\u0443 \u0421\u043b\u043e\u0432\u043a\u0438 \u0434\u0430\u0444\u0430 \u0421\u043a\u0438\u0456', 'translation_rationale': 'The translation of ""Humanities Data Science"" into Nuosu combines elements from both fields. ""P\u0441l\u044bkovij"" roughly translates to ""science"" or ""knowledge,"" while ""\u044f\u043c\u043d\u0435tsi"" can be understood as a blend of ""human"" and ""\u0434\u0430ta,"" meaning ""data."" The term \u0421\u043b\u043e\u0432k\u0438 refers to the study of humanities, which encompasses literature, history, philosophy, and other related fields. Thus, the translation attempts to capture the essence of both data science and humanities while conveying a sense of interdisciplinary exploration.'}

Note: The Nuosu language uses the Latin alphabet with additional letters and diacritical marks not present in the standard ISO alphabet. This transcription aims to represent the language's unique script as closely as possible.

Alternatives:
- '\u041F\u0440\u043e\u0438\u0447\u0435\u0449\u043d\u044f \u0421\u043b\u043e\u0432k\u0438 \u0434\u0430\u0442\u0430'
  - A more simplified version that separates ""pro"" and ""\u041f\u0441l\u044bkovij,"" with ""\u043a\u043d\u0443\u0446\u0430"" omitted, as it's a less common diacritical mark.
- '\u041F\u0440\u043e\u0438\u0447\u0435\u0449\u043d\u044f \u0434\u0430\u0442\u0431\u043e\u043c\u043b\u0435 \u0421\u043a\u0438 \u0444\u0435\u0440\u044b'
  - This alternative uses the term ""\u0434\u0430\u0442\u0431\u043e\u043c\u043b\u0435"" instead of ""\u0434\u0430ta,"" as a more common way to refer to data in Nuosu.",llama3.2,2025-05-15T20:37:44.249916Z,5778196333.0,29520625.0,121.0,18581708.0,528.0,5728793833.0,stop,"[{'translated_term': 'Произметиу Словки дафа Скиі', 'translation_rationale': 'The translation of ""Humanities Data Science"" into Nuosu combines elements from both fields. ""Pсlыkovij"" roughly translates to ""science"" or ""knowledge,"" while ""ямнеtsi"" can be understood as a blend of ""human"" and ""даta,"" meaning ""data."" The term Словkи refers to the study of humanities, which encompasses literature, history, philosophy, and other related fields. Thus, the translation attempts to capture the essence of both data science and humanities while conveying a sense of interdisciplinary exploration.'}]",Произметиу Словки дафа Скиі,2025-05-31 21:15:56
ik,Humanities Data Science,Uqaqsiisi Ivviaaqtuqtaaq,Inupiaq,"{'translated_term': 'Ivviaaqtuqtaaq Uqaqsiisi' , 'translation_rationale': 'Ivviaaqtuqtaaq means ""our knowledge"" or ""our understanding"", and uqaqsiisi is the Inupiaq term for data science, which comes from the words ""uqasii"" meaning ""data"" and ""siisii"" meaning ""science"". This translation conveys the idea of using knowledge to analyze and understand complex phenomena.'}

Alternatively, a more literal translation could be:

{'translated_term': 'Uqaqsiisi Ivviaaqtuqtaaq' , 'translation_rationale': 'This translation uses the Inupiaq term for data science (uqaqsiisi) first, followed by ""ivviaaqtuqtaaq"", which means ""our knowledge"" or ""our understanding"". This order highlights the analytical aspect of humanities data science.'}

Note: Inupiaq language has different dialects and variations, and the above translations are based on the Central Alaskan Yupik dialect.",llama3.2,2025-02-27T23:28:16.985036Z,2052546459.0,25988750.0,125.0,19000000.0,226.0,2006000000.0,stop,"[{'translated_term': 'Ivviaaqtuqtaaq Uqaqsiisi', 'translation_rationale': 'Ivviaaqtuqtaaq means ""our knowledge"" or ""our understanding"", and uqaqsiisi is the Inupiaq term for data science, which comes from the words ""uqasii"" meaning ""data"" and ""siisii"" meaning ""science"". This translation conveys the idea of using knowledge to analyze and understand complex phenomena.'}, {'translated_term': 'Uqaqsiisi Ivviaaqtuqtaaq', 'translation_rationale': 'This translation uses the Inupiaq term for data science (uqaqsiisi) first, followed by ""ivviaaqtuqtaaq"", which means ""our knowledge"" or ""our understanding"". This order highlights the analytical aspect of humanities data science.'}]",Uqaqsiisi Ivviaaqtuqtaaq,2025-05-31 21:15:56
fi,Humanities Data Science,Humanistinen tietotiede tai humanistinen dataanalityysi,Finnish,"{'translated_term': 'Humanistinen tietotiede tai humanistinen dataanalityysi' , 
'translation_rationale': 
  'I translated ""Humanities Data Science"" into Finnish using a combination of the literal meaning and contextual understanding. The term ""tietotiede"" is already widely used in Finland to refer to data science, so I decided not to alter it too much. However, I added ""humanistinen"" to emphasize the humanities aspect of the field, which is often not explicitly mentioned in the Finnish terminology. An alternative translation could be ""Humanistinen dataanalityysi"", which places more emphasis on the analytical aspect of the field.'}",llama3.2,2025-02-27T23:25:58.163964Z,1307954250.0,30649333.0,151.0,85000000.0,142.0,1190000000.0,stop,[],,2025-05-31 21:15:56
fa,Humanities Data Science,فناوری های دادهٔ علوم انسانی,Persian,"{'translated_term': 'فناوری های دادهٔ علوم انسانی', 
'translation_rationale': 'این اصطلاح را به‌طور کلی برای 표현 مفاهیم و مفیدities که از Daten و Analytics در علوم انسانی پرهیز می‌کنند، استفاده می‌کنیم. به‌ مثال، ""درک زبان"" یا ""تعرفه ی زبان"" را می‌توان به عنوان یک چالش در علوم انسانی و با استفاده از Technology Data Science در نظر گرفت.', 
'alternatives': ['فناوری های دادهٔ علوم انسانی', 'علوم انسانی داده', 'داده Science Sciences Humanities']}",llama3.2,2025-05-15T20:39:00.723753Z,1171892750.0,37232125.0,119.0,71516583.0,126.0,1061895709.0,stop,[],,2025-05-31 21:15:56
bo,Humanities Data Science,ཐཕབྷ ༾༲ཌ༳ ན༭༴ ༚ཁ,Tibetan,"{'translated_term': '\u0f50\u0f55\u0f57 \u0f3e\u0f32\u0f4c\u0f33 \u0f53\u0f2d\u0f34 \u0f1a\u0f41', 
 'translation_rationale': 'The term ""Humanities Data Science"" can be broken down into its constituent parts. \u0f50\u0f55\u0f57 \u0f3e\u0f32\u0f4c\u0f33 refers to the ""humanity"" or ""people"" (མི་) aspect, while \u0f53\u0f2d\u0f34 \u0f1a\u0f41 denotes ""science"" or ""knowledge"". The term ""\u0f55\u0f57 \u0f3e\u0f32"" was suggested by Google Translate, which translates to ""མིའི་རིགས་ཀྱི་གཞི་གྲངས་ཚན་རིག"". However, the more literal translation would be \u0f50\u0f55\u0f57 \u0f3e\u0f32\u0f4c\u0f33 \u0f53\u0f2d\u0f34 \u0f1a\u0f41, which emphasizes the application of scientific knowledge to humanity. The added ""\u0f4c\u0f33"" can be interpreted as ""data"" or ""statistics"", making the term more literal and accurate in this context.', 
 'alternatives': ['\u0f50\u0f55\u0f57 \u0f3e\u0f32\u0f4c\u0f33 \u0f53\u0f2d\u0f34 \u0f1a\u0f41', '\u0f55\u0f57 \u0f3e\u0f32 \u0f50\u0f55\u0f57 \u0f3e\u0f32\u0f4c\u0f33 \u0f53\u0f2d']}",llama3.2,2025-02-27T23:41:16.208721Z,6238575208.0,26470375.0,203.0,95000000.0,501.0,6115000000.0,stop,[],,2025-05-31 21:15:56
eu,Humanities Data Science,Humanitateen Datuen Zientzia,Basque,"{'translated_term': 'Humanitateen Datuen Zientzia', 
'translation_rationale': 'Although Google Translate suggests ""Humanitateen Datuen Zientzia"", this term closely follows the original phrase and maintains a consistent format with Basque language conventions. However, to better align with Basque grammar rules, a slight adjustment can be made by translating it as ""Datuen Humanitatea Zientzia"". The latter option emphasizes the scientific aspect of data analysis within humanistic studies. ', 
'alternatives': 'altzean Datuak Humanitateetako Zientzia (emphasizes the focus on data)'}",llama3.2,2025-02-27T23:22:34.011024Z,1259436792.0,25469542.0,153.0,88000000.0,131.0,1144000000.0,stop,[],,2025-05-31 21:15:56
br,Humanities Data Science,,Breton,"{'translated_term': 'Skiantoù roadennoù ar yskemmar mab-den', 
'translation_rationale': 'I took inspiration from ""Skiantoù roadennoù"" (Data Science) and added the Breton suffix ""-ar yskemmar"" (-an inquiry, -an research) to create a term that conveys human inquiry or investigation. This translation maintains the core concept of Data Science while incorporating Breton linguistic elements.'}
{'translated_term': 'Skiantoù roadennoù ar yskemmerez', 
'translation_rationale': 'Alternatively, I could have used ""-ar yskemmerez"" (-an seeker), which would suggest a more literal ""seeking"" or ""investigating"". This term maintains the connection to human inquiry and research while offering a slightly different connotation. However, I opted for ""-yskemmar"" to better convey the notion of active investigation.'}
{'translated_term': 'Ar yskemmar mab-den', 
'translation_rationale': 'If I wanted to prioritize the emphasis on ""human"", I would have used the Breton definite article ""ar"" instead of incorporating it into the term. This option maintains a strong connection to human inquiry, but may not convey the full scope of Data Science as effectively.'}",llama3.2,2025-02-27T23:23:10.906798Z,2611523416.0,28401291.0,161.0,84000000.0,276.0,2497000000.0,stop,[],,2025-05-31 21:15:56
bs,Humanities Data Science,Humanističke nauke o podacima,Bosnian,"{'translated_term': 'Humanističke nauke o podacima', 
'translation_rationale': 'I used ""Humanitičke nauke"" (Humanities Sciences) and added ""o podacima"" (from data) to convey the idea of applying data science methods to humanities disciplines. While Google Translate suggested this term, I aimed for a more nuanced translation that combines the two fields in a way that makes sense in Bosnian.', 
'alternatives': ['Humanističke studije s podatkovnim analizom', 'Podaci i humanitički razbor']}",llama3.2,2025-02-27T23:23:04.828584Z,1224324084.0,28256209.0,157.0,189000000.0,127.0,1005000000.0,stop,[],,2025-05-31 21:15:56
ca,Humanities Data Science,,Catalan; Valencian,"{'translated_term': 'Ciències de Dades d'Humanitats', 
 'translation_rationale': 'I chose ""Ciències"" (plural form of ""ciència"", meaning science) instead of just ""ciència"" to emphasize the scientific aspect of Data Science. I also used the term ""d'Humanitats"" which is a common way to refer to the Humanities in Catalan/Valencian, and added ""de Dades"" to specify that it deals with data analysis.'}

Alternatively, another possible translation could be:
{'translated_term': 'Humanitats i Ciències de Dades', 
 'translation_rationale': 'Using this term emphasizes the interdisciplinary nature of Humanities Data Science, which combines knowledge from various humanities fields with data analysis techniques.'}

Another option could be to use more literal translations:
{'translated_term': 'Ciència dels Dades Humanes', 
 'translation_rationale': 'This translation uses ""dels"" instead of ""de"" and incorporates the word ""humans"" (although not entirely accurate) to emphasize that it deals with human knowledge.'}

However, these alternative options are less idiomatic and might not be as widely accepted or understood in Catalan/Valencian.",llama3.2,2025-02-27T23:23:38.357022Z,3025437666.0,25356166.0,164.0,166000000.0,259.0,2832000000.0,stop,[],,2025-05-31 21:15:56
ce,Humanities Data Science,noхаттæрæвæзы хуызæгæд,Chechen,"{'translated_term': 'noхаттæрæвæзы хуызæгæд', 'translation_rationale': 'In Chechen, we use the word ""noхаттæрæвæз"" (noxatrawez), meaning ""science"" or ""study"", and ""хуызæгæд"" (huzagad), meaning ""humanity"". By combining these two words, we get a term that roughly translates to ""Humanities Data Science"", capturing the essence of interdisciplinary study in the humanities with modern computational methods.'}",llama3.2,2025-05-15T20:31:50.462239Z,1127862458.0,26992291.0,121.0,74305833.0,124.0,1025497542.0,stop,"[{'translated_term': 'noхаттæрæвæзы хуызæгæд', 'translation_rationale': 'In Chechen, we use the word ""noхаттæрæвæз"" (noxatrawez), meaning ""science"" or ""study"", and ""хуызæгæд"" (huzagad), meaning ""humanity"". By combining these two words, we get a term that roughly translates to ""Humanities Data Science"", capturing the essence of interdisciplinary study in the humanities with modern computational methods.'}]",noхаттæрæвæзы хуызæгæд,2025-05-31 21:15:56
ch,Humanities Data Science,Siensiå-ña i Datos Humanidåt / Siensina,Chamorro,"{'translated_term': 'Siensiå-ña i Datos Humanidåt / Siensina', 'translation_rationale': 'I considered the Google Translate suggestion ""Siensiå-ña i Datos Humanidåt"" and modified it to ""Siensina"", which is a more nuanced representation of the term. The word ""siensiå-ña"" in Chamorro roughly translates to ""science"" or ""study"", while ""datos humanidåt"" translates to ""human data"". By combining these two words, I aimed to create a term that accurately represents Humanities Data Science. The alternative translation ""Siensina"" maintains the core concept of science and data analysis, but with a more simplified and elegant phrase.', 'notes': 'The Chamorro language has many variations and dialects. This translation is based on the standard form of Chamorro language.'}",llama3.2,2025-02-27T23:23:41.027085Z,1654470500.0,25106667.0,156.0,88000000.0,177.0,1539000000.0,stop,"[{'translated_term': 'Siensiå-ña i Datos Humanidåt / Siensina', 'translation_rationale': 'I considered the Google Translate suggestion ""Siensiå-ña i Datos Humanidåt"" and modified it to ""Siensina"", which is a more nuanced representation of the term. The word ""siensiå-ña"" in Chamorro roughly translates to ""science"" or ""study"", while ""datos humanidåt"" translates to ""human data"". By combining these two words, I aimed to create a term that accurately represents Humanities Data Science. The alternative translation ""Siensina"" maintains the core concept of science and data analysis, but with a more simplified and elegant phrase.', 'notes': 'The Chamorro language has many variations and dialects. This translation is based on the standard form of Chamorro language.'}]",Siensiå-ña i Datos Humanidåt / Siensina,2025-05-31 21:15:56
cr,Humanities Data Science,Études en sciences des humains et données,Cree,"{'translated_term': 'Études en sciences des humains et données', 'translation_rationale': 'Études en sciences des humains (Humanities) est traduit par Études, car cela met l\'accent sur les études générales des humains. Et \""sciences des données\"" (Data Science) est traduit par données, car il sagit de l&#39;analyse et de la manipulation des données pour tirer des connaissances. En combinant les deux termes, nous obtenons Études en sciences des humains et données.', 'alternative_translation': 'Études et analyse des données (Data Analysis)', 'notes_on_language_usage': 'Cree a une tradition d\'utilisation de termes liés à la connaissance et à l\'éducation, tels que \'Études\"" pour désigner les études générales. L Utilisation du terme \""donnae\"" est plus courante en Innu, mais dans le contexte des Études en sciences des humains et données, je préfère utiliser le terme Cree pour maintenir une cohérence linguistique.'}",llama3.2,2025-05-15T20:32:29.785567Z,2611110209.0,29792875.0,119.0,19195833.0,245.0,2561150875.0,stop,"[{'translated_term': 'Études en sciences des humains et données', 'translation_rationale': 'Études en sciences des humains (Humanities) est traduit par Études, car cela met l\'accent sur les études générales des humains. Et ""sciences des données"" (Data Science) est traduit par données, car il sagit de l&#39;analyse et de la manipulation des données pour tirer des connaissances. En combinant les deux termes, nous obtenons Études en sciences des humains et données.', 'alternative_translation': 'Études et analyse des données (Data Analysis)', 'notes_on_language_usage': 'Cree a une tradition d\'utilisation de termes liés à la connaissance et à l\'éducation, tels que \'Études"" pour désigner les études générales. L Utilisation du terme ""donnae"" est plus courante en Innu, mais dans le contexte des Études en sciences des humains et données, je préfère utiliser le terme Cree pour maintenir une cohérence linguistique.'}]",Études en sciences des humains et données,2025-05-31 21:15:56
cs,Humanities Data Science,člověková data analytická věda,Czech,"{'translated_term': 'člověková data analytická věda', 'translation_rationale': 'Inspirován Google Translateem, který suggested ""Humanitní věda o datech"". Protože terminus ''humanitní věda'' v českém jazyce se vztahuje spíše k obecnému pojetí humanitních věd (kuptur, socialni vědy apod.), decision bylo upravit předejmeno „člověková“ a kombinovat ho s „data analytická věda“, aby se snaželo lépe rozlišit empiricky orientované postupy. Alternativním terminem by mohl být ''člověková data analytická inženýrství'' (přidání „inženýrství“ aby se podkopal češtinou pro inženýrství, ale v angličtině ''data science'' je already a strong term, which might affect the meaning.)'}",llama3.2,2025-02-27T23:25:03.652599Z,1927535834.0,28981667.0,150.0,86000000.0,205.0,1810000000.0,stop,"[{'translated_term': 'člověková data analytická věda', 'translation_rationale': 'Inspirován Google Translateem, který suggested ""Humanitní věda o datech"". Protože terminus humanitní věda v českém jazyce se vztahuje spíše k obecnému pojetí humanitních věd (kuptur, socialni vědy apod.), decision bylo upravit předejmeno „člověková“ a kombinovat ho s „data analytická věda“, aby se snaželo lépe rozlišit empiricky orientované postupy. Alternativním terminem by mohl být člověková data analytická inženýrství (přidání „inženýrství“ aby se podkopal češtinou pro inženýrství, ale v angličtině data science je already a strong term, which might affect the meaning.)'}]",člověková data analytická věda,2025-05-31 21:15:56
cu,Humanities Data Science,,Old Church Slavonic,"{'translated_term': '\u0437\u043e\u0440\u0430\u043b\u044c\u043d\u044f \uu0112\u0431\u0443\u0449\u0435\u0449\u0435\u0440\u0441\u044f \u0434\u0430\u0442\u0430\u043d\u0441\u043a\u0438\u0438', 
'translation_rationale': 'From Old Church Slavonic, ""zbornik"" means book or collection, and ""dati"" is derived from the word for knowledge. Since ""Humanities Data Science"" involves data analysis of human knowledge, I chose to combine ""zbornik"" with ""dati"". Additionally, the term ""\u043f\u0440\u043e\u0441\u0432\u0435\u0444\u0438\u0449\u0438"" (professional) and ""\u043b\u0438\u043d\u0443\u0437"" (science or study) can be added to make the translation more precise.', 
'alternatives': ['\u0437\u043e\u0440\u0430\u043c\u0441\u043a\u0438 \u0434\u0430\u0442\u0430 \u043d\u0430\u0449\u0430\u043b\u044f\u044e \u043a\u043d\u0435\u0440\u043a\u0443\u043c\u0438', 'zbornik dati nazorazhal']}",llama3.2,2025-02-27T23:35:34.588222Z,3657257583.0,29197375.0,125.0,17000000.0,330.0,3609000000.0,stop,[],,2025-05-31 21:15:56
cy,Humanities Data Science,Data ategweddau Llythrennol Gymraeg,Welsh,"{'translated_term': 'Gwyddor Data ac Ffynnon Ddatguddiad Gymraeg' or 'Cybernetic Studies with Welsh Language Heritage', 'translation_rationale': 'I combined ""Gwyddor Data"" (Data Science) with ""Ffynnon Ddatguddiad"" to emphasize the data-related aspects, while incorporating the Welsh heritage through the phrase ""Gymraeg"", which means ""Welsh"". Alternatively, I could have used 'Gwyddor Ffynnon Ddatguddiad Gymraeg' to keep the term more concise and focused on the Welsh aspect.'}

However, if we aim for a more direct equivalent, considering the field's interdisciplinary nature:

{'translated_term': 'Data ategweddau Llythrennol Gymraeg', 'translation_rationale': 'I suggested ""Ategweddau Llythrennol"" to convey the academic and linguistic aspects, emphasizing the unique characteristics of the Welsh language in this context. Alternatively, using ""Gwyddor Ffynnon Llythrennol Cymreig"" would keep the term more concise while highlighting the connection with the Welsh language.'}

Please note that translation can be subjective, and different approaches may yield varying results depending on the translator's perspective and goals.",llama3.2,2025-02-27T23:43:47.09143Z,2824495292.0,26121167.0,152.0,86000000.0,273.0,2710000000.0,stop,"[{'translated_term': 'Data ategweddau Llythrennol Gymraeg', 'translation_rationale': 'I suggested ""Ategweddau Llythrennol"" to convey the academic and linguistic aspects, emphasizing the unique characteristics of the Welsh language in this context. Alternatively, using ""Gwyddor Ffynnon Llythrennol Cymreig"" would keep the term more concise while highlighting the connection with the Welsh language.'}]",Data ategweddau Llythrennol Gymraeg,2025-05-31 21:15:56
da,Humanities Data Science,Humanitært datavidenskab og -studier,Danish,"{'translated_term': 'Humanitært datavidenskab og -studier', 
'translation_rationale': 
'Jeg har valgt at bruge begrebet ""Humanitært"" fordi det omfatte en bredere definition af humanistiske discipliner, som f.eks. historie, filosofi, litteratur, musik, etc. Dette tilgange omfatter ikke kun akademisk studier, men også den kulturelle og sociale betydning af disse discipliner. '}",llama3.2,2025-02-27T23:25:05.874058Z,1206345959.0,25658375.0,151.0,151000000.0,116.0,1028000000.0,stop,[],,2025-05-31 21:15:56
de,Humanities Data Science,ďumannütsdatenwissenschaft,German,"{'translated_term': '\u010fumann\u00fctsdatenwissenschaft', 'translation_rationale': 'I chose this translation because it attempts to preserve the original term\'s nuances by combining \u010fumann\u00fcts (Humanities) with datenwissenschaft (Data Science). This results in a more literal and concise phrase that conveys the same meaning as the English term. However, I understand that the Google Translate API suggests Geisteswissenschaften Datenwissenschaft, which might be closer to the common German usage of ""Geisteswissenschaften"" referring specifically to Humanities disciplines like History, Philosophy, or Literary Studies. Therefore, an alternative could be {\u010fumann\u00fctsdatenwissenschaft} with a note that it deviates from traditional German terminology in this area.'}",llama3.2,2025-02-27T23:26:25.992086Z,1663870750.0,28705583.0,151.0,93000000.0,170.0,1540000000.0,stop,[],,2025-05-31 21:15:56
dv,Humanities Data Science,dhivehin anuvaru data sisaasi,Divehi; Maldivian;,"{'translated_term': 'dhivehin data sisaasi', 'translation_rationale': 'Using ""dhivehin"" (human) and ""data sisaasi"" (science of data), I aimed to convey the concept of Humanities Data Science in a way that is familiar to the Divehi language. The term ""dhivehin"" is commonly used to refer to humans or human beings, while ""data sisaasi"" refers to scientific methods or principles related to data. This translation suggests an interdisciplinary approach that combines human knowledge and understanding with data analysis techniques.'}

Alternatively, I could have also suggested:

{'translated_term': 'dhivehin anuvaru data sisaasi', 'translation_rationale': 'In this version, I used the word ""anuvaru"" (science) to explicitly convey the idea of a scientific discipline. This translation emphasizes the academic and intellectual aspects of Humanities Data Science.'}

Note: Please keep in mind that language translations can be nuanced, and the best approach may depend on the context in which the term is being used.",llama3.2,2025-05-15T20:32:35.122647Z,2189239875.0,33723250.0,131.0,190935875.0,216.0,1963792917.0,stop,"[{'translated_term': 'dhivehin data sisaasi', 'translation_rationale': 'Using ""dhivehin"" (human) and ""data sisaasi"" (science of data), I aimed to convey the concept of Humanities Data Science in a way that is familiar to the Divehi language. The term ""dhivehin"" is commonly used to refer to humans or human beings, while ""data sisaasi"" refers to scientific methods or principles related to data. This translation suggests an interdisciplinary approach that combines human knowledge and understanding with data analysis techniques.'}, {'translated_term': 'dhivehin anuvaru data sisaasi', 'translation_rationale': 'In this version, I used the word ""anuvaru"" (science) to explicitly convey the idea of a scientific discipline. This translation emphasizes the academic and intellectual aspects of Humanities Data Science.'}]",dhivehin anuvaru data sisaasi,2025-05-31 21:15:56
dz,Humanities Data Science,མི་ཆོས་རིག་པའི་གནས་སྡུད་ཚན་རིག,Dzongkha,"{'translated_term': 'མི་ཆོས་རིག་པའི་གནས་སྡུད་ཚན་རིག', 'translation_rationale': 'I used the provided Google Translate API suggestion as a starting point, but realized that it is already a suitable translation for ""Humanities Data Science"". The term ""མི་ཆོས་"" roughly translates to ""human"" or ""mankind"", which aligns well with the focus on humanities. ""རིག་པའི་"" means ""science"" or ""knowledge"". The rest of the term, including ""གནས་"" meaning ""fields"" or ""domain"" and ""སྡུད་"" meaning ""research"" or ""development"", conveys the idea of applying data science to humanities fields. Therefore, I considered the original suggestion a suitable translation.', 'alternatives': ['མི་ཆོས་རིག་པའི་བློ་གྱི་མཁུད་', 'མི་ཆོས་རིག་པའི་འཚོབ་རིག།']}

Note: The suggested alternative terms are offered as a way to explore different nuances of the translation.",llama3.2,2025-02-27T23:25:33.426627Z,4021701708.0,31416041.0,214.0,18000000.0,372.0,3970000000.0,stop,"[{'translated_term': 'མི་ཆོས་རིག་པའི་གནས་སྡུད་ཚན་རིག', 'translation_rationale': 'I used the provided Google Translate API suggestion as a starting point, but realized that it is already a suitable translation for ""Humanities Data Science"". The term ""མི་ཆོས་"" roughly translates to ""human"" or ""mankind"", which aligns well with the focus on humanities. ""རིག་པའི་"" means ""science"" or ""knowledge"". The rest of the term, including ""གནས་"" meaning ""fields"" or ""domain"" and ""སྡུད་"" meaning ""research"" or ""development"", conveys the idea of applying data science to humanities fields. Therefore, I considered the original suggestion a suitable translation.', 'alternatives': ['མི་ཆོས་རིག་པའི་བློ་གྱི་མཁུད་', 'མི་ཆོས་རིག་པའི་འཚོབ་རིག།']}]",མི་ཆོས་རིག་པའི་གནས་སྡུད་ཚན་རིག,2025-05-31 21:15:56
ee,Humanities Data Science,Amegbetɔŋutinunya ƒe Nyatakakaŋtinunyabataa,Ewe,"{'translated_term': 'Amegbetɔŋutinunya ƒe Nyatakakaŋtinunyabataa', 'translation_rationale': 'I took the Google Translate API suggestion and modified it to better fit the Ewe language. ""Nyatakakaŋtinunya"" roughly translates to ""Humanities"" or ""Knowledge"". Adding the prefix ""bataa"" (meaning ""science"" or ""study"") makes the term more precise and nuanced. This translation aims to convey the intersection of Humanities and Data Science in a way that is both accurate and culturally relevant.'}",llama3.2,2025-02-27T23:25:47.659842Z,1119499209.0,27729834.0,164.0,108000000.0,123.0,981000000.0,stop,"[{'translated_term': 'Amegbetɔŋutinunya ƒe Nyatakakaŋtinunyabataa', 'translation_rationale': 'I took the Google Translate API suggestion and modified it to better fit the Ewe language. ""Nyatakakaŋtinunya"" roughly translates to ""Humanities"" or ""Knowledge"". Adding the prefix ""bataa"" (meaning ""science"" or ""study"") makes the term more precise and nuanced. This translation aims to convey the intersection of Humanities and Data Science in a way that is both accurate and culturally relevant.'}]",Amegbetɔŋutinunya ƒe Nyatakakaŋtinunyabataa,2025-05-31 21:15:56
el,Humanities Data Science,Ανθρωπιστικές Επιστήμες Δεδομένων,"Greek, Modern","{'translated_term': 'Ανθρωπιστικές Επιστήμες Δεδομένων', 
 'translation_rationale': 'The original suggestion by Google Translate is a good starting point, but it might be slightly awkward due to the use of the plural form ""Επιστήμες"" (sciences) instead of the singular ""Εξέγερση"" (science, used in some modern Greek contexts). A more refined translation could be: Ανθρωπιστικές Επιστήμες Δεδομένων -> Ανθρωπιστική Επιστήμη Δεδομένων, with the addition of the definite article \u03b8 (the) to clarify the meaning.',
 'alternatives': ['Ανθρωπιστικές Επιστήμες Δεδομένων', 'Ανθρωπιστική Επιστήμη Δεδομένων', 'Επιστήμη Ανθρωπολογίας Δεδομένων']}",llama3.2,2025-02-27T23:26:28.77606Z,1771510333.0,24469542.0,159.0,88000000.0,180.0,1657000000.0,stop,[],,2025-05-31 21:15:56
en,Humanities Data Science,Humanities Informatics,English,"{'translated_term': 'Humanities Informatics', 'translation_rationale': 'The term ""Data Science"" typically refers to a field that focuses on extracting insights from large datasets using computational methods. Since Humanities Data Science encompasses the study of humanities disciplines (such as history, literature, and language) using data-driven approaches, a more fitting translation would be ""Humanities Informatics"". This term emphasizes the application of informatics principles to humanities research, highlighting the intersection between technology and humanistic inquiry.'}",llama3.2,2025-05-15T20:32:37.15741Z,1014757333.0,37292291.0,119.0,82543542.0,101.0,893881500.0,stop,"[{'translated_term': 'Humanities Informatics', 'translation_rationale': 'The term ""Data Science"" typically refers to a field that focuses on extracting insights from large datasets using computational methods. Since Humanities Data Science encompasses the study of humanities disciplines (such as history, literature, and language) using data-driven approaches, a more fitting translation would be ""Humanities Informatics"". This term emphasizes the application of informatics principles to humanities research, highlighting the intersection between technology and humanistic inquiry.'}]",Humanities Informatics,2025-05-31 21:15:56
eo,Humanities Data Science,Homarscienco-Datenscienco Alternativo: Scienco-Homaroj Datumservilo,Esperanto,"{'translated_term': 'Homarscienco-Datenscienco Alternativo: Scienco-Homaroj Datumservilo', 
'translation_rationale': 'Utilize Esperanto portmanteau formation for a literal and idiomatic translation of the term. ""Homarscienco"" represents ""Humanities"" in Esperanto, while ""Datenscienco"" represents ""Data Science"". The term ""Homarscienco-Datenscienco"" is already proposed by Google Translate. An alternative approach is to use a portmanteau that reverses the order of the words, resulting in ""Scienco-Homaroj Datumservilo"", which maintains the same core meaning while emphasizing the interconnectedness between humanities and data science.'}",llama3.2,2025-02-27T23:25:41.038549Z,1464633041.0,25221416.0,154.0,88000000.0,156.0,1349000000.0,stop,[],,2025-05-31 21:15:56
es,Humanities Data Science,Ciencias de datos humanísticas,Spanish; Castilian,"{'translated_term': 'Ciencias de datos humanísticas', 'translation_rationale': 
'El término ""Humanities Data Science"" se traduce a Ciencias de datos humanísticas porque resalta la conexión entre el análisis y el uso de datos en las disciplinas humanísticas. Utilicé ""humanísticas"" en lugar de ""humanidades"" para enfatizar la naturaleza intelectual y crítica que caracteriza a estas disciplinas. Aunque ""Ciencias de datos"" es una expresión común, consideré agregar ""humanísticas"" para reflejar el énfasis en el análisis y la interpretación de los datos en contextos humanísticos.'}",llama3.2,2025-02-27T23:40:06.855296Z,1399686084.0,27301334.0,156.0,98000000.0,146.0,1272000000.0,stop,[],,2025-05-31 21:15:56
et,Humanities Data Science,,Estonian,"{'translated_term': 'Humanitaarteadused ja andmeõhtlus', 
'translation_rationale': 'Meesele, et võimaldaks teada astuda vahel Humanitaarteadustega seotud data-analyse meetodid ja õhnistamise tehnikad. Eeslinnuseks on ehitamise ja kasutuseloleku edendamine kultuurilises, kirjanduslikus, teatlikuks ja sõnasõnavälineks teada astumisel.\nKõrgem poolde tervist on \u2013Humanitaarteadused\u2019 sõna vahel, kuid minu usaldus on, et teadmiste tulemus kultuurilise ja kirjandusliku andmeseeriameti suunas ehitamisega ning nende edendamisega on huvatavama. 
\ntõrjutab: \u201cHumanitaarteadused\u2019 sõna, milleks Google Translate API vahetab Humanitaartaedustega teada astumise termi.\nAlternatiiv: \u201cKultuurilised ja kirjanduslikud andmeõhtlusid\u2019.'}",llama3.2,2025-02-27T23:25:45.528491Z,3473261959.0,22708584.0,150.0,89000000.0,290.0,3360000000.0,stop,[],,2025-05-31 21:15:56
zu,Humanities Data Science,,Zulu,"{'translated_term': 'Izihamba Izidlini', 
 'translation_rationale': 'The term ""Humanities Data Science"" has been translated into Zulu using a combination of words: \u0418\u0447\u0430\u043c\u0431\u0430 (izihamba, meaning ""study"" or ""science"") and \u0414\u043e\u0432\u0430 \u0423\u043b\u0430\u043d\u0436\u0435\u0441 (idlini, meaning ""data"" in singular form) to convey the meaning of data-driven research and analysis in the humanities. The translation emphasizes the intersection between data science and humanistic disciplines such as literature, history, or language.'}
 
 Alternative translations:
 
 - \u0418\u0437\u0442\u043e\u043a\u0435 Izidlini (using the Zulu prefix ""i-"" to signify a field of study)
 - Isicoco aZihamba (using the word ""isicoco"" meaning ""to seek"" or ""to discover"", to emphasize the data-driven aspect)",llama3.2,2025-02-27T23:44:43.603264Z,2336600042.0,27819167.0,149.0,157000000.0,238.0,2150000000.0,stop,[],,2025-05-31 21:15:56
