search_term,natural_language,counts,directionality,search_term_source,category,keep_term,directionality_conflict,ltr_languages,rtl_languages
डिजिटल मानविकी,"anp, awa, bap, bfy, bgc, bh, bhb, bhi, bho, bjj, bra, doi, dty, gbm, gju, gom, gon, gvr, hi, hif, hne, hoc, hoj, jml, kfr, kfy, khb, knn, kok, kru, kxp, lif, lki, lmn, mag, mai, mgp, mr, mrd, mtr, mwr, ne, new, noe, nwc, raj, rjs, sa, saz, snf, srx, suz, swv, taj, tdg, tdh, thl, thq, thr, tkt, tsj, unr, unx, wbr, xnr, xsr",66,ltr,Digital Humanities,"PRODUCTIVE_DISAGREEMENT, STRUCTURAL_ABSENCE, TRANSMOGRIFICATION",True,True,"anp, awa, bap, bfy, bgc, bh, bhb, bhi, bho, bjj, bra, doi, dty, gbm, gom, gon, gvr, hi, hif, hne, hoc, hoj, jml, kfr, kfy, khb, knn, kok, kru, lif, lmn, mag, mai, mgp, mr, mrd, mtr, mwr, ne, new, noe, nwc, raj, rjs, sa, saz, snf, srx, suz, swv, taj, tdg, tdh, thl, thq, thr, tkt, tsj, unr, unx, wbr, xnr, xsr","gju, kxp, lki"
डिजिटल मानवीयता,"bgc, bho, doi, gbm, gu, gvr, hi, hne, ks, lep, lif, mai, mgp, mr, mrd, mwr, ne, new, pa, raj, sd, swv, taj, tdg, te, thl",26,ltr,Digital Humanities,"PRODUCTIVE_DISAGREEMENT, STRUCTURAL_ABSENCE, TRANSMOGRIFICATION",True,True,"bgc, bho, doi, gbm, gu, gvr, hi, hne, lep, lif, mai, mgp, mr, mrd, mwr, ne, new, pa, raj, swv, taj, tdg, te, thl","ks, sd"
humaniora digital,"ace, aoz, ban, bbc, bew, bjn, bug, gay, gor, id, jv, kvr, lbw, ljp, mad, mak, map-bms, min, nia, nij, sas, sly, su, sxn",24,ltr,Digital Humanities,"PRODUCTIVE_DISAGREEMENT, STRUCTURAL_ABSENCE",True,False,,
humanidades digitais,"blo, ch, ext, gl, gub, kao, kea, kgp, kj, kmb, knf, lad, lam, mwl, pt, qu, seh, smp, ter, tet, umb, xpr, yrl",23,ltr,Digital Humanities,"COMPLETE_CONSENSUS, STRUCTURAL_ABSENCE, TRANSMOGRIFICATION",True,True,"blo, ch, ext, gl, gub, kao, kea, kgp, kj, kmb, knf, lam, mwl, pt, qu, seh, smp, ter, tet, umb, yrl","lad, xpr"
digitale humaniora,"af, da, den, dnj, frs, fy, gos, jut, kkj, li, nb, nds-nl, nl, nn, no, pdt, tem, vls, vmf, zea",20,ltr,Digital Humanities,"PRODUCTIVE_DISAGREEMENT, STRUCTURAL_ABSENCE, TRANSMOGRIFICATION",True,False,,
humanidades digitales,"an, arn, ast, bvb, es, ext, guc, krj, lad, len, mwl, nhe, pap, qu, rap, xld, yua, zap",18,ltr,Digital Humanities,"COMPLETE_CONSENSUS, STRUCTURAL_ABSENCE, TRANSMOGRIFICATION",True,True,"an, arn, ast, bvb, es, ext, guc, krj, len, mwl, nhe, pap, qu, rap, yua, zap","lad, xld"
цифровые гуманитарные науки,"ady, av, ckt, cu, dar, evn, izh, kbd, kjh, koi, mns, mnw, myv, ru, tt, udm, yrk",17,ltr,Digital Humanities,"PRODUCTIVE_DISAGREEMENT, STRUCTURAL_ABSENCE, TRANSMOGRIFICATION",True,False,,
kebudayaan digital,"ban, bew, bjn, bug, dtp, gor, id, jv, kcg, mad, mak, map-bms, mfa, ms, sly, su",16,ltr,Digital Humanities,"PRODUCTIVE_DISAGREEMENT, STRUCTURAL_ABSENCE",True,True,"ban, bew, bjn, bug, dtp, gor, id, jv, kcg, mad, mak, map-bms, ms, sly, su",mfa
ڈیجیٹل انسانیات,"bal, bft, bgn, brh, dcc, gju, hnd, hno, kfr, khw, ks, lah, skr, trw, ur",15,rtl,Digital Humanities,"STRUCTURAL_ABSENCE, TRANSMOGRIFICATION",True,True,kfr,"bal, bft, bgn, brh, dcc, gju, hnd, hno, khw, ks, lah, skr, trw, ur"
kemanusiaan digital,"ace, bbc, bjn, iba, ljp, mad, mak, map-bms, mdr, mfa, ms, nij, sly, zmi",14,ltr,Digital Humanities,STRUCTURAL_ABSENCE,True,True,"ace, bbc, bjn, iba, ljp, mad, mak, map-bms, mdr, ms, nij, sly, zmi",mfa
humanités numériques,"en, fr, frc, frm, fro, gcr, lb, ln, mg, nrm, pcd, wa, xpr",13,ltr,Digital Humanities,"COMPLETE_CONSENSUS, PRODUCTIVE_DISAGREEMENT, STRUCTURAL_ABSENCE, TRANSMOGRIFICATION",True,True,"en, fr, frc, frm, fro, gcr, lb, ln, mg, nrm, pcd, wa",xpr
العلوم الإنسانية الرقمية,"aeb, apc, apd, ar, arq, ars, ary, arz, fvr, jrb, kbl, mey, shu",13,rtl,Digital Humanities,"PRODUCTIVE_DISAGREEMENT, TRANSMOGRIFICATION",True,True,"fvr, kbl","aeb, apc, apd, ar, arq, ars, ary, arz, jrb, mey, shu"
डिजिटल ह्यूमनाइटीज़,"bfy, bhb, bho, bjj, doi, gbm, hif, hne, kvx, mtr, srx, thl, tkt",13,ltr,Digital Humanities,"STRUCTURAL_ABSENCE, TRANSMOGRIFICATION",True,True,"bfy, bhb, bho, bjj, doi, gbm, hif, hne, mtr, srx, thl, tkt",kvx
ڈیجیٹل ہیومینٹیز,"brh, btv, dcc, gjk, gju, hnd, hno, khw, ks, lah, skr, trw, ur",13,rtl,Digital Humanities,"STRUCTURAL_ABSENCE, TRANSMOGRIFICATION",True,True,btv,"brh, dcc, gjk, gju, hnd, hno, khw, ks, lah, skr, trw, ur"
数位人文,"bvb, fan, ken, khb, mfv, sbp, smp, snf, xcr, xld, xmn, xnr, yav",13,ltr,Digital Humanities,"STRUCTURAL_ABSENCE, TRANSMOGRIFICATION",True,True,"bvb, fan, ken, khb, mfv, sbp, smp, snf, xcr, xmn, xnr, yav",xld
цифровой гуманитарий,"ce, chm, dar, dng, inh, kum, lbe, lez, mrj, nog, tkr, ttt",12,ltr,Digital Humanities,"STRUCTURAL_ABSENCE, TRANSMOGRIFICATION",True,False,,
الإنسانية الدقيقة,"aeb, apc, apd, ar, ars, arz, mey, rmt, shi, shu, wbr",11,rtl,Digital Humanities,"PRODUCTIVE_DISAGREEMENT, STRUCTURAL_ABSENCE, TRANSMOGRIFICATION",True,True,wbr,"aeb, apc, apd, ar, ars, arz, mey, rmt, shi, shu"
数字人文,"dng, gan, hmd, hsn, ii, mdr, nxq, smp, wuu, yao, za",11,ltr,Digital Humanities,"STRUCTURAL_ABSENCE, TRANSMOGRIFICATION",True,False,,
digital humaniora,"da, id, kvr, lb, nb, nn, no, sas, srn, sv",10,ltr,Digital Humanities,"PRODUCTIVE_DISAGREEMENT, STRUCTURAL_ABSENCE",True,False,,
umanità digitale,"co, fur, it, lmo, nap, pms, sc, scn, vec, xum",10,ltr,Digital Humanities,"MEASUREMENT_ARTEFACT, PRODUCTIVE_DISAGREEMENT, STRUCTURAL_ABSENCE, TRANSMOGRIFICATION",True,False,,
dijital insaniyat,"bgn, diq, fia, fvr, gag, kiu, mde, rhg, rmt",9,ltr,Digital Humanities,"STRUCTURAL_ABSENCE, TRANSMOGRIFICATION",True,True,"diq, fvr, gag, kiu, mde","bgn, fia, rhg, rmt"
digitale geisteswissenschaften,"bar, de, gsw, lb, pfl, prg, swg, ter, vmf",9,ltr,Digital Humanities,"PRODUCTIVE_DISAGREEMENT, STRUCTURAL_ABSENCE, TRANSMOGRIFICATION",True,False,,
デジタル人文科学,"abr, blo, bra, bum, kxp, ryu, sei, sus, syi",9,ltr,Digital Humanities,"STRUCTURAL_ABSENCE, TRANSMOGRIFICATION",True,True,"abr, blo, bra, bum, ryu, sei, sus, syi",kxp
humanidades digital,"fil, hil, ilo, kea, pap, tet, tl, war",8,ltr,Digital Humanities,STRUCTURAL_ABSENCE,True,False,,
ubinadamu wa kidijitali,"afh, bez, jmc, kde, ksb, sw, wni, zdj",8,ltr,Digital Humanities,"STRUCTURAL_ABSENCE, TRANSMOGRIFICATION",True,True,"afh, bez, jmc, kde, ksb, sw","wni, zdj"
digitalna humanistika,"bs, cnr, crn, dsb, hr, sh, sl, sr",8,ltr,Digital Humanities,"PRODUCTIVE_DISAGREEMENT, STRUCTURAL_ABSENCE, TRANSMOGRIFICATION",True,False,,
sayansi ya kidijitali ya binadamu,"asa, dav, jmc, ksb, nym, sbp, vun, wni",8,ltr,Digital Humanities,"STRUCTURAL_ABSENCE, TRANSMOGRIFICATION",True,True,"asa, dav, jmc, ksb, nym, sbp, vun",wni
humanitè digitale,"frp, mos, rcf, snk, swb, wni, zdj",7,ltr,Digital Humanities,"STRUCTURAL_ABSENCE, TRANSMOGRIFICATION",True,True,"frp, mos, rcf, snk","swb, wni, zdj"
ilmu kemanusiaan digital,"ace, bew, gay, kvr, mfa, rej, sas",7,ltr,Digital Humanities,STRUCTURAL_ABSENCE,True,True,"ace, bew, gay, kvr, rej, sas",mfa
kamanusiaan digital,"bbc, bjn, bug, mak, min, sly, sxn",7,ltr,Digital Humanities,STRUCTURAL_ABSENCE,True,False,,
दिजिटल ह्यूमनाइटीज़,"awa, gvr, mag, mrd, ss, thq, thr",7,ltr,Digital Humanities,"STRUCTURAL_ABSENCE, TRANSMOGRIFICATION",True,False,,
数字人文学,"cdo, gan, hsn, mdr, nxq, wuu, za",7,ltr,Digital Humanities,"STRUCTURAL_ABSENCE, TRANSMOGRIFICATION",True,False,,
علوم انسانی دیجیتال,"bqi, fa, gbz, jpr, luz, prd",6,rtl,Digital Humanities,"PRODUCTIVE_DISAGREEMENT, STRUCTURAL_ABSENCE, TRANSMOGRIFICATION",True,False,,
digitale geesteswetenschappen,"dum, li, nds-nl, nl, vls, zea",6,ltr,Digital Humanities,"PRODUCTIVE_DISAGREEMENT, TRANSMOGRIFICATION",True,False,,
dijital insani bilimler,"bgx, crh, kiu, ota, tk, tr",6,ltr,Digital Humanities,"PRODUCTIVE_DISAGREEMENT, STRUCTURAL_ABSENCE, TRANSMOGRIFICATION",True,False,,
數位人文學,"hak, lzh, nan, trv, zh-min-nan, zh-tw",6,ltr,Digital Humanities,"STRUCTURAL_ABSENCE, TRANSMOGRIFICATION",True,False,,
digitale humanities,"lfn, nds, nov, pdt, rm, wae",6,ltr,Digital Humanities,STRUCTURAL_ABSENCE,True,False,,
ডিজিটাল মানববিদ্যা,"bn, bpy, ccp, rjs, rkt, syl",6,ltr,Digital Humanities,TRANSMOGRIFICATION,True,False,,
डिजिटल मानव विज्ञान,"bgc, gbm, hi, kfr, mwr, raj",6,ltr,Digital Humanities,"PRODUCTIVE_DISAGREEMENT, TRANSMOGRIFICATION",True,False,,
數字人文學,"buc, cdo, gan, hsn, wuu, zh-tw",6,ltr,Digital Humanities,"STRUCTURAL_ABSENCE, TRANSMOGRIFICATION",True,False,,
डिजिटल मानवीकी,"bgc, bhb, bhi, gon, kvx, swv",6,ltr,Digital Humanities,"STRUCTURAL_ABSENCE, TRANSMOGRIFICATION",True,True,"bgc, bhb, bhi, gon, swv",kvx
цифровой гуманитарный,"ckt, dar, kca, koi, mns, udm",6,ltr,Digital Humanities,TRANSMOGRIFICATION,True,False,,
digitale humanistika,"dsb, fiu-vro, hsb, hz, kaj, vro",6,ltr,Digital Humanities,"STRUCTURAL_ABSENCE, TRANSMOGRIFICATION",True,False,,
humanités digitales,"frm, fro, frp, nrm, oc, wa",6,ltr,Digital Humanities,"STRUCTURAL_ABSENCE, TRANSMOGRIFICATION",True,False,,
الإنسانيات الرقمية,"aeb, apc, apd, ar, arq, arz",6,rtl,Digital Humanities,"PRODUCTIVE_DISAGREEMENT, TRANSMOGRIFICATION",True,False,,
digitalne humanistike,"cnr, dsb, hsb, rmo, rmu, sl",6,ltr,Digital Humanities,"PRODUCTIVE_DISAGREEMENT, STRUCTURAL_ABSENCE, TRANSMOGRIFICATION",True,False,,
humanitats digitals,"an, ast, ca, oc, sc",5,ltr,Digital Humanities,"COMPLETE_CONSENSUS, STRUCTURAL_ABSENCE, TRANSMOGRIFICATION",True,False,,
ufundi wa dijitali,"afh, kde, swb, tum, vmw",5,ltr,Digital Humanities,"STRUCTURAL_ABSENCE, TRANSMOGRIFICATION",True,True,"afh, kde, tum, vmw",swb
數字人文,"cdo, gan, lzh, wuu, zh-min-nan",5,ltr,Digital Humanities,TRANSMOGRIFICATION,True,False,,
العلوم الرقمية للحضارة,"aeb, apc, ars, ary, arz",5,rtl,Digital Humanities,TRANSMOGRIFICATION,True,False,,
數碼人文,"cdo, gan, lzh, mdr, zh-yue",5,ltr,Digital Humanities,"MEASUREMENT_ARTEFACT, STRUCTURAL_ABSENCE, TRANSMOGRIFICATION",True,False,,
ڊجيٽل انسانيات,"hnd, hno, kvx, sd, skr",5,rtl,Digital Humanities,"STRUCTURAL_ABSENCE, TRANSMOGRIFICATION",True,False,,
डिजिटल मानवशास्त्र,"gom, kok, mr, new, tkt",5,ltr,Digital Humanities,"STRUCTURAL_ABSENCE, TRANSMOGRIFICATION",True,False,,
dijital insanlar bilimleri,"bgx, crh, gag, otk, zza",5,ltr,Digital Humanities,"STRUCTURAL_ABSENCE, TRANSMOGRIFICATION",True,False,,
digitale menschheitswissenschaften,"als, bar, nds, pfl, swg",5,ltr,Digital Humanities,"STRUCTURAL_ABSENCE, TRANSMOGRIFICATION",True,False,,
digital na humanidades,"bcl, bik, bto, fil, pag",5,ltr,Digital Humanities,STRUCTURAL_ABSENCE,True,False,,
digitalne humanističke nauke,"bs, cnr, crn, sh, sr",5,ltr,Digital Humanities,"PRODUCTIVE_DISAGREEMENT, STRUCTURAL_ABSENCE, TRANSMOGRIFICATION",True,False,,
makala ya kielektroniki,"dav, mer, nym, suk, wni",5,ltr,Digital Humanities,"STRUCTURAL_ABSENCE, TRANSMOGRIFICATION",True,True,"dav, mer, nym, suk",wni
دیجیتال انسانیاتی,"bgn, gbz, lki, lrc, luz",5,rtl,Digital Humanities,TRANSMOGRIFICATION,True,False,,
الآداب الرقمية,"aeb, apd, ar, ars, shu",5,rtl,Digital Humanities,"PRODUCTIVE_DISAGREEMENT, TRANSMOGRIFICATION",True,False,,
budaya digital,"dtp, kvr, ljp, mfa, rej",5,ltr,Digital Humanities,STRUCTURAL_ABSENCE,True,True,"dtp, kvr, ljp, rej",mfa
數位人文,"hak, lzh, nan, zh-min-nan, zh-tw",5,ltr,Digital Humanities,"STRUCTURAL_ABSENCE, TRANSMOGRIFICATION",True,False,,
デジタルヒューマニティーズ,"anp, lah, mai, rjs, unr",5,ltr,Digital Humanities,"STRUCTURAL_ABSENCE, TRANSMOGRIFICATION",True,True,"anp, mai, rjs, unr",lah
humanitas digital,"ace, bjn, gay, ms, zmi",5,ltr,Digital Humanities,STRUCTURAL_ABSENCE,True,False,,
डिजीटल मानविकी,"awa, bft, kfy, kvx, rkt",5,ltr,Digital Humanities,"STRUCTURAL_ABSENCE, TRANSMOGRIFICATION",True,True,"awa, kfy, rkt","bft, kvx"
digitale menschlichkeit,"bar, ksh, pdc, pfl, vmf",5,ltr,Digital Humanities,"STRUCTURAL_ABSENCE, TRANSMOGRIFICATION",True,False,,
มนุษยศาสตร์ดิจิทัล,"kxm, nod, sou, tts",4,ltr,Digital Humanities,TRANSMOGRIFICATION,True,False,,
دیجیتال علوم بشر,"fa, gbz, luz, mzn",4,rtl,Digital Humanities,"PRODUCTIVE_DISAGREEMENT, TRANSMOGRIFICATION",True,False,,
umanità digitala,"lij, lld, mhn, rgn",4,ltr,Digital Humanities,"STRUCTURAL_ABSENCE, TRANSMOGRIFICATION",True,False,,
دیجیٹل انسانیات,"hnd, hno, ks, ur",4,rtl,Digital Humanities,TRANSMOGRIFICATION,True,False,,
humanitats digitalas,"fur, mwl, pms, rm",4,ltr,Digital Humanities,"STRUCTURAL_ABSENCE, TRANSMOGRIFICATION",True,False,,
дигиталне хуманистике,"cnr, crn, sr, srb",4,ltr,Digital Humanities,"PRODUCTIVE_DISAGREEMENT, STRUCTURAL_ABSENCE, TRANSMOGRIFICATION",True,False,,
ubumuntu bwa digitali,"bez, buc, rw, rwk",4,ltr,Digital Humanities,"STRUCTURAL_ABSENCE, TRANSMOGRIFICATION",True,False,,
डिজিटल मानविकी,"mns, new, nwc, taj",4,ltr,Digital Humanities,"STRUCTURAL_ABSENCE, TRANSMOGRIFICATION",True,False,,
humanis digital,"bew, bjn, map-bms, su",4,ltr,Digital Humanities,STRUCTURAL_ABSENCE,True,False,,
humanități digitale,"mo, ro, roa-rup, rup",4,ltr,Digital Humanities,"STRUCTURAL_ABSENCE, TRANSMOGRIFICATION",True,False,,
pamantasang digital,"bcl, bik, bto, ilo",4,ltr,Digital Humanities,STRUCTURAL_ABSENCE,True,False,,
dijital insan bilimleri,"bgx, dzg, gag, kbl",4,ltr,Digital Humanities,"STRUCTURAL_ABSENCE, TRANSMOGRIFICATION",True,False,,
digital humanitats,"lfn, lld, rmy, rom",4,ltr,Digital Humanities,STRUCTURAL_ABSENCE,True,False,,
digital nga humanidades,"cps, hil, krj, war",4,ltr,Digital Humanities,STRUCTURAL_ABSENCE,True,False,,
ດິຈິຕອນມະນຸດສາດ,"blt, lcp, lo, stu",4,ltr,Digital Humanities,"STRUCTURAL_ABSENCE, TRANSMOGRIFICATION",True,False,,
humanities digital,"gor, id, mwv, nia",4,ltr,Digital Humanities,"PRODUCTIVE_DISAGREEMENT, STRUCTURAL_ABSENCE",True,False,,
ডিজিটাল মানবিকতা,"bpy, mro, rhg, rkt",4,ltr,Digital Humanities,"STRUCTURAL_ABSENCE, TRANSMOGRIFICATION",True,True,"bpy, mro, rkt",rhg
علوم انسانی دیجیتالی,"gbz, haz, lrc, luz",4,rtl,Digital Humanities,TRANSMOGRIFICATION,True,False,,
घरेलू मानवीयता,"bhi, gjk, thr, tkt",4,ltr,Digital Humanities,"STRUCTURAL_ABSENCE, TRANSMOGRIFICATION",True,True,"bhi, thr, tkt",gjk
dijital humanitis,"bi, pis, tem, tpi",4,ltr,Digital Humanities,STRUCTURAL_ABSENCE,True,False,,
დიჯიტალური ხელოვნება,"av, dar, ka, tkr",4,ltr,Digital Humanities,"STRUCTURAL_ABSENCE, TRANSMOGRIFICATION",True,False,,
ডিজিটাল মানৱিক বিজ্ঞান,"as, bpy, rkt",3,ltr,Digital Humanities,TRANSMOGRIFICATION,True,False,,
humanistyka cyfrowa,"be-x-old, pl, szl",3,ltr,Digital Humanities,"PRODUCTIVE_DISAGREEMENT, TRANSMOGRIFICATION",True,False,,
digitali geisteswüsseschafte,"als, gsw, wae",3,ltr,Digital Humanities,"STRUCTURAL_ABSENCE, TRANSMOGRIFICATION",True,False,,
digitalong humanidades,"bcl, bik, bto",3,ltr,Digital Humanities,STRUCTURAL_ABSENCE,True,False,,
ڊجيٽل انسانيت,"kfr, kxp, sd",3,rtl,Digital Humanities,TRANSMOGRIFICATION,True,True,kfr,"kxp, sd"
digitaalne humanitaaria,"et, fiu-vro, vro",3,ltr,Digital Humanities,"PRODUCTIVE_DISAGREEMENT, TRANSMOGRIFICATION",True,False,,
دیجیتال هنرهای انسانی,"fa, glk, mzn",3,rtl,Digital Humanities,"PRODUCTIVE_DISAGREEMENT, TRANSMOGRIFICATION",True,False,,
رقمی علوم انسانی,"haz, ota, uz_AF",3,rtl,Digital Humanities,"STRUCTURAL_ABSENCE, TRANSMOGRIFICATION",True,True,ota,"haz, uz_AF"
الإنسانية الرقمية,"arq, bej, snf",3,rtl,Digital Humanities,"STRUCTURAL_ABSENCE, TRANSMOGRIFICATION",True,True,snf,"arq, bej"
ዲጂታል ሰብአዊነት,"am, gez, tig",3,ltr,Digital Humanities,"STRUCTURAL_ABSENCE, TRANSMOGRIFICATION",True,False,,
mambo ya digitali,"ndc, tog, tum",3,ltr,Digital Humanities,TRANSMOGRIFICATION,True,False,,
digitale humanistiek,"gos, nds-nl, stq",3,ltr,Digital Humanities,TRANSMOGRIFICATION,True,False,,
डिजिटल मानवी शास्त्र,"gom, knn, kok",3,ltr,Digital Humanities,"STRUCTURAL_ABSENCE, TRANSMOGRIFICATION",True,False,,
dijitalne umetnosti,"bs, cnr, crn",3,ltr,Digital Humanities,"STRUCTURAL_ABSENCE, TRANSMOGRIFICATION",True,False,,
tlamatiliztli ipan tlapohualhuaztli,"nch, nhe, nhw",3,ltr,Digital Humanities,"STRUCTURAL_ABSENCE, TRANSMOGRIFICATION",True,False,,
ilmu pengetahuan digital manusia,"gor, lbw, nij",3,ltr,Digital Humanities,STRUCTURAL_ABSENCE,True,False,,
gidakiiminaan gizhawenimin,"oj, ojc, ojw",3,ltr,Digital Humanities,TRANSMOGRIFICATION,True,False,,
digitaalinen humanismi,"fi, fit, vot",3,ltr,Digital Humanities,"PRODUCTIVE_DISAGREEMENT, TRANSMOGRIFICATION",True,False,,
umanità digitali,"egl, scn, vec",3,ltr,Digital Humanities,"STRUCTURAL_ABSENCE, TRANSMOGRIFICATION",True,False,,
sayansi za kibinadamu za kidijitali,"swb, wni, zdj",3,rtl,Digital Humanities,TRANSMOGRIFICATION,True,False,,
digitale humanistikk,"nb, nn, no",3,ltr,Digital Humanities,STRUCTURAL_ABSENCE,True,False,,
tlilli tlahtolli tlamachiyotl,"nch, nhe, nhw",3,ltr,Digital Humanities,"STRUCTURAL_ABSENCE, TRANSMOGRIFICATION",True,False,,
цифровая гуманитаристика,"kv, tab, yrk",3,ltr,Digital Humanities,TRANSMOGRIFICATION,True,False,,
ܝܘܠܦܢ̈ܐ ܐܢܫܝ̈ܐ ܕܝܓܝܛܠܝ̈ܐ,"arc, syc, syr",3,rtl,Digital Humanities,"STRUCTURAL_ABSENCE, TRANSMOGRIFICATION",True,True,syc,"arc, syr"
ܡܕܥܢܘܬܐ ܪ̈ܩܡܝܬܐ,"arc, syc, tru",3,ltr,Digital Humanities,"STRUCTURAL_ABSENCE, TRANSMOGRIFICATION",True,True,"syc, tru",arc
digitale menskunde,"li, pdt, zea",3,ltr,Digital Humanities,"STRUCTURAL_ABSENCE, TRANSMOGRIFICATION",True,False,,
digitála humaniora,"se, sma, smj",3,ltr,Digital Humanities,TRANSMOGRIFICATION,True,False,,
digitalna umjetnost,"bs, hr, sh",3,ltr,Digital Humanities,"PRODUCTIVE_DISAGREEMENT, STRUCTURAL_ABSENCE, TRANSMOGRIFICATION",True,False,,
digitalne humanističke znanosti,"bs, hr, sh",3,ltr,Digital Humanities,"PRODUCTIVE_DISAGREEMENT, STRUCTURAL_ABSENCE, TRANSMOGRIFICATION",True,False,,
sastra digital,"ban, kaw, ljp",3,ltr,Digital Humanities,STRUCTURAL_ABSENCE,True,False,,
kamanusaan digital,"ban, mad, su",3,ltr,Digital Humanities,STRUCTURAL_ABSENCE,True,False,,
дижитал хүмүүнлэг,"bxr, lol, mn",3,ltr,Digital Humanities,"STRUCTURAL_ABSENCE, TRANSMOGRIFICATION",True,False,,
digiálbmot,"se, smn, sms",3,ltr,Digital Humanities,TRANSMOGRIFICATION,True,False,,
ડિજિટલ માનવતા,"gjk, gu, kfr",3,ltr,Digital Humanities,TRANSMOGRIFICATION,True,True,"gu, kfr",gjk
sayansi za kidijitali za ubinadamu,"bez, kde, ksb",3,ltr,Digital Humanities,"STRUCTURAL_ABSENCE, TRANSMOGRIFICATION",True,False,,
numizmatika digitalna,"hr, sh, sr",3,ltr,Digital Humanities,"PRODUCTIVE_DISAGREEMENT, TRANSMOGRIFICATION",True,False,,
digitale geisteswetenschoppen,"frs, gos, nds",3,ltr,Digital Humanities,"STRUCTURAL_ABSENCE, TRANSMOGRIFICATION",True,False,,
دیجیتال انسانی علوم,"glk, haz, mzn",3,rtl,Digital Humanities,TRANSMOGRIFICATION,True,False,,
digitals nnipa ho adesua,"ak, fat, tw",3,ltr,Digital Humanities,"STRUCTURAL_ABSENCE, TRANSMOGRIFICATION",True,False,,
ادبیات دیجیتال,"jpr, prd, uz_AF",3,rtl,Digital Humanities,"STRUCTURAL_ABSENCE, TRANSMOGRIFICATION",True,False,,
ಡಿಜಿಟಲ್ ಮಾನವಿಕತೆ,"bfq, tcy, wbq",3,ltr,Digital Humanities,"STRUCTURAL_ABSENCE, TRANSMOGRIFICATION",True,False,,
دیجیتال علوم انسانی,"bqi, mzn, prd",3,rtl,Digital Humanities,TRANSMOGRIFICATION,True,False,,
dijitali hadamaya,"dyu, man, mwk",3,ltr,Digital Humanities,"STRUCTURAL_ABSENCE, TRANSMOGRIFICATION",True,False,,
limanité nimérik,"gcr, lou, rcf",3,ltr,Digital Humanities,"STRUCTURAL_ABSENCE, TRANSMOGRIFICATION",True,False,,
диджитал хумантизм,"bft, bua, ses",3,ltr,Digital Humanities,"STRUCTURAL_ABSENCE, TRANSMOGRIFICATION",True,True,"bua, ses",bft
ციფრული ჰუმანიტარია,"ka, lzz, xmf",3,ltr,Digital Humanities,TRANSMOGRIFICATION,True,False,,
humaniti digital,"dtp, iba, ms",3,ltr,Digital Humanities,STRUCTURAL_ABSENCE,True,False,,
دیجیتال ئینسانی,"bqi, lrc, luz",3,rtl,Digital Humanities,TRANSMOGRIFICATION,True,False,,
umunthu wa digito,"ny, tog, tum",3,ltr,Digital Humanities,"STRUCTURAL_ABSENCE, TRANSMOGRIFICATION",True,False,,
デジタルヒューマニティズ,"dty, kfr, srb",3,ltr,Digital Humanities,"STRUCTURAL_ABSENCE, TRANSMOGRIFICATION",True,False,,
humanitates digital,"ia, ie, lfn",3,ltr,Digital Humanities,"MEASUREMENT_ARTEFACT, STRUCTURAL_ABSENCE",True,False,,
umanità digital,"lmo, pms, rgn",3,ltr,Digital Humanities,"PRODUCTIVE_DISAGREEMENT, STRUCTURAL_ABSENCE",True,False,,
ubumuntu bwa digital,"bem, lun, rw",3,ltr,Digital Humanities,STRUCTURAL_ABSENCE,True,False,,
ดิจิทัลมนุษยศาสตร์,"nod, sou, tts",3,ltr,Digital Humanities,TRANSMOGRIFICATION,True,False,,
གྲངས་འཛིན་མི་ཆོས་རིག་པ།,"bo, dz",2,ltr,Digital Humanities,TRANSMOGRIFICATION,True,False,,
dijigitalne umetnosti,"sr, srb",2,ltr,Digital Humanities,"PRODUCTIVE_DISAGREEMENT, STRUCTURAL_ABSENCE",True,False,,
دیجیٹل ھیومینٹیز,"bal, bgn",2,rtl,Digital Humanities,TRANSMOGRIFICATION,True,False,,
ψηφιακές ανθρωπιστικές επιστήμες,"el, pnt",2,ltr,Digital Humanities,"PRODUCTIVE_DISAGREEMENT, TRANSMOGRIFICATION",True,False,,
دیجیټل هنسینم,"bal, prd",2,rtl,Digital Humanities,TRANSMOGRIFICATION,True,False,,
ڈیجیٹل انسایکلوپیڈیا,"brh, khw",2,rtl,Digital Humanities,TRANSMOGRIFICATION,True,False,,
دیجیتال بشریت,"bal, ps",2,rtl,Digital Humanities,TRANSMOGRIFICATION,True,False,,
digitaalmáhkkár,"smn, sms",2,ltr,Digital Humanities,TRANSMOGRIFICATION,True,False,,
imihlabathi yedigithali,"nd, nr",2,ltr,Digital Humanities,STRUCTURAL_ABSENCE,True,False,,
humanité numérique,"sg, wo",2,ltr,Digital Humanities,"STRUCTURAL_ABSENCE, TRANSMOGRIFICATION",True,False,,
ডিজিটাল হিউম্যানিটিজ,"mni, syl",2,ltr,Digital Humanities,"STRUCTURAL_ABSENCE, TRANSMOGRIFICATION",True,False,,
ubuntu bedijithali,"nd, xh",2,ltr,Digital Humanities,STRUCTURAL_ABSENCE,True,False,,
ဒီဂျစ်တယ် လူမှုသိပ္ပံ,"eky, kyu",2,ltr,Digital Humanities,"STRUCTURAL_ABSENCE, TRANSMOGRIFICATION",True,False,,
ဒီဂျီတယ် လူသားပညာ,"eky, kyu",2,ltr,Digital Humanities,"STRUCTURAL_ABSENCE, TRANSMOGRIFICATION",True,False,,
デジタル人文学,"dtm, ryu",2,ltr,Digital Humanities,"STRUCTURAL_ABSENCE, TRANSMOGRIFICATION",True,False,,
數碼人文學,"kkj, wuu",2,ltr,Digital Humanities,"STRUCTURAL_ABSENCE, TRANSMOGRIFICATION",True,False,,
санлы гуманитар фәннәр,"tt, ttt",2,ltr,Digital Humanities,TRANSMOGRIFICATION,True,False,,
kɔmputa hümaniti,"kpe, vai",2,ltr,Digital Humanities,STRUCTURAL_ABSENCE,True,False,,
tlatequitl tlahtolli,"nch, nhw",2,ltr,Digital Humanities,"STRUCTURAL_ABSENCE, TRANSMOGRIFICATION",True,False,,
digitaal humaniora,"hoj, snf",2,ltr,Digital Humanities,"STRUCTURAL_ABSENCE, TRANSMOGRIFICATION",True,False,,
ផ្សារដីបន្ទេស,"khb, tdd",2,ltr,Digital Humanities,"STRUCTURAL_ABSENCE, TRANSMOGRIFICATION",True,False,,
digitalne humanistiske wědy,"dsb, hsb",2,ltr,Digital Humanities,TRANSMOGRIFICATION,True,False,,
kabudayaan digital,"bug, sas",2,ltr,Digital Humanities,STRUCTURAL_ABSENCE,True,False,,
डिजिटल ह्युमनिटिज,"diq, lep",2,ltr,Digital Humanities,TRANSMOGRIFICATION,True,False,,
mukanda wa digital,"kmb, umb",2,ltr,Digital Humanities,STRUCTURAL_ABSENCE,True,False,,
digitaalhumanitaaria,"et, vro",2,ltr,Digital Humanities,"PRODUCTIVE_DISAGREEMENT, TRANSMOGRIFICATION",True,False,,
رقمی انسانیات,"lah, ur",2,rtl,Digital Humanities,"STRUCTURAL_ABSENCE, TRANSMOGRIFICATION",True,False,,
humanistikê dijital,"diq, zza",2,ltr,Digital Humanities,TRANSMOGRIFICATION,True,False,,
ਡਿਜ਼ਿਟਲ ਹਿਊਮੈਨਿਟੀਜ਼,"lah, pa",2,ltr,Digital Humanities,"STRUCTURAL_ABSENCE, TRANSMOGRIFICATION",True,True,pa,lah
sayansi ya anthu ya pa intaneti,"tog, tum",2,ltr,Digital Humanities,TRANSMOGRIFICATION,True,False,,
kajian kemanusiaan digital,"bug, sly",2,ltr,Digital Humanities,STRUCTURAL_ABSENCE,True,False,,
digitaal humanistika,"avk, fiu-vro",2,ltr,Digital Humanities,TRANSMOGRIFICATION,True,False,,
dijitali hadamadenya,"bm, kao",2,ltr,Digital Humanities,STRUCTURAL_ABSENCE,True,False,,
digitala humanistiko,"eo, io",2,ltr,Digital Humanities,TRANSMOGRIFICATION,True,False,,
тоон хүмүүнлиг ухаанууд,"bua, bxr",2,ltr,Digital Humanities,TRANSMOGRIFICATION,True,False,,
មនុស្សសាស្ត្រឌីជីថល,"km, kxm",2,ltr,Digital Humanities,"STRUCTURAL_ABSENCE, TRANSMOGRIFICATION",True,False,,
ಡಿಜಿಟಲ್ ಮಾನವಶಾಸ್ತ್ರ,"kn, tcy",2,ltr,Digital Humanities,TRANSMOGRIFICATION,True,False,,
jan sona pi ilo,"tok, tokipona",2,ltr,Digital Humanities,"STRUCTURAL_ABSENCE, TRANSMOGRIFICATION",True,False,,
ḍijiṭal manovshastra,"knn, kok",2,ltr,Digital Humanities,TRANSMOGRIFICATION,True,False,,
nasin sona pi ilo nanpa,"tok, tokipona",2,ltr,Digital Humanities,"STRUCTURAL_ABSENCE, TRANSMOGRIFICATION",True,False,,
dijital beşeri bilimler,"otk, tr",2,ltr,Digital Humanities,"PRODUCTIVE_DISAGREEMENT, TRANSMOGRIFICATION",True,False,,
pana seme,"tok, tokipona",2,ltr,Digital Humanities,"STRUCTURAL_ABSENCE, TRANSMOGRIFICATION",True,False,,
dijital dilal！,"dnj, zza",2,ltr,Digital Humanities,"STRUCTURAL_ABSENCE, TRANSMOGRIFICATION",True,False,,
дигитална хуманистика,"sr, srb",2,ltr,Digital Humanities,"PRODUCTIVE_DISAGREEMENT, STRUCTURAL_ABSENCE",True,False,,
дижитал гуманитарна ухаан,"bua, bxr",2,ltr,Digital Humanities,TRANSMOGRIFICATION,True,False,,
digitale mänschawissenskaps,"bar, nds",2,ltr,Digital Humanities,"STRUCTURAL_ABSENCE, TRANSMOGRIFICATION",True,False,,
skaitmeninės humanitarinės muokslā,"bat-smg, sgs",2,ltr,Digital Humanities,TRANSMOGRIFICATION,True,False,,
ডিজিটাল মানবিক বিদ্যা,"bpy, syl",2,ltr,Digital Humanities,TRANSMOGRIFICATION,True,False,,
kev tshawb fawb txog tib neeg hauv ntiaj teb digital,"hmn, hnj",2,ltr,Digital Humanities,STRUCTURAL_ABSENCE,True,False,,
humana digitale,"uli, yap",2,ltr,Digital Humanities,STRUCTURAL_ABSENCE,True,False,,
санлы гуманитар илимлер,"kum, nog",2,ltr,Digital Humanities,TRANSMOGRIFICATION,True,False,,
cyberhumanistyka,"sli, szl",2,ltr,Digital Humanities,TRANSMOGRIFICATION,True,False,,
cyfrowe humanistyka,"sli, szl",2,ltr,Digital Humanities,TRANSMOGRIFICATION,True,False,,
humanitaria digitale,"bft, sq",2,ltr,Digital Humanities,TRANSMOGRIFICATION,True,True,sq,bft
رقمی انسانیت,"bft, chg",2,ltr,Digital Humanities,TRANSMOGRIFICATION,True,True,chg,bft
cov neeg siv lus fua ntawm kev sau huv,"hmn, mww",2,ltr,Digital Humanities,STRUCTURAL_ABSENCE,True,False,,
дигиталне хуманистичке науке,"sh, sr",2,ltr,Digital Humanities,PRODUCTIVE_DISAGREEMENT,True,False,,
humanitiz digital,"bci, ksf",2,ltr,Digital Humanities,STRUCTURAL_ABSENCE,True,False,,
dharmik digital,"brx, unr",2,ltr,Digital Humanities,STRUCTURAL_ABSENCE,True,False,,
humanidad digital,"bcl, bik",2,ltr,Digital Humanities,STRUCTURAL_ABSENCE,True,False,,
akwaakpa abasi,"efi, ibb",2,ltr,Digital Humanities,STRUCTURAL_ABSENCE,True,False,,
kev kawm txog tib neeg hauv tshuab,"hmn, hnj",2,ltr,Digital Humanities,STRUCTURAL_ABSENCE,True,False,,
sayansi za kidijitali za utu,"dav, rwk",2,ltr,Digital Humanities,"STRUCTURAL_ABSENCE, TRANSMOGRIFICATION",True,False,,
dijital beşerî ilimler,"kiu, zza",2,ltr,Digital Humanities,TRANSMOGRIFICATION,True,False,,
ingoma ya dizidi,"bem, ny",2,ltr,Digital Humanities,STRUCTURAL_ABSENCE,True,False,,
raqamli gumanitar fanlar,"uz, uz_AF",2,ltr,Digital Humanities,STRUCTURAL_ABSENCE,True,True,uz,uz_AF
лічбавыя гуманітарныя навукі,"be, be-x-old",2,ltr,Digital Humanities,TRANSMOGRIFICATION,True,False,,
د دیجیټل هنسیم,"haz, ps",2,rtl,Digital Humanities,TRANSMOGRIFICATION,True,False,,
цыфравыя гуманітарныя навукі,"be, be-x-old",2,ltr,Digital Humanities,TRANSMOGRIFICATION,True,False,,
elektron tarixiyotlik,"uz, uz_AF",2,ltr,Digital Humanities,STRUCTURAL_ABSENCE,True,True,uz,uz_AF
डिजिटल मानवता,"hi, mr",2,ltr,Digital Humanities,"PRODUCTIVE_DISAGREEMENT, TRANSMOGRIFICATION",True,False,,
ଡିଜିଟାଲ୍ ମାନବିକତା,"or, srb",2,ltr,Digital Humanities,"STRUCTURAL_ABSENCE, TRANSMOGRIFICATION",True,False,,
дигитални хуманистика,"bg, otk",2,ltr,Digital Humanities,TRANSMOGRIFICATION,True,False,,
tlhokomelo ya digital,"st, tn",2,ltr,Digital Humanities,STRUCTURAL_ABSENCE,True,False,,
विज्ञान कोम्प्यूटर,"bh, bjj",2,ltr,Digital Humanities,TRANSMOGRIFICATION,True,False,,
ডিজিটেল মানবিকী,"bpy, rkt",2,ltr,Digital Humanities,TRANSMOGRIFICATION,True,False,,
digital hiumanitis,"bi, pis",2,ltr,Digital Humanities,STRUCTURAL_ABSENCE,True,False,,
digitale humaniteiten,"srn, vls",2,ltr,Digital Humanities,"STRUCTURAL_ABSENCE, TRANSMOGRIFICATION",True,False,,
humanitats digilisi,"bas, dty",2,ltr,Digital Humanities,"STRUCTURAL_ABSENCE, TRANSMOGRIFICATION",True,False,,
digitale menswetenschappen,"vls, zea",2,ltr,Digital Humanities,TRANSMOGRIFICATION,True,False,,
digital humanistik,"da, nov",2,ltr,Digital Humanities,STRUCTURAL_ABSENCE,True,False,,
ડિજીટલ માનવતા,"bhi, gju",2,ltr,Digital Humanities,"STRUCTURAL_ABSENCE, TRANSMOGRIFICATION",True,True,bhi,gju
цифровой гуманитаристика,"krc, udm",2,ltr,Digital Humanities,TRANSMOGRIFICATION,True,False,,
ડીજિટલ માનવતા,"bhb, saz",2,ltr,Digital Humanities,TRANSMOGRIFICATION,True,False,,
skaitmenėnė humanitarika,"bat-smg, sgs",2,ltr,Digital Humanities,TRANSMOGRIFICATION,True,False,,
डिजिटल मानविकी के बारे में बतावल गइल बा,"bh, bho",2,ltr,Digital Humanities,TRANSMOGRIFICATION,True,False,,
tib neeg kev kawm txuj ci digital,"hnj, mww",2,ltr,Digital Humanities,STRUCTURAL_ABSENCE,True,False,,
tēchiyōtl tlāltikpak,"nch, nhe",2,ltr,Digital Humanities,"STRUCTURAL_ABSENCE, TRANSMOGRIFICATION",True,False,,
dyginė humanistika,"bat-smg, sgs",2,ltr,Digital Humanities,TRANSMOGRIFICATION,True,False,,
umanistiche digitêl,"egl, rgn",2,ltr,Digital Humanities,STRUCTURAL_ABSENCE,True,False,,
digitali humaniora,"pdc, pfl",2,ltr,Digital Humanities,TRANSMOGRIFICATION,True,False,,
științe umaniste digitale,"mo, ro",2,ltr,Digital Humanities,"STRUCTURAL_ABSENCE, TRANSMOGRIFICATION",True,False,,
umanități digitale,"mo, ro",2,ltr,Digital Humanities,"STRUCTURAL_ABSENCE, TRANSMOGRIFICATION",True,False,,
دیجیټل هنرمندانه,"bgn, luz",2,rtl,Digital Humanities,TRANSMOGRIFICATION,True,False,,
dhārmiyā digital vidyā,"mtr, swv",2,ltr,Digital Humanities,STRUCTURAL_ABSENCE,True,False,,
umanistică digitală,"mo, ro",2,ltr,Digital Humanities,"STRUCTURAL_ABSENCE, TRANSMOGRIFICATION",True,False,,
kev tshawb fawb txog kev ntseeg digital,"hnj, mww",2,ltr,Digital Humanities,STRUCTURAL_ABSENCE,True,False,,
العلوم الرقمية الإنسانية,"bej, fia",2,rtl,Digital Humanities,TRANSMOGRIFICATION,True,False,,
digital na kasaysayan,"fil, hil",2,ltr,Digital Humanities,STRUCTURAL_ABSENCE,True,False,,
សាស្រ្តជំនុំដែលមានទឹកពិភាក្សា,"km, kxm",2,ltr,Digital Humanities,"STRUCTURAL_ABSENCE, TRANSMOGRIFICATION",True,False,,
fakaaue digitale,"tkl, tvl",2,ltr,Digital Humanities,STRUCTURAL_ABSENCE,True,False,,
ዲጂታል ሂውማኒቲስ,"am, byn",2,ltr,Digital Humanities,"STRUCTURAL_ABSENCE, TRANSMOGRIFICATION",True,False,,
डिजिटल मानव्यविद्या,"gom, mr",2,ltr,Digital Humanities,"STRUCTURAL_ABSENCE, TRANSMOGRIFICATION",True,False,,
diyital na humanidades,"fil, tl",2,ltr,Digital Humanities,STRUCTURAL_ABSENCE,True,False,,
digitala humanitates,"nov, rmu",2,ltr,Digital Humanities,"STRUCTURAL_ABSENCE, TRANSMOGRIFICATION",True,False,,
umanitats digitalas,"oc, pro",2,ltr,Digital Humanities,TRANSMOGRIFICATION,True,False,,
цифрові гуманітарні науки,"rue, uk",2,ltr,Digital Humanities,"PRODUCTIVE_DISAGREEMENT, TRANSMOGRIFICATION",True,False,,
humanidades dixitales,"an, mwl",2,ltr,Digital Humanities,"STRUCTURAL_ABSENCE, TRANSMOGRIFICATION",True,False,,
zistwar digital,"mfe, rcf",2,ltr,Digital Humanities,STRUCTURAL_ABSENCE,True,False,,
humanidat digital,"an, pap",2,ltr,Digital Humanities,STRUCTURAL_ABSENCE,True,False,,
digitaalikulttuuritieteet,"fi, fit",2,ltr,Digital Humanities,"PRODUCTIVE_DISAGREEMENT, TRANSMOGRIFICATION",True,False,,
elimu ya kidijitali ya ubinadamu,"jmc, vun",2,ltr,Digital Humanities,"STRUCTURAL_ABSENCE, TRANSMOGRIFICATION",True,False,,
дигитал хуманитарии,"inh, mn",2,ltr,Digital Humanities,TRANSMOGRIFICATION,True,False,,
digitaalinen humanistinen tutkimus,"fi, fit",2,ltr,Digital Humanities,"PRODUCTIVE_DISAGREEMENT, TRANSMOGRIFICATION",True,False,,
humanitii digitaal,"ffm, tem",2,ltr,Digital Humanities,"STRUCTURAL_ABSENCE, TRANSMOGRIFICATION",True,False,,
digitala humaniora,"rmu, sv",2,ltr,Digital Humanities,"PRODUCTIVE_DISAGREEMENT, TRANSMOGRIFICATION",True,False,,
mazina'iganing gikino'amaadiwin,"oj, ojc",2,ltr,Digital Humanities,TRANSMOGRIFICATION,True,False,,
mmɔnini nkɔdo,"ak, tw",2,ltr,Digital Humanities,STRUCTURAL_ABSENCE,True,False,,
digitale geesteswetenschoppen,"gos, nds-nl",2,ltr,Digital Humanities,TRANSMOGRIFICATION,True,False,,
humpito niiɓe dijitaal,"ffm, fuq",2,ltr,Digital Humanities,"STRUCTURAL_ABSENCE, TRANSMOGRIFICATION",True,False,,
bimaadiziwin gikinoo'amaagook,"oj, ojw",2,ltr,Digital Humanities,TRANSMOGRIFICATION,True,False,,
digitalni umjetnosti,"cnr, crn",2,ltr,Digital Humanities,TRANSMOGRIFICATION,True,False,,
digitale menschologiese,"gos, zea",2,ltr,Digital Humanities,TRANSMOGRIFICATION,True,False,,
digitalno humaniàlo,"rmy, rom",2,ltr,Digital Humanities,STRUCTURAL_ABSENCE,True,False,,
digital a humanidades,"ilo, pag",2,ltr,Digital Humanities,STRUCTURAL_ABSENCE,True,False,,
рақамдин гуманитар илимар,"lez, tab",2,ltr,Digital Humanities,TRANSMOGRIFICATION,True,False,,
digitaal menswetenskap,"xcr, xld",2,ltr,Digital Humanities,STRUCTURAL_ABSENCE,True,True,xcr,xld
limanite dizital,"crs, mfe",2,ltr,Digital Humanities,"STRUCTURAL_ABSENCE, TRANSMOGRIFICATION",True,False,,
umanità digitàle,"lij, pms",2,ltr,Digital Humanities,"STRUCTURAL_ABSENCE, TRANSMOGRIFICATION",True,False,,
цифралыг гуманитарлық,"alt, tyv",2,ltr,Digital Humanities,"STRUCTURAL_ABSENCE, TRANSMOGRIFICATION",True,False,,
digitalno manušikane đanipena,"rmy, rom",2,ltr,Digital Humanities,STRUCTURAL_ABSENCE,True,False,,
digitale humanitäre,"als, gsw",2,ltr,Digital Humanities,TRANSMOGRIFICATION,True,False,,
dijitaal adesua,"ak, tw",2,ltr,Digital Humanities,STRUCTURAL_ABSENCE,True,False,,
วิทยาศาสตร์ดิจิทัลในมนุษยศาสตร์,"nod, tts",2,ltr,Digital Humanities,TRANSMOGRIFICATION,True,False,,
digitaal humanitaat,"cgg, diq",2,ltr,Digital Humanities,"STRUCTURAL_ABSENCE, TRANSMOGRIFICATION",True,False,,
دیجیتال شماستان,"glk, prd",2,rtl,Digital Humanities,TRANSMOGRIFICATION,True,False,,
ডিজিটাল মানুষের বিদ্যা,"rhg, syl",2,ltr,Digital Humanities,TRANSMOGRIFICATION,True,True,syl,rhg
ஜிடிடல் மனவர்கள்,"mdf, noe",2,ltr,Digital Humanities,TRANSMOGRIFICATION,True,False,,
stafræn hugvísindi,"fo, is",2,ltr,Digital Humanities,"STRUCTURAL_ABSENCE, TRANSMOGRIFICATION",True,False,,
dijital yumanitis,"jam, kri",2,ltr,Digital Humanities,STRUCTURAL_ABSENCE,True,False,,
dijital adabiyot,"chg, ug",2,ltr,Digital Humanities,TRANSMOGRIFICATION,True,True,chg,ug
ડિજિટલ માનવિકા,"gju, gu",2,ltr,Digital Humanities,TRANSMOGRIFICATION,True,True,gu,gju
ܝܘܠܦܢܐ ܕܐܢܫܘܬܐ ܕܝܓܝܛܠܝܐ,"aii, syr",2,ltr,Digital Humanities,TRANSMOGRIFICATION,True,True,aii,syr
uhumani wa dijitali,"nym, suk",2,ltr,Digital Humanities,"STRUCTURAL_ABSENCE, TRANSMOGRIFICATION",True,False,,
mbumu ya digitale,"nmg, rng",2,ltr,Digital Humanities,STRUCTURAL_ABSENCE,True,False,,
ubumenyi bw'ikoranabuhanga,"rw, rwk",2,ltr,Digital Humanities,"STRUCTURAL_ABSENCE, TRANSMOGRIFICATION",True,False,,
digitale jantienkunde,"frr, frs",2,ltr,Digital Humanities,TRANSMOGRIFICATION,True,False,,
digitale geasteswittenskippen,"frs, fy",2,ltr,Digital Humanities,"STRUCTURAL_ABSENCE, TRANSMOGRIFICATION",True,False,,
humanitetet digjitale,"aln, sq",2,ltr,Digital Humanities,TRANSMOGRIFICATION,True,False,,
цифрови гуманитарни ӏилманаш,"ce, inh",2,ltr,Digital Humanities,TRANSMOGRIFICATION,True,False,,
ဒီဂျစ်တယ် လူမှုရေးသိပ္ပံ,"kac, kht",2,ltr,Digital Humanities,STRUCTURAL_ABSENCE,True,False,,
digitalno manušikano znaňa,"rmo, rmu",2,ltr,Digital Humanities,"STRUCTURAL_ABSENCE, TRANSMOGRIFICATION",True,False,,
njerëzitë dixhitale,"aln, sq",2,ltr,Digital Humanities,TRANSMOGRIFICATION,True,False,,
kajian manusia digital,"mad, mak",2,ltr,Digital Humanities,STRUCTURAL_ABSENCE,True,False,,
digitaal minskwittenskip,"frs, fy",2,ltr,Digital Humanities,"STRUCTURAL_ABSENCE, TRANSMOGRIFICATION",True,False,,
shkencat humane dixhitale,"als, sq",2,ltr,Digital Humanities,TRANSMOGRIFICATION,True,False,,
digitali geisteswissenschafte,"als, gsw",2,ltr,Digital Humanities,TRANSMOGRIFICATION,True,False,,
digitali humanitäte,"als, gsw",2,ltr,Digital Humanities,TRANSMOGRIFICATION,True,False,,
digitali geischteswüsseschafte,"als, gsw",2,ltr,Digital Humanities,TRANSMOGRIFICATION,True,False,,
العلوم الرقمية,"ar, ttt",2,ltr,Digital Humanities,"PRODUCTIVE_DISAGREEMENT, TRANSMOGRIFICATION",True,True,ttt,ar
humanitá digital,"lfn, pap",2,ltr,Digital Humanities,STRUCTURAL_ABSENCE,True,False,,
الإنسانيات الدقيقة,"ary, zen",2,rtl,Digital Humanities,TRANSMOGRIFICATION,True,False,,
ᑎᔨᑕᓪ ᐃᓄᐃᑦ ᐃᓕᖅᑯᓯᖏᑦ,"ike, iu",2,ltr,Digital Humanities,"STRUCTURAL_ABSENCE, TRANSMOGRIFICATION",True,False,,
rêjeyên dijîtal û adab,"ckb, sdh",2,rtl,Digital Humanities,TRANSMOGRIFICATION,True,False,,
sains kemanusiaan digital,"ken, kvr",2,ltr,Digital Humanities,STRUCTURAL_ABSENCE,True,False,,
sayansi ya dijitali ya binadamu,"wni, zdj",2,rtl,Digital Humanities,TRANSMOGRIFICATION,True,False,,
डिजिटल ह्यूमॅनिटीज,"lbe, rmt",2,ltr,Digital Humanities,"STRUCTURAL_ABSENCE, TRANSMOGRIFICATION",True,True,lbe,rmt
humanitates digitales,"arw, la",2,ltr,Digital Humanities,"PRODUCTIVE_DISAGREEMENT, STRUCTURAL_ABSENCE",True,False,,
انسان‌شناسی دیجیتال,"fa, lrc",2,rtl,Digital Humanities,"PRODUCTIVE_DISAGREEMENT, TRANSMOGRIFICATION",True,False,,
ܝܘܠܦܢܐ ܕܐܢܫܘܬܐ ܕܝܓܝܛܠ,"arc, syc",2,ltr,Digital Humanities,"STRUCTURAL_ABSENCE, TRANSMOGRIFICATION",True,True,syc,arc
ᖃᕆᑕᐅᔭᒃᑯᑦ ᐃᓄᓕᕆᓂᕐᒧᑦ,"ike, iu",2,ltr,Digital Humanities,"STRUCTURAL_ABSENCE, TRANSMOGRIFICATION",True,False,,
digitale menskje-kunste,"fy, stq",2,ltr,Digital Humanities,"STRUCTURAL_ABSENCE, TRANSMOGRIFICATION",True,False,,
ዲጂታል ሂዩማኒቲስ,"byn, ssy",2,ltr,Digital Humanities,"STRUCTURAL_ABSENCE, TRANSMOGRIFICATION",True,False,,
digitale humanitätswissenschaften,"gsw, prg",2,ltr,Digital Humanities,TRANSMOGRIFICATION,True,False,,
ડિજિટલ હ્યુમેનિટીઝ,"gu, kfr",2,ltr,Digital Humanities,TRANSMOGRIFICATION,True,False,,
ডিজিটাল মানব সাহিত্য,"as, rjs",2,ltr,Digital Humanities,TRANSMOGRIFICATION,True,False,,
ડિજિટલ માનવિકી,"gu, saz",2,ltr,Digital Humanities,TRANSMOGRIFICATION,True,False,,
مرۆڤایەتیی دیجیتاڵی,"ckb, sdh",2,rtl,Digital Humanities,TRANSMOGRIFICATION,True,False,,
kamanungsan digital,"jv, map-bms",2,ltr,Digital Humanities,STRUCTURAL_ABSENCE,True,False,,
humanitățile digitale,"roa-rup, rup",2,ltr,Digital Humanities,"STRUCTURAL_ABSENCE, TRANSMOGRIFICATION",True,False,,
цифровой гуманитарный наука,"evn, yrk",2,ltr,Digital Humanities,TRANSMOGRIFICATION,True,False,,
زانستە مرۆییە دیجیتاڵییەکان,"ckb, ku",2,ltr,Digital Humanities,"STRUCTURAL_ABSENCE, TRANSMOGRIFICATION",True,True,ku,ckb
humanitari digitaal,"asa, lol",2,ltr,Digital Humanities,"STRUCTURAL_ABSENCE, TRANSMOGRIFICATION",True,False,,
цифровой гуманитарнай наука,"evn, gld",2,ltr,Digital Humanities,TRANSMOGRIFICATION,True,False,,
shumãnãturã digitalã,"roa-rup, rup",2,ltr,Digital Humanities,"STRUCTURAL_ABSENCE, TRANSMOGRIFICATION",True,False,,
digitála humanisttalašvuohta,"se, smj",2,ltr,Digital Humanities,TRANSMOGRIFICATION,True,False,,
ციფრული ჰუმანიტარული მეცნიერებები,"ka, xmf",2,ltr,Digital Humanities,TRANSMOGRIFICATION,True,False,,
digitaalihumanitaaria,"izh, vot",2,ltr,Digital Humanities,TRANSMOGRIFICATION,True,False,,
humanismu digital,"kea, kmb",2,ltr,Digital Humanities,STRUCTURAL_ABSENCE,True,False,,
adwuma a ɛfa nsɛm a wɔde kɔmputa di dwuma ho,"abr, nzi",2,ltr,Digital Humanities,STRUCTURAL_ABSENCE,True,False,,
ᐃᓂᒃᑯᓚᕐᔪᐊᑦ ᐱᖅᑭᐅᔭᒥᐅᑦ,"ike, ikt",2,ltr,Digital Humanities,TRANSMOGRIFICATION,True,False,,
ᐊᑑᕱᓕᐅᖅᑎᑦᓯᐅᖅ ᓴᖅᑭᓰᓂᖅ,"ike, ikt",2,ltr,Digital Humanities,TRANSMOGRIFICATION,True,False,,
ឌីជីថលមនុស្សសាស្ត្រ,"kdt, kxm",2,ltr,Digital Humanities,"STRUCTURAL_ABSENCE, TRANSMOGRIFICATION",True,False,,
цифровой гуманитарный науки,"ckt, tkr",2,ltr,Digital Humanities,"STRUCTURAL_ABSENCE, TRANSMOGRIFICATION",True,False,,
uhimya wa nsuku wa nsuku,"mgh, vmw",2,ltr,Digital Humanities,STRUCTURAL_ABSENCE,True,False,,
mazinaatesijigan gikendaasowin,"ojb, ojw",2,ltr,Digital Humanities,TRANSMOGRIFICATION,True,False,,
kastom bilong kompjuta,"mgo, rug",2,ltr,Digital Humanities,STRUCTURAL_ABSENCE,True,False,,
ᑲᑎᒪᐠ ᐊᓂᔑᓈᐯᒧᐎᓐ,"ojb, ojs",2,ltr,Digital Humanities,TRANSMOGRIFICATION,True,False,,
níkciwadla hunimásika,osa,1,ltr,Digital Humanities,STRUCTURAL_ABSENCE,True,False,,
mukhulupi digitali,ny,1,ltr,Digital Humanities,STRUCTURAL_ABSENCE,True,False,,
dut-gëëc-mëëc,nus,1,ltr,Digital Humanities,STRUCTURAL_ABSENCE,True,False,,
mamayiko ya digital,ny,1,ltr,Digital Humanities,STRUCTURAL_ABSENCE,True,False,,
niipiya-wahpiyapi ikciyapi,osa,1,ltr,Digital Humanities,STRUCTURAL_ABSENCE,True,False,,
umoyo wa anthu a digito,ny,1,ltr,Digital Humanities,STRUCTURAL_ABSENCE,True,False,,
ubumanitu bwa digitali,nym,1,ltr,Digital Humanities,TRANSMOGRIFICATION,True,False,,
zauphungu za digito,ny,1,ltr,Digital Humanities,STRUCTURAL_ABSENCE,True,False,,
ufundi wa dijitali wa ubantu,ny,1,ltr,Digital Humanities,STRUCTURAL_ABSENCE,True,False,,
دڭیتال بشر بیلیمی,ota,1,ltr,Digital Humanities,TRANSMOGRIFICATION,True,False,,
sayïsal kişi biligi,otk,1,ltr,Digital Humanities,TRANSMOGRIFICATION,True,False,,
𐍄𐌹𐌲𐌹𐍃𐌰𐌻𐌰 𐌷𐌿𐌼𐌰𐌽𐌸𐌰𐌽𐌹𐍃,otk,1,ltr,Digital Humanities,TRANSMOGRIFICATION,True,False,,
ubumanyi bwa dijitali,nym,1,ltr,Digital Humanities,TRANSMOGRIFICATION,True,False,,
ubuhabari bwa dijitali,nym,1,ltr,Digital Humanities,TRANSMOGRIFICATION,True,False,,
dijital insanlar tarihçiliği,ota,1,ltr,Digital Humanities,TRANSMOGRIFICATION,True,False,,
ŋɔm pääc,nus,1,ltr,Digital Humanities,STRUCTURAL_ABSENCE,True,False,,
diné bizaad dine'é baa hozhoni,nv,1,ltr,Digital Humanities,STRUCTURAL_ABSENCE,True,False,,
cäthkäŋ thɛɛr dijital,nus,1,ltr,Digital Humanities,STRUCTURAL_ABSENCE,True,False,,
ujenzi wa ulaya,nym,1,ltr,Digital Humanities,TRANSMOGRIFICATION,True,False,,
ਡਿਜੈਟਲ ਮਨੁਸ਼ਕਤਾਵਾਂ,pa,1,ltr,Digital Humanities,TRANSMOGRIFICATION,True,False,,
thungi-nvo-ngá-nvo-thí-ngá,osa,1,ltr,Digital Humanities,STRUCTURAL_ABSENCE,True,False,,
saray manangiyabawag na too,pag,1,ltr,Digital Humanities,STRUCTURAL_ABSENCE,True,False,,
umwanzo wa diguwali,nym,1,ltr,Digital Humanities,TRANSMOGRIFICATION,True,False,,
sayansi ya anthu pa intaneti,ny,1,ltr,Digital Humanities,STRUCTURAL_ABSENCE,True,False,,
ਡਿਜੀਟਲ ਮਨੁੱਖੀ ਵਿਗਿਆਨ,pa,1,ltr,Digital Humanities,TRANSMOGRIFICATION,True,False,,
zaumunthu za digito,ny,1,ltr,Digital Humanities,STRUCTURAL_ABSENCE,True,False,,
ၸႃႇ ၶိၵႅၼ်ႇ ၽႄႉ,nxq,1,ltr,Digital Humanities,STRUCTURAL_ABSENCE,True,False,,
dîjîtâl insânîyât,ota,1,ltr,Digital Humanities,TRANSMOGRIFICATION,True,False,,
digiitalo dhammaan,nus,1,ltr,Digital Humanities,STRUCTURAL_ABSENCE,True,False,,
अङ्कीय मानवविद्या,nwc,1,ltr,Digital Humanities,TRANSMOGRIFICATION,True,False,,
अङ्कीय मानविकी,nwc,1,ltr,Digital Humanities,TRANSMOGRIFICATION,True,False,,
dagmamaa bilisummaa,otk,1,ltr,Digital Humanities,TRANSMOGRIFICATION,True,False,,
jieng dhiek thok,nus,1,ltr,Digital Humanities,STRUCTURAL_ABSENCE,True,False,,
цифрови човечности,otk,1,ltr,Digital Humanities,TRANSMOGRIFICATION,True,False,,
diné bizaad bee naʼníłkaah,nv,1,ltr,Digital Humanities,STRUCTURAL_ABSENCE,True,False,,
मूल्याङ्ग्रेजी साहित्यको डिजिटल प्रकाशन,nwc,1,ltr,Digital Humanities,TRANSMOGRIFICATION,True,False,,
béésh bee akʼeʼelchíhí yee iiná,nv,1,ltr,Digital Humanities,STRUCTURAL_ABSENCE,True,False,,
दिगिटल ह्युमनाइटीज्,nwc,1,ltr,Digital Humanities,TRANSMOGRIFICATION,True,False,,
དྲ་ལམ་རིག་གནས་,nxq,1,ltr,Digital Humanities,STRUCTURAL_ABSENCE,True,False,,
数化人文,nxq,1,ltr,Digital Humanities,STRUCTURAL_ABSENCE,True,False,,
ਡਿਜੀਟਲ ਹਿਊਮੈਨਿਟੀਜ਼,pa,1,ltr,Digital Humanities,TRANSMOGRIFICATION,True,False,,
rasmi bilimler,ota,1,ltr,Digital Humanities,TRANSMOGRIFICATION,True,False,,
رقمی علوم انسانیه,ota,1,ltr,Digital Humanities,TRANSMOGRIFICATION,True,False,,
sayısal beşerî bilimler,otk,1,ltr,Digital Humanities,TRANSMOGRIFICATION,True,False,,
naaltsoos bee hane' dóó digital bee hane',nv,1,ltr,Digital Humanities,STRUCTURAL_ABSENCE,True,False,,
tsikáá naahatłéegíí,nv,1,ltr,Digital Humanities,STRUCTURAL_ABSENCE,True,False,,
ਡਿਜੀਟਲ ਮਨੁੱਖਤਾ,pa,1,ltr,Digital Humanities,TRANSMOGRIFICATION,True,False,,
béésh łigaii binaaltsoos bikááʼadóó áłchíní binaanish,nv,1,ltr,Digital Humanities,STRUCTURAL_ABSENCE,True,False,,
ਡਿਜੀਟਲ ਮਾਨਵਿਕੀ,pa,1,ltr,Digital Humanities,TRANSMOGRIFICATION,True,False,,
ਡਿਜੀਟਲ ਮਾਨਵਤਾ,pa,1,ltr,Digital Humanities,TRANSMOGRIFICATION,True,False,,
ਡਿਜੀਟਲ ਮਨੋਰਥ,pa,1,ltr,Digital Humanities,TRANSMOGRIFICATION,True,False,,
táá hózhǫ́ojiilidí bikááshchíí,nv,1,ltr,Digital Humanities,STRUCTURAL_ABSENCE,True,False,,
dííłʼééʼííʼígiíʼtsoh,nv,1,ltr,Digital Humanities,STRUCTURAL_ABSENCE,True,False,,
digital ya humanidades,pag,1,ltr,Digital Humanities,STRUCTURAL_ABSENCE,True,False,,
wazhazhe digital wazhazhe,osa,1,ltr,Digital Humanities,STRUCTURAL_ABSENCE,True,False,,
wiinibamadizijig wiikwemkoong,ojb,1,ltr,Digital Humanities,TRANSMOGRIFICATION,True,False,,
sqilxw səl'iłwtxw,oka,1,ltr,Digital Humanities,STRUCTURAL_ABSENCE,True,False,,
saayinsii namoomaa dijiitaalaa,om,1,ltr,Digital Humanities,TRANSMOGRIFICATION,True,False,,
wanta irratti hundaaʼe,om,1,ltr,Digital Humanities,TRANSMOGRIFICATION,True,False,,
ᑲᑎᒪᐠ ᐊᓂᓯᐊᐠ,ojc,1,ltr,Digital Humanities,TRANSMOGRIFICATION,True,False,,
aadaa dijitaalaa,om,1,ltr,Digital Humanities,TRANSMOGRIFICATION,True,False,,
miigwetch-izhi-mnaadendamowin minji-bimaadiziwin,ojb,1,ltr,Digital Humanities,TRANSMOGRIFICATION,True,False,,
giiwidiwin digitaal,ojb,1,ltr,Digital Humanities,TRANSMOGRIFICATION,True,False,,
gidakiimenaa gida’aakiminowaak,ojb,1,ltr,Digital Humanities,TRANSMOGRIFICATION,True,False,,
mazinibii'iganan miinawaa gikinoo'amaadiwinan,ojb,1,ltr,Digital Humanities,TRANSMOGRIFICATION,True,False,,
nəʔkʷəxʷəɬ nəxʷəɬ,oka,1,ltr,Digital Humanities,STRUCTURAL_ABSENCE,True,False,,
masinaateseg gikendaasowinan,ojb,1,ltr,Digital Humanities,TRANSMOGRIFICATION,True,False,,
namummaa dijitaalaa,om,1,ltr,Digital Humanities,TRANSMOGRIFICATION,True,False,,
saayinsii hawaasummaa dijitaalaa,om,1,ltr,Digital Humanities,TRANSMOGRIFICATION,True,False,,
miikanaadwin makwa-ininiikamig,oj,1,ltr,Digital Humanities,TRANSMOGRIFICATION,True,False,,
giiwedin waabanikaan,oj,1,ltr,Digital Humanities,TRANSMOGRIFICATION,True,False,,
dhugaa-gowwaa dijitaalaa,om,1,ltr,Digital Humanities,TRANSMOGRIFICATION,True,False,,
mazina'igan akiinoon,oj,1,ltr,Digital Humanities,TRANSMOGRIFICATION,True,False,,
dagmamaa giddugaa,om,1,ltr,Digital Humanities,TRANSMOGRIFICATION,True,False,,
ḵʷƛáʔtł čəmčʷʔ,oka,1,ltr,Digital Humanities,STRUCTURAL_ABSENCE,True,False,,
maamakaaj-nisidotamowin,ojc,1,ltr,Digital Humanities,TRANSMOGRIFICATION,True,False,,
e-dibendaagoziwin anishinaabemowin,oj,1,ltr,Digital Humanities,TRANSMOGRIFICATION,True,False,,
dibaajimowin anishinaabemowin,ojw,1,ltr,Digital Humanities,TRANSMOGRIFICATION,True,False,,
miskotakisikana ohci pīsimohkān,ojs,1,ltr,Digital Humanities,TRANSMOGRIFICATION,True,False,,
ᑎᒋᑕᓪ ᐊᔨᒥᐎᓐ ᑭᔅᑫᔨᐦᑕᒧᐎᓐ,ojs,1,ltr,Digital Humanities,TRANSMOGRIFICATION,True,False,,
nikamonizhigadong anishinaabe wiinibamawiziwag,ojs,1,ltr,Digital Humanities,TRANSMOGRIFICATION,True,False,,
gidakiimoo-niniikwewin,ojs,1,ltr,Digital Humanities,TRANSMOGRIFICATION,True,False,,
niskawewak miskotanekonkawik,ojs,1,ltr,Digital Humanities,TRANSMOGRIFICATION,True,False,,
niizhwaaswi-minjimendan,ojs,1,ltr,Digital Humanities,TRANSMOGRIFICATION,True,False,,
binesi-ziibi-gikinoo'amaadiziwin,ojc,1,ltr,Digital Humanities,TRANSMOGRIFICATION,True,False,,
gigijigisiniwagiziingaakonigiiwin,ojc,1,ltr,Digital Humanities,TRANSMOGRIFICATION,True,False,,
wiinibamadizijig wiinibamawizi,ojc,1,ltr,Digital Humanities,TRANSMOGRIFICATION,True,False,,
nk'pʷiłməxw tən̓sɬtən,oka,1,ltr,Digital Humanities,STRUCTURAL_ABSENCE,True,False,,
dibaajimowinan gikendaasowin mazinaakizowin,ojw,1,ltr,Digital Humanities,TRANSMOGRIFICATION,True,False,,
mazinigani-gikino'amaadiwin gaye anishinaabemowin,ojw,1,ltr,Digital Humanities,TRANSMOGRIFICATION,True,False,,
gigijigisiniyendamowin digitaal,ojw,1,ltr,Digital Humanities,TRANSMOGRIFICATION,True,False,,
binesi-ziibi-gikinooamaagoziibi,ojw,1,ltr,Digital Humanities,TRANSMOGRIFICATION,True,False,,
mazina'igan-gikendaasowin,ojc,1,ltr,Digital Humanities,TRANSMOGRIFICATION,True,False,,
sqilxʷ tmixʷ iʔ digital,oka,1,ltr,Digital Humanities,STRUCTURAL_ABSENCE,True,False,,
n̓x̌ʷx̌ʷʕáx̌ʷtət iʔ kʷu skʷist iʔ kʷu sʕax̌ʷtət,oka,1,ltr,Digital Humanities,STRUCTURAL_ABSENCE,True,False,,
ʕay̓kʷłxʷ iʔ k̓ʷul̓tətən,oka,1,ltr,Digital Humanities,STRUCTURAL_ABSENCE,True,False,,
mazina'iganing gikendaasowin,oj,1,ltr,Digital Humanities,TRANSMOGRIFICATION,True,False,,
humanitats numericas,oc,1,ltr,Digital Humanities,TRANSMOGRIFICATION,True,False,,
obuhangwa bwa kihandi,nyn,1,ltr,Digital Humanities,TRANSMOGRIFICATION,True,False,,
дигитал хуманитати,os,1,ltr,Digital Humanities,TRANSMOGRIFICATION,True,False,,
цифрон адæймагадон зонæдтæ,os,1,ltr,Digital Humanities,TRANSMOGRIFICATION,True,False,,
дигиталон хуманитатон,os,1,ltr,Digital Humanities,TRANSMOGRIFICATION,True,False,,
eby'obuntu bya digito,nyo,1,ltr,Digital Humanities,TRANSMOGRIFICATION,True,False,,
obumenyi bw'ebyobugonzi by'edigiito,nyo,1,ltr,Digital Humanities,TRANSMOGRIFICATION,True,False,,
eby'obuhangwa eby'omutimbagano,nyo,1,ltr,Digital Humanities,TRANSMOGRIFICATION,True,False,,
ebinyonyi ya digitali ya insanitya,nyn,1,ltr,Digital Humanities,TRANSMOGRIFICATION,True,False,,
цифронæй иртакъæд,os,1,ltr,Digital Humanities,TRANSMOGRIFICATION,True,False,,
nyankole digitale humanitaa,nyn,1,ltr,Digital Humanities,TRANSMOGRIFICATION,True,False,,
obukoranyo bw'eby'era,nyn,1,ltr,Digital Humanities,TRANSMOGRIFICATION,True,False,,
obuhangwa bwa digitali,nyo,1,ltr,Digital Humanities,TRANSMOGRIFICATION,True,False,,
buddegeza ne nyimbo za digitali,nyn,1,ltr,Digital Humanities,TRANSMOGRIFICATION,True,False,,
𐓷𐓘𐓻𐓘𐓻𐓟 𐓷𐓘𐓻𐓘𐓻𐓟,osa,1,ltr,Digital Humanities,STRUCTURAL_ABSENCE,True,False,,
wéˀą wakóⁿdagi waóⁿspe,osa,1,ltr,Digital Humanities,STRUCTURAL_ABSENCE,True,False,,
obuhanga bw’eby’omukono n’eby’omuntu,nyn,1,ltr,Digital Humanities,TRANSMOGRIFICATION,True,False,,
wé-thigí-e ská-ta,osa,1,ltr,Digital Humanities,STRUCTURAL_ABSENCE,True,False,,
eby'obuntu by'omukagaati,nyn,1,ltr,Digital Humanities,TRANSMOGRIFICATION,True,False,,
obumanyiizi bw'ebyobugabe by'edigiito,nyn,1,ltr,Digital Humanities,TRANSMOGRIFICATION,True,False,,
wazhazhe ie hkąbri žįke akxápa,osa,1,ltr,Digital Humanities,STRUCTURAL_ABSENCE,True,False,,
цифрон гуманитарон зонæдтæ,os,1,ltr,Digital Humanities,TRANSMOGRIFICATION,True,False,,
дигиталон гуманитарон наукӕтӕ,os,1,ltr,Digital Humanities,TRANSMOGRIFICATION,True,False,,
hirmaata dijitala,om,1,ltr,Digital Humanities,TRANSMOGRIFICATION,True,False,,
nzɛlɛ nnua ne nzima,nzi,1,ltr,Digital Humanities,STRUCTURAL_ABSENCE,True,False,,
umsògnes digitalas,oc,1,ltr,Digital Humanities,TRANSMOGRIFICATION,True,False,,
digiitala huroominta,om,1,ltr,Digital Humanities,TRANSMOGRIFICATION,True,False,,
ଡିଜିଟାଲ ମାନବିକ ବିଜ୍ଞାନ,or,1,ltr,Digital Humanities,TRANSMOGRIFICATION,True,False,,
umanitats numericas,oc,1,ltr,Digital Humanities,TRANSMOGRIFICATION,True,False,,
ingoma ya diguwala,nzi,1,ltr,Digital Humanities,STRUCTURAL_ABSENCE,True,False,,
mvuluhlekezo digital,nzi,1,ltr,Digital Humanities,STRUCTURAL_ABSENCE,True,False,,
ɛnyɛnɛn aheneɛn a ɛyɛ aduɛn,nzi,1,ltr,Digital Humanities,STRUCTURAL_ABSENCE,True,False,,
nyamenleɛ ne nyamenleɛ a ɛwɔ digital mu,nzi,1,ltr,Digital Humanities,STRUCTURAL_ABSENCE,True,False,,
ଡିଜିଟାଲ ମାନବିକୀ,or,1,ltr,Digital Humanities,TRANSMOGRIFICATION,True,False,,
цифрон гуманитарон,os,1,ltr,Digital Humanities,TRANSMOGRIFICATION,True,False,,
ଡିଜିଟାଲ୍ ମାନବିକୀ,or,1,ltr,Digital Humanities,TRANSMOGRIFICATION,True,False,,
hamisho wa digitaali,nyo,1,ltr,Digital Humanities,TRANSMOGRIFICATION,True,False,,
ଦିଜାଲ୍ଟୀକ ମନୁଷ୍ୟଶାସ୍ତ୍ର,or,1,ltr,Digital Humanities,TRANSMOGRIFICATION,True,False,,
omunyora omusingizi,nyo,1,ltr,Digital Humanities,TRANSMOGRIFICATION,True,False,,
ŋwaŋŋa ŋgɔɔŋɔɔ,nyo,1,ltr,Digital Humanities,TRANSMOGRIFICATION,True,False,,
ᑎᐱᐦᐁᐧᐃᓂᓂᐧᐃᐦᑖᒧᐧᐃᓐ ᐊᓂᐦᔑᓇᐯᒧᐧᐃᓐ,ojs,1,ltr,Digital Humanities,TRANSMOGRIFICATION,True,False,,
binyonyo za digitali,nyo,1,ltr,Digital Humanities,TRANSMOGRIFICATION,True,False,,
нымæцон гуманитарон зонæдтæ,os,1,ltr,Digital Humanities,TRANSMOGRIFICATION,True,False,,
ଡୀଜୈତାଲ ମ୍ନ୍ୱେସ୍ୱୋଲୋଗୀ,or,1,ltr,Digital Humanities,TRANSMOGRIFICATION,True,False,,
𐤇𐤊𐤌𐤕 𐤀𐤍𐤔𐤕 𐤄𐤎𐤐𐤓𐤕,phn,1,rtl,Digital Humanities,TRANSMOGRIFICATION,True,False,,
aghimatang digital,pag,1,ltr,Digital Humanities,STRUCTURAL_ABSENCE,True,False,,
xe' k'ul winaqob'tim,quc,1,ltr,Digital Humanities,TRANSMOGRIFICATION,True,False,,
dijital runa yachay,qug,1,ltr,Digital Humanities,TRANSMOGRIFICATION,True,False,,
yachay rurashka ñankunawan,qug,1,ltr,Digital Humanities,TRANSMOGRIFICATION,True,False,,
ruraq yachaykuna rikcha yachaykuna,qug,1,ltr,Digital Humanities,TRANSMOGRIFICATION,True,False,,
yachay kamayuk rikuchiykuna,qug,1,ltr,Digital Humanities,TRANSMOGRIFICATION,True,False,,
kamaykuna yachaykuna,qug,1,ltr,Digital Humanities,TRANSMOGRIFICATION,True,False,,
runasimi yachay kawsaypa,qug,1,ltr,Digital Humanities,TRANSMOGRIFICATION,True,False,,
qamachka runakuy,qug,1,ltr,Digital Humanities,TRANSMOGRIFICATION,True,False,,
teknoloxi yanantisipana,qug,1,ltr,Digital Humanities,TRANSMOGRIFICATION,True,False,,
ડિજિટલ મુખ્યત્વ,raj,1,ltr,Digital Humanities,TRANSMOGRIFICATION,True,False,,
rapa nui hangaroa digitales,rap,1,ltr,Digital Humanities,TRANSMOGRIFICATION,True,False,,
haka'ara'ara tangata hiko,rap,1,ltr,Digital Humanities,TRANSMOGRIFICATION,True,False,,
tūhura matihiko,rap,1,ltr,Digital Humanities,TRANSMOGRIFICATION,True,False,,
nga pou tangata o te ao hou,rap,1,ltr,Digital Humanities,TRANSMOGRIFICATION,True,False,,
hau'e'e tangata a te rima,rap,1,ltr,Digital Humanities,TRANSMOGRIFICATION,True,False,,
māhiti pukapuka ranginui,rap,1,ltr,Digital Humanities,TRANSMOGRIFICATION,True,False,,
hanga tūnga 'ōneone,rap,1,ltr,Digital Humanities,TRANSMOGRIFICATION,True,False,,
pūtaiao tāngata,rar,1,ltr,Digital Humanities,TRANSMOGRIFICATION,True,False,,
tangata'anga matariki,rar,1,ltr,Digital Humanities,TRANSMOGRIFICATION,True,False,,
tātai tangata rorohiko,rar,1,ltr,Digital Humanities,TRANSMOGRIFICATION,True,False,,
tūtūmau tangata matihiko,rar,1,ltr,Digital Humanities,TRANSMOGRIFICATION,True,False,,
ngitara o le faka-tokelau,rar,1,ltr,Digital Humanities,TRANSMOGRIFICATION,True,False,,
ngā mahi numera tangata,rar,1,ltr,Digital Humanities,TRANSMOGRIFICATION,True,False,,
tautoga oceania digitiki,rar,1,ltr,Digital Humanities,TRANSMOGRIFICATION,True,False,,
vā taupō'anga mātāpua,rar,1,ltr,Digital Humanities,TRANSMOGRIFICATION,True,False,,
zistwar nimerik,rcf,1,ltr,Digital Humanities,STRUCTURAL_ABSENCE,True,False,,
lé zumanité numérik,rcf,1,ltr,Digital Humanities,STRUCTURAL_ABSENCE,True,False,,
lètèrès digitâl,rcf,1,ltr,Digital Humanities,STRUCTURAL_ABSENCE,True,False,,
"humanitats iq',",quc,1,ltr,Digital Humanities,TRANSMOGRIFICATION,True,False,,
manixatikuʼun qʼeqʼ,quc,1,ltr,Digital Humanities,TRANSMOGRIFICATION,True,False,,
humansitey tèlèktronik,rcf,1,ltr,Digital Humanities,STRUCTURAL_ABSENCE,True,False,,
rabinal ajtz'ib'al,quc,1,ltr,Digital Humanities,TRANSMOGRIFICATION,True,False,,
sciéncias numericlas de l'umanitat,pro,1,ltr,Digital Humanities,TRANSMOGRIFICATION,True,False,,
ditjitali umanistica,pro,1,ltr,Digital Humanities,TRANSMOGRIFICATION,True,False,,
escrit de las humanitats,pro,1,ltr,Digital Humanities,TRANSMOGRIFICATION,True,False,,
ډیجیټل انسانیتونه,ps,1,rtl,Digital Humanities,TRANSMOGRIFICATION,True,False,,
ډیجیټل بشریت,ps,1,rtl,Digital Humanities,TRANSMOGRIFICATION,True,False,,
ډیجیټل بشری علوم,ps,1,rtl,Digital Humanities,TRANSMOGRIFICATION,True,False,,
ډیجیټل بشري علوم,ps,1,rtl,Digital Humanities,TRANSMOGRIFICATION,True,False,,
دجیتالی انسایکلوپیډیا,ps,1,rtl,Digital Humanities,TRANSMOGRIFICATION,True,False,,
ډیجیټل انسانيات,ps,1,rtl,Digital Humanities,TRANSMOGRIFICATION,True,False,,
mabuku ma dibondzi,puu,1,ltr,Digital Humanities,STRUCTURAL_ABSENCE,True,False,,
mabanza ma digital,puu,1,ltr,Digital Humanities,STRUCTURAL_ABSENCE,True,False,,
mabándá ma búku ma dijitali,puu,1,ltr,Digital Humanities,STRUCTURAL_ABSENCE,True,False,,
mwana mbuma ya digital,puu,1,ltr,Digital Humanities,STRUCTURAL_ABSENCE,True,False,,
mba'e'e ndive'ẽ ha'e ambue digital,puu,1,ltr,Digital Humanities,STRUCTURAL_ABSENCE,True,False,,
digitale himbunzimi,puu,1,ltr,Digital Humanities,STRUCTURAL_ABSENCE,True,False,,
mbombo ya teknoloji digitale ya insan,puu,1,ltr,Digital Humanities,STRUCTURAL_ABSENCE,True,False,,
humanidades digitales nisqa,qu,1,ltr,Digital Humanities,TRANSMOGRIFICATION,True,False,,
dijital runasimi yachay,qu,1,ltr,Digital Humanities,TRANSMOGRIFICATION,True,False,,
yachay runakunap imayninkumanta digitalmanta,qu,1,ltr,Digital Humanities,TRANSMOGRIFICATION,True,False,,
riqch'aq yachaykuna,qu,1,ltr,Digital Humanities,TRANSMOGRIFICATION,True,False,,
yachayñan digitalkuna,qu,1,ltr,Digital Humanities,TRANSMOGRIFICATION,True,False,,
yachay puktin yachayruna,qu,1,ltr,Digital Humanities,TRANSMOGRIFICATION,True,False,,
qamay kusikuykunaq,qu,1,ltr,Digital Humanities,TRANSMOGRIFICATION,True,False,,
ruwachulew ri tijonik,quc,1,ltr,Digital Humanities,TRANSMOGRIFICATION,True,False,,
etamanem pa ruwäch kajtz'aqat,quc,1,ltr,Digital Humanities,TRANSMOGRIFICATION,True,False,,
na'ojil k'aslemalil pa tz'ib'anem,quc,1,ltr,Digital Humanities,TRANSMOGRIFICATION,True,False,,
tzijolaj chomanikil,quc,1,ltr,Digital Humanities,TRANSMOGRIFICATION,True,False,,
limiriter digital,rcf,1,ltr,Digital Humanities,STRUCTURAL_ABSENCE,True,False,,
manusia digital,rej,1,ltr,Digital Humanities,STRUCTURAL_ABSENCE,True,False,,
aramat digital nga pangantusta,pag,1,ltr,Digital Humanities,STRUCTURAL_ABSENCE,True,False,,
dijital insāniyyāt,rmt,1,rtl,Digital Humanities,STRUCTURAL_ABSENCE,True,False,,
ḍigital ḍumanes,rmt,1,rtl,Digital Humanities,STRUCTURAL_ABSENCE,True,False,,
دیجيتال هنسینز,rmt,1,rtl,Digital Humanities,STRUCTURAL_ABSENCE,True,False,,
digitalo manushikane studii,rmu,1,ltr,Digital Humanities,TRANSMOGRIFICATION,True,False,,
dhajalungaravni,rmu,1,ltr,Digital Humanities,TRANSMOGRIFICATION,True,False,,
ḍigitala xerdav,rmu,1,ltr,Digital Humanities,TRANSMOGRIFICATION,True,False,,
дигитални хуманистики,rmu,1,ltr,Digital Humanities,TRANSMOGRIFICATION,True,False,,
digitalno manushikano,rmy,1,ltr,Digital Humanities,STRUCTURAL_ABSENCE,True,False,,
digitalno manušikano,rmy,1,ltr,Digital Humanities,STRUCTURAL_ABSENCE,True,False,,
digitalne manuśne studii,rmy,1,ltr,Digital Humanities,STRUCTURAL_ABSENCE,True,False,,
džipalŭ džipanų,rmy,1,ltr,Digital Humanities,STRUCTURAL_ABSENCE,True,False,,
đixitala ȟumanistika,rmy,1,ltr,Digital Humanities,STRUCTURAL_ABSENCE,True,False,,
дигитални гуминовщина,rmy,1,ltr,Digital Humanities,STRUCTURAL_ABSENCE,True,False,,
ubumuntu bwa digitale,rn,1,ltr,Digital Humanities,STRUCTURAL_ABSENCE,True,False,,
abantu b’intagondwa,rn,1,ltr,Digital Humanities,STRUCTURAL_ABSENCE,True,False,,
ubuhinga bwa none mu vy'inyigisho z'ikiremwa muntu,rn,1,ltr,Digital Humanities,STRUCTURAL_ABSENCE,True,False,,
ubumenyi bw'ikiremwa muntu bukoresha ikoranabuhanga,rn,1,ltr,Digital Humanities,STRUCTURAL_ABSENCE,True,False,,
ubumenyi bw'ikoranabuhanga mu bantu,rn,1,ltr,Digital Humanities,STRUCTURAL_ABSENCE,True,False,,
ubumenyi bw’ikoranabuhanga mu bintu vy’abantu,rn,1,ltr,Digital Humanities,STRUCTURAL_ABSENCE,True,False,,
ubururezi wa digital,rn,1,ltr,Digital Humanities,STRUCTURAL_ABSENCE,True,False,,
muhimbiyati digitale,rn,1,ltr,Digital Humanities,STRUCTURAL_ABSENCE,True,False,,
inginyo y'amahoro cy'ibiringyo digitale,rn,1,ltr,Digital Humanities,STRUCTURAL_ABSENCE,True,False,,
vutivi bya tinhlayo ta dijitali,rng,1,ltr,Digital Humanities,STRUCTURAL_ABSENCE,True,False,,
ubunifu wa kidijitali,rng,1,ltr,Digital Humanities,STRUCTURAL_ABSENCE,True,False,,
vuhumano bya digitali,rng,1,ltr,Digital Humanities,STRUCTURAL_ABSENCE,True,False,,
m'bɔɔŋŋa ŋɔɔŋŋa,rng,1,ltr,Digital Humanities,STRUCTURAL_ABSENCE,True,False,,
xitshonshi yfudziwane digitelyelwa,rng,1,ltr,Digital Humanities,STRUCTURAL_ABSENCE,True,False,,
umhlaba we-digitali,rng,1,ltr,Digital Humanities,STRUCTURAL_ABSENCE,True,False,,
إنسانيات ديجيتال,rmt,1,rtl,Digital Humanities,STRUCTURAL_ABSENCE,True,False,,
djergit kultur,rmo,1,ltr,Digital Humanities,STRUCTURAL_ABSENCE,True,False,,
basa digital kabudayan,rej,1,ltr,Digital Humanities,STRUCTURAL_ABSENCE,True,False,,
ḍigitala umanistike,rmo,1,ltr,Digital Humanities,STRUCTURAL_ABSENCE,True,False,,
penggubahan digital,rej,1,ltr,Digital Humanities,STRUCTURAL_ABSENCE,True,False,,
teknologi sumber daya digital manusia,rej,1,ltr,Digital Humanities,STRUCTURAL_ABSENCE,True,False,,
umanitè digitali,rgn,1,ltr,Digital Humanities,STRUCTURAL_ABSENCE,True,False,,
umanitê digitèli,rgn,1,ltr,Digital Humanities,STRUCTURAL_ABSENCE,True,False,,
umanitê digitêl,rgn,1,ltr,Digital Humanities,STRUCTURAL_ABSENCE,True,False,,
umanitê digitala,rgn,1,ltr,Digital Humanities,STRUCTURAL_ABSENCE,True,False,,
ডিজিটাল হিউম্যানিটিস,rhg,1,rtl,Digital Humanities,TRANSMOGRIFICATION,True,False,,
ဒီဇင်ဘာတွေ့ရှိမှု,rhg,1,rtl,Digital Humanities,TRANSMOGRIFICATION,True,False,,
ဘာသာ အမျိုးသား ကြောင်း,rhg,1,rtl,Digital Humanities,TRANSMOGRIFICATION,True,False,,
ডিজিটাল মানৱিকতা,rjs,1,ltr,Digital Humanities,TRANSMOGRIFICATION,True,False,,
ডিজিটাল মানবতা,rkt,1,ltr,Digital Humanities,TRANSMOGRIFICATION,True,False,,
ডিজিটাল মানবসাহিত্য,rkt,1,ltr,Digital Humanities,TRANSMOGRIFICATION,True,False,,
humanitads digitalas,rm,1,ltr,Digital Humanities,STRUCTURAL_ABSENCE,True,False,,
scienzas umanas digitalas,rm,1,ltr,Digital Humanities,STRUCTURAL_ABSENCE,True,False,,
umanitads digitalas,rm,1,ltr,Digital Humanities,STRUCTURAL_ABSENCE,True,False,,
umanistica digitala,rm,1,ltr,Digital Humanities,STRUCTURAL_ABSENCE,True,False,,
digitalo humaniteta,rmf,1,ltr,Digital Humanities,TRANSMOGRIFICATION,True,False,,
digitaalino manušikano thodinipen,rmf,1,ltr,Digital Humanities,TRANSMOGRIFICATION,True,False,,
digitaalno manušikano tiede,rmf,1,ltr,Digital Humanities,TRANSMOGRIFICATION,True,False,,
digitaalinen humanistika,rmf,1,ltr,Digital Humanities,TRANSMOGRIFICATION,True,False,,
dijitali vajda,rmf,1,ltr,Digital Humanities,TRANSMOGRIFICATION,True,False,,
ḍigitālumanistia,rmf,1,ltr,Digital Humanities,TRANSMOGRIFICATION,True,False,,
digitałni kulturtepe,rmf,1,ltr,Digital Humanities,TRANSMOGRIFICATION,True,False,,
romano-digitális humanistika,rmf,1,ltr,Digital Humanities,TRANSMOGRIFICATION,True,False,,
digitalno manušipen,rmo,1,ltr,Digital Humanities,STRUCTURAL_ABSENCE,True,False,,
digitalno manušikane studije,rmo,1,ltr,Digital Humanities,STRUCTURAL_ABSENCE,True,False,,
dijitala umanitati,rmo,1,ltr,Digital Humanities,STRUCTURAL_ABSENCE,True,False,,
artz e scienças digitals,pro,1,ltr,Digital Humanities,TRANSMOGRIFICATION,True,False,,
umanitats digitals,pro,1,ltr,Digital Humanities,TRANSMOGRIFICATION,True,False,,
letras digitalas,pro,1,ltr,Digital Humanities,TRANSMOGRIFICATION,True,False,,
digitale gelehrsamkeit,pdc,1,ltr,Digital Humanities,TRANSMOGRIFICATION,True,False,,
digitali menschewisseschafte,pdc,1,ltr,Digital Humanities,TRANSMOGRIFICATION,True,False,,
zähdigi geischtewisseschaft,pdc,1,ltr,Digital Humanities,TRANSMOGRIFICATION,True,False,,
digitale humaniet,pdc,1,ltr,Digital Humanities,TRANSMOGRIFICATION,True,False,,
dijidertale menscheit,pdc,1,ltr,Digital Humanities,TRANSMOGRIFICATION,True,False,,
dijitole menschheitsweete,pdt,1,ltr,Digital Humanities,STRUCTURAL_ABSENCE,True,False,,
digitaole minschheet,pdt,1,ltr,Digital Humanities,STRUCTURAL_ABSENCE,True,False,,
digitaal wissenschafft,pdt,1,ltr,Digital Humanities,STRUCTURAL_ABSENCE,True,False,,
digitale kulturwetenschap,pdt,1,ltr,Digital Humanities,STRUCTURAL_ABSENCE,True,False,,
diwital menschlichkeit,pdt,1,ltr,Digital Humanities,STRUCTURAL_ABSENCE,True,False,,
𐎭𐎡𐎥𐎼𐎡𐎹 𐎢𐎺𐎼𐎠𐎴𐎠𐎹,peo,1,ltr,Digital Humanities,STRUCTURAL_ABSENCE,True,False,,
𐎭𐎠𐎫𐎠 𐎶𐎠𐎼𐎫𐎡𐎹,peo,1,ltr,Digital Humanities,STRUCTURAL_ABSENCE,True,False,,
dātamartiya hunarā,peo,1,ltr,Digital Humanities,STRUCTURAL_ABSENCE,True,False,,
dādahīgān-e dīgītāl,peo,1,ltr,Digital Humanities,STRUCTURAL_ABSENCE,True,False,,
ōš-dādag-xwarš-nāmag,peo,1,ltr,Digital Humanities,STRUCTURAL_ABSENCE,True,False,,
دیجیتال گویندگانی از معرفت,peo,1,ltr,Digital Humanities,STRUCTURAL_ABSENCE,True,False,,
fravarane vidēvadāta-zīrānām zarathuštrianam yazamaide,peo,1,ltr,Digital Humanities,STRUCTURAL_ABSENCE,True,False,,
digitali geisteswisseschafte,pfl,1,ltr,Digital Humanities,TRANSMOGRIFICATION,True,False,,
digitali humanischde,pfl,1,ltr,Digital Humanities,TRANSMOGRIFICATION,True,False,,
ziffrischi humanität,pfl,1,ltr,Digital Humanities,TRANSMOGRIFICATION,True,False,,
𐤃𐤉𐤂𐤉𐤕𐤋 𐤇𐤌𐤍𐤉𐤌,phn,1,rtl,Digital Humanities,TRANSMOGRIFICATION,True,False,,
thök ke digital,nus,1,ltr,Digital Humanities,STRUCTURAL_ABSENCE,True,False,,
𐤇𐤊𐤌𐤕 𐤓𐤒𐤌𐤕,phn,1,rtl,Digital Humanities,TRANSMOGRIFICATION,True,False,,
𐤃𐤉𐤂𐤉𐤕𐤋 𐤄𐤅𐤌𐤀𐤍𐤉𐤕𐤉𐤎,phn,1,rtl,Digital Humanities,TRANSMOGRIFICATION,True,False,,
ḥmrwt d-šrʾt,phn,1,rtl,Digital Humanities,TRANSMOGRIFICATION,True,False,,
𐤀𐤓𐤔𐤠𐤌 𐤉𐤳𐤠𐤌𐤔𐤠𐤌,phn,1,rtl,Digital Humanities,TRANSMOGRIFICATION,True,False,,
𐤃𐤋hite𐤅rnistġ,phn,1,rtl,Digital Humanities,TRANSMOGRIFICATION,True,False,,
dijita manussatta,pi,1,ltr,Digital Humanities,TRANSMOGRIFICATION,True,False,,
digitaali gschtudierschtuff vun de menschheit,pdc,1,ltr,Digital Humanities,TRANSMOGRIFICATION,True,False,,
neh jiyaj,pcd,1,ltr,Digital Humanities,TRANSMOGRIFICATION,True,False,,
dygytalne humanitaiti,prg,1,ltr,Digital Humanities,TRANSMOGRIFICATION,True,False,,
ディジタル・ヒューマニテイズ,pcd,1,ltr,Digital Humanities,TRANSMOGRIFICATION,True,False,,
kagamitan sa kultura digital,pag,1,ltr,Digital Humanities,STRUCTURAL_ABSENCE,True,False,,
𐭣𐭩𐭢𐭫𐭥𐭣𐭩𐭠𐭭 𐭧𐭥𐭬𐭭𐭩𐭠𐭭𐭩𐭪,pal,1,rtl,Digital Humanities,STRUCTURAL_ABSENCE,True,False,,
hunar ī dēnīg,pal,1,rtl,Digital Humanities,STRUCTURAL_ABSENCE,True,False,,
گیتیک ماردُم-پَروَری,pal,1,rtl,Digital Humanities,STRUCTURAL_ABSENCE,True,False,,
dīgītāl ērānšahr dāniš,pal,1,rtl,Digital Humanities,STRUCTURAL_ABSENCE,True,False,,
humanitāhīg ānāmag,pal,1,rtl,Digital Humanities,STRUCTURAL_ABSENCE,True,False,,
dēn-gēh rēz-wēh,pal,1,rtl,Digital Humanities,STRUCTURAL_ABSENCE,True,False,,
دانش‌شناسی دیجیتال,pal,1,rtl,Digital Humanities,STRUCTURAL_ABSENCE,True,False,,
داستان دیگیتال و ادب,pal,1,rtl,Digital Humanities,STRUCTURAL_ABSENCE,True,False,,
digital a kaalaman,pam,1,ltr,Digital Humanities,STRUCTURAL_ABSENCE,True,False,,
digitál a kapamanungán,pam,1,ltr,Digital Humanities,STRUCTURAL_ABSENCE,True,False,,
aghimatang digitak,pam,1,ltr,Digital Humanities,STRUCTURAL_ABSENCE,True,False,,
salamatan digital,pam,1,ltr,Digital Humanities,STRUCTURAL_ABSENCE,True,False,,
digitral humanidad,pam,1,ltr,Digital Humanities,STRUCTURAL_ABSENCE,True,False,,
humanidatnan digital,pap,1,ltr,Digital Humanities,STRUCTURAL_ABSENCE,True,False,,
di con asina tantu cos humano,pap,1,ltr,Digital Humanities,STRUCTURAL_ABSENCE,True,False,,
humanidadnan digital,pap,1,ltr,Digital Humanities,STRUCTURAL_ABSENCE,True,False,,
klukuk er a rechad ma tekoi er a diokital,pau,1,ltr,Digital Humanities,STRUCTURAL_ABSENCE,True,False,,
chad er a klengar me a ngerachel,pau,1,ltr,Digital Humanities,STRUCTURAL_ABSENCE,True,False,,
kleluldiil a beluu er a beluol,pau,1,ltr,Digital Humanities,STRUCTURAL_ABSENCE,True,False,,
bilang ng nguiang digital,pau,1,ltr,Digital Humanities,STRUCTURAL_ABSENCE,True,False,,
talai siapnet,pau,1,ltr,Digital Humanities,STRUCTURAL_ABSENCE,True,False,,
numérique humannités,pcd,1,ltr,Digital Humanities,TRANSMOGRIFICATION,True,False,,
humanités numérikes,pcd,1,ltr,Digital Humanities,TRANSMOGRIFICATION,True,False,,
umènes numérikes,pcd,1,ltr,Digital Humanities,TRANSMOGRIFICATION,True,False,,
dijita'la huma'niti,pcd,1,ltr,Digital Humanities,TRANSMOGRIFICATION,True,False,,
tlhingan hol viqelnis,pcd,1,ltr,Digital Humanities,TRANSMOGRIFICATION,True,False,,
aṅkasaṅkhyā-vijjā,pi,1,ltr,Digital Humanities,TRANSMOGRIFICATION,True,False,,
डिजिटल मानुसत्तं,pi,1,ltr,Digital Humanities,TRANSMOGRIFICATION,True,False,,
dijitala manussadhammā,pi,1,ltr,Digital Humanities,TRANSMOGRIFICATION,True,False,,
dhajjukalika itthi,pi,1,ltr,Digital Humanities,TRANSMOGRIFICATION,True,False,,
humanities en pweipwei,pon,1,ltr,Digital Humanities,STRUCTURAL_ABSENCE,True,False,,
tekinolohi diditahl en kawehwe tiahk en aramas,pon,1,ltr,Digital Humanities,STRUCTURAL_ABSENCE,True,False,,
humanities ko me digital,pon,1,ltr,Digital Humanities,STRUCTURAL_ABSENCE,True,False,,
wahu koasoai pohnpei,pon,1,ltr,Digital Humanities,STRUCTURAL_ABSENCE,True,False,,
kamrahn konomw,pon,1,ltr,Digital Humanities,STRUCTURAL_ABSENCE,True,False,,
mwanimwain nan digital,pon,1,ltr,Digital Humanities,STRUCTURAL_ABSENCE,True,False,,
tolbuwngap tepkaiji,pon,1,ltr,Digital Humanities,STRUCTURAL_ABSENCE,True,False,,
talajtulkayut ne tik machtia,ppl,1,ltr,Digital Humanities,STRUCTURAL_ABSENCE,True,False,,
tanamat palawit,ppl,1,ltr,Digital Humanities,STRUCTURAL_ABSENCE,True,False,,
tajtaketzalis ne tepuzamatil,ppl,1,ltr,Digital Humanities,STRUCTURAL_ABSENCE,True,False,,
tlajkahuajilli digital,ppl,1,ltr,Digital Humanities,STRUCTURAL_ABSENCE,True,False,,
k'uhun tlātlāyōtl digital,ppl,1,ltr,Digital Humanities,STRUCTURAL_ABSENCE,True,False,,
dzidigas kalendorių mokslo,ppl,1,ltr,Digital Humanities,STRUCTURAL_ABSENCE,True,False,,
tlahtoqueh tlacuilolli hua-mānapōchtli,ppl,1,ltr,Digital Humanities,STRUCTURAL_ABSENCE,True,False,,
elektronikewey wewitahamsuwakonol,pqm,1,ltr,Digital Humanities,STRUCTURAL_ABSENCE,True,False,,
pqamawsuwihkik naka digital,pqm,1,ltr,Digital Humanities,STRUCTURAL_ABSENCE,True,False,,
peskotomuhkati-wolastoqey naka kehsewey naka kisi-kisokehkimal,pqm,1,ltr,Digital Humanities,STRUCTURAL_ABSENCE,True,False,,
kilawitkewi'k,pqm,1,ltr,Digital Humanities,STRUCTURAL_ABSENCE,True,False,,
mji'gogw'tinaq digital,pqm,1,ltr,Digital Humanities,STRUCTURAL_ABSENCE,True,False,,
taqanot lulunisitikwewin,pqm,1,ltr,Digital Humanities,STRUCTURAL_ABSENCE,True,False,,
انسانیات دیجیتال,prd,1,rtl,Digital Humanities,TRANSMOGRIFICATION,True,False,,
رېشېز انسانياد,prd,1,rtl,Digital Humanities,TRANSMOGRIFICATION,True,False,,
digitalai humanistai,prg,1,ltr,Digital Humanities,TRANSMOGRIFICATION,True,False,,
digitālai mānsiskai,prg,1,ltr,Digital Humanities,TRANSMOGRIFICATION,True,False,,
skaitliskōs humanistikōs,prg,1,ltr,Digital Humanities,TRANSMOGRIFICATION,True,False,,
skaitāntīngiskai cilvēkiskai,prg,1,ltr,Digital Humanities,TRANSMOGRIFICATION,True,False,,
digitale mensur,prg,1,ltr,Digital Humanities,TRANSMOGRIFICATION,True,False,,
iren onop kan,pon,1,ltr,Digital Humanities,STRUCTURAL_ABSENCE,True,False,,
numara yineşilinsel edebiyatlar,pnt,1,ltr,Digital Humanities,TRANSMOGRIFICATION,True,False,,
διαδυτική χρηματολογία,pnt,1,ltr,Digital Humanities,TRANSMOGRIFICATION,True,False,,
degital humi-lait,pis,1,ltr,Digital Humanities,STRUCTURAL_ABSENCE,True,False,,
digitala jatika santiya,pi,1,ltr,Digital Humanities,TRANSMOGRIFICATION,True,False,,
lokottaravada-vijjāvana-vastu,pi,1,ltr,Digital Humanities,TRANSMOGRIFICATION,True,False,,
dig'tal hoom'nities,pih,1,ltr,Digital Humanities,STRUCTURAL_ABSENCE,True,False,,
dijitul hooministies,pih,1,ltr,Digital Humanities,STRUCTURAL_ABSENCE,True,False,,
diggitel hoomans,pih,1,ltr,Digital Humanities,STRUCTURAL_ABSENCE,True,False,,
dygitahal humunaitis,pih,1,ltr,Digital Humanities,STRUCTURAL_ABSENCE,True,False,,
digital yen-yen yekan,pih,1,ltr,Digital Humanities,STRUCTURAL_ABSENCE,True,False,,
protectim olketa man,pis,1,ltr,Digital Humanities,STRUCTURAL_ABSENCE,True,False,,
saekol blong digital,pis,1,ltr,Digital Humanities,STRUCTURAL_ABSENCE,True,False,,
humani bilong digital,pis,1,ltr,Digital Humanities,STRUCTURAL_ABSENCE,True,False,,
digit huminitis,pis,1,ltr,Digital Humanities,STRUCTURAL_ABSENCE,True,False,,
digi'laiti hu'maitii,pis,1,ltr,Digital Humanities,STRUCTURAL_ABSENCE,True,False,,
tukuk che kɨtɨlɨɨnɨn che kompyuta,pko,1,ltr,Digital Humanities,STRUCTURAL_ABSENCE,True,False,,
çözgülü insanlıkler,pnt,1,ltr,Digital Humanities,TRANSMOGRIFICATION,True,False,,
sayansi ya kidijitali,pko,1,ltr,Digital Humanities,STRUCTURAL_ABSENCE,True,False,,
kipkendaab kiptaiywaab kompyuta,pko,1,ltr,Digital Humanities,STRUCTURAL_ABSENCE,True,False,,
ŋɔ́kɛ̀ tɪ́mɛ̀,pko,1,ltr,Digital Humanities,STRUCTURAL_ABSENCE,True,False,,
numeryczne humanistyki,pko,1,ltr,Digital Humanities,STRUCTURAL_ABSENCE,True,False,,
digitale huurmanjau,pko,1,ltr,Digital Humanities,STRUCTURAL_ABSENCE,True,False,,
dijital hjumaniitii,pko,1,ltr,Digital Humanities,STRUCTURAL_ABSENCE,True,False,,
humanistyczne technologie cyfrowe,pl,1,ltr,Digital Humanities,PRODUCTIVE_DISAGREEMENT,True,False,,
nauki cyfrowe,pl,1,ltr,Digital Humanities,PRODUCTIVE_DISAGREEMENT,True,False,,
umanìstica digital,pms,1,ltr,Digital Humanities,STRUCTURAL_ABSENCE,True,False,,
umanità digitaj,pms,1,ltr,Digital Humanities,STRUCTURAL_ABSENCE,True,False,,
ψηφιακά ανθρωπιστικά,pnt,1,ltr,Digital Humanities,TRANSMOGRIFICATION,True,False,,
διγίταλες ανθρωπολογίες,pnt,1,ltr,Digital Humanities,TRANSMOGRIFICATION,True,False,,
jang cieng digital,nus,1,ltr,Digital Humanities,STRUCTURAL_ABSENCE,True,False,,
tlācatlālli ītechcopa tlapōhualli,nhw,1,ltr,Digital Humanities,TRANSMOGRIFICATION,True,False,,
di̱ji̱tal yumani̱ti̱thni̱,nus,1,ltr,Digital Humanities,STRUCTURAL_ABSENCE,True,False,,
ta ko rej wal̦o̦k ñan armej?,mh,1,ltr,Digital Humanities,STRUCTURAL_ABSENCE,True,False,,
aolepkaan anijjōn,mh,1,ltr,Digital Humanities,STRUCTURAL_ABSENCE,True,False,,
kōkō ōlōkōkō jōkō,mh,1,ltr,Digital Humanities,STRUCTURAL_ABSENCE,True,False,,
kiluvar ereerij,mh,1,ltr,Digital Humanities,STRUCTURAL_ABSENCE,True,False,,
digitale humanistìk,mhn,1,ltr,Digital Humanities,STRUCTURAL_ABSENCE,True,False,,
digitale geistesbissenschoftn,mhn,1,ltr,Digital Humanities,STRUCTURAL_ABSENCE,True,False,,
digitale humanistik,mhn,1,ltr,Digital Humanities,STRUCTURAL_ABSENCE,True,False,,
digitale menschheit,mhn,1,ltr,Digital Humanities,STRUCTURAL_ABSENCE,True,False,,
digiàlles umanitàes,mhn,1,ltr,Digital Humanities,STRUCTURAL_ABSENCE,True,False,,
dizjital húmanistía,mhn,1,ltr,Digital Humanities,STRUCTURAL_ABSENCE,True,False,,
ngā tikanga mamati,mi,1,ltr,Digital Humanities,TRANSMOGRIFICATION,True,False,,
mamati tangata,mi,1,ltr,Digital Humanities,TRANSMOGRIFICATION,True,False,,
hangarau tangata,mi,1,ltr,Digital Humanities,TRANSMOGRIFICATION,True,False,,
aronui matihiko,mi,1,ltr,Digital Humanities,TRANSMOGRIFICATION,True,False,,
mātauranga matihiko tangata,mi,1,ltr,Digital Humanities,TRANSMOGRIFICATION,True,False,,
ngā toi matihiko,mi,1,ltr,Digital Humanities,TRANSMOGRIFICATION,True,False,,
ngā toahanga numera,mi,1,ltr,Digital Humanities,TRANSMOGRIFICATION,True,False,,
mātauranga pae tātou kōrero,mi,1,ltr,Digital Humanities,TRANSMOGRIFICATION,True,False,,
te tari hauora pūkaha,mi,1,ltr,Digital Humanities,TRANSMOGRIFICATION,True,False,,
ewlia'taqn wjit mawi-tli'suti,mic,1,ltr,Digital Humanities,TRANSMOGRIFICATION,True,False,,
kina'muokuom ta'n telui-wikatikl,mic,1,ltr,Digital Humanities,TRANSMOGRIFICATION,True,False,,
wapna'qik niskamijik,mic,1,ltr,Digital Humanities,TRANSMOGRIFICATION,True,False,,
kisu'lukewey na tujiw,mic,1,ltr,Digital Humanities,TRANSMOGRIFICATION,True,False,,
kji-kjimujin,mic,1,ltr,Digital Humanities,TRANSMOGRIFICATION,True,False,,
kweliyawik niskamij,mic,1,ltr,Digital Humanities,TRANSMOGRIFICATION,True,False,,
ligis kewaqutinaq,mic,1,ltr,Digital Humanities,TRANSMOGRIFICATION,True,False,,
sains digital budaya,min,1,ltr,Digital Humanities,STRUCTURAL_ABSENCE,True,False,,
penghuanumet digital,min,1,ltr,Digital Humanities,STRUCTURAL_ABSENCE,True,False,,
ilmu sosial dan budaya digital,min,1,ltr,Digital Humanities,STRUCTURAL_ABSENCE,True,False,,
дигитални хуманистички науки,mk,1,ltr,Digital Humanities,TRANSMOGRIFICATION,True,False,,
humani digital,mh,1,ltr,Digital Humanities,STRUCTURAL_ABSENCE,True,False,,
teknoloji ya bashili,mgy,1,ltr,Digital Humanities,STRUCTURAL_ABSENCE,True,False,,
fahaizana digital ho an'ny olombelona,mg,1,ltr,Digital Humanities,STRUCTURAL_ABSENCE,True,False,,
mugandadigitale,mgy,1,ltr,Digital Humanities,STRUCTURAL_ABSENCE,True,False,,
zava-manasao mavitrika,mg,1,ltr,Digital Humanities,STRUCTURAL_ABSENCE,True,False,,
fanarantsoa filozofia,mg,1,ltr,Digital Humanities,STRUCTURAL_ABSENCE,True,False,,
inin-ditsiky,mg,1,ltr,Digital Humanities,STRUCTURAL_ABSENCE,True,False,,
daonnaíocht dhigiteach,mga,1,ltr,Digital Humanities,TRANSMOGRIFICATION,True,False,,
eólaíochtaí digiteacha daonna,mga,1,ltr,Digital Humanities,TRANSMOGRIFICATION,True,False,,
dána digiteacha,mga,1,ltr,Digital Humanities,TRANSMOGRIFICATION,True,False,,
dáineolaíocht dhigiteach,mga,1,ltr,Digital Humanities,TRANSMOGRIFICATION,True,False,,
digele hwæðum,mga,1,ltr,Digital Humanities,TRANSMOGRIFICATION,True,False,,
fíor-réaltaí an fhírinne,mga,1,ltr,Digital Humanities,TRANSMOGRIFICATION,True,False,,
saotharlann deantach,mga,1,ltr,Digital Humanities,TRANSMOGRIFICATION,True,False,,
eadromhachtaí dísearta,mga,1,ltr,Digital Humanities,TRANSMOGRIFICATION,True,False,,
uphiyu wa dijitali,mgh,1,ltr,Digital Humanities,STRUCTURAL_ABSENCE,True,False,,
sayansi ya vaathu va dijitali,mgh,1,ltr,Digital Humanities,STRUCTURAL_ABSENCE,True,False,,
uhumani wa digitali,mgh,1,ltr,Digital Humanities,STRUCTURAL_ABSENCE,True,False,,
tivumbuza ya digital,mgh,1,ltr,Digital Humanities,STRUCTURAL_ABSENCE,True,False,,
makhungu ya dijitale,mgh,1,ltr,Digital Humanities,STRUCTURAL_ABSENCE,True,False,,
mphikoziyombe digitali,mgh,1,ltr,Digital Humanities,STRUCTURAL_ABSENCE,True,False,,
teknoloji ya dini na insanu,mgh,1,ltr,Digital Humanities,STRUCTURAL_ABSENCE,True,False,,
ndzɨ a mbɨ nə kɔmpyutə,mgo,1,ltr,Digital Humanities,STRUCTURAL_ABSENCE,True,False,,
mɛtaʼ nɛ kɛnɛnɛn,mgo,1,ltr,Digital Humanities,STRUCTURAL_ABSENCE,True,False,,
ᡬᡵᡬᡵᡶᡮᡵᡬᡵᡶᡮᡵᡬ,mgo,1,ltr,Digital Humanities,STRUCTURAL_ABSENCE,True,False,,
muhimu ya kimani,mgo,1,ltr,Digital Humanities,STRUCTURAL_ABSENCE,True,False,,
humano digitale,mgo,1,ltr,Digital Humanities,STRUCTURAL_ABSENCE,True,False,,
म्याग्री डिजिटल मानवविज्ञान,mgp,1,ltr,Digital Humanities,TRANSMOGRIFICATION,True,False,,
digita manbhu,mgp,1,ltr,Digital Humanities,TRANSMOGRIFICATION,True,False,,
sayansi ya kidijitali ya kibinadamu,mgy,1,ltr,Digital Humanities,STRUCTURAL_ABSENCE,True,False,,
mabhalo a dijitari,mgy,1,ltr,Digital Humanities,STRUCTURAL_ABSENCE,True,False,,
mbunga kwa digital,mgy,1,ltr,Digital Humanities,STRUCTURAL_ABSENCE,True,False,,
mbuŋa ŋɔɔ lɛɛŋ lɛɛŋ lɛɛŋ,mgy,1,ltr,Digital Humanities,STRUCTURAL_ABSENCE,True,False,,
дигитални хуманости,mk,1,ltr,Digital Humanities,TRANSMOGRIFICATION,True,False,,
дигитални умствени науки,mk,1,ltr,Digital Humanities,TRANSMOGRIFICATION,True,False,,
дигитални гуманитарски науки,mk,1,ltr,Digital Humanities,TRANSMOGRIFICATION,True,False,,
дигитални хуманистике,mk,1,ltr,Digital Humanities,TRANSMOGRIFICATION,True,False,,
дигитал хүмүүснэ,mnw,1,ltr,Digital Humanities,TRANSMOGRIFICATION,True,False,,
дэлхийн бүтэц,mnw,1,ltr,Digital Humanities,TRANSMOGRIFICATION,True,False,,
ဘာသာအကြောင်း,mnw,1,ltr,Digital Humanities,TRANSMOGRIFICATION,True,False,,
umanistici digitale,mo,1,ltr,Digital Humanities,TRANSMOGRIFICATION,True,False,,
humanitate digitală,mo,1,ltr,Digital Humanities,TRANSMOGRIFICATION,True,False,,
innu-aitun masinaikana-tshissenitamun,moe,1,ltr,Digital Humanities,STRUCTURAL_ABSENCE,True,False,,
mishkashkikun e-tshishkueu,moe,1,ltr,Digital Humanities,STRUCTURAL_ABSENCE,True,False,,
masinahikanishkueu atusseun,moe,1,ltr,Digital Humanities,STRUCTURAL_ABSENCE,True,False,,
nimishtuqaninik sipri,moe,1,ltr,Digital Humanities,STRUCTURAL_ABSENCE,True,False,,
nipapishit ne-pishimueu,moe,1,ltr,Digital Humanities,STRUCTURAL_ABSENCE,True,False,,
tshishkuakhiitigiit,moe,1,ltr,Digital Humanities,STRUCTURAL_ABSENCE,True,False,,
tsi niionkwarihò:ten tsi nikarihwaká:ron,moh,1,ltr,Digital Humanities,TRANSMOGRIFICATION,True,False,,
tewaterihwaienstáhkhwa tsi nikarihò:ten,moh,1,ltr,Digital Humanities,TRANSMOGRIFICATION,True,False,,
tekanikonra'ts kahyatónhsera,moh,1,ltr,Digital Humanities,TRANSMOGRIFICATION,True,False,,
tekarihwá:ken ne ionkwa'nikonhrakén:ton,moh,1,ltr,Digital Humanities,TRANSMOGRIFICATION,True,False,,
kahentióhkwa tewatónhsera,moh,1,ltr,Digital Humanities,TRANSMOGRIFICATION,True,False,,
wahta'kwanhsera's tekanowé:ke,moh,1,ltr,Digital Humanities,TRANSMOGRIFICATION,True,False,,
ko:twehkwennion:kwa,moh,1,ltr,Digital Humanities,TRANSMOGRIFICATION,True,False,,
kahentawaks kaniatarowanernionhsa,moh,1,ltr,Digital Humanities,TRANSMOGRIFICATION,True,False,,
sẽn be sebrã pʋgẽ me,mos,1,ltr,Digital Humanities,TRANSMOGRIFICATION,True,False,,
zanga numidiga,mos,1,ltr,Digital Humanities,TRANSMOGRIFICATION,True,False,,
ninsaale ye kãsenga,mos,1,ltr,Digital Humanities,TRANSMOGRIFICATION,True,False,,
humanité-wɛɛnga,mos,1,ltr,Digital Humanities,TRANSMOGRIFICATION,True,False,,
ninsaalbãmb digitaal,mos,1,ltr,Digital Humanities,TRANSMOGRIFICATION,True,False,,
ŋɔkpɛla ŋkpurɛ,mos,1,ltr,Digital Humanities,TRANSMOGRIFICATION,True,False,,
kɔɔg-bɛriŋ ŋɔɔsɔŋ,mos,1,ltr,Digital Humanities,TRANSMOGRIFICATION,True,False,,
sawuli wa dila,mos,1,ltr,Digital Humanities,TRANSMOGRIFICATION,True,False,,
मानवी क्षमता,mr,1,ltr,Digital Humanities,TRANSMOGRIFICATION,True,False,,
डिजिटल मानवविज्ञान,mr,1,ltr,Digital Humanities,TRANSMOGRIFICATION,True,False,,
ဒဳဂဳတလ မနုဿဗေဒ,mnw,1,ltr,Digital Humanities,TRANSMOGRIFICATION,True,False,,
ဒေဂျေတဲလ် ဟျူမဲန်နီတီစ်,mnw,1,ltr,Digital Humanities,TRANSMOGRIFICATION,True,False,,
ပရေၚ်မၞိဟ်ဒဳဂျဳတေဝ်,mnw,1,ltr,Digital Humanities,TRANSMOGRIFICATION,True,False,,
bithe tacikū hergen i ubaliyambure kooli,mnc,1,ltr,Digital Humanities,TRANSMOGRIFICATION,True,False,,
ഡിജിറ്റൽ ഹ്യുമാനിറ്റീസ്,ml,1,ltr,Digital Humanities,TRANSMOGRIFICATION,True,False,,
മാനവരാശി,ml,1,ltr,Digital Humanities,TRANSMOGRIFICATION,True,False,,
ഡിജിറ്റൽ മാനവിക ശാസ്ത്രം,ml,1,ltr,Digital Humanities,TRANSMOGRIFICATION,True,False,,
ഡിജിറ്റൽ മാനവികശാസ്ത്രം,ml,1,ltr,Digital Humanities,TRANSMOGRIFICATION,True,False,,
ഡിജിറ്റൽ ഹ്യൂമാനിറ്റീസ്,ml,1,ltr,Digital Humanities,TRANSMOGRIFICATION,True,False,,
ഡിജിറ്റൽ മാനുഷികത,ml,1,ltr,Digital Humanities,TRANSMOGRIFICATION,True,False,,
ഡിജിറ്റൽ മാനവികത,ml,1,ltr,Digital Humanities,TRANSMOGRIFICATION,True,False,,
ഡിജിറ്റൽ മനുഷ്യത്വം,ml,1,ltr,Digital Humanities,TRANSMOGRIFICATION,True,False,,
дижитал хүмүүнлэгийн ухаан,mn,1,ltr,Digital Humanities,TRANSMOGRIFICATION,True,False,,
дижитал хүмүүнлэг ухаан,mn,1,ltr,Digital Humanities,TRANSMOGRIFICATION,True,False,,
дигитал хүмүүснэгт,mn,1,ltr,Digital Humanities,TRANSMOGRIFICATION,True,False,,
дигитал бүтэц зохиол,mn,1,ltr,Digital Humanities,TRANSMOGRIFICATION,True,False,,
ᡩᡳᠵᡳᠶᠠᡳ ᡥᡡᠮᠠᠨᡳᠨ,mnc,1,ltr,Digital Humanities,TRANSMOGRIFICATION,True,False,,
ᡩᡳᡤᡳᡩᠠᠯ ᡥᡠᠮᠠᠨᡳᡩᡟ,mnc,1,ltr,Digital Humanities,TRANSMOGRIFICATION,True,False,,
ဒေဝါသုခါနိ,mnw,1,ltr,Digital Humanities,TRANSMOGRIFICATION,True,False,,
ᡩᡳᡤᡳᡨᠠᠯ ᠨᡳᠶᠠᠯᠮᠠ ᠪᡝ ᡴᠠᡵᠮᠠᡵᠠ ᠪᡳᡨᡥᡝ,mnc,1,ltr,Digital Humanities,TRANSMOGRIFICATION,True,False,,
ᡳᠯᠠᡥᡝ ᡶᡝᠰᡝᠨ,mnc,1,ltr,Digital Humanities,TRANSMOGRIFICATION,True,False,,
ᡠᠡᠴᡠᠨ᠋ ᡳᠯᡠᠨ ᡠᠡᠴᡠᠨ᠋,mnc,1,ltr,Digital Humanities,TRANSMOGRIFICATION,True,False,,
大利石化,mnc,1,ltr,Digital Humanities,TRANSMOGRIFICATION,True,False,,
ডিজিটেল হিউমেনিটিজ,mni,1,ltr,Digital Humanities,STRUCTURAL_ABSENCE,True,False,,
ডিজিটেল মানৱতা,mni,1,ltr,Digital Humanities,STRUCTURAL_ABSENCE,True,False,,
digitl hojamuana,mni,1,ltr,Digital Humanities,STRUCTURAL_ABSENCE,True,False,,
ডিজিটাল ম্যানিপুরী সাহিত্য,mni,1,ltr,Digital Humanities,STRUCTURAL_ABSENCE,True,False,,
цифровой гуманитарный наукаяс,mns,1,ltr,Digital Humanities,TRANSMOGRIFICATION,True,False,,
цифра мāньщипāлта хансын,mns,1,ltr,Digital Humanities,TRANSMOGRIFICATION,True,False,,
kuɣaʔaŋa tɛːrɛ,mns,1,ltr,Digital Humanities,TRANSMOGRIFICATION,True,False,,
дигиталдун дүйнөлүк тарыхы,mns,1,ltr,Digital Humanities,TRANSMOGRIFICATION,True,False,,
ненангы ёхтэн кымпьютер төрлә (компьютер-технология) - дыхкын ёхтэ,mns,1,ltr,Digital Humanities,TRANSMOGRIFICATION,True,False,,
tantara fampianarana digitaly,mg,1,ltr,Digital Humanities,STRUCTURAL_ABSENCE,True,False,,
fahaizana nomerika momba ny olombelona,mg,1,ltr,Digital Humanities,STRUCTURAL_ABSENCE,True,False,,
motswako ya diteleleng,nso,1,ltr,Digital Humanities,STRUCTURAL_ABSENCE,True,False,,
بومنڤیجی دیجیتالی,luz,1,rtl,Digital Humanities,TRANSMOGRIFICATION,True,False,,
digitālās humanitārās zinātnes,lv,1,ltr,Digital Humanities,TRANSMOGRIFICATION,True,False,,
datorzinātnes humanitāriske nozare,lv,1,ltr,Digital Humanities,TRANSMOGRIFICATION,True,False,,
digitālās humanitāres,lv,1,ltr,Digital Humanities,TRANSMOGRIFICATION,True,False,,
digitālie humanitārās zināšanas,lv,1,ltr,Digital Humanities,TRANSMOGRIFICATION,True,False,,
digrālās humanitātes,lv,1,ltr,Digital Humanities,TRANSMOGRIFICATION,True,False,,
平窗会海公司,lzh,1,ltr,Digital Humanities,TRANSMOGRIFICATION,True,False,,
數字文學,lzh,1,ltr,Digital Humanities,TRANSMOGRIFICATION,True,False,,
diǯiťali humaniturebi,lzz,1,ltr,Digital Humanities,TRANSMOGRIFICATION,True,False,,
dijitali humanitepe,lzz,1,ltr,Digital Humanities,TRANSMOGRIFICATION,True,False,,
internet çağdaş ilimler,lzz,1,ltr,Digital Humanities,TRANSMOGRIFICATION,True,False,,
dijital dilalosh,lzz,1,ltr,Digital Humanities,TRANSMOGRIFICATION,True,False,,
humaniteta digitale,lzz,1,ltr,Digital Humanities,TRANSMOGRIFICATION,True,False,,
humaene digital,mad,1,ltr,Digital Humanities,STRUCTURAL_ABSENCE,True,False,,
dijital humanities,maf,1,ltr,Digital Humanities,STRUCTURAL_ABSENCE,True,False,,
ŋɔmɛ́ ɣa ʋɛ́nɛ́,maf,1,ltr,Digital Humanities,STRUCTURAL_ABSENCE,True,False,,
gbere-ngu-ndu-mbu-ngu-ndu,maf,1,ltr,Digital Humanities,STRUCTURAL_ABSENCE,True,False,,
digiitali huiminji,maf,1,ltr,Digital Humanities,STRUCTURAL_ABSENCE,True,False,,
njom njem ya ngum,maf,1,ltr,Digital Humanities,STRUCTURAL_ABSENCE,True,False,,
ऑनलाइन मानवीयता,mag,1,ltr,Digital Humanities,STRUCTURAL_ABSENCE,True,False,,
aʼbicara digital,mak,1,ltr,Digital Humanities,STRUCTURAL_ABSENCE,True,False,,
kadai kultur digital,mak,1,ltr,Digital Humanities,STRUCTURAL_ABSENCE,True,False,,
nɔɔriya hadamaɲɔgɔnya,man,1,ltr,Digital Humanities,STRUCTURAL_ABSENCE,True,False,,
hadamaɲa ni digital,man,1,ltr,Digital Humanities,STRUCTURAL_ABSENCE,True,False,,
kɔnɔŋo tɛrɛkɛlɛ,man,1,ltr,Digital Humanities,STRUCTURAL_ABSENCE,True,False,,
kelee digitaa bɛlɛɛlɛ,man,1,ltr,Digital Humanities,STRUCTURAL_ABSENCE,True,False,,
dulubu yalumtigü,man,1,ltr,Digital Humanities,STRUCTURAL_ABSENCE,True,False,,
kankan n'nyamakala komputa,man,1,ltr,Digital Humanities,STRUCTURAL_ABSENCE,True,False,,
astranomana digital,map-bms,1,ltr,Digital Humanities,STRUCTURAL_ABSENCE,True,False,,
enkipukonoto e nkishu e digital,mas,1,ltr,Digital Humanities,STRUCTURAL_ABSENCE,True,False,,
رۊستاييۊ ديجيتالي,luz,1,rtl,Digital Humanities,TRANSMOGRIFICATION,True,False,,
ditech hman lalsawmhlip,lus,1,ltr,Digital Humanities,STRUCTURAL_ABSENCE,True,False,,
siansa maha-olona nomerika,mg,1,ltr,Digital Humanities,STRUCTURAL_ABSENCE,True,False,,
mihringte thil siama langtute,lus,1,ltr,Digital Humanities,STRUCTURAL_ABSENCE,True,False,,
bantu ba dijita ne midimu ya bantu,lua,1,ltr,Digital Humanities,TRANSMOGRIFICATION,True,False,,
mikanda ya malu a nkumbu,lua,1,ltr,Digital Humanities,TRANSMOGRIFICATION,True,False,,
munzila bantu ba lulua,lua,1,ltr,Digital Humanities,TRANSMOGRIFICATION,True,False,,
mvondo ya zongisa mwa malonda ya mavu,lua,1,ltr,Digital Humanities,TRANSMOGRIFICATION,True,False,,
mwanamutanda yasimbadigitali,lua,1,ltr,Digital Humanities,TRANSMOGRIFICATION,True,False,,
ingoma ya mashine wa bantu,lua,1,ltr,Digital Humanities,TRANSMOGRIFICATION,True,False,,
pá'as-wá'at-qá'ay-túupash,lui,1,ltr,Digital Humanities,TRANSMOGRIFICATION,True,False,,
puyáamay 'atáaxamay pum póy puyáamay,lui,1,ltr,Digital Humanities,TRANSMOGRIFICATION,True,False,,
iwitsiwitam kwaay,lui,1,ltr,Digital Humanities,TRANSMOGRIFICATION,True,False,,
hukwiiy 'a'y 'a'y ʔi'i' ʔa'a,lui,1,ltr,Digital Humanities,TRANSMOGRIFICATION,True,False,,
xaakwamalatulhu,lui,1,ltr,Digital Humanities,TRANSMOGRIFICATION,True,False,,
k'aq-pilam k'uq'um,lui,1,ltr,Digital Humanities,TRANSMOGRIFICATION,True,False,,
kaanenu yuma yikamwekana kumbidi,lun,1,ltr,Digital Humanities,STRUCTURAL_ABSENCE,True,False,,
tuvuetu twa dijitali,lun,1,ltr,Digital Humanities,STRUCTURAL_ABSENCE,True,False,,
vyuma vya digitali,lun,1,ltr,Digital Humanities,STRUCTURAL_ABSENCE,True,False,,
múka ya digitali,lun,1,ltr,Digital Humanities,STRUCTURAL_ABSENCE,True,False,,
zilumana n'gɔŋɔ,lun,1,ltr,Digital Humanities,STRUCTURAL_ABSENCE,True,False,,
mufundishwezi digitale,lun,1,ltr,Digital Humanities,STRUCTURAL_ABSENCE,True,False,,
ingoma ya digitale,lun,1,ltr,Digital Humanities,STRUCTURAL_ABSENCE,True,False,,
dijital mar dhano,luo,1,ltr,Digital Humanities,STRUCTURAL_ABSENCE,True,False,,
gik manyiso ni nyasaye ok en ng'at machalo nade?,luo,1,ltr,Digital Humanities,STRUCTURAL_ABSENCE,True,False,,
yore mag komputa gi kit ng'eyo,luo,1,ltr,Digital Humanities,STRUCTURAL_ABSENCE,True,False,,
lony mar ng'eyo gi teknoloji,luo,1,ltr,Digital Humanities,STRUCTURAL_ABSENCE,True,False,,
ng'at manyalo tiend luo e digital,luo,1,ltr,Digital Humanities,STRUCTURAL_ABSENCE,True,False,,
dhano gi teknoloji,luo,1,ltr,Digital Humanities,STRUCTURAL_ABSENCE,True,False,,
mmelo o tlobo,luo,1,ltr,Digital Humanities,STRUCTURAL_ABSENCE,True,False,,
jami ict ya sayansi na jiokielo,luo,1,ltr,Digital Humanities,STRUCTURAL_ABSENCE,True,False,,
duxiluoni,luo,1,ltr,Digital Humanities,STRUCTURAL_ABSENCE,True,False,,
husika na uzima digitali,luo,1,ltr,Digital Humanities,STRUCTURAL_ABSENCE,True,False,,
enkiguanare e digital,mas,1,ltr,Digital Humanities,STRUCTURAL_ABSENCE,True,False,,
enkiguena e olosho oo nkishu oo nkikoruo,mas,1,ltr,Digital Humanities,STRUCTURAL_ABSENCE,True,False,,
oleng'ata za kielektroniki,mas,1,ltr,Digital Humanities,STRUCTURAL_ABSENCE,True,False,,
e-ilísálíí,mas,1,ltr,Digital Humanities,STRUCTURAL_ABSENCE,True,False,,
kɔmputa sosay,men,1,ltr,Digital Humanities,STRUCTURAL_ABSENCE,True,False,,
ŋa'a ŋɔɔŋɔɔ dɔŋ,men,1,ltr,Digital Humanities,STRUCTURAL_ABSENCE,True,False,,
dunyabanta ditigi,men,1,ltr,Digital Humanities,STRUCTURAL_ABSENCE,True,False,,
sikilem digitali na humani,men,1,ltr,Digital Humanities,STRUCTURAL_ABSENCE,True,False,,
ũũgĩ wa dijitali,mer,1,ltr,Digital Humanities,STRUCTURAL_ABSENCE,True,False,,
ũtaaro wa kĩmeru kĩa kĩdigital,mer,1,ltr,Digital Humanities,STRUCTURAL_ABSENCE,True,False,,
mũtũrĩre wa ũgĩ wa kĩdigito,mer,1,ltr,Digital Humanities,STRUCTURAL_ABSENCE,True,False,,
e-ngisire-ngi-ngi-ngi-ngi,mer,1,ltr,Digital Humanities,STRUCTURAL_ABSENCE,True,False,,
digitali jiwani,mer,1,ltr,Digital Humanities,STRUCTURAL_ABSENCE,True,False,,
husika wa diguwali,mer,1,ltr,Digital Humanities,STRUCTURAL_ABSENCE,True,False,,
al-adab al-digitāl,mey,1,rtl,Digital Humanities,TRANSMOGRIFICATION,True,False,,
tamaslit ṭṭerṭiġ,mey,1,rtl,Digital Humanities,TRANSMOGRIFICATION,True,False,,
الانسانیات الرقمیة,mey,1,rtl,Digital Humanities,TRANSMOGRIFICATION,True,False,,
ilim manusia digital,mfa,1,rtl,Digital Humanities,STRUCTURAL_ABSENCE,True,False,,
sains digital seni rupa,mfa,1,rtl,Digital Humanities,STRUCTURAL_ABSENCE,True,False,,
bann lartik l'etude,mfe,1,ltr,Digital Humanities,STRUCTURAL_ABSENCE,True,False,,
iminite digital,mfe,1,ltr,Digital Humanities,STRUCTURAL_ABSENCE,True,False,,
limanite nizimerik,mfe,1,ltr,Digital Humanities,STRUCTURAL_ABSENCE,True,False,,
limannite dijital,mfe,1,ltr,Digital Humanities,STRUCTURAL_ABSENCE,True,False,,
informatika ya kihistoria,mfe,1,ltr,Digital Humanities,STRUCTURAL_ABSENCE,True,False,,
lemanitèr ziska dijital,mfe,1,ltr,Digital Humanities,STRUCTURAL_ABSENCE,True,False,,
mannumental jistikey,mfe,1,ltr,Digital Humanities,STRUCTURAL_ABSENCE,True,False,,
informatika humana,mfe,1,ltr,Digital Humanities,STRUCTURAL_ABSENCE,True,False,,
dijitalu humanyu,mfv,1,ltr,Digital Humanities,STRUCTURAL_ABSENCE,True,False,,
kɛlɛmɛnɔŋ kɛrɛtɛ,mfv,1,ltr,Digital Humanities,STRUCTURAL_ABSENCE,True,False,,
ŋaŋgɛɛlɛɛ dɛɛlɛɛ,mfv,1,ltr,Digital Humanities,STRUCTURAL_ABSENCE,True,False,,
informatique des sciences humaines,mfv,1,ltr,Digital Humanities,STRUCTURAL_ABSENCE,True,False,,
siansa momba ny maha-olona nomerika,mg,1,ltr,Digital Humanities,STRUCTURAL_ABSENCE,True,False,,
maha-olombelona nomerika,mg,1,ltr,Digital Humanities,STRUCTURAL_ABSENCE,True,False,,
kɛlɛi kpɛlɛi kɔlɔi,men,1,ltr,Digital Humanities,STRUCTURAL_ABSENCE,True,False,,
kɔmpyuta nɔmɔyɛlɛ,men,1,ltr,Digital Humanities,STRUCTURAL_ABSENCE,True,False,,
ntunga ya inanga digitale,mdt,1,ltr,Digital Humanities,STRUCTURAL_ABSENCE,True,False,,
цифрань гуманитарнай наукат,mdf,1,ltr,Digital Humanities,TRANSMOGRIFICATION,True,False,,
ildiitudo dimanikilish,mas,1,ltr,Digital Humanities,STRUCTURAL_ABSENCE,True,False,,
digu-la wa ingia-rara,mas,1,ltr,Digital Humanities,STRUCTURAL_ABSENCE,True,False,,
jñatjo ts'ite̱ nu digital,maz,1,ltr,Digital Humanities,STRUCTURAL_ABSENCE,True,False,,
ndädi di̱xi̱tá̱l ya̱ nte̱'e̱,maz,1,ltr,Digital Humanities,STRUCTURAL_ABSENCE,True,False,,
jñatrjo digital,maz,1,ltr,Digital Humanities,STRUCTURAL_ABSENCE,True,False,,
tlālli tlamatiliztli,maz,1,ltr,Digital Humanities,STRUCTURAL_ABSENCE,True,False,,
tlahtoliztli tlachiapantli yohuatzintli,maz,1,ltr,Digital Humanities,STRUCTURAL_ABSENCE,True,False,,
xopoyóch telpochcalli ñudzínauh,maz,1,ltr,Digital Humanities,STRUCTURAL_ABSENCE,True,False,,
tlahtolli yolotlikuicatl,maz,1,ltr,Digital Humanities,STRUCTURAL_ABSENCE,True,False,,
mabakai teknoloji uma,mde,1,ltr,Digital Humanities,STRUCTURAL_ABSENCE,True,False,,
mvulunyambo yake digitale,mde,1,ltr,Digital Humanities,STRUCTURAL_ABSENCE,True,False,,
teknoloji ya bensi,mde,1,ltr,Digital Humanities,STRUCTURAL_ABSENCE,True,False,,
цифрова гуманитария,mdf,1,ltr,Digital Humanities,TRANSMOGRIFICATION,True,False,,
цифронь гуманитариянь тонафнемат,mdf,1,ltr,Digital Humanities,TRANSMOGRIFICATION,True,False,,
muhimiyeti ya ulaya digital,mdt,1,ltr,Digital Humanities,STRUCTURAL_ABSENCE,True,False,,
идэкстэрмуморти,mdf,1,ltr,Digital Humanities,TRANSMOGRIFICATION,True,False,,
ḍigiṭala manavā,mdf,1,ltr,Digital Humanities,TRANSMOGRIFICATION,True,False,,
дигиталный гуманитарий,mdf,1,ltr,Digital Humanities,TRANSMOGRIFICATION,True,False,,
digital a keilmuan sa kataw,mdh,1,ltr,Digital Humanities,STRUCTURAL_ABSENCE,True,False,,
dagat na kabihasan,mdh,1,ltr,Digital Humanities,STRUCTURAL_ABSENCE,True,False,,
pangadalan a digital na pag-aaral,mdh,1,ltr,Digital Humanities,STRUCTURAL_ABSENCE,True,False,,
talata sa teknolohiya,mdh,1,ltr,Digital Humanities,STRUCTURAL_ABSENCE,True,False,,
tehnologi buku digital,mdr,1,ltr,Digital Humanities,STRUCTURAL_ABSENCE,True,False,,
विद्युत आर्थिकी,mdr,1,ltr,Digital Humanities,STRUCTURAL_ABSENCE,True,False,,
mihingo ya dijitali,mdt,1,ltr,Digital Humanities,STRUCTURAL_ABSENCE,True,False,,
mbere mbere mbere,mdt,1,ltr,Digital Humanities,STRUCTURAL_ABSENCE,True,False,,
mbere kɛlɛmɛnɛ tɔmɔ,mdt,1,ltr,Digital Humanities,STRUCTURAL_ABSENCE,True,False,,
mbere ŋɔɔtɔɔ dii lɛɛŋ,mdt,1,ltr,Digital Humanities,STRUCTURAL_ABSENCE,True,False,,
दिलीજित विज्ञान,mr,1,ltr,Digital Humanities,TRANSMOGRIFICATION,True,False,,
khaṭaṇi kala,mrd,1,ltr,Digital Humanities,TRANSMOGRIFICATION,True,False,,
tìr-tìr-kàl-tìr-bàl-sù,mrd,1,ltr,Digital Humanities,TRANSMOGRIFICATION,True,False,,
mifumbo ya digital,ngl,1,ltr,Digital Humanities,STRUCTURAL_ABSENCE,True,False,,
mufundiseni digitali,ngl,1,ltr,Digital Humanities,STRUCTURAL_ABSENCE,True,False,,
humanitizisidwa digitala,ngl,1,ltr,Digital Humanities,STRUCTURAL_ABSENCE,True,False,,
tlamachtilistli iuan tlamachilistli tlen itech copiutah,nhe,1,ltr,Digital Humanities,TRANSMOGRIFICATION,True,False,,
tlācatlahtōltecpānaliztli iuhcāyōtl,nhe,1,ltr,Digital Humanities,TRANSMOGRIFICATION,True,False,,
tlatequitl-tlalhuapitzin,nhe,1,ltr,Digital Humanities,TRANSMOGRIFICATION,True,False,,
tlaxcaltzinolpapantli ñudzilhualtihuatl,nhe,1,ltr,Digital Humanities,TRANSMOGRIFICATION,True,False,,
tlapitzcalli tlamatlatotl,nhe,1,ltr,Digital Humanities,TRANSMOGRIFICATION,True,False,,
tēcciztli tlamachtiliztli,nhw,1,ltr,Digital Humanities,TRANSMOGRIFICATION,True,False,,
tlamatiliztli ihuicpa tlapoualiztli huan tlamatiliztli ihuicpa tlacameh,nhw,1,ltr,Digital Humanities,TRANSMOGRIFICATION,True,False,,
umanism digital,ro,1,ltr,Digital Humanities,STRUCTURAL_ABSENCE,True,False,,
tlaxcaltzinolpiltihtli ñudzalpan,nhw,1,ltr,Digital Humanities,TRANSMOGRIFICATION,True,False,,
tlakatl mēxihco,nhw,1,ltr,Digital Humanities,TRANSMOGRIFICATION,True,False,,
faoma niha ba teknologi digital,nia,1,ltr,Digital Humanities,STRUCTURAL_ABSENCE,True,False,,
fama'oli niha digital,nia,1,ltr,Digital Humanities,STRUCTURAL_ABSENCE,True,False,,
sina'a fanggulo digital,nia,1,ltr,Digital Humanities,STRUCTURAL_ABSENCE,True,False,,
ranseh sibudaya digital,nia,1,ltr,Digital Humanities,STRUCTURAL_ABSENCE,True,False,,
humanitas digidaal,nia,1,ltr,Digital Humanities,STRUCTURAL_ABSENCE,True,False,,
kaharati digital,nij,1,ltr,Digital Humanities,STRUCTURAL_ABSENCE,True,False,,
bantang data ngi'i palawu,nij,1,ltr,Digital Humanities,STRUCTURAL_ABSENCE,True,False,,
puranmanu waihena,nij,1,ltr,Digital Humanities,STRUCTURAL_ABSENCE,True,False,,
adat dan sastra digital,nij,1,ltr,Digital Humanities,STRUCTURAL_ABSENCE,True,False,,
tiaki e tau mena he tagata,niu,1,ltr,Digital Humanities,TRANSMOGRIFICATION,True,False,,
tau akonaki fakatekonolosi,niu,1,ltr,Digital Humanities,TRANSMOGRIFICATION,True,False,,
fakaako fakatekinolosia,niu,1,ltr,Digital Humanities,TRANSMOGRIFICATION,True,False,,
fakaakoaga faka-numela mo e tagata,niu,1,ltr,Digital Humanities,TRANSMOGRIFICATION,True,False,,
he tau aga fakamatala faka-tekinolosi,niu,1,ltr,Digital Humanities,TRANSMOGRIFICATION,True,False,,
tūmanako o le fa'aalo,niu,1,ltr,Digital Humanities,TRANSMOGRIFICATION,True,False,,
fale numera'i taua'aga,niu,1,ltr,Digital Humanities,TRANSMOGRIFICATION,True,False,,
faafetai tahi ā internet,niu,1,ltr,Digital Humanities,TRANSMOGRIFICATION,True,False,,
mabuku a dijitari,ngl,1,ltr,Digital Humanities,STRUCTURAL_ABSENCE,True,False,,
uhimya wa ntthowa sa dijitali,ngl,1,ltr,Digital Humanities,STRUCTURAL_ABSENCE,True,False,,
dhilakalapi,mrh,1,ltr,Digital Humanities,STRUCTURAL_ABSENCE,True,False,,
olumana owa digital,ngl,1,ltr,Digital Humanities,STRUCTURAL_ABSENCE,True,False,,
tlakuahtli ñudahualqui,nch,1,ltr,Digital Humanities,STRUCTURAL_ABSENCE,True,False,,
tlahtoqaliztli digitál,nch,1,ltr,Digital Humanities,STRUCTURAL_ABSENCE,True,False,,
izwi la mabali amanye,nd,1,ltr,Digital Humanities,STRUCTURAL_ABSENCE,True,False,,
umfanekiso digita,nd,1,ltr,Digital Humanities,STRUCTURAL_ABSENCE,True,False,,
umuntu ephumleni,nd,1,ltr,Digital Humanities,STRUCTURAL_ABSENCE,True,False,,
dhijitari yevanhu,ndc,1,ltr,Digital Humanities,TRANSMOGRIFICATION,True,False,,
uhumani hwedijitari,ndc,1,ltr,Digital Humanities,TRANSMOGRIFICATION,True,False,,
zvidzidzo zvevanhu netekinoloji,ndc,1,ltr,Digital Humanities,TRANSMOGRIFICATION,True,False,,
unyanzvi hwevandhu hwedijitari,ndc,1,ltr,Digital Humanities,TRANSMOGRIFICATION,True,False,,
zvemagariro edijitari,ndc,1,ltr,Digital Humanities,TRANSMOGRIFICATION,True,False,,
zvizhinji zvemagadziri,ndc,1,ltr,Digital Humanities,TRANSMOGRIFICATION,True,False,,
sekushandiswa sezvirirozvo,ndc,1,ltr,Digital Humanities,TRANSMOGRIFICATION,True,False,,
humanitisi digitiyi,ndc,1,ltr,Digital Humanities,TRANSMOGRIFICATION,True,False,,
digitale geisteswetenschappen,nds,1,ltr,Digital Humanities,STRUCTURAL_ABSENCE,True,False,,
digitale humanwetenschoppen,nds,1,ltr,Digital Humanities,STRUCTURAL_ABSENCE,True,False,,
digitale huusdaien,nds,1,ltr,Digital Humanities,STRUCTURAL_ABSENCE,True,False,,
digitaal geschichtswesen,nds,1,ltr,Digital Humanities,STRUCTURAL_ABSENCE,True,False,,
digitaal menswiekerien,nds-nl,1,ltr,Digital Humanities,TRANSMOGRIFICATION,True,False,,
दिजिटल अध्ययनशास्त्र,ne,1,ltr,Digital Humanities,TRANSMOGRIFICATION,True,False,,
दिजिटल ह्युमनाइटीज़,new,1,ltr,Digital Humanities,TRANSMOGRIFICATION,True,False,,
omahulumenta gomaindilo,ng,1,ltr,Digital Humanities,STRUCTURAL_ABSENCE,True,False,,
omalongo gomapangelo godigital,ng,1,ltr,Digital Humanities,STRUCTURAL_ABSENCE,True,False,,
omalongo gopadigital,ng,1,ltr,Digital Humanities,STRUCTURAL_ABSENCE,True,False,,
ondjokonona yomapandja,ng,1,ltr,Digital Humanities,STRUCTURAL_ABSENCE,True,False,,
ondolondolozi ya digital,ng,1,ltr,Digital Humanities,STRUCTURAL_ABSENCE,True,False,,
nangula ya ndongo ya digitali,ng,1,ltr,Digital Humanities,STRUCTURAL_ABSENCE,True,False,,
muhimwedigitale,ng,1,ltr,Digital Humanities,STRUCTURAL_ABSENCE,True,False,,
okulukalo wa mbwa-ngola,ng,1,ltr,Digital Humanities,STRUCTURAL_ABSENCE,True,False,,
sayansi ya dijitali ya vanthu,ngl,1,ltr,Digital Humanities,STRUCTURAL_ABSENCE,True,False,,
humanitiki e-fakaaoga,niu,1,ltr,Digital Humanities,TRANSMOGRIFICATION,True,False,,
nüngi kipki,njo,1,ltr,Digital Humanities,STRUCTURAL_ABSENCE,True,False,,
di-gi-ta-laa huma-ni-ti,njo,1,ltr,Digital Humanities,STRUCTURAL_ABSENCE,True,False,,
tsamhawm tsu hau lwmthla,njo,1,ltr,Digital Humanities,STRUCTURAL_ABSENCE,True,False,,
digital humanistikas,nov,1,ltr,Digital Humanities,STRUCTURAL_ABSENCE,True,False,,
digital humanitás,nov,1,ltr,Digital Humanities,STRUCTURAL_ABSENCE,True,False,,
digital homanes,nov,1,ltr,Digital Humanities,STRUCTURAL_ABSENCE,True,False,,
digu-humanistikoj,nov,1,ltr,Digital Humanities,STRUCTURAL_ABSENCE,True,False,,
ߘߌ߬ߜߊ߬ߓߊ߬ ߞߎߡߊ߬ߘߊ߲߫,nqo,1,rtl,Digital Humanities,TRANSMOGRIFICATION,True,False,,
ߞߟߊߓߍ߲ߠߌ߲ ߘߎ߰ߡߊ߬ߛߓߍߟߌ,nqo,1,rtl,Digital Humanities,TRANSMOGRIFICATION,True,False,,
ߘ߭ߞߕߊߟ߫ ߡߊ߬ߘߊ߬ߘߊ߫,nqo,1,rtl,Digital Humanities,TRANSMOGRIFICATION,True,False,,
ߘߌߖߌߕߊߟ ߤߎߡߊߣߌߕߌߛ,nqo,1,rtl,Digital Humanities,TRANSMOGRIFICATION,True,False,,
sigiwana sigiwana,nqo,1,rtl,Digital Humanities,TRANSMOGRIFICATION,True,False,,
ߓߊߦߟߌ߲ ߛߎ߬ߝߌ߲,nqo,1,rtl,Digital Humanities,TRANSMOGRIFICATION,True,False,,
ديگิตال ھایمینیټس,nqo,1,rtl,Digital Humanities,TRANSMOGRIFICATION,True,False,,
di-jit-al hyumana-itiz,nqo,1,rtl,Digital Humanities,TRANSMOGRIFICATION,True,False,,
amalwazi edijithali,nr,1,ltr,Digital Humanities,STRUCTURAL_ABSENCE,True,False,,
ubuntu bokuqamba ngedijithali,nr,1,ltr,Digital Humanities,STRUCTURAL_ABSENCE,True,False,,
izwi labantu lezinguquko,nr,1,ltr,Digital Humanities,STRUCTURAL_ABSENCE,True,False,,
dzimbalu yekugubhaza digitel,nr,1,ltr,Digital Humanities,STRUCTURAL_ABSENCE,True,False,,
isithembiso zasentshona,nr,1,ltr,Digital Humanities,STRUCTURAL_ABSENCE,True,False,,
les hûmanités numériques,nrm,1,ltr,Digital Humanities,TRANSMOGRIFICATION,True,False,,
tchit tcheul teknoloji,nrm,1,ltr,Digital Humanities,TRANSMOGRIFICATION,True,False,,
dyddiaeth ddeddfwyd cyffredinol,nrm,1,ltr,Digital Humanities,TRANSMOGRIFICATION,True,False,,
dījitale menschliket,nrm,1,ltr,Digital Humanities,TRANSMOGRIFICATION,True,False,,
thuto ya botho ya dijithale,nso,1,ltr,Digital Humanities,STRUCTURAL_ABSENCE,True,False,,
ditekanyo tša batho,nso,1,ltr,Digital Humanities,STRUCTURAL_ABSENCE,True,False,,
dijithale tša botho,nso,1,ltr,Digital Humanities,STRUCTURAL_ABSENCE,True,False,,
botho bja didijithale,nso,1,ltr,Digital Humanities,STRUCTURAL_ABSENCE,True,False,,
botho bja ditala,nso,1,ltr,Digital Humanities,STRUCTURAL_ABSENCE,True,False,,
thutamahlale ya dikhomphutha,nso,1,ltr,Digital Humanities,STRUCTURAL_ABSENCE,True,False,,
tlhomamiso ya digital,nso,1,ltr,Digital Humanities,STRUCTURAL_ABSENCE,True,False,,
diphefo tsa dijital,nso,1,ltr,Digital Humanities,STRUCTURAL_ABSENCE,True,False,,
skrifþáttr menningarfræði,non,1,ltr,Digital Humanities,TRANSMOGRIFICATION,True,False,,
deildar umfræði,non,1,ltr,Digital Humanities,TRANSMOGRIFICATION,True,False,,
stafrtíðarfræði,non,1,ltr,Digital Humanities,TRANSMOGRIFICATION,True,False,,
ปัญญาสารสนเทศ,nod,1,ltr,Digital Humanities,TRANSMOGRIFICATION,True,False,,
digitale mensenwetenschappen,nl,1,ltr,Digital Humanities,PRODUCTIVE_DISAGREEMENT,True,False,,
bimɛnɛ bi ntɛnɛt bi bɔt ba bato,nmg,1,ltr,Digital Humanities,STRUCTURAL_ABSENCE,True,False,,
mvog mebeg minku'u,nmg,1,ltr,Digital Humanities,STRUCTURAL_ABSENCE,True,False,,
kɔɔsi ŋgɔɔsɔɔ,nmg,1,ltr,Digital Humanities,STRUCTURAL_ABSENCE,True,False,,
mwazibiti digitalee,nmg,1,ltr,Digital Humanities,STRUCTURAL_ABSENCE,True,False,,
digital humanistikk,nn,1,ltr,Digital Humanities,STRUCTURAL_ABSENCE,True,False,,
digital menneskekunnskap,nn,1,ltr,Digital Humanities,STRUCTURAL_ABSENCE,True,False,,
mbɔ̀ʼ njɨ̀ nùmnkàŋ,nnh,1,ltr,Digital Humanities,STRUCTURAL_ABSENCE,True,False,,
mɛ́ŋgɛ̄ ŋkʉ̄ʼ ŋgʉ̄ʼ ŋkɛ̄ʼ,nnh,1,ltr,Digital Humanities,STRUCTURAL_ABSENCE,True,False,,
nkongho ya digitale,nnh,1,ltr,Digital Humanities,STRUCTURAL_ABSENCE,True,False,,
ngiemboon ŋaŋŋa,nnh,1,ltr,Digital Humanities,STRUCTURAL_ABSENCE,True,False,,
mwathani digitali,nnh,1,ltr,Digital Humanities,STRUCTURAL_ABSENCE,True,False,,
teknoloji digitale nanumanu,nnh,1,ltr,Digital Humanities,STRUCTURAL_ABSENCE,True,False,,
ၵႂၢမ်းၼႃႉၵႂၢမ်းၵုင်းဢၼ်ၼႆႉၵႆၢၼ်ႇ,nod,1,ltr,Digital Humanities,TRANSMOGRIFICATION,True,False,,
dökkir frásögur,non,1,ltr,Digital Humanities,TRANSMOGRIFICATION,True,False,,
ศาสตร์วิทยาการคอมพิวเตอร์ในศึกษาบุญ,nod,1,ltr,Digital Humanities,TRANSMOGRIFICATION,True,False,,
nimadīkāl sāhitya,noe,1,ltr,Digital Humanities,TRANSMOGRIFICATION,True,False,,
ḍijiṭal mānavaśāstra,noe,1,ltr,Digital Humanities,TRANSMOGRIFICATION,True,False,,
digitale ummahmiyad,noe,1,ltr,Digital Humanities,TRANSMOGRIFICATION,True,False,,
цифралы гуманитарлык билимлер,nog,1,ltr,Digital Humanities,TRANSMOGRIFICATION,True,False,,
санлы гуманитарлык,nog,1,ltr,Digital Humanities,TRANSMOGRIFICATION,True,False,,
dijital insaniyyət,nog,1,ltr,Digital Humanities,TRANSMOGRIFICATION,True,False,,
цифрлик инсанликлик,nog,1,ltr,Digital Humanities,TRANSMOGRIFICATION,True,False,,
диджиталдик гуманитарлук,nog,1,ltr,Digital Humanities,TRANSMOGRIFICATION,True,False,,
дигитал хауманлары,nog,1,ltr,Digital Humanities,TRANSMOGRIFICATION,True,False,,
stafræn mannfræði,non,1,ltr,Digital Humanities,TRANSMOGRIFICATION,True,False,,
talnaligar listir,non,1,ltr,Digital Humanities,TRANSMOGRIFICATION,True,False,,
tölvuhugvísindi,non,1,ltr,Digital Humanities,TRANSMOGRIFICATION,True,False,,
tlaxcaltililoni tlahtolmatiliztli,nch,1,ltr,Digital Humanities,STRUCTURAL_ABSENCE,True,False,,
tlamachtilistli iuan tlamachilistli tlen yancuic,nch,1,ltr,Digital Humanities,STRUCTURAL_ABSENCE,True,False,,
digitalhumanistikk,nb,1,ltr,Digital Humanities,STRUCTURAL_ABSENCE,True,False,,
ဒစ်ဂျစ်တယ် လူသားပညာ,my,1,ltr,Digital Humanities,STRUCTURAL_ABSENCE,True,False,,
tsalagi tsanvli gvna,mus,1,ltr,Digital Humanities,STRUCTURAL_ABSENCE,True,False,,
dijitalu hamanite,mwk,1,ltr,Digital Humanities,TRANSMOGRIFICATION,True,False,,
hadamadenyako nɔmɔrɔya,mwk,1,ltr,Digital Humanities,TRANSMOGRIFICATION,True,False,,
kɔmpyutɛri ni hadamadenya,mwk,1,ltr,Digital Humanities,TRANSMOGRIFICATION,True,False,,
tama jaraati,mwk,1,ltr,Digital Humanities,TRANSMOGRIFICATION,True,False,,
digitaal ŋaŋgɔɔŋ,mwk,1,ltr,Digital Humanities,TRANSMOGRIFICATION,True,False,,
duléjwatu yàfòn,mwk,1,ltr,Digital Humanities,TRANSMOGRIFICATION,True,False,,
humanitá digitali,mwk,1,ltr,Digital Humanities,TRANSMOGRIFICATION,True,False,,
houmanidades digitales,mwl,1,ltr,Digital Humanities,TRANSMOGRIFICATION,True,False,,
digitales houmanidades,mwl,1,ltr,Digital Humanities,TRANSMOGRIFICATION,True,False,,
n'dĩgĩtālī ĩhũmanī,mwl,1,ltr,Digital Humanities,TRANSMOGRIFICATION,True,False,,
ડિજિટલ મનોવિદ્યા,mwr,1,ltr,Digital Humanities,TRANSMOGRIFICATION,True,False,,
kaleleu simagere digital,mwv,1,ltr,Digital Humanities,STRUCTURAL_ABSENCE,True,False,,
sikola manusia digital,mwv,1,ltr,Digital Humanities,STRUCTURAL_ABSENCE,True,False,,
mata kita sosial,mwv,1,ltr,Digital Humanities,STRUCTURAL_ABSENCE,True,False,,
sikaké-sikaké séré,mwv,1,ltr,Digital Humanities,STRUCTURAL_ABSENCE,True,False,,
puruk kapsiwinu,mwv,1,ltr,Digital Humanities,STRUCTURAL_ABSENCE,True,False,,
sikatun sastra adat,mwv,1,ltr,Digital Humanities,STRUCTURAL_ABSENCE,True,False,,
kev kawm txog neeg nyob hauv ntiaj teb hauv kev tshawb fawb digital,mww,1,ltr,Digital Humanities,STRUCTURAL_ABSENCE,True,False,,
kev kawm txog tib neeg hauv ntiaj teb digital,mww,1,ltr,Digital Humanities,STRUCTURAL_ABSENCE,True,False,,
kev pab txog kev pab,mww,1,ltr,Digital Humanities,STRUCTURAL_ABSENCE,True,False,,
dawg haisub,mww,1,ltr,Digital Humanities,STRUCTURAL_ABSENCE,True,False,,
ເດັດປະເພດລາຍຊີ,mww,1,ltr,Digital Humanities,STRUCTURAL_ABSENCE,True,False,,
zvevanhu zvedhijitari,mxc,1,ltr,Digital Humanities,STRUCTURAL_ABSENCE,True,False,,
unyanzvi hwerudhivhiti,mxc,1,ltr,Digital Humanities,STRUCTURAL_ABSENCE,True,False,,
zvinyorwa zvedhijitari,mxc,1,ltr,Digital Humanities,STRUCTURAL_ABSENCE,True,False,,
tinomhuri ya digitale,mxc,1,ltr,Digital Humanities,STRUCTURAL_ABSENCE,True,False,,
hunyanzvi hekufamba nezvigadzirwa zvemagadziri,mxc,1,ltr,Digital Humanities,STRUCTURAL_ABSENCE,True,False,,
ukuvuvi waumashauri digitali,mxc,1,ltr,Digital Humanities,STRUCTURAL_ABSENCE,True,False,,
ꮧꮎꮣᏻꭷ ꭴꮥꮆꮝꭹ,mus,1,ltr,Digital Humanities,STRUCTURAL_ABSENCE,True,False,,
cokv mvhayv cokv enhvteceskv,mus,1,ltr,Digital Humanities,STRUCTURAL_ABSENCE,True,False,,
tvlse emponkv,mus,1,ltr,Digital Humanities,STRUCTURAL_ABSENCE,True,False,,
ধারনাতমক মানবস্বরী,mro,1,ltr,Digital Humanities,STRUCTURAL_ABSENCE,True,False,,
ŋa'a diŋa-ŋa,mrh,1,ltr,Digital Humanities,STRUCTURAL_ABSENCE,True,False,,
dijitalni umjetnosti,mrh,1,ltr,Digital Humanities,STRUCTURAL_ABSENCE,True,False,,
humanitats digitale,mrh,1,ltr,Digital Humanities,STRUCTURAL_ABSENCE,True,False,,
цифровой гуманитар наукывлӓ,mrj,1,ltr,Digital Humanities,TRANSMOGRIFICATION,True,False,,
цифр гуманитарный шӹмлӹмӓш,mrj,1,ltr,Digital Humanities,TRANSMOGRIFICATION,True,False,,
марий кылештымашын эрыкан технологий,mrj,1,ltr,Digital Humanities,TRANSMOGRIFICATION,True,False,,
цифралу кодизе,mrj,1,ltr,Digital Humanities,TRANSMOGRIFICATION,True,False,,
диджиталлам хуманитарлама,mrj,1,ltr,Digital Humanities,TRANSMOGRIFICATION,True,False,,
дигиталны хуманитарий,mrj,1,ltr,Digital Humanities,TRANSMOGRIFICATION,True,False,,
𖩆𖩖𖩑𖩔𖩖𖩆𖩑𖩔𖩖,mro,1,ltr,Digital Humanities,STRUCTURAL_ABSENCE,True,False,,
khaṭiṭa digital,mro,1,ltr,Digital Humanities,STRUCTURAL_ABSENCE,True,False,,
ḍigital manav-śastra,mro,1,ltr,Digital Humanities,STRUCTURAL_ABSENCE,True,False,,
digiitali muwmiliit,mro,1,ltr,Digital Humanities,STRUCTURAL_ABSENCE,True,False,,
umanistika diġitali,mt,1,ltr,Digital Humanities,TRANSMOGRIFICATION,True,False,,
estemerkv-honvnwv nakcokv-vlke,mus,1,ltr,Digital Humanities,STRUCTURAL_ABSENCE,True,False,,
l-istudji umanistiċi diġitali,mt,1,ltr,Digital Humanities,TRANSMOGRIFICATION,True,False,,
umanitajiet diġitali,mt,1,ltr,Digital Humanities,TRANSMOGRIFICATION,True,False,,
xjenzi diġitali,mt,1,ltr,Digital Humanities,TRANSMOGRIFICATION,True,False,,
umanistiċi diġitali,mt,1,ltr,Digital Humanities,TRANSMOGRIFICATION,True,False,,
umanitarji digitali,mt,1,ltr,Digital Humanities,TRANSMOGRIFICATION,True,False,,
ġejtuar digitali,mt,1,ltr,Digital Humanities,TRANSMOGRIFICATION,True,False,,
humaniżi tad-digrjal,mt,1,ltr,Digital Humanities,TRANSMOGRIFICATION,True,False,,
छापनीकरण मानव विज्ञान,mtr,1,ltr,Digital Humanities,STRUCTURAL_ABSENCE,True,False,,
nɔ̀ɔ̀ŋ kàrà nùmèrò,mua,1,ltr,Digital Humanities,STRUCTURAL_ABSENCE,True,False,,
tɛmɛtɛrɛkɔnɔŋ tɛ kɩsɛ,mua,1,ltr,Digital Humanities,STRUCTURAL_ABSENCE,True,False,,
mundang-ngi duma-ngi,mua,1,ltr,Digital Humanities,STRUCTURAL_ABSENCE,True,False,,
dikigiti vilomu,mua,1,ltr,Digital Humanities,STRUCTURAL_ABSENCE,True,False,,
teknologi sosial digital,mua,1,ltr,Digital Humanities,STRUCTURAL_ABSENCE,True,False,,
murume vanhu veshona,mxc,1,ltr,Digital Humanities,STRUCTURAL_ABSENCE,True,False,,
ဒစ်ဂျစ်တယ်လူ့ပညာ,my,1,ltr,Digital Humanities,STRUCTURAL_ABSENCE,True,False,,
tsumbukisho tuyufuza,naq,1,ltr,Digital Humanities,STRUCTURAL_ABSENCE,True,False,,
ဒစ်ဂျစ်တယ် လူ့ဗေဒ,my,1,ltr,Digital Humanities,STRUCTURAL_ABSENCE,True,False,,
tisnudriwin n wemdan s uselkim,mzb,1,rtl,Digital Humanities,TRANSMOGRIFICATION,True,False,,
timlilit tamazdayt,mzb,1,rtl,Digital Humanities,TRANSMOGRIFICATION,True,False,,
tajjant n tɣawsiwin n uḍris,mzb,1,rtl,Digital Humanities,TRANSMOGRIFICATION,True,False,,
zhilakalëkë dijital,mzb,1,rtl,Digital Humanities,TRANSMOGRIFICATION,True,False,,
tigdayut n tudert,mzb,1,rtl,Digital Humanities,TRANSMOGRIFICATION,True,False,,
tawalilt t-tufayl,mzb,1,rtl,Digital Humanities,TRANSMOGRIFICATION,True,False,,
التقنيات الرقمية للبشرية,mzb,1,rtl,Digital Humanities,TRANSMOGRIFICATION,True,False,,
دیجیتال ِ انسانی علوم,mzn,1,rtl,Digital Humanities,TRANSMOGRIFICATION,True,False,,
رۊدی ٚ مۊنسۊنی,mzn,1,rtl,Digital Humanities,TRANSMOGRIFICATION,True,False,,
ekoitara aniniman,na,1,ltr,Digital Humanities,STRUCTURAL_ABSENCE,True,False,,
kaburete kabi,na,1,ltr,Digital Humanities,STRUCTURAL_ABSENCE,True,False,,
reo dijital nōmen,na,1,ltr,Digital Humanities,STRUCTURAL_ABSENCE,True,False,,
tahuaidika idundunauta,na,1,ltr,Digital Humanities,STRUCTURAL_ABSENCE,True,False,,
hengemot sapamot,na,1,ltr,Digital Humanities,STRUCTURAL_ABSENCE,True,False,,
ticcehuayotl tlamachtiliztli,nah,1,ltr,Digital Humanities,TRANSMOGRIFICATION,True,False,,
tlamatiliztli īxiptlayōtl,nah,1,ltr,Digital Humanities,TRANSMOGRIFICATION,True,False,,
tlapouhqui tlamachtilli,nah,1,ltr,Digital Humanities,TRANSMOGRIFICATION,True,False,,
tlapōhualli itechpa tlācatlacayōtl,nah,1,ltr,Digital Humanities,TRANSMOGRIFICATION,True,False,,
tlilli tlahtoāmoxtli,nah,1,ltr,Digital Humanities,TRANSMOGRIFICATION,True,False,,
tlahtōlli-tlācatl-yoltlātl,nah,1,ltr,Digital Humanities,TRANSMOGRIFICATION,True,False,,
tlācayotl ēdōmehuaya,nah,1,ltr,Digital Humanities,TRANSMOGRIFICATION,True,False,,
tlacuilolli yan informatikatl,nah,1,ltr,Digital Humanities,TRANSMOGRIFICATION,True,False,,
umanistiche digitali,nap,1,ltr,Digital Humanities,TRANSMOGRIFICATION,True,False,,
umanesimo diggitale,nap,1,ltr,Digital Humanities,TRANSMOGRIFICATION,True,False,,
humanitá digitale,nap,1,ltr,Digital Humanities,TRANSMOGRIFICATION,True,False,,
digitali humanities,naq,1,ltr,Digital Humanities,STRUCTURAL_ABSENCE,True,False,,
ǀhuiǃgâb ǁkhāǁkhāsib,naq,1,ltr,Digital Humanities,STRUCTURAL_ABSENCE,True,False,,
tjaan-khob toga,naq,1,ltr,Digital Humanities,STRUCTURAL_ABSENCE,True,False,,
dììgìtāl hümàànítì,naq,1,ltr,Digital Humanities,STRUCTURAL_ABSENCE,True,False,,
ܕܝܡܐ ܕܢܘܪܝܢܐ,myz,1,ltr,Digital Humanities,TRANSMOGRIFICATION,True,False,,
ܗ̇ܢܘ̈ܬܐ ܕܡܲܢܝܘ̈ܬܐ ܩܲܕܡܝ̈ܬܐ,myz,1,ltr,Digital Humanities,TRANSMOGRIFICATION,True,False,,
ܕܝܓܝܛܠ ܐܢܫܘܬܐ,myz,1,ltr,Digital Humanities,TRANSMOGRIFICATION,True,False,,
цифрань гуманитария,myv,1,ltr,Digital Humanities,TRANSMOGRIFICATION,True,False,,
ဒစ်ဂျစ်တယ်လူသားပညာ,my,1,ltr,Digital Humanities,STRUCTURAL_ABSENCE,True,False,,
ဒစ်ဂျစ်တယ်လူမှုသိပ္ပံ,my,1,ltr,Digital Humanities,STRUCTURAL_ABSENCE,True,False,,
ဒီဂျစ်တယ် သမိုင်းပညာ,my,1,ltr,Digital Humanities,STRUCTURAL_ABSENCE,True,False,,
ឌីជីថលមនុស្សជាតិវិជ្ជា,my,1,ltr,Digital Humanities,STRUCTURAL_ABSENCE,True,False,,
ဒီဇိုင်းအမျိုးသားဘဝင်းရေး,my,1,ltr,Digital Humanities,STRUCTURAL_ABSENCE,True,False,,
inyango za numériki,mye,1,ltr,Digital Humanities,STRUCTURAL_ABSENCE,True,False,,
mihingo ya digital,mye,1,ltr,Digital Humanities,STRUCTURAL_ABSENCE,True,False,,
mikanda mi nzembo ya mbelo,mye,1,ltr,Digital Humanities,STRUCTURAL_ABSENCE,True,False,,
mɛ́nɛ̀ dʒiˈdʒɪtəl huːmænz,mye,1,ltr,Digital Humanities,STRUCTURAL_ABSENCE,True,False,,
siŋgúla ǧeččéla,mye,1,ltr,Digital Humanities,STRUCTURAL_ABSENCE,True,False,,
djitali jumhuriyadda,mye,1,ltr,Digital Humanities,STRUCTURAL_ABSENCE,True,False,,
humanitiete digitaal,mye,1,ltr,Digital Humanities,STRUCTURAL_ABSENCE,True,False,,
цифрань гуманитарной наукат,myv,1,ltr,Digital Humanities,TRANSMOGRIFICATION,True,False,,
цифрань гуманитаристика,myv,1,ltr,Digital Humanities,TRANSMOGRIFICATION,True,False,,
ܡܕܥܐ ܪ̈ܘܚܢܐ ܕܝܓܝܛܠܝܐ,myz,1,ltr,Digital Humanities,TRANSMOGRIFICATION,True,False,,
digitalnoe iskusstvo,myv,1,ltr,Digital Humanities,TRANSMOGRIFICATION,True,False,,
цифровой чингелдонь наука,myv,1,ltr,Digital Humanities,TRANSMOGRIFICATION,True,False,,
дигиталный гуманитаризм,myv,1,ltr,Digital Humanities,TRANSMOGRIFICATION,True,False,,
эрзян кырык худэс,myv,1,ltr,Digital Humanities,TRANSMOGRIFICATION,True,False,,
bumanyi bwa dijitali,myx,1,ltr,Digital Humanities,STRUCTURAL_ABSENCE,True,False,,
obusobozi bwa digital mu buntu,myx,1,ltr,Digital Humanities,STRUCTURAL_ABSENCE,True,False,,
obumanyifu bwa dijitaali,myx,1,ltr,Digital Humanities,STRUCTURAL_ABSENCE,True,False,,
kuumba za kielektroniki,myx,1,ltr,Digital Humanities,STRUCTURAL_ABSENCE,True,False,,
hààlì-dii-gì-tì,myx,1,ltr,Digital Humanities,STRUCTURAL_ABSENCE,True,False,,
ditiko himuunyami,myx,1,ltr,Digital Humanities,STRUCTURAL_ABSENCE,True,False,,
komputerilahumanistika,myx,1,ltr,Digital Humanities,STRUCTURAL_ABSENCE,True,False,,
ܡܕܝܢܘܬܐ ܕܝܓܝܛܠܐ,myz,1,ltr,Digital Humanities,TRANSMOGRIFICATION,True,False,,
ܡܢܕܥܬܐ ܕܨܦܪܐ ܕܐܢܫܘܬܐ,myz,1,ltr,Digital Humanities,TRANSMOGRIFICATION,True,False,,
umanioare digitale,ro,1,ltr,Digital Humanities,STRUCTURAL_ABSENCE,True,False,,
xiyitaal sehdaytiino,aa,1,ltr,Digital Humanities,TRANSMOGRIFICATION,True,False,,
humanitatea digitală,ro,1,ltr,Digital Humanities,STRUCTURAL_ABSENCE,True,False,,
khoa học xã hội số,vi,1,ltr,Digital Humanities,PRODUCTIVE_DISAGREEMENT,True,False,,
huru tumu numera,ty,1,ltr,Digital Humanities,STRUCTURAL_ABSENCE,True,False,,
tāmatanora'a numera,ty,1,ltr,Digital Humanities,STRUCTURAL_ABSENCE,True,False,,
tāpura tītī,ty,1,ltr,Digital Humanities,STRUCTURAL_ABSENCE,True,False,,
tāpereiti o te mōti'a,ty,1,ltr,Digital Humanities,STRUCTURAL_ABSENCE,True,False,,
ahuru huira numeraa,ty,1,ltr,Digital Humanities,STRUCTURAL_ABSENCE,True,False,,
hinanaotai rangatanga tātoukitea,ty,1,ltr,Digital Humanities,STRUCTURAL_ABSENCE,True,False,,
te tangata mātou ao digita,ty,1,ltr,Digital Humanities,STRUCTURAL_ABSENCE,True,False,,
санныг гуманитарлыг эртемнер,tyv,1,ltr,Digital Humanities,STRUCTURAL_ABSENCE,True,False,,
санныг кижи эртемнери,tyv,1,ltr,Digital Humanities,STRUCTURAL_ABSENCE,True,False,,
дигиталдыг гуманистика,tyv,1,ltr,Digital Humanities,STRUCTURAL_ABSENCE,True,False,,
дигитал хүннүгэ,tyv,1,ltr,Digital Humanities,STRUCTURAL_ABSENCE,True,False,,
диджиталдик хумандзөн,tyv,1,ltr,Digital Humanities,STRUCTURAL_ABSENCE,True,False,,
холбоос-информатика,tyv,1,ltr,Digital Humanities,STRUCTURAL_ABSENCE,True,False,,
ⵜⴰⵏⴰⵡⴰⵏⵜ ⵏ ⵜⵓⵏⴰⵏⵏⵉⵏ,tzm,1,ltr,Digital Humanities,TRANSMOGRIFICATION,True,False,,
ⵜⵉⵎⴰⵙⵙⴰⵏⵉⵏ ⵜⵓⵎⴹⵉⵏⵉⵏ,tzm,1,ltr,Digital Humanities,TRANSMOGRIFICATION,True,False,,
ⵜⴰⵏⵙⴰ ⵜⴰⴷⵉⵊⵉⵜⴰⵍⵉⵜ,tzm,1,ltr,Digital Humanities,TRANSMOGRIFICATION,True,False,,
ⵜⵉⵣⵔⴰⵡⵉⵏ ⵜⵉⵍⵉⵇⵟⵕⵓⵏⵉⵢⵉⵏ,tzm,1,ltr,Digital Humanities,TRANSMOGRIFICATION,True,False,,
tamazirt n tadawin tɣawsa,tzm,1,ltr,Digital Humanities,TRANSMOGRIFICATION,True,False,,
tmaziɣt ṭeqṭa,tzm,1,ltr,Digital Humanities,TRANSMOGRIFICATION,True,False,,
tawmiḍ al-ġarniat,tzm,1,ltr,Digital Humanities,TRANSMOGRIFICATION,True,False,,
ⵜⴰⵎⵔⴰⵏ ⴷⵉⵖಿⵍ ⴽⵉⵍⵍⵕⵍⵜ,tzm,1,ltr,Digital Humanities,TRANSMOGRIFICATION,True,False,,
цифровой гуманитарной наукаос,udm,1,ltr,Digital Humanities,TRANSMOGRIFICATION,True,False,,
цифр гуманитар тодослыкъёс,udm,1,ltr,Digital Humanities,TRANSMOGRIFICATION,True,False,,
цифровой адямилык тодос,udm,1,ltr,Digital Humanities,TRANSMOGRIFICATION,True,False,,
дигитальнай культуралён,udm,1,ltr,Digital Humanities,TRANSMOGRIFICATION,True,False,,
дигиталнă хуманыттар,udm,1,ltr,Digital Humanities,TRANSMOGRIFICATION,True,False,,
дигитал әлдәр,udm,1,ltr,Digital Humanities,TRANSMOGRIFICATION,True,False,,
رەقەملىك ئىنسانىيەت,ug,1,rtl,Digital Humanities,TRANSMOGRIFICATION,True,False,,
رەقەملىك ئادىمىيەت,ug,1,rtl,Digital Humanities,TRANSMOGRIFICATION,True,False,,
te mau haapiiraa faanahoraa roro uira,ty,1,ltr,Digital Humanities,STRUCTURAL_ABSENCE,True,False,,
digital te mau mea ora o te taata,ty,1,ltr,Digital Humanities,STRUCTURAL_ABSENCE,True,False,,
te mau taata mamati,ty,1,ltr,Digital Humanities,STRUCTURAL_ABSENCE,True,False,,
tāluaga o le fa'aalo,tvl,1,ltr,Digital Humanities,STRUCTURAL_ABSENCE,True,False,,
rəqəmsal insan elmləri,ttt,1,ltr,Digital Humanities,TRANSMOGRIFICATION,True,False,,
intibadi ilimler,ttt,1,ltr,Digital Humanities,TRANSMOGRIFICATION,True,False,,
دېجيتال انسانيات,ttt,1,ltr,Digital Humanities,TRANSMOGRIFICATION,True,False,,
elektronik adyarlar,ttt,1,ltr,Digital Humanities,TRANSMOGRIFICATION,True,False,,
ŵanthu ŵa pa intaneti,tum,1,ltr,Digital Humanities,TRANSMOGRIFICATION,True,False,,
uhumani wa pa digito,tum,1,ltr,Digital Humanities,TRANSMOGRIFICATION,True,False,,
vinthu vyakuthupi vya ukaboni,tum,1,ltr,Digital Humanities,TRANSMOGRIFICATION,True,False,,
mufundisidwe digitali,tum,1,ltr,Digital Humanities,TRANSMOGRIFICATION,True,False,,
ingawa na dizidi,tum,1,ltr,Digital Humanities,TRANSMOGRIFICATION,True,False,,
mea kolā e ‵ tau o ‵ saga tonu atu ki ei a tino,tvl,1,ltr,Digital Humanities,STRUCTURAL_ABSENCE,True,False,,
fakalakalaka faka-numela i te atamai o tagata,tvl,1,ltr,Digital Humanities,STRUCTURAL_ABSENCE,True,False,,
fale fesoasoani faka-numera,tvl,1,ltr,Digital Humanities,STRUCTURAL_ABSENCE,True,False,,
fakamatala fakatekinolosi a te tagata,tvl,1,ltr,Digital Humanities,STRUCTURAL_ABSENCE,True,False,,
numelī fāifai,tvl,1,ltr,Digital Humanities,STRUCTURAL_ABSENCE,True,False,,
takalit n-tin al-adab wa-l-falsafa wa-l-tarikh wa-l-arkeolojiya wa-l-san'at wa-l-lugha,twq,1,ltr,Digital Humanities,STRUCTURAL_ABSENCE,True,False,,
te tekouli digitani,tvl,1,ltr,Digital Humanities,STRUCTURAL_ABSENCE,True,False,,
nneɛma a ɛyɛ hu,tw,1,ltr,Digital Humanities,STRUCTURAL_ABSENCE,True,False,,
dijita abɔdeɛ nnyansapɛ,tw,1,ltr,Digital Humanities,STRUCTURAL_ABSENCE,True,False,,
nnwoma ne nsɛm ho adesua a ɛfa kɔmputa so,tw,1,ltr,Digital Humanities,STRUCTURAL_ABSENCE,True,False,,
adesua a ɛfa nkɔsoɔfo nsɛm ho a wɔde kɔmputa di dwuma,tw,1,ltr,Digital Humanities,STRUCTURAL_ABSENCE,True,False,,
ɔdɔɔden a ɛyɛ dii,tw,1,ltr,Digital Humanities,STRUCTURAL_ABSENCE,True,False,,
huduma asantehene akoma digital,tw,1,ltr,Digital Humanities,STRUCTURAL_ABSENCE,True,False,,
nkabom nsromafo,tw,1,ltr,Digital Humanities,STRUCTURAL_ABSENCE,True,False,,
tafosawt tadigitalit,twq,1,ltr,Digital Humanities,STRUCTURAL_ABSENCE,True,False,,
tasawaq dijital humayuniti,twq,1,ltr,Digital Humanities,STRUCTURAL_ABSENCE,True,False,,
tiwɩmɛnɛ,twq,1,ltr,Digital Humanities,STRUCTURAL_ABSENCE,True,False,,
tamasahīt ṭarbiyya,twq,1,ltr,Digital Humanities,STRUCTURAL_ABSENCE,True,False,,
talnit t-tadib d-digits,twq,1,ltr,Digital Humanities,STRUCTURAL_ABSENCE,True,False,,
سانائەت گۇمانىيەت پەنلىرى,ug,1,rtl,Digital Humanities,TRANSMOGRIFICATION,True,False,,
رەقەملىك ئىنسانىيەت ئىلىملىرى,ug,1,rtl,Digital Humanities,TRANSMOGRIFICATION,True,False,,
رەقەملىك ئىنسانشۇناسلىق,ug,1,rtl,Digital Humanities,TRANSMOGRIFICATION,True,False,,
muhumintsi digitali,ve,1,ltr,Digital Humanities,STRUCTURAL_ABSENCE,True,False,,
ꕉꔤꕩꕌ ꕪꕮ ꔳꕩꘋ ꗏꔤ,vai,1,ltr,Digital Humanities,STRUCTURAL_ABSENCE,True,False,,
ߖߐ߬ߞߎ߬ߟߊ߫ ߞߊ߬ߙߊ߲߬ߞߊ߫ ߞߊ߬ߙߊ߲߬ߞߊ߫,vai,1,ltr,Digital Humanities,STRUCTURAL_ABSENCE,True,False,,
ꕪꘋ ꕉꕜꕮ ꕉꕡꕌꔵ,vai,1,ltr,Digital Humanities,STRUCTURAL_ABSENCE,True,False,,
n'dii ŋɔɔ lɛɛŋ lɛɛŋ,vai,1,ltr,Digital Humanities,STRUCTURAL_ABSENCE,True,False,,
дигиталий файнанси,vai,1,ltr,Digital Humanities,STRUCTURAL_ABSENCE,True,False,,
𝄞𝄢𝄛𝄞𝄢𝄚𝄛 𝄞𝄢𝄛𝄞𝄢𝄚𝄛 𝄞𝄢𝄛𝄞𝄢𝄚𝄛,vai,1,ltr,Digital Humanities,STRUCTURAL_ABSENCE,True,False,,
vhuthu ha didzhithala,ve,1,ltr,Digital Humanities,STRUCTURAL_ABSENCE,True,False,,
vhuthogwa ha tshikona,ve,1,ltr,Digital Humanities,STRUCTURAL_ABSENCE,True,False,,
vhutshili ha didzhithala,ve,1,ltr,Digital Humanities,STRUCTURAL_ABSENCE,True,False,,
vhutshilo ha vhuthu ha didzhithali,ve,1,ltr,Digital Humanities,STRUCTURAL_ABSENCE,True,False,,
vhudziki ha digital,ve,1,ltr,Digital Humanities,STRUCTURAL_ABSENCE,True,False,,
tivumbu le digital,ve,1,ltr,Digital Humanities,STRUCTURAL_ABSENCE,True,False,,
hudzuluma ya dijitari,ve,1,ltr,Digital Humanities,STRUCTURAL_ABSENCE,True,False,,
vhutshilo ya diteleliso,ve,1,ltr,Digital Humanities,STRUCTURAL_ABSENCE,True,False,,
рақамли инсоният,uz_AF,1,rtl,Digital Humanities,STRUCTURAL_ABSENCE,True,False,,
siense umane digitałi,vec,1,ltr,Digital Humanities,TRANSMOGRIFICATION,True,False,,
umanisteghe digitałi,vec,1,ltr,Digital Humanities,TRANSMOGRIFICATION,True,False,,
umanità digitałi,vec,1,ltr,Digital Humanities,TRANSMOGRIFICATION,True,False,,
umane dioxanali,vec,1,ltr,Digital Humanities,TRANSMOGRIFICATION,True,False,,
digitaaline humanitaarad,vep,1,ltr,Digital Humanities,TRANSMOGRIFICATION,True,False,,
cifrine humanitaranvedad,vep,1,ltr,Digital Humanities,TRANSMOGRIFICATION,True,False,,
digitaline gumanitarine tedod,vep,1,ltr,Digital Humanities,TRANSMOGRIFICATION,True,False,,
digitaaližed humanitarižed tedod,vep,1,ltr,Digital Humanities,TRANSMOGRIFICATION,True,False,,
digitaalne humanitariin tiede,vep,1,ltr,Digital Humanities,TRANSMOGRIFICATION,True,False,,
digitaalõzen ülämüžand,vep,1,ltr,Digital Humanities,TRANSMOGRIFICATION,True,False,,
дигитальны хуманістыческий,vep,1,ltr,Digital Humanities,TRANSMOGRIFICATION,True,False,,
kiisilise kultuuriteadus,vep,1,ltr,Digital Humanities,TRANSMOGRIFICATION,True,False,,
nhân văn số,vi,1,ltr,Digital Humanities,PRODUCTIVE_DISAGREEMENT,True,False,,
digital inglizchiy fanlar,uz_AF,1,rtl,Digital Humanities,STRUCTURAL_ABSENCE,True,False,,
digital xumaniyatlar,uz,1,ltr,Digital Humanities,STRUCTURAL_ABSENCE,True,False,,
raqamli insoniy pənlər,ug,1,rtl,Digital Humanities,TRANSMOGRIFICATION,True,False,,
olondunge viokukwata nokukala viondunge,umb,1,ltr,Digital Humanities,STRUCTURAL_ABSENCE,True,False,,
ئەلكترون رەسمىيەت,ug,1,rtl,Digital Humanities,TRANSMOGRIFICATION,True,False,,
цифрові гуманітарні дані,uk,1,ltr,Digital Humanities,PRODUCTIVE_DISAGREEMENT,True,False,,
цифрові гуманітарні,uk,1,ltr,Digital Humanities,PRODUCTIVE_DISAGREEMENT,True,False,,
дигітальні гуманітарії,uk,1,ltr,Digital Humanities,PRODUCTIVE_DISAGREEMENT,True,False,,
дійсність та інформація,uk,1,ltr,Digital Humanities,PRODUCTIVE_DISAGREEMENT,True,False,,
fáánúw ye taropwe ye computer,uli,1,ltr,Digital Humanities,STRUCTURAL_ABSENCE,True,False,,
rohul falwol,uli,1,ltr,Digital Humanities,STRUCTURAL_ABSENCE,True,False,,
kamalenai fa'aoga,uli,1,ltr,Digital Humanities,STRUCTURAL_ABSENCE,True,False,,
k'tharr'al't'sha'n,uli,1,ltr,Digital Humanities,STRUCTURAL_ABSENCE,True,False,,
talasiwali digitaal,uli,1,ltr,Digital Humanities,STRUCTURAL_ABSENCE,True,False,,
o afendeli va yehova va siata oku teyuila omanu,umb,1,ltr,Digital Humanities,STRUCTURAL_ABSENCE,True,False,,
ocilongela vya ecihumano,umb,1,ltr,Digital Humanities,STRUCTURAL_ABSENCE,True,False,,
ovilonga vya dijitali,umb,1,ltr,Digital Humanities,STRUCTURAL_ABSENCE,True,False,,
omanu vokuenda komesho vokuenda komesho,umb,1,ltr,Digital Humanities,STRUCTURAL_ABSENCE,True,False,,
digital ilm-fan,uz,1,ltr,Digital Humanities,STRUCTURAL_ABSENCE,True,False,,
ndhitala ya ndongo,umb,1,ltr,Digital Humanities,STRUCTURAL_ABSENCE,True,False,,
mubukalo pwetroniko,umb,1,ltr,Digital Humanities,STRUCTURAL_ABSENCE,True,False,,
digital manav vigyan,unr,1,ltr,Digital Humanities,STRUCTURAL_ABSENCE,True,False,,
mundari: ŋwét-dhuor-wëëk-ëëŋ-ëŋ,unr,1,ltr,Digital Humanities,STRUCTURAL_ABSENCE,True,False,,
dijitali iningiti,unr,1,ltr,Digital Humanities,STRUCTURAL_ABSENCE,True,False,,
ḍijiṭal manuaṭ,unx,1,ltr,Digital Humanities,STRUCTURAL_ABSENCE,True,False,,
śākhaṃ digitala,unx,1,ltr,Digital Humanities,STRUCTURAL_ABSENCE,True,False,,
ḍigital manō-sōrō,unx,1,ltr,Digital Humanities,STRUCTURAL_ABSENCE,True,False,,
digitali jihumatunika,unx,1,ltr,Digital Humanities,STRUCTURAL_ABSENCE,True,False,,
dhikri-kala-adhunika,unx,1,ltr,Digital Humanities,STRUCTURAL_ABSENCE,True,False,,
انسانی کمزوریوں کی وجہ سے,ur,1,rtl,Digital Humanities,TRANSMOGRIFICATION,True,False,,
ڈیجیٹل علوم انسانی,ur,1,rtl,Digital Humanities,TRANSMOGRIFICATION,True,False,,
ڈیجیٹل فنونِ انسانیت,ur,1,rtl,Digital Humanities,TRANSMOGRIFICATION,True,False,,
рәқәмон гуманитар елимләр,ttt,1,ltr,Digital Humanities,TRANSMOGRIFICATION,True,False,,
ศาสตร์วิทยุดิจิทัล,tts,1,ltr,Digital Humanities,TRANSMOGRIFICATION,True,False,,
ฮักษาศาสตร์ดิจิทัล,tts,1,ltr,Digital Humanities,TRANSMOGRIFICATION,True,False,,
ditlhophiso tsa dijitaleng,tn,1,ltr,Digital Humanities,STRUCTURAL_ABSENCE,True,False,,
tamasheq n akal ən tənkara,tmh,1,ltr,Digital Humanities,TRANSMOGRIFICATION,True,False,,
تودرت ن تمازيغت تادجيت,tmh,1,ltr,Digital Humanities,TRANSMOGRIFICATION,True,False,,
ⴰⵎⴰⵏⵓⵏ ⵏ ⵜⵉⵏⵉⵔⵉ,tmh,1,ltr,Digital Humanities,TRANSMOGRIFICATION,True,False,,
tawt tamasheqt,tmh,1,ltr,Digital Humanities,TRANSMOGRIFICATION,True,False,,
ⵜⵉⵣⵔⵉ ⵏ ⵓⵎⴰⴳⵔⴰⴷ ⴷⵉஜⵉⵜⴰⵔ,tmh,1,ltr,Digital Humanities,TRANSMOGRIFICATION,True,False,,
tid al-fikr dijitar,tmh,1,ltr,Digital Humanities,TRANSMOGRIFICATION,True,False,,
innin n-tishawen n-digital,tmh,1,ltr,Digital Humanities,TRANSMOGRIFICATION,True,False,,
dithuto tsa botho tsa dijithale,tn,1,ltr,Digital Humanities,STRUCTURAL_ABSENCE,True,False,,
batho ba ba itshekileng,tn,1,ltr,Digital Humanities,STRUCTURAL_ABSENCE,True,False,,
dijithale botho,tn,1,ltr,Digital Humanities,STRUCTURAL_ABSENCE,True,False,,
botho jwa didijitale,tn,1,ltr,Digital Humanities,STRUCTURAL_ABSENCE,True,False,,
botho jwa dijithale,tn,1,ltr,Digital Humanities,STRUCTURAL_ABSENCE,True,False,,
batho ba dijithale,tn,1,ltr,Digital Humanities,STRUCTURAL_ABSENCE,True,False,,
fihlobo yadigitl,tn,1,ltr,Digital Humanities,STRUCTURAL_ABSENCE,True,False,,
رۊستۊکۊ ئەنسانۊیت,tly,1,ltr,Digital Humanities,TRANSMOGRIFICATION,True,False,,
motswana wa ditsheto,tn,1,ltr,Digital Humanities,STRUCTURAL_ABSENCE,True,False,,
ngaahi ngaue fakaetangata fakakomipiuta,to,1,ltr,Digital Humanities,TRANSMOGRIFICATION,True,False,,
"ngaahi anga'itangata "" o e fa'ahinga "" o e tangatá",to,1,ltr,Digital Humanities,TRANSMOGRIFICATION,True,False,,
ngaahi saienisi fakatekinolosia,to,1,ltr,Digital Humanities,TRANSMOGRIFICATION,True,False,,
fakaʻatamai tikitale,to,1,ltr,Digital Humanities,TRANSMOGRIFICATION,True,False,,
faiʻanga fakaʻeletulōniki mo e tangata,to,1,ltr,Digital Humanities,TRANSMOGRIFICATION,True,False,,
fakamatalaʻanga ʻo e ʻatamai fakaeletisōnō,to,1,ltr,Digital Humanities,TRANSMOGRIFICATION,True,False,,
fakaʻeiki fakataha,to,1,ltr,Digital Humanities,TRANSMOGRIFICATION,True,False,,
talafale numera ʻi ngāue fakalavelave,to,1,ltr,Digital Humanities,TRANSMOGRIFICATION,True,False,,
faafetai tahi digitali,to,1,ltr,Digital Humanities,TRANSMOGRIFICATION,True,False,,
fakamotu 'elektronika,to,1,ltr,Digital Humanities,TRANSMOGRIFICATION,True,False,,
cisambizgo ca bantu mu zinthu za makompyuta,tog,1,ltr,Digital Humanities,TRANSMOGRIFICATION,True,False,,
vidumbu vya munthu vya pa makina,tog,1,ltr,Digital Humanities,TRANSMOGRIFICATION,True,False,,
ⴰⵏⴰⵡⴰⵙ ⵏ ⵉⵎⴰⵣⵉⵖⴻⵏ ⵏ ⵉⵎⴰⵣⵉⵖⴻⵏ,tmh,1,ltr,Digital Humanities,TRANSMOGRIFICATION,True,False,,
insanitarın dijital,tly,1,ltr,Digital Humanities,TRANSMOGRIFICATION,True,False,,
mufundishani digitali,tog,1,ltr,Digital Humanities,TRANSMOGRIFICATION,True,False,,
digital na mga tao,tl,1,ltr,Digital Humanities,STRUCTURAL_ABSENCE,True,False,,
elektron sosialvagty,tk,1,ltr,Digital Humanities,STRUCTURAL_ABSENCE,True,False,,
dijital ingelişler,tk,1,ltr,Digital Humanities,STRUCTURAL_ABSENCE,True,False,,
humanities fakamānumālō,tkl,1,ltr,Digital Humanities,STRUCTURAL_ABSENCE,True,False,,
aganuku numera,tkl,1,ltr,Digital Humanities,STRUCTURAL_ABSENCE,True,False,,
fale fa'atekinolosi numera,tkl,1,ltr,Digital Humanities,STRUCTURAL_ABSENCE,True,False,,
aganuʻu faʻakomepiuta,tkl,1,ltr,Digital Humanities,STRUCTURAL_ABSENCE,True,False,,
fa'aipoipo fa'amata'aga,tkl,1,ltr,Digital Humanities,STRUCTURAL_ABSENCE,True,False,,
aitara numera ʻunga manūtaki,tkl,1,ltr,Digital Humanities,STRUCTURAL_ABSENCE,True,False,,
faataligiga teknohiromatanga,tkl,1,ltr,Digital Humanities,STRUCTURAL_ABSENCE,True,False,,
рақамин гуманитар илимар,tkr,1,ltr,Digital Humanities,STRUCTURAL_ABSENCE,True,False,,
цифрал гуманитария,tkr,1,ltr,Digital Humanities,STRUCTURAL_ABSENCE,True,False,,
цифрал хьуманташ,tkr,1,ltr,Digital Humanities,STRUCTURAL_ABSENCE,True,False,,
диджитал ҳуманіттары,tkr,1,ltr,Digital Humanities,STRUCTURAL_ABSENCE,True,False,,
dihital na humanidades,tl,1,ltr,Digital Humanities,STRUCTURAL_ABSENCE,True,False,,
rəqəmi insanşünaslıq,tly,1,ltr,Digital Humanities,TRANSMOGRIFICATION,True,False,,
digital na panitikang pandaigdig,tl,1,ltr,Digital Humanities,STRUCTURAL_ABSENCE,True,False,,
humanistikang digital,tl,1,ltr,Digital Humanities,STRUCTURAL_ABSENCE,True,False,,
teknolohiya ng digital na tinig at lakas ng loob,tl,1,ltr,Digital Humanities,STRUCTURAL_ABSENCE,True,False,,
de' migh,tlh,1,ltr,Digital Humanities,TRANSMOGRIFICATION,True,False,,
de' habli' qed,tlh,1,ltr,Digital Humanities,TRANSMOGRIFICATION,True,False,,
tlhingan hol qan pa' tlhingan hol,tlh,1,ltr,Digital Humanities,TRANSMOGRIFICATION,True,False,,
qah qonos,tlh,1,ltr,Digital Humanities,TRANSMOGRIFICATION,True,False,,
qongwij dativjaj,tlh,1,ltr,Digital Humanities,TRANSMOGRIFICATION,True,False,,
qatlh 'ej qatlhdi' yin,tlh,1,ltr,Digital Humanities,TRANSMOGRIFICATION,True,False,,
daqdaqavangh,tlh,1,ltr,Digital Humanities,TRANSMOGRIFICATION,True,False,,
qapqa' jiyaj,tlh,1,ltr,Digital Humanities,TRANSMOGRIFICATION,True,False,,
rəqəmi insaniyyətşünaslıq,tly,1,ltr,Digital Humanities,TRANSMOGRIFICATION,True,False,,
rəqəmi humanitar elmlər,tly,1,ltr,Digital Humanities,TRANSMOGRIFICATION,True,False,,
mabuku a dijitali,tog,1,ltr,Digital Humanities,TRANSMOGRIFICATION,True,False,,
teknoloji ya njira ya insanu,tog,1,ltr,Digital Humanities,TRANSMOGRIFICATION,True,False,,
หัวข้อดิจิทัล,tts,1,ltr,Digital Humanities,TRANSMOGRIFICATION,True,False,,
ingwelelo yamalungu,ts,1,ltr,Digital Humanities,STRUCTURAL_ABSENCE,True,False,,
humanitái digitálu,trv,1,ltr,Digital Humanities,STRUCTURAL_ABSENCE,True,False,,
دَيجِتَل انسانيات,trw,1,rtl,Digital Humanities,TRANSMOGRIFICATION,True,False,,
دټیکټل هنرمندانۍ,trw,1,rtl,Digital Humanities,TRANSMOGRIFICATION,True,False,,
humanitái digitálai,trw,1,rtl,Digital Humanities,TRANSMOGRIFICATION,True,False,,
vutivi bya vanhu bya dijitali,ts,1,ltr,Digital Humanities,STRUCTURAL_ABSENCE,True,False,,
vutivi bya vanhu,ts,1,ltr,Digital Humanities,STRUCTURAL_ABSENCE,True,False,,
vutivi bya vunharhu bya digital,ts,1,ltr,Digital Humanities,STRUCTURAL_ABSENCE,True,False,,
vutivi bya tidijitali bya vanhu,ts,1,ltr,Digital Humanities,STRUCTURAL_ABSENCE,True,False,,
vumunhu bya dijithali,ts,1,ltr,Digital Humanities,STRUCTURAL_ABSENCE,True,False,,
vutshila bya xidijitali,ts,1,ltr,Digital Humanities,STRUCTURAL_ABSENCE,True,False,,
tivumbuluko leti digital,ts,1,ltr,Digital Humanities,STRUCTURAL_ABSENCE,True,False,,
mahlahlahlana ya dijithale,ts,1,ltr,Digital Humanities,STRUCTURAL_ABSENCE,True,False,,
muhuminsikuni digitali,ts,1,ltr,Digital Humanities,STRUCTURAL_ABSENCE,True,False,,
kaalam digital ha katauhan,tsg,1,ltr,Digital Humanities,STRUCTURAL_ABSENCE,True,False,,
tayal tiyeyan sipakaw,trv,1,ltr,Digital Humanities,STRUCTURAL_ABSENCE,True,False,,
dagang a kultura,tsg,1,ltr,Digital Humanities,STRUCTURAL_ABSENCE,True,False,,
pag-aaral sa kasaysayan gamit an digital,tsg,1,ltr,Digital Humanities,STRUCTURAL_ABSENCE,True,False,,
talata sa teknolohiya sa kultura,tsg,1,ltr,Digital Humanities,STRUCTURAL_ABSENCE,True,False,,
teknolohiya ng digital na panitikan at kultura,tsg,1,ltr,Digital Humanities,STRUCTURAL_ABSENCE,True,False,,
ཨང་ཀི་གཞུང་ལུགས་,tsj,1,ltr,Digital Humanities,STRUCTURAL_ABSENCE,True,False,,
gyamtsi kham,tsj,1,ltr,Digital Humanities,STRUCTURAL_ABSENCE,True,False,,
mhāl-tā-dīgītāl-māntā,tsj,1,ltr,Digital Humanities,STRUCTURAL_ABSENCE,True,False,,
digitale humaniti,tsj,1,ltr,Digital Humanities,STRUCTURAL_ABSENCE,True,False,,
цифрлы гуманитар фәннәр,tt,1,ltr,Digital Humanities,TRANSMOGRIFICATION,True,False,,
санлы гуманитар,tt,1,ltr,Digital Humanities,TRANSMOGRIFICATION,True,False,,
dijital insaniyyät,tt,1,ltr,Digital Humanities,TRANSMOGRIFICATION,True,False,,
диджитал фарс маданиyatы,tt,1,ltr,Digital Humanities,TRANSMOGRIFICATION,True,False,,
дигитал халк эдебиятелери,tt,1,ltr,Digital Humanities,TRANSMOGRIFICATION,True,False,,
ma'ra'ik ta'in,trv,1,ltr,Digital Humanities,STRUCTURAL_ABSENCE,True,False,,
kari pnskluwi bsyaq,trv,1,ltr,Digital Humanities,STRUCTURAL_ABSENCE,True,False,,
ilo sona kule,tok,1,ltr,Digital Humanities,STRUCTURAL_ABSENCE,True,False,,
dijital saientis bilong manmeri,tpi,1,ltr,Digital Humanities,STRUCTURAL_ABSENCE,True,False,,
sona ilo pi toki nanpa,tok,1,ltr,Digital Humanities,STRUCTURAL_ABSENCE,True,False,,
kulupu suli kama lon digital,tok,1,ltr,Digital Humanities,STRUCTURAL_ABSENCE,True,False,,
sina liliw,tok,1,ltr,Digital Humanities,STRUCTURAL_ABSENCE,True,False,,
sowa li wan,tok,1,ltr,Digital Humanities,STRUCTURAL_ABSENCE,True,False,,
ijo suli pi tenpo ni en jan,tokipona,1,ltr,Digital Humanities,TRANSMOGRIFICATION,True,False,,
sona pi ilo nanpa pi jan,tokipona,1,ltr,Digital Humanities,TRANSMOGRIFICATION,True,False,,
kulupu suli pilin,tokipona,1,ltr,Digital Humanities,TRANSMOGRIFICATION,True,False,,
sina walo,tokipona,1,ltr,Digital Humanities,TRANSMOGRIFICATION,True,False,,
sowa li wan sme,tokipona,1,ltr,Digital Humanities,TRANSMOGRIFICATION,True,False,,
dijitel humanitis,tpi,1,ltr,Digital Humanities,STRUCTURAL_ABSENCE,True,False,,
ol samting ol man i mekim,tpi,1,ltr,Digital Humanities,STRUCTURAL_ABSENCE,True,False,,
wok bilong save long komputa na pasin bilong ol man,tpi,1,ltr,Digital Humanities,STRUCTURAL_ABSENCE,True,False,,
sains oloman bilong kompiuta na stori bilong manmeri,tpi,1,ltr,Digital Humanities,STRUCTURAL_ABSENCE,True,False,,
buk bilong digidal,tpi,1,ltr,Digital Humanities,STRUCTURAL_ABSENCE,True,False,,
sngayan na snhiyan dgiyaq,trv,1,ltr,Digital Humanities,STRUCTURAL_ABSENCE,True,False,,
impas humanities digital,tpi,1,ltr,Digital Humanities,STRUCTURAL_ABSENCE,True,False,,
digitim huaminiestis,tpi,1,ltr,Digital Humanities,STRUCTURAL_ABSENCE,True,False,,
digital hausmanit bilong mi,tpi,1,ltr,Digital Humanities,STRUCTURAL_ABSENCE,True,False,,
sayısal beşeri bilimler,tr,1,ltr,Digital Humanities,PRODUCTIVE_DISAGREEMENT,True,False,,
dijital insanbilimleri,tr,1,ltr,Digital Humanities,PRODUCTIVE_DISAGREEMENT,True,False,,
elektronik sanatlar ve bilimler,tr,1,ltr,Digital Humanities,PRODUCTIVE_DISAGREEMENT,True,False,,
dijital insanlar,tr,1,ltr,Digital Humanities,PRODUCTIVE_DISAGREEMENT,True,False,,
ܐܢܬܪܘܦܘܠܘܓܝܐ ܕܝܓܝܛܠܝܐ,tru,1,ltr,Digital Humanities,TRANSMOGRIFICATION,True,False,,
ܝܘܠܦܢܐ ܕܝܓܝܛܠܝܐ ܕܒܪܢܫܘܬܐ,tru,1,ltr,Digital Humanities,TRANSMOGRIFICATION,True,False,,
ܕܝܓܝܛܠ ܐܢܫܝܘܬܐ,tru,1,ltr,Digital Humanities,TRANSMOGRIFICATION,True,False,,
ܡܬܘܠܐ ܕܝܢܘܩܪܐ,tru,1,ltr,Digital Humanities,TRANSMOGRIFICATION,True,False,,
ܣܝ̈ܝ̈ܣܬܝ̈ܐ ܕܣܘ̈ܝ̈ܣܝ̈ܐ,tru,1,ltr,Digital Humanities,TRANSMOGRIFICATION,True,False,,
ܕܝܠܝܐ ܕܢܘܪܝܐ,tru,1,ltr,Digital Humanities,TRANSMOGRIFICATION,True,False,,
nhân văn kỹ thuật số,vi,1,ltr,Digital Humanities,PRODUCTIVE_DISAGREEMENT,True,False,,
nghiên cứu nhân văn số,vi,1,ltr,Digital Humanities,PRODUCTIVE_DISAGREEMENT,True,False,,
umanismlu digital,roa-rup,1,ltr,Digital Humanities,STRUCTURAL_ABSENCE,True,False,,
ngôn ngữ học số,vi,1,ltr,Digital Humanities,PRODUCTIVE_DISAGREEMENT,True,False,,
rengin mi fanang,yap,1,ltr,Digital Humanities,STRUCTURAL_ABSENCE,True,False,,
kapin meit,yap,1,ltr,Digital Humanities,STRUCTURAL_ABSENCE,True,False,,
gwilelel kultura digital,yap,1,ltr,Digital Humanities,STRUCTURAL_ABSENCE,True,False,,
bɔ́ɔ́lɔ́ɔ́ yáá nɔ́ɔ́mɔ́ɔ́,yav,1,ltr,Digital Humanities,STRUCTURAL_ABSENCE,True,False,,
dɩgɩtɛl humɑnɪts,yav,1,ltr,Digital Humanities,STRUCTURAL_ABSENCE,True,False,,
ŋɔɔmɔŋ lɛɛŋ lɛŋ,yav,1,ltr,Digital Humanities,STRUCTURAL_ABSENCE,True,False,,
yangben digitális ŋamši,yav,1,ltr,Digital Humanities,STRUCTURAL_ABSENCE,True,False,,
דיגיטאַלע הומאַניטיעס,yi,1,rtl,Digital Humanities,TRANSMOGRIFICATION,True,False,,
דיגיטאַל הומאַניטיעס,yi,1,rtl,Digital Humanities,TRANSMOGRIFICATION,True,False,,
דיגיטאַלע הומאַניטעטן,yi,1,rtl,Digital Humanities,TRANSMOGRIFICATION,True,False,,
דיגיטאַלע הומאַניסטיק,yi,1,rtl,Digital Humanities,TRANSMOGRIFICATION,True,False,,
דיגיטאלע הוּמַניִטֵס,yi,1,rtl,Digital Humanities,TRANSMOGRIFICATION,True,False,,
דיגיטאַל מענחשעסקייט,yi,1,rtl,Digital Humanities,TRANSMOGRIFICATION,True,False,,
àwọn ènìyàn oní-nọ́ńbà,yo,1,ltr,Digital Humanities,STRUCTURAL_ABSENCE,True,False,,
ẹ̀dá èdá ayélujára,yo,1,ltr,Digital Humanities,STRUCTURAL_ABSENCE,True,False,,
ìmọ̀ ẹ̀rọ ayélujára fún ẹ̀kọ́ ènìyàn,yo,1,ltr,Digital Humanities,STRUCTURAL_ABSENCE,True,False,,
ìmọ̀ ẹ̀dá ènìyàn oní-nọ́ńbà,yo,1,ltr,Digital Humanities,STRUCTURAL_ABSENCE,True,False,,
ẹ̀kọ́ ìmọ̀-ẹ̀rọ onínọ́ọ̀rú èdè àti àṣà,yo,1,ltr,Digital Humanities,STRUCTURAL_ABSENCE,True,False,,
ọ̀rọ̀ ìgbàlódé,yo,1,ltr,Digital Humanities,STRUCTURAL_ABSENCE,True,False,,
ìjànìsìnọ̀ọ̀mbẹ̀rẹ̀,yo,1,ltr,Digital Humanities,STRUCTURAL_ABSENCE,True,False,,
ihunyereede nlaa,yo,1,ltr,Digital Humanities,STRUCTURAL_ABSENCE,True,False,,
teknoloji ile inu olodumare,yo,1,ltr,Digital Humanities,STRUCTURAL_ABSENCE,True,False,,
цифровой гуманитарной ӈэвы,yrk,1,ltr,Digital Humanities,TRANSMOGRIFICATION,True,False,,
цифровой гуманитарной,yrk,1,ltr,Digital Humanities,TRANSMOGRIFICATION,True,False,,
saaŋa qajaqta,yrk,1,ltr,Digital Humanities,TRANSMOGRIFICATION,True,False,,
няден ӈиеда-худе,yrk,1,ltr,Digital Humanities,TRANSMOGRIFICATION,True,False,,
дигитальчы суроонор,yrk,1,ltr,Digital Humanities,TRANSMOGRIFICATION,True,False,,
mira-itá nheenga kurusá murakí,yrl,1,ltr,Digital Humanities,TRANSMOGRIFICATION,True,False,,
kua'a'yvoty reko'a,yrl,1,ltr,Digital Humanities,TRANSMOGRIFICATION,True,False,,
nge'ay ni kompyutar ma taropwe' ni taro',yap,1,ltr,Digital Humanities,STRUCTURAL_ABSENCE,True,False,,
儒學數位化,yao,1,ltr,Digital Humanities,TRANSMOGRIFICATION,True,False,,
tsìjú gōnyà,yao,1,ltr,Digital Humanities,TRANSMOGRIFICATION,True,False,,
izihluzo zedijithali,xsa,1,rtl,Digital Humanities,TRANSMOGRIFICATION,True,False,,
dìjìtāl mānǎvitā,xnr,1,ltr,Digital Humanities,TRANSMOGRIFICATION,True,False,,
komputerilähtöiset kulttuuritieteet,xnr,1,ltr,Digital Humanities,TRANSMOGRIFICATION,True,False,,
eby'obuwangwa eby'omutimbagano,xog,1,ltr,Digital Humanities,STRUCTURAL_ABSENCE,True,False,,
ebyobugezi bya kompyuta,xog,1,ltr,Digital Humanities,STRUCTURAL_ABSENCE,True,False,,
eby'obuntu bwa digital,xog,1,ltr,Digital Humanities,STRUCTURAL_ABSENCE,True,False,,
obumanyirivu bw'omukono,xog,1,ltr,Digital Humanities,STRUCTURAL_ABSENCE,True,False,,
ŋɔmɛtʃi kɛlɛsɛ,xog,1,ltr,Digital Humanities,STRUCTURAL_ABSENCE,True,False,,
buun-qorshe-dhijitaal,xog,1,ltr,Digital Humanities,STRUCTURAL_ABSENCE,True,False,,
digitaalna humanistik,xog,1,ltr,Digital Humanities,STRUCTURAL_ABSENCE,True,False,,
ndugu wa diguwali,xog,1,ltr,Digital Humanities,STRUCTURAL_ABSENCE,True,False,,
numen humanitatis digitalis,xpr,1,rtl,Digital Humanities,TRANSMOGRIFICATION,True,False,,
𐭃𐭉𐭂𐭉𐭕𐭋 𐭄𐭅𐭌𐭀𐭍𐭉𐭕𐭉,xpr,1,rtl,Digital Humanities,TRANSMOGRIFICATION,True,False,,
tîrûmâtî,xpr,1,rtl,Digital Humanities,TRANSMOGRIFICATION,True,False,,
ḥumāniyyatun dijitāliyya,xsa,1,rtl,Digital Humanities,TRANSMOGRIFICATION,True,False,,
𐬹𐬴𐬱𐬴 𐬹𐬴𐬱𐬴 𐬹𐬴𐬱𐬴𐬹𐬴𐬱𐬴,yao,1,ltr,Digital Humanities,TRANSMOGRIFICATION,True,False,,
གནས་ཚུལ་གྱི་དངོས་གྲུབ་དང་གཞི་རྩའི་སྤྱོད་ལམ།,xsr,1,ltr,Digital Humanities,TRANSMOGRIFICATION,True,False,,
dhigyal gyenlag,xsr,1,ltr,Digital Humanities,TRANSMOGRIFICATION,True,False,,
dijitaal ḍɔŋ,xsr,1,ltr,Digital Humanities,TRANSMOGRIFICATION,True,False,,
digitale huimantshi,xsr,1,ltr,Digital Humanities,TRANSMOGRIFICATION,True,False,,
ཐམས་ཅད་ལོག་པའི་བྱང་ཆུབ་ཀྱི་རིགས,xsr,1,ltr,Digital Humanities,TRANSMOGRIFICATION,True,False,,
farsio humana digitale,xum,1,ltr,Digital Humanities,STRUCTURAL_ABSENCE,True,False,,
dìgitāl ūmanitàt,xum,1,ltr,Digital Humanities,STRUCTURAL_ABSENCE,True,False,,
dixitar humanitáte digitálle,xum,1,ltr,Digital Humanities,STRUCTURAL_ABSENCE,True,False,,
digitalia humanistica,xum,1,ltr,Digital Humanities,STRUCTURAL_ABSENCE,True,False,,
sayansi ya anthu ya digito,yao,1,ltr,Digital Humanities,TRANSMOGRIFICATION,True,False,,
chigitalo cha vandu,yao,1,ltr,Digital Humanities,TRANSMOGRIFICATION,True,False,,
masomo ya kidiijitali ya binadamu,yao,1,ltr,Digital Humanities,TRANSMOGRIFICATION,True,False,,
yi zhī xì shù,yao,1,ltr,Digital Humanities,TRANSMOGRIFICATION,True,False,,
yawé puranga kweré,yrl,1,ltr,Digital Humanities,TRANSMOGRIFICATION,True,False,,
yãrõ-ỹrã-ỹrã-ỹrã,yrl,1,ltr,Digital Humanities,TRANSMOGRIFICATION,True,False,,
digitaal humanidadeso'ob,yua,1,ltr,Digital Humanities,STRUCTURAL_ABSENCE,True,False,,
平组標辜八学校,zh-tw,1,ltr,Digital Humanities,TRANSMOGRIFICATION,True,False,,
tussna tadijit n ufgan,zg,1,ltr,Digital Humanities,TRANSMOGRIFICATION,True,False,,
taqṣīt n tadawin,zg,1,ltr,Digital Humanities,TRANSMOGRIFICATION,True,False,,
tmazɣit ḍaman,zg,1,ltr,Digital Humanities,TRANSMOGRIFICATION,True,False,,
talbiet tashawwur atnas,zg,1,ltr,Digital Humanities,TRANSMOGRIFICATION,True,False,,
ⵜⴰⵎⴻⵣⵜ ⵜⴰⵔⴳⵄⵢ ⵏ ⵜⴰⵎⴻⵣⵉⵍ,zg,1,ltr,Digital Humanities,TRANSMOGRIFICATION,True,False,,
ⴰⵙⵉⵏⴰⵡⵏ ⵏ ⵓⵣⵏⵏⵓⵏⵉ,zgh,1,rtl,Digital Humanities,TRANSMOGRIFICATION,True,False,,
ⵜⵉⵎⴰⵙⵙⴰⵏⵉⵏ ⵜⵓⵏⵚⵉⴱⵉⵏ,zgh,1,rtl,Digital Humanities,TRANSMOGRIFICATION,True,False,,
التّْفَاحْصْ نْ تْفَاوْتْ,zgh,1,rtl,Digital Humanities,TRANSMOGRIFICATION,True,False,,
ⵜⵉⵣⵔⴰⵡⵉⵏ ⵜⵉⵏⵎⵍⴰⵍⵉⵏ ⵜⵉⴷⵊⵉⵜⴰⵍⵉⵏ,zgh,1,rtl,Digital Humanities,TRANSMOGRIFICATION,True,False,,
tamɣaṭ n tmaziɣt tiddi,zgh,1,rtl,Digital Humanities,TRANSMOGRIFICATION,True,False,,
itnisnittit tin-tamazight ittirisan,zgh,1,rtl,Digital Humanities,TRANSMOGRIFICATION,True,False,,
ⵜⴰⵎⵔⴰⵏ ⴷⵉⵖಿⵍⴰⵣ ⵜⴰⵎⵔⴰⵏ ⵜⴰⵎⵕⴰⵏ,zgh,1,rtl,Digital Humanities,TRANSMOGRIFICATION,True,False,,
sú-iông-kài kóan-hē,zh-min-nan,1,ltr,Digital Humanities,TRANSMOGRIFICATION,True,False,,
kemanusian digital,zmi,1,ltr,Digital Humanities,STRUCTURAL_ABSENCE,True,False,,
ⵜⵓⵙⵙⵏⵉⵡⵉⵏ ⵜⵓⵎⵥⵉⵏⵉⵏ,zg,1,ltr,Digital Humanities,TRANSMOGRIFICATION,True,False,,
kebudayaan sains digital,zmi,1,ltr,Digital Humanities,STRUCTURAL_ABSENCE,True,False,,
ezezibhangqiwe zoluntu,zu,1,ltr,Digital Humanities,PRODUCTIVE_DISAGREEMENT,True,False,,
ubuciko bedijithali,zu,1,ltr,Digital Humanities,PRODUCTIVE_DISAGREEMENT,True,False,,
ezobuntu zedijithali,zu,1,ltr,Digital Humanities,PRODUCTIVE_DISAGREEMENT,True,False,,
izifundo zobuntu ezidijithali,zu,1,ltr,Digital Humanities,PRODUCTIVE_DISAGREEMENT,True,False,,
ubuntu lobuchwepheshe bedijithali,zu,1,ltr,Digital Humanities,PRODUCTIVE_DISAGREEMENT,True,False,,
izindaba zokudla,zu,1,ltr,Digital Humanities,PRODUCTIVE_DISAGREEMENT,True,False,,
ubuhumane bemfashini,zu,1,ltr,Digital Humanities,PRODUCTIVE_DISAGREEMENT,True,False,,
izinhlobo ezithuthuzo eziphendula,zu,1,ltr,Digital Humanities,PRODUCTIVE_DISAGREEMENT,True,False,,
ingubo ephambanjeni,zu,1,ltr,Digital Humanities,PRODUCTIVE_DISAGREEMENT,True,False,,
dijital insaniyet,zza,1,ltr,Digital Humanities,TRANSMOGRIFICATION,True,False,,
beşerî zanistê dijital,zza,1,ltr,Digital Humanities,TRANSMOGRIFICATION,True,False,,
ღანდი მოხელურე,zza,1,ltr,Digital Humanities,TRANSMOGRIFICATION,True,False,,
ⵜⴰⵎⴰⵣⵉⵖⵜ ⵜⴰⴷⵉⵊⵉⵜⴰⵍⵉⵜ,zg,1,ltr,Digital Humanities,TRANSMOGRIFICATION,True,False,,
ⴰⵣⴳⴳⵯⴰⵍ ⵏ ⵓⵎⵙⵙⵓⵏⵏⵉⵏ,zg,1,ltr,Digital Humanities,TRANSMOGRIFICATION,True,False,,
u nojil xookil digitalil máako'ob,yua,1,ltr,Digital Humanities,STRUCTURAL_ABSENCE,True,False,,
tlaxiwinikalli tlahtolli,zap,1,ltr,Digital Humanities,TRANSMOGRIFICATION,True,False,,
máaxo'ob digital,yua,1,ltr,Digital Humanities,STRUCTURAL_ABSENCE,True,False,,
maya k'uchma'ik,yua,1,ltr,Digital Humanities,STRUCTURAL_ABSENCE,True,False,,
k'a'am-yuumtsil-no'el-il-ts'íib-k'áak,yua,1,ltr,Digital Humanities,STRUCTURAL_ABSENCE,True,False,,
xa'ank'in chʼokob,yua,1,ltr,Digital Humanities,STRUCTURAL_ABSENCE,True,False,,
tecnologías digitales en humanidades,yua,1,ltr,Digital Humanities,STRUCTURAL_ABSENCE,True,False,,
sujwz yinzven,za,1,ltr,Digital Humanities,TRANSMOGRIFICATION,True,False,,
swhgungh vwnzhoh,za,1,ltr,Digital Humanities,TRANSMOGRIFICATION,True,False,,
sawloih saehleix,za,1,ltr,Digital Humanities,TRANSMOGRIFICATION,True,False,,
vjauq vajvz,za,1,ltr,Digital Humanities,TRANSMOGRIFICATION,True,False,,
𐡱𐡶𐡾𐡯𐡱𐡴 𐡪𐡭𐡯𐡱𐡴𐡯𐡱𐡴,za,1,ltr,Digital Humanities,TRANSMOGRIFICATION,True,False,,
zhuāngzì kèjī,za,1,ltr,Digital Humanities,TRANSMOGRIFICATION,True,False,,
dizhsa digitaal,zap,1,ltr,Digital Humanities,TRANSMOGRIFICATION,True,False,,
naa' guendaranzhii' ne' guendabiaani',zap,1,ltr,Digital Humanities,TRANSMOGRIFICATION,True,False,,
kool joo'il yaa joo'il,zap,1,ltr,Digital Humanities,TRANSMOGRIFICATION,True,False,,
talbi fi ḥadīθ,zen,1,rtl,Digital Humanities,TRANSMOGRIFICATION,True,False,,
xanájwe'e ñudje'e,zap,1,ltr,Digital Humanities,TRANSMOGRIFICATION,True,False,,
tlacuilolli humanidades,zap,1,ltr,Digital Humanities,TRANSMOGRIFICATION,True,False,,
sayansi ya kidijitali ya ubinadamu,zdj,1,rtl,Digital Humanities,TRANSMOGRIFICATION,True,False,,
makala ya kifasihi,zdj,1,rtl,Digital Humanities,TRANSMOGRIFICATION,True,False,,
ufumbiro wa dijitali,zdj,1,rtl,Digital Humanities,TRANSMOGRIFICATION,True,False,,
muanjinjamuji dijitilalini,zdj,1,rtl,Digital Humanities,TRANSMOGRIFICATION,True,False,,
digitale geestesweiteschappen,zea,1,ltr,Digital Humanities,TRANSMOGRIFICATION,True,False,,
digitaale humanistiese,zea,1,ltr,Digital Humanities,TRANSMOGRIFICATION,True,False,,
tənəssənin n təmassanin tizəggʷaɣin,zen,1,rtl,Digital Humanities,TRANSMOGRIFICATION,True,False,,
ⵜⴰⵎⴰⵣⵉⵖⵜ ⵜⴰⵎⴰⵢⵏⵓⵜ ⵏ ⵓⵎⴰⵣⵉⵖ ⴰⵎⴰⵢⵏⵓ,zen,1,rtl,Digital Humanities,TRANSMOGRIFICATION,True,False,,
ⴷⵉⴳⵉⵜⴰⵍ ⵉⵏⵙⴰⵏⵏⴰⵏ,zen,1,rtl,Digital Humanities,TRANSMOGRIFICATION,True,False,,
tiwɛlɛmɛn tɔgɣa,zen,1,rtl,Digital Humanities,TRANSMOGRIFICATION,True,False,,
ŋaŋa ŋaŋa ŋiŋ,zen,1,rtl,Digital Humanities,TRANSMOGRIFICATION,True,False,,
dhikrī khaṇḍ,xnr,1,ltr,Digital Humanities,TRANSMOGRIFICATION,True,False,,
डिजिटल मानवी,xnr,1,ltr,Digital Humanities,TRANSMOGRIFICATION,True,False,,
𐭥𐭢𐭣𐭥𐭠𐭥𐭧𐭥𐭨𐭥𐭫𐭥𐭩𐭥𐭪𐭥𐭦𐭥𐭧𐭥𐭨𐭥𐭬,xmn,1,ltr,Digital Humanities,TRANSMOGRIFICATION,True,False,,
digitali humanitäät,wae,1,ltr,Digital Humanities,STRUCTURAL_ABSENCE,True,False,,
digitaalsõt humanitaartiedüs,vro,1,ltr,Digital Humanities,TRANSMOGRIFICATION,True,False,,
digitaalsõ humanitaartiidüse,vro,1,ltr,Digital Humanities,TRANSMOGRIFICATION,True,False,,
digitaalsed inimpeetsused,vro,1,ltr,Digital Humanities,TRANSMOGRIFICATION,True,False,,
digitaal humanitood,vro,1,ltr,Digital Humanities,TRANSMOGRIFICATION,True,False,,
ufundi wa kidijitali,vun,1,ltr,Digital Humanities,STRUCTURAL_ABSENCE,True,False,,
obuhabuzi bwa digital,vun,1,ltr,Digital Humanities,STRUCTURAL_ABSENCE,True,False,,
tatizo la kielektroniki,vun,1,ltr,Digital Humanities,STRUCTURAL_ABSENCE,True,False,,
stafræd frumæli,vun,1,ltr,Digital Humanities,STRUCTURAL_ABSENCE,True,False,,
izwi lokuso ditswana,vun,1,ltr,Digital Humanities,STRUCTURAL_ABSENCE,True,False,,
vun-diga mane,vun,1,ltr,Digital Humanities,STRUCTURAL_ABSENCE,True,False,,
humanités numerikes,wa,1,ltr,Digital Humanities,TRANSMOGRIFICATION,True,False,,
sycince umanisse numerike,wa,1,ltr,Digital Humanities,TRANSMOGRIFICATION,True,False,,
djinsiaedjes umanisses,wa,1,ltr,Digital Humanities,TRANSMOGRIFICATION,True,False,,
digitali umanità,wae,1,ltr,Digital Humanities,STRUCTURAL_ABSENCE,True,False,,
digitla vaimustik,vot,1,ltr,Digital Humanities,TRANSMOGRIFICATION,True,False,,
digitaali geischteswisseschafte,wae,1,ltr,Digital Humanities,STRUCTURAL_ABSENCE,True,False,,
dütsch digitala humanitäta,wae,1,ltr,Digital Humanities,STRUCTURAL_ABSENCE,True,False,,
digitale mënschlichkäit,wae,1,ltr,Digital Humanities,STRUCTURAL_ABSENCE,True,False,,
däitgital menschlischt,wae,1,ltr,Digital Humanities,STRUCTURAL_ABSENCE,True,False,,
dijitaala namoota,wal,1,ltr,Digital Humanities,STRUCTURAL_ABSENCE,True,False,,
dijjitaala asa eratettaa,wal,1,ltr,Digital Humanities,STRUCTURAL_ABSENCE,True,False,,
digitaale humanities,wal,1,ltr,Digital Humanities,STRUCTURAL_ABSENCE,True,False,,
dijitaal asa xaafiyaa,wal,1,ltr,Digital Humanities,STRUCTURAL_ABSENCE,True,False,,
ድግጣህ አብር,wal,1,ltr,Digital Humanities,STRUCTURAL_ABSENCE,True,False,,
ዲጅታል ባህላዊ ምሁራዊ ጥናት,wal,1,ltr,Digital Humanities,STRUCTURAL_ABSENCE,True,False,,
ምልክትዎ ባህሪያ,wal,1,ltr,Digital Humanities,STRUCTURAL_ABSENCE,True,False,,
ባህል ክርስትያን መግለጫ,wal,1,ltr,Digital Humanities,STRUCTURAL_ABSENCE,True,False,,
digital nga katawhan,war,1,ltr,Digital Humanities,STRUCTURAL_ABSENCE,True,False,,
kiisilise inimesed,vot,1,ltr,Digital Humanities,TRANSMOGRIFICATION,True,False,,
digitaalõ inimiine,vot,1,ltr,Digital Humanities,TRANSMOGRIFICATION,True,False,,
mga hinumdum nga digital,war,1,ltr,Digital Humanities,STRUCTURAL_ABSENCE,True,False,,
ehuumanidhadhe dha dhijitale,vmw,1,ltr,Digital Humanities,STRUCTURAL_ABSENCE,True,False,,
khoa học nhân vật điện tử,vi,1,ltr,Digital Humanities,PRODUCTIVE_DISAGREEMENT,True,False,,
dijital hyumanitiz,vic,1,ltr,Digital Humanities,STRUCTURAL_ABSENCE,True,False,,
dijital yumaniti,vic,1,ltr,Digital Humanities,STRUCTURAL_ABSENCE,True,False,,
dijital humeniti,vic,1,ltr,Digital Humanities,STRUCTURAL_ABSENCE,True,False,,
digitil huniman,vic,1,ltr,Digital Humanities,STRUCTURAL_ABSENCE,True,False,,
dijital humansitiz,vic,1,ltr,Digital Humanities,STRUCTURAL_ABSENCE,True,False,,
digitoale geestesweetnschappn,vls,1,ltr,Digital Humanities,TRANSMOGRIFICATION,True,False,,
digitale humanistiese,vls,1,ltr,Digital Humanities,TRANSMOGRIFICATION,True,False,,
digitale geisteswissenschaftn,vmf,1,ltr,Digital Humanities,TRANSMOGRIFICATION,True,False,,
digidale humanitätn,vmf,1,ltr,Digital Humanities,TRANSMOGRIFICATION,True,False,,
digidale geischteswisseschafte,vmf,1,ltr,Digital Humanities,TRANSMOGRIFICATION,True,False,,
digitale menschawissenschaften,vmf,1,ltr,Digital Humanities,TRANSMOGRIFICATION,True,False,,
diguwale menschgeschicht,vmf,1,ltr,Digital Humanities,TRANSMOGRIFICATION,True,False,,
ikhumi yo ukhala ni ukhala ya digitali,vmw,1,ltr,Digital Humanities,STRUCTURAL_ABSENCE,True,False,,
digitaalizet humanitaarizet,vot,1,ltr,Digital Humanities,TRANSMOGRIFICATION,True,False,,
tivumbuva za digital,vmw,1,ltr,Digital Humanities,STRUCTURAL_ABSENCE,True,False,,
mukhulupi digital,vmw,1,ltr,Digital Humanities,STRUCTURAL_ABSENCE,True,False,,
makondesano ya makhuwa,vmw,1,ltr,Digital Humanities,STRUCTURAL_ABSENCE,True,False,,
digitäl-humanitets,vo,1,ltr,Digital Humanities,TRANSMOGRIFICATION,True,False,,
nümädanav,vo,1,ltr,Digital Humanities,TRANSMOGRIFICATION,True,False,,
numatavolapük,vo,1,ltr,Digital Humanities,TRANSMOGRIFICATION,True,False,,
dijital menäds,vo,1,ltr,Digital Humanities,TRANSMOGRIFICATION,True,False,,
digitaik humänitäs,vo,1,ltr,Digital Humanities,TRANSMOGRIFICATION,True,False,,
humanitäl digitan,vo,1,ltr,Digital Humanities,TRANSMOGRIFICATION,True,False,,
digitil hiumenwisselis,vo,1,ltr,Digital Humanities,TRANSMOGRIFICATION,True,False,,
dzivil-humanitait,vo,1,ltr,Digital Humanities,TRANSMOGRIFICATION,True,False,,
digitaalizet inehmüzet,vot,1,ltr,Digital Humanities,TRANSMOGRIFICATION,True,False,,
digitaalsõd humanitaaritietod,vot,1,ltr,Digital Humanities,TRANSMOGRIFICATION,True,False,,
digital nga pagtuon han katawohan,war,1,ltr,Digital Humanities,STRUCTURAL_ABSENCE,True,False,,
digityal nga kultura,war,1,ltr,Digital Humanities,STRUCTURAL_ABSENCE,True,False,,
digi-humani,xmn,1,ltr,Digital Humanities,TRANSMOGRIFICATION,True,False,,
ubuntu lwedijithali,xh,1,ltr,Digital Humanities,STRUCTURAL_ABSENCE,True,False,,
цифрин хүмүүнлгин ухана,xal,1,ltr,Digital Humanities,TRANSMOGRIFICATION,True,False,,
дигитал хуманитарийн,xal,1,ltr,Digital Humanities,TRANSMOGRIFICATION,True,False,,
цифрови хүнийлэгзн,xal,1,ltr,Digital Humanities,TRANSMOGRIFICATION,True,False,,
диджиталдагы үлгүлөр,xal,1,ltr,Digital Humanities,TRANSMOGRIFICATION,True,False,,
дигитал хүмэнэт,xal,1,ltr,Digital Humanities,TRANSMOGRIFICATION,True,False,,
xcr digitaal humaniora,xcr,1,ltr,Digital Humanities,STRUCTURAL_ABSENCE,True,False,,
𐊠𐊵𐊭𐊲𐊣𐊫𐊰𐊭𐊲𐊪𐊫𐊰 𐊴𐊠𐊦𐊫𐊰,xcr,1,ltr,Digital Humanities,STRUCTURAL_ABSENCE,True,False,,
ku-šar-ku-ri-ya-ti,xcr,1,ltr,Digital Humanities,STRUCTURAL_ABSENCE,True,False,,
internet insanları,xcr,1,ltr,Digital Humanities,STRUCTURAL_ABSENCE,True,False,,
uluntu lwedijithali,xh,1,ltr,Digital Humanities,STRUCTURAL_ABSENCE,True,False,,
ubuntu bamanani,xh,1,ltr,Digital Humanities,STRUCTURAL_ABSENCE,True,False,,
ubunzululwazi bezenkcubeko ngeedigithali,xh,1,ltr,Digital Humanities,STRUCTURAL_ABSENCE,True,False,,
ulwazi lwedijithali lwezobuntu,xh,1,ltr,Digital Humanities,STRUCTURAL_ABSENCE,True,False,,
iingxaxhebe zomthetho wezindaba,xh,1,ltr,Digital Humanities,STRUCTURAL_ABSENCE,True,False,,
дигитальн хүмүнлһн,xal,1,ltr,Digital Humanities,TRANSMOGRIFICATION,True,False,,
imiyalobhalo yedijithali,xh,1,ltr,Digital Humanities,STRUCTURAL_ABSENCE,True,False,,
izinhumunzi digital,xh,1,ltr,Digital Humanities,STRUCTURAL_ABSENCE,True,False,,
digitaal-humanities,xld,1,rtl,Digital Humanities,STRUCTURAL_ABSENCE,True,False,,
ŋɨlɛmɛtɔ,xld,1,rtl,Digital Humanities,STRUCTURAL_ABSENCE,True,False,,
ციფრული ჰუმანიტარული მეცნიერებეფი,xmf,1,ltr,Digital Humanities,TRANSMOGRIFICATION,True,False,,
საინფორმაციო ხელოვნება,xmf,1,ltr,Digital Humanities,TRANSMOGRIFICATION,True,False,,
დიჯიტალური კულტურული მემკვიდრეობა,xmf,1,ltr,Digital Humanities,TRANSMOGRIFICATION,True,False,,
დიტაქტური გვერდობა,xmf,1,ltr,Digital Humanities,TRANSMOGRIFICATION,True,False,,
დიგიტალურ-ხელოვნები,xmf,1,ltr,Digital Humanities,TRANSMOGRIFICATION,True,False,,
𐰴𐰃𐰆𐰤𐰀𐰢𐰃𐰤 𐰸𐰆𐰤𐰀𐰢𐰃𐰤,xmn,1,ltr,Digital Humanities,TRANSMOGRIFICATION,True,False,,
ᠳ᠋ᠢᠵᠢᠲ᠋ᠠᠯ ᠬᠦᠮᠦᠨ ᠤ ᠰᠢᠨᠵᠢᠯᠡᠬᠦ ᠤᠬᠠᠭᠠᠨ,xmn,1,ltr,Digital Humanities,TRANSMOGRIFICATION,True,False,,
دِجِتال هومَنِتاس,xmn,1,ltr,Digital Humanities,TRANSMOGRIFICATION,True,False,,
dīgālīh mānawīšn,xmn,1,ltr,Digital Humanities,TRANSMOGRIFICATION,True,False,,
цахим хүмүүнлэгийн ухаан,xal,1,ltr,Digital Humanities,TRANSMOGRIFICATION,True,False,,
цахим хүмүүнлэг,xal,1,ltr,Digital Humanities,TRANSMOGRIFICATION,True,False,,
yapa-kurlangu karnta-kurlangu-patu yirrarnu-manu kompyuta-kurlu,wbp,1,ltr,Digital Humanities,STRUCTURAL_ABSENCE,True,False,,
fakaʻatamai numela,wls,1,ltr,Digital Humanities,STRUCTURAL_ABSENCE,True,False,,
kuja-kuja yimi-kari-kari manu kuja-kuja yimi-kari-kari manu kuja-kuja yimi-kari-kari manu,wbp,1,ltr,Digital Humanities,STRUCTURAL_ABSENCE,True,False,,
ngurra-kurlangu kurdu walytja,wbp,1,ltr,Digital Humanities,STRUCTURAL_ABSENCE,True,False,,
ngalyirrkurrpa wirrinytjarrpa,wbp,1,ltr,Digital Humanities,STRUCTURAL_ABSENCE,True,False,,
wawuwarri jukurrpa,wbp,1,ltr,Digital Humanities,STRUCTURAL_ABSENCE,True,False,,
ngapartji-jukurrpa nyinku-jukurrpa,wbp,1,ltr,Digital Humanities,STRUCTURAL_ABSENCE,True,False,,
ਡੀਜੀਟਲ ਮਾਨਵਤਾ,wbq,1,ltr,Digital Humanities,STRUCTURAL_ABSENCE,True,False,,
𐓟𐓙𐓛𐓙𐓛 𐓟𐓛𐓣𐓙𐓛𐓣𐓙𐓛,wbq,1,ltr,Digital Humanities,STRUCTURAL_ABSENCE,True,False,,
دیجیټل هنسیم,wbq,1,ltr,Digital Humanities,STRUCTURAL_ABSENCE,True,False,,
yalang-wurrk miriyan,wbq,1,ltr,Digital Humanities,STRUCTURAL_ABSENCE,True,False,,
ŋɔmɛrɛ wɩlɩtɩ,wbr,1,ltr,Digital Humanities,TRANSMOGRIFICATION,True,False,,
digitaal mānava-shāstra,wbr,1,ltr,Digital Humanities,TRANSMOGRIFICATION,True,False,,
دیجیټل هانومنیز,wbr,1,ltr,Digital Humanities,TRANSMOGRIFICATION,True,False,,
teki fakalotu,wls,1,ltr,Digital Humanities,STRUCTURAL_ABSENCE,True,False,,
fakamālie faʻahinga tohi fakaʻeleʻele,wls,1,ltr,Digital Humanities,STRUCTURAL_ABSENCE,True,False,,
平窗会公司,wuu,1,ltr,Digital Humanities,TRANSMOGRIFICATION,True,False,,
tāpui fakataha,wls,1,ltr,Digital Humanities,STRUCTURAL_ABSENCE,True,False,,
faka-numera'i 'ua faka-ātau,wls,1,ltr,Digital Humanities,STRUCTURAL_ABSENCE,True,False,,
takamoa digitale,wls,1,ltr,Digital Humanities,STRUCTURAL_ABSENCE,True,False,,
teknologi mo sikolagi digita,wls,1,ltr,Digital Humanities,STRUCTURAL_ABSENCE,True,False,,
ubumwanjaro wa dijitali,wni,1,rtl,Digital Humanities,TRANSMOGRIFICATION,True,False,,
muanjinjamu imanisi digitini,wni,1,rtl,Digital Humanities,TRANSMOGRIFICATION,True,False,,
xam-xam yu dijital,wo,1,ltr,Digital Humanities,TRANSMOGRIFICATION,True,False,,
xam-xam yu nimre,wo,1,ltr,Digital Humanities,TRANSMOGRIFICATION,True,False,,
xam-xam ak jàngin ci wàllu numbër,wo,1,ltr,Digital Humanities,TRANSMOGRIFICATION,True,False,,
xam-xamu mbindum jëmm,wo,1,ltr,Digital Humanities,TRANSMOGRIFICATION,True,False,,
tëneemoojumbeenam,wo,1,ltr,Digital Humanities,TRANSMOGRIFICATION,True,False,,
dhimmiyat dijitil,wo,1,ltr,Digital Humanities,TRANSMOGRIFICATION,True,False,,
数字人文学科,wuu,1,ltr,Digital Humanities,TRANSMOGRIFICATION,True,False,,
digital sanawy ýnsanitarhan,tk,1,ltr,Digital Humanities,STRUCTURAL_ABSENCE,True,False,,
sanly ynsanperwerlik ylymlary,tk,1,ltr,Digital Humanities,STRUCTURAL_ABSENCE,True,False,,
sanly gumanitarlygy,tk,1,ltr,Digital Humanities,STRUCTURAL_ABSENCE,True,False,,
sanly ynsanperwer ylymlary,tk,1,ltr,Digital Humanities,STRUCTURAL_ABSENCE,True,False,,
digitali kɔrɔbɔɔ,sef,1,ltr,Digital Humanities,STRUCTURAL_ABSENCE,True,False,,
kɔlɔjɛlɛ kɛlɛkɛlɛ,sef,1,ltr,Digital Humanities,STRUCTURAL_ABSENCE,True,False,,
tamaɲi tereɖo,sef,1,ltr,Digital Humanities,STRUCTURAL_ABSENCE,True,False,,
gbo'n gbo'n ŋɔɔŋɔɔ lɛɛŋ lɛɛŋ,sef,1,ltr,Digital Humanities,STRUCTURAL_ABSENCE,True,False,,
ditigili yàmàfua,sef,1,ltr,Digital Humanities,STRUCTURAL_ABSENCE,True,False,,
senoufo digital humanitiz,sef,1,ltr,Digital Humanities,STRUCTURAL_ABSENCE,True,False,,
sayansi ya anthu ya dijito,seh,1,ltr,Digital Humanities,STRUCTURAL_ABSENCE,True,False,,
sayansi ya dhijitau,seh,1,ltr,Digital Humanities,STRUCTURAL_ABSENCE,True,False,,
tidital hiumanities,seh,1,ltr,Digital Humanities,STRUCTURAL_ABSENCE,True,False,,
sena digital,seh,1,ltr,Digital Humanities,STRUCTURAL_ABSENCE,True,False,,
mupfumbi wetekhnoroji,seh,1,ltr,Digital Humanities,STRUCTURAL_ABSENCE,True,False,,
dijital sanatlar,seh,1,ltr,Digital Humanities,STRUCTURAL_ABSENCE,True,False,,
taa'a xapaj,sei,1,ltr,Digital Humanities,STRUCTURAL_ABSENCE,True,False,,
hant ihiip hac caaixaj cöquih,sei,1,ltr,Digital Humanities,STRUCTURAL_ABSENCE,True,False,,
tɨnɔ́kʷa tɛ́mɛ,sei,1,ltr,Digital Humanities,STRUCTURAL_ABSENCE,True,False,,
kó'o-kó'o-hóo-hóo-hóo,sei,1,ltr,Digital Humanities,STRUCTURAL_ABSENCE,True,False,,
teknologi manusia digital,sei,1,ltr,Digital Humanities,STRUCTURAL_ABSENCE,True,False,,
ordinater zankey-izey,ses,1,ltr,Digital Humanities,STRUCTURAL_ABSENCE,True,False,,
dijitali adamizey ciney,ses,1,ltr,Digital Humanities,STRUCTURAL_ABSENCE,True,False,,
teeɓeɗɛɓeɗeɓe,ses,1,ltr,Digital Humanities,STRUCTURAL_ABSENCE,True,False,,
digitaal ŋɔɔŋɔɔ,ses,1,ltr,Digital Humanities,STRUCTURAL_ABSENCE,True,False,,
ni-tin-yi-digitali ni-humanitii,ses,1,ltr,Digital Humanities,STRUCTURAL_ABSENCE,True,False,,
gi ti duti na aye mingi ape na yâ ti fini ti mo,sg,1,ltr,Digital Humanities,STRUCTURAL_ABSENCE,True,False,,
maïngo ti teknoloji na nzönî,sg,1,ltr,Digital Humanities,STRUCTURAL_ABSENCE,True,False,,
sango tî mbênî-terê,sg,1,ltr,Digital Humanities,STRUCTURAL_ABSENCE,True,False,,
mabumbe ya digital,sg,1,ltr,Digital Humanities,STRUCTURAL_ABSENCE,True,False,,
sêndâkodë tî nëngö-mbëtï na wärängö-mbëtï,sg,1,ltr,Digital Humanities,STRUCTURAL_ABSENCE,True,False,,
kɔmputa fasitó,sg,1,ltr,Digital Humanities,STRUCTURAL_ABSENCE,True,False,,
mabanga ya dijitala,sg,1,ltr,Digital Humanities,STRUCTURAL_ABSENCE,True,False,,
nùmɛrɔ kàranna,sef,1,ltr,Digital Humanities,STRUCTURAL_ABSENCE,True,False,,
humanitas digitalis,see,1,ltr,Digital Humanities,STRUCTURAL_ABSENCE,True,False,,
litterarum artificium digitale,see,1,ltr,Digital Humanities,STRUCTURAL_ABSENCE,True,False,,
زانستە دیجیتاڵەکان,sdh,1,rtl,Digital Humanities,TRANSMOGRIFICATION,True,False,,
humanitā digitali,scn,1,ltr,Digital Humanities,TRANSMOGRIFICATION,True,False,,
digitals leidenschafts,sco,1,ltr,Digital Humanities,STRUCTURAL_ABSENCE,True,False,,
digitale huimescinscais,sco,1,ltr,Digital Humanities,STRUCTURAL_ABSENCE,True,False,,
digtal humaunistis,sco,1,ltr,Digital Humanities,STRUCTURAL_ABSENCE,True,False,,
dǫ nę́hdı k'e įłaedı,scs,1,ltr,Digital Humanities,STRUCTURAL_ABSENCE,True,False,,
dene ts'ílií k'eh ts'ílií,scs,1,ltr,Digital Humanities,STRUCTURAL_ABSENCE,True,False,,
k’èhts’èdı̀ k’èàgǫht’ę,scs,1,ltr,Digital Humanities,STRUCTURAL_ABSENCE,True,False,,
ŋiłįįtłı̨k tłı̨chǫ,scs,1,ltr,Digital Humanities,STRUCTURAL_ABSENCE,True,False,,
dı̀dhı̀ gowı̀k’ehtseh,scs,1,ltr,Digital Humanities,STRUCTURAL_ABSENCE,True,False,,
dekitahausiniyut,scs,1,ltr,Digital Humanities,STRUCTURAL_ABSENCE,True,False,,
k'ehtsi dene zho,scs,1,ltr,Digital Humanities,STRUCTURAL_ABSENCE,True,False,,
ڊجيٽل هيومنٽيز,sd,1,rtl,Digital Humanities,TRANSMOGRIFICATION,True,False,,
دیجیټل هنسنمنډس,sd,1,rtl,Digital Humanities,TRANSMOGRIFICATION,True,False,,
زانستە دیجیتاڵییەکان,sdh,1,rtl,Digital Humanities,TRANSMOGRIFICATION,True,False,,
matswiri ya digital,see,1,ltr,Digital Humanities,STRUCTURAL_ABSENCE,True,False,,
مرۆڤایەتی دیجیتاڵ,sdh,1,rtl,Digital Humanities,TRANSMOGRIFICATION,True,False,,
bingehê dîjîtî,sdh,1,rtl,Digital Humanities,TRANSMOGRIFICATION,True,False,,
هۆمیالیک ڕایزمانی,sdh,1,rtl,Digital Humanities,TRANSMOGRIFICATION,True,False,,
ماشینه‌ی دیجیتالی بنویسه‌ی بشتی,sdh,1,rtl,Digital Humanities,TRANSMOGRIFICATION,True,False,,
digitála humanisttalaš dieđat,se,1,ltr,Digital Humanities,TRANSMOGRIFICATION,True,False,,
digitála humanitáradieđat,se,1,ltr,Digital Humanities,TRANSMOGRIFICATION,True,False,,
digitála humanitehtat,se,1,ltr,Digital Humanities,TRANSMOGRIFICATION,True,False,,
digitálalaččelaččat,se,1,ltr,Digital Humanities,TRANSMOGRIFICATION,True,False,,
digiitali vabbiidjat,se,1,ltr,Digital Humanities,TRANSMOGRIFICATION,True,False,,
diguilalus sámiid bannan,se,1,ltr,Digital Humanities,TRANSMOGRIFICATION,True,False,,
kayę́hsra'kó:wa' onöhsahkwá:tsherake',see,1,ltr,Digital Humanities,STRUCTURAL_ABSENCE,True,False,,
oshá:de' gayáhsǫh hadí:yoh,see,1,ltr,Digital Humanities,STRUCTURAL_ABSENCE,True,False,,
gëjöhgwë’ö’ gëjöhgwë’öh,see,1,ltr,Digital Humanities,STRUCTURAL_ABSENCE,True,False,,
mwntamunika digital,sg,1,ltr,Digital Humanities,STRUCTURAL_ABSENCE,True,False,,
nyamata yi digitál,sg,1,ltr,Digital Humanities,STRUCTURAL_ABSENCE,True,False,,
díghaltraí daonna,sga,1,ltr,Digital Humanities,TRANSMOGRIFICATION,True,False,,
cyfrowŏ humanistyka,sli,1,ltr,Digital Humanities,TRANSMOGRIFICATION,True,False,,
digitálne umenia,sk,1,ltr,Digital Humanities,TRANSMOGRIFICATION,True,False,,
digitálne humanitné viedy,sk,1,ltr,Digital Humanities,TRANSMOGRIFICATION,True,False,,
دیجیټل هنسینٹس,skr,1,rtl,Digital Humanities,TRANSMOGRIFICATION,True,False,,
دیجیٹل انسانوں کے محققات,skr,1,rtl,Digital Humanities,TRANSMOGRIFICATION,True,False,,
digitalne umanosti,sl,1,ltr,Digital Humanities,PRODUCTIVE_DISAGREEMENT,True,False,,
ʔəs-ʔibəš ti syəyəhub,slh,1,ltr,Digital Humanities,STRUCTURAL_ABSENCE,True,False,,
sʔəx̌ʷəɬəbəɬ ʔə tiʔəɬ qʷəɬqʷəɬ,slh,1,ltr,Digital Humanities,STRUCTURAL_ABSENCE,True,False,,
ʔəy̓aləxʷ sʔəɬədəb,slh,1,ltr,Digital Humanities,STRUCTURAL_ABSENCE,True,False,,
sdxʷqʷel qʷi sqilš,slh,1,ltr,Digital Humanities,STRUCTURAL_ABSENCE,True,False,,
łəxʷədiƛəxʷ ʔəɬ,slh,1,ltr,Digital Humanities,STRUCTURAL_ABSENCE,True,False,,
xwešxʷ șáaʔtəm,slh,1,ltr,Digital Humanities,STRUCTURAL_ABSENCE,True,False,,
xʷəbəq-əb-šəlsh,slh,1,ltr,Digital Humanities,STRUCTURAL_ABSENCE,True,False,,
digitalne humanistyczne,sli,1,ltr,Digital Humanities,TRANSMOGRIFICATION,True,False,,
dyjitalnaja umawnost',sli,1,ltr,Digital Humanities,TRANSMOGRIFICATION,True,False,,
digitálne humanitné vedy,sk,1,ltr,Digital Humanities,TRANSMOGRIFICATION,True,False,,
dygtalne humanistyki,sli,1,ltr,Digital Humanities,TRANSMOGRIFICATION,True,False,,
hulas matanika digital,sly,1,ltr,Digital Humanities,STRUCTURAL_ABSENCE,True,False,,
digitála humanistihkka,sma,1,ltr,Digital Humanities,TRANSMOGRIFICATION,True,False,,
digitaale humanitaara,sma,1,ltr,Digital Humanities,TRANSMOGRIFICATION,True,False,,
digitale humanistihke,sma,1,ltr,Digital Humanities,TRANSMOGRIFICATION,True,False,,
dagoggiebálggi,sma,1,ltr,Digital Humanities,TRANSMOGRIFICATION,True,False,,
digitála ealáhámis,sma,1,ltr,Digital Humanities,TRANSMOGRIFICATION,True,False,,
digitale vittuvaemi,sma,1,ltr,Digital Humanities,TRANSMOGRIFICATION,True,False,,
"digaal-gielasat, digaal-giellasearvi",sma,1,ltr,Digital Humanities,TRANSMOGRIFICATION,True,False,,
digitála humanitáradieđa,smj,1,ltr,Digital Humanities,TRANSMOGRIFICATION,True,False,,
digiálodat vuolitavallu,smj,1,ltr,Digital Humanities,TRANSMOGRIFICATION,True,False,,
digtačielmammeárbupmihtti,smj,1,ltr,Digital Humanities,TRANSMOGRIFICATION,True,False,,
digitale vânaláš,smj,1,ltr,Digital Humanities,TRANSMOGRIFICATION,True,False,,
digitálne humanitné štúdium,sk,1,ltr,Digital Humanities,TRANSMOGRIFICATION,True,False,,
ባህል ኤፕሮጎራዊ,sid,1,ltr,Digital Humanities,TRANSMOGRIFICATION,True,False,,
dánae digitacha,sga,1,ltr,Digital Humanities,TRANSMOGRIFICATION,True,False,,
ⵜⴰⵙⵙⵏⵉⵡⵉⵏ ⵜⵓⵎⵥⴰⵢⵉⵏ ⵏ ⵓⴼⴳⴰⵏ,shi,1,rtl,Digital Humanities,TRANSMOGRIFICATION,True,False,,
digiteach daonnachtaí,sga,1,ltr,Digital Humanities,TRANSMOGRIFICATION,True,False,,
dígitail dóenacht,sga,1,ltr,Digital Humanities,TRANSMOGRIFICATION,True,False,,
dligtheacht na daonnachtaí,sga,1,ltr,Digital Humanities,TRANSMOGRIFICATION,True,False,,
comhfhionnachtanaí digiteach,sga,1,ltr,Digital Humanities,TRANSMOGRIFICATION,True,False,,
díthromantúlacht,sga,1,ltr,Digital Humanities,TRANSMOGRIFICATION,True,False,,
éscana dígitil,sga,1,ltr,Digital Humanities,TRANSMOGRIFICATION,True,False,,
dėgitalė humanitarė,sgs,1,ltr,Digital Humanities,TRANSMOGRIFICATION,True,False,,
skaitmenė humanė,sgs,1,ltr,Digital Humanities,TRANSMOGRIFICATION,True,False,,
dėgėtalėnē mokslē,sgs,1,ltr,Digital Humanities,TRANSMOGRIFICATION,True,False,,
skaitmeniuomenės žmogu,sgs,1,ltr,Digital Humanities,TRANSMOGRIFICATION,True,False,,
tinktinės humanitarijos,sgs,1,ltr,Digital Humanities,TRANSMOGRIFICATION,True,False,,
dijigitalne humanistike,sh,1,ltr,Digital Humanities,PRODUCTIVE_DISAGREEMENT,True,False,,
ⴰⵙⵉⵏⴰⵡⵏ ⵏ ⵓⵎⵙⵙⵏⵏ,shi,1,rtl,Digital Humanities,TRANSMOGRIFICATION,True,False,,
ⵜⵉⵣⵔⴰⵡⵉⵏ ⵜⵉⵏⵎⵓⵔⵉⵏ,shi,1,rtl,Digital Humanities,TRANSMOGRIFICATION,True,False,,
digitala wulasa,sid,1,ltr,Digital Humanities,TRANSMOGRIFICATION,True,False,,
tamaẓart n usṭṭiq,shi,1,rtl,Digital Humanities,TRANSMOGRIFICATION,True,False,,
tighatut n umuḍaw n numrud,shi,1,rtl,Digital Humanities,TRANSMOGRIFICATION,True,False,,
itnān l-tutlil,shi,1,rtl,Digital Humanities,TRANSMOGRIFICATION,True,False,,
الهنسنة الرقمية,shu,1,rtl,Digital Humanities,TRANSMOGRIFICATION,True,False,,
ඩිජිටල් මානව ශාස්ත්‍ර,si,1,ltr,Digital Humanities,STRUCTURAL_ABSENCE,True,False,,
ඩිජිටල් මානව ශාස්ත්ර,si,1,ltr,Digital Humanities,STRUCTURAL_ABSENCE,True,False,,
දිගිතල මනසෝපිකය,si,1,ltr,Digital Humanities,STRUCTURAL_ABSENCE,True,False,,
dijitaal hiyumaanitiis,sid,1,ltr,Digital Humanities,TRANSMOGRIFICATION,True,False,,
dijitaala seena-namaa,sid,1,ltr,Digital Humanities,TRANSMOGRIFICATION,True,False,,
dijiitaali mannu,sid,1,ltr,Digital Humanities,TRANSMOGRIFICATION,True,False,,
dijitaala humaaniitii,sid,1,ltr,Digital Humanities,TRANSMOGRIFICATION,True,False,,
dagimtii gadaa,sid,1,ltr,Digital Humanities,TRANSMOGRIFICATION,True,False,,
harkawaa daddabsiisa,sid,1,ltr,Digital Humanities,TRANSMOGRIFICATION,True,False,,
umanistichi digitali,scn,1,ltr,Digital Humanities,TRANSMOGRIFICATION,True,False,,
umanitati digitali,scn,1,ltr,Digital Humanities,TRANSMOGRIFICATION,True,False,,
scienzi umanistichi diggitali,scn,1,ltr,Digital Humanities,TRANSMOGRIFICATION,True,False,,
umuhumeni y'igihinsho digitale,rw,1,ltr,Digital Humanities,STRUCTURAL_ABSENCE,True,False,,
ranu haezi,rug,1,ltr,Digital Humanities,STRUCTURAL_ABSENCE,True,False,,
ngalu'u digital,rug,1,ltr,Digital Humanities,STRUCTURAL_ABSENCE,True,False,,
talava digitale,rug,1,ltr,Digital Humanities,STRUCTURAL_ABSENCE,True,False,,
humana sapot na digitale,rug,1,ltr,Digital Humanities,STRUCTURAL_ABSENCE,True,False,,
umanistici digitali,rup,1,ltr,Digital Humanities,TRANSMOGRIFICATION,True,False,,
umanitãts digitale,rup,1,ltr,Digital Humanities,TRANSMOGRIFICATION,True,False,,
umanistigi digitali,rup,1,ltr,Digital Humanities,TRANSMOGRIFICATION,True,False,,
umanitate digjitale,rup,1,ltr,Digital Humanities,TRANSMOGRIFICATION,True,False,,
ubwoko bw'abantu,rw,1,ltr,Digital Humanities,STRUCTURAL_ABSENCE,True,False,,
ubumuntu bwa dijitali,rw,1,ltr,Digital Humanities,STRUCTURAL_ABSENCE,True,False,,
ubumenyi bwa digitale bw'ubumanuko,rw,1,ltr,Digital Humanities,STRUCTURAL_ABSENCE,True,False,,
ubumenyi bw'ikoranabuhanga mu bumenyi bw'abantu,rw,1,ltr,Digital Humanities,STRUCTURAL_ABSENCE,True,False,,
ubushakashatsi bw'umuvugizi wa nyumburu,rw,1,ltr,Digital Humanities,STRUCTURAL_ABSENCE,True,False,,
ingabo cy'inka y'amahoro,rw,1,ltr,Digital Humanities,STRUCTURAL_ABSENCE,True,False,,
цифровы́ гуманита́рни науки́,rue,1,ltr,Digital Humanities,TRANSMOGRIFICATION,True,False,,
ubunyamuntu bwa dijitali,rwk,1,ltr,Digital Humanities,TRANSMOGRIFICATION,True,False,,
eby'obuntu by'omu kidijitali,rwk,1,ltr,Digital Humanities,TRANSMOGRIFICATION,True,False,,
muziki wa dijitali wa ufundi,rwk,1,ltr,Digital Humanities,TRANSMOGRIFICATION,True,False,,
umkushisha ulayo,rwk,1,ltr,Digital Humanities,TRANSMOGRIFICATION,True,False,,
ingabo y'ibirunga cy'intarahamwe,rwk,1,ltr,Digital Humanities,TRANSMOGRIFICATION,True,False,,
ryūjin bungaku,ryu,1,ltr,Digital Humanities,TRANSMOGRIFICATION,True,False,,
デジタルの人道学,ryu,1,ltr,Digital Humanities,TRANSMOGRIFICATION,True,False,,
デジタルヒューマニティ,ryu,1,ltr,Digital Humanities,TRANSMOGRIFICATION,True,False,,
सङ्गणकमानविकी,sa,1,ltr,Digital Humanities,TRANSMOGRIFICATION,True,False,,
आङ्गिकमानविकी,sa,1,ltr,Digital Humanities,TRANSMOGRIFICATION,True,False,,
अङ्कीयमानविकी,sa,1,ltr,Digital Humanities,TRANSMOGRIFICATION,True,False,,
डिजिटलमानविकी,sa,1,ltr,Digital Humanities,TRANSMOGRIFICATION,True,False,,
दिगितला मानवशास्त्र,sa,1,ltr,Digital Humanities,TRANSMOGRIFICATION,True,False,,
digitálne umienie,rue,1,ltr,Digital Humanities,TRANSMOGRIFICATION,True,False,,
дігітална гуманітарія,rue,1,ltr,Digital Humanities,TRANSMOGRIFICATION,True,False,,
दीजितल ह्यूमनाइट्स,sa,1,ltr,Digital Humanities,TRANSMOGRIFICATION,True,False,,
džipalų manuš,rom,1,ltr,Digital Humanities,STRUCTURAL_ABSENCE,True,False,,
umanitati digitale,roa-rup,1,ltr,Digital Humanities,STRUCTURAL_ABSENCE,True,False,,
umanistigi digitale,roa-rup,1,ltr,Digital Humanities,STRUCTURAL_ABSENCE,True,False,,
umanitate digitale,roa-rup,1,ltr,Digital Humanities,STRUCTURAL_ABSENCE,True,False,,
elimu ya kidijitali ya kibinadamu,rof,1,ltr,Digital Humanities,STRUCTURAL_ABSENCE,True,False,,
ulimi wa kidijitali,rof,1,ltr,Digital Humanities,STRUCTURAL_ABSENCE,True,False,,
uhumano wa dijiti,rof,1,ltr,Digital Humanities,STRUCTURAL_ABSENCE,True,False,,
tivuwa kikwetu,rof,1,ltr,Digital Humanities,STRUCTURAL_ABSENCE,True,False,,
huministiko dijitala,rof,1,ltr,Digital Humanities,STRUCTURAL_ABSENCE,True,False,,
difirantši hwnanti,rof,1,ltr,Digital Humanities,STRUCTURAL_ABSENCE,True,False,,
tahina-tsara ny andriana,rof,1,ltr,Digital Humanities,STRUCTURAL_ABSENCE,True,False,,
digitalno manushipen,rom,1,ltr,Digital Humanities,STRUCTURAL_ABSENCE,True,False,,
digitalno manušikano džaniben,rom,1,ltr,Digital Humanities,STRUCTURAL_ABSENCE,True,False,,
digitali manushikane,rom,1,ltr,Digital Humanities,STRUCTURAL_ABSENCE,True,False,,
ḍigitala xerd,rom,1,ltr,Digital Humanities,STRUCTURAL_ABSENCE,True,False,,
діґіталны гуманітны наукы,rue,1,ltr,Digital Humanities,TRANSMOGRIFICATION,True,False,,
дигитални гуманитарии,rom,1,ltr,Digital Humanities,STRUCTURAL_ABSENCE,True,False,,
hạnisi fakteknolosi,rtm,1,ltr,Digital Humanities,TRANSMOGRIFICATION,True,False,,
faka'ese fakatekinolosi 'o te gagana ma te 'aso,rtm,1,ltr,Digital Humanities,TRANSMOGRIFICATION,True,False,,
fäega ma fäega ta,rtm,1,ltr,Digital Humanities,TRANSMOGRIFICATION,True,False,,
kai vavalagi,rtm,1,ltr,Digital Humanities,TRANSMOGRIFICATION,True,False,,
felu'a numeral,rtm,1,ltr,Digital Humanities,TRANSMOGRIFICATION,True,False,,
faifai ʻōnohi,rtm,1,ltr,Digital Humanities,TRANSMOGRIFICATION,True,False,,
humana na digitale,rtm,1,ltr,Digital Humanities,TRANSMOGRIFICATION,True,False,,
дискурсивные гуманитарные науки,ru,1,ltr,Digital Humanities,PRODUCTIVE_DISAGREEMENT,True,False,,
дигитальная гуманитарная наука,ru,1,ltr,Digital Humanities,PRODUCTIVE_DISAGREEMENT,True,False,,
цифровы гуманітарны науки,rue,1,ltr,Digital Humanities,TRANSMOGRIFICATION,True,False,,
ціфрови гуманітарны науки,rue,1,ltr,Digital Humanities,TRANSMOGRIFICATION,True,False,,
діджітална гуманістіка,rue,1,ltr,Digital Humanities,TRANSMOGRIFICATION,True,False,,
अन्वेषणम् डिजिटलम्,sa,1,ltr,Digital Humanities,TRANSMOGRIFICATION,True,False,,
विज्ञान-वर्तमान विग्यान,sa,1,ltr,Digital Humanities,TRANSMOGRIFICATION,True,False,,
umanitatis digitales,sc,1,ltr,Digital Humanities,TRANSMOGRIFICATION,True,False,,
ડીજિટલ મનસ્કૃતિ,saz,1,ltr,Digital Humanities,TRANSMOGRIFICATION,True,False,,
kultur komputer,sas,1,ltr,Digital Humanities,STRUCTURAL_ABSENCE,True,False,,
bantu ya dijitali,lua,1,ltr,Digital Humanities,TRANSMOGRIFICATION,True,False,,
keteknologi digital,sas,1,ltr,Digital Humanities,STRUCTURAL_ABSENCE,True,False,,
ᱰᱤᱡᱤᱴᱟᱞ ᱦᱭᱩᱢᱮᱱᱤᱴᱤᱡᱽ,sat,1,ltr,Digital Humanities,STRUCTURAL_ABSENCE,True,False,,
ᱫᱤᱡᱤᱛᱟᱞ ᱦᱩᱢᱟᱱᱤᱛᱤ,sat,1,ltr,Digital Humanities,STRUCTURAL_ABSENCE,True,False,,
ᱰᱤᱡᱤᱴᱟᱞ ᱢᱟᱹᱱᱣᱟᱹ ᱥᱟᱬᱮᱥ,sat,1,ltr,Digital Humanities,STRUCTURAL_ABSENCE,True,False,,
ଡିଜିଟାଲ୍ ହ୍ୟୁମାନିଟିଜ୍,sat,1,ltr,Digital Humanities,STRUCTURAL_ABSENCE,True,False,,
ᱰᱤᱡᱤᱴᱟᱞ ᱢᱟᱱᱣᱟ ᱥᱟᱬᱮᱥ,sat,1,ltr,Digital Humanities,STRUCTURAL_ABSENCE,True,False,,
dharmat bhasa digital,sat,1,ltr,Digital Humanities,STRUCTURAL_ABSENCE,True,False,,
छोटा-बड़ा विज्ञान,sat,1,ltr,Digital Humanities,STRUCTURAL_ABSENCE,True,False,,
ଡିଜିଟାଲ୍ ହ୍ୟୁମାନିଟିସ୍,saz,1,ltr,Digital Humanities,TRANSMOGRIFICATION,True,False,,
ḍiṭijāl mānavītya,saz,1,ltr,Digital Humanities,TRANSMOGRIFICATION,True,False,,
દીજિટાલ મનવિયતા,saz,1,ltr,Digital Humanities,TRANSMOGRIFICATION,True,False,,
mbàngri nùmèrìk,sba,1,ltr,Digital Humanities,STRUCTURAL_ABSENCE,True,False,,
kujiunga wa maarifa na diguili,saq,1,ltr,Digital Humanities,STRUCTURAL_ABSENCE,True,False,,
dital humani,sba,1,ltr,Digital Humanities,STRUCTURAL_ABSENCE,True,False,,
kɔlɔ nɛ tɛ̰ kɛ̰rɛ̰ mɛ̰nɛ̰,sba,1,ltr,Digital Humanities,STRUCTURAL_ABSENCE,True,False,,
ŋgambay kɛyɔmɛtɛ,sba,1,ltr,Digital Humanities,STRUCTURAL_ABSENCE,True,False,,
gbere-ngbay-dii-ngu-dii,sba,1,ltr,Digital Humanities,STRUCTURAL_ABSENCE,True,False,,
ngambe djalugurru,sba,1,ltr,Digital Humanities,STRUCTURAL_ABSENCE,True,False,,
teknoloji digitale humanitas,sba,1,ltr,Digital Humanities,STRUCTURAL_ABSENCE,True,False,,
sayansi ya kidijitali ya vunhu,sbp,1,ltr,Digital Humanities,TRANSMOGRIFICATION,True,False,,
kigitala kyelezo,sbp,1,ltr,Digital Humanities,TRANSMOGRIFICATION,True,False,,
ubutumwa bwa digitali,sbp,1,ltr,Digital Humanities,TRANSMOGRIFICATION,True,False,,
kha'zhi tivu'khu,sbp,1,ltr,Digital Humanities,TRANSMOGRIFICATION,True,False,,
dʒɪˈdɪtəl ˈhjuːməniːtiːz,sbp,1,ltr,Digital Humanities,TRANSMOGRIFICATION,True,False,,
teknoloji ya bashara wa dunia digitali,sbp,1,ltr,Digital Humanities,TRANSMOGRIFICATION,True,False,,
umanidades digitales,sc,1,ltr,Digital Humanities,TRANSMOGRIFICATION,True,False,,
bhuwitan manusia,sas,1,ltr,Digital Humanities,STRUCTURAL_ABSENCE,True,False,,
eng'etokonu nchumuri,saq,1,ltr,Digital Humanities,STRUCTURAL_ABSENCE,True,False,,
dijitali humaani,sad,1,ltr,Digital Humanities,STRUCTURAL_ABSENCE,True,False,,
санаатын гуманитарнай үөрэхтэрэ,sah,1,ltr,Digital Humanities,TRANSMOGRIFICATION,True,False,,
dijitali mbinu za kihistoria,sad,1,ltr,Digital Humanities,STRUCTURAL_ABSENCE,True,False,,
kusanduka kwemanyanga,sad,1,ltr,Digital Humanities,STRUCTURAL_ABSENCE,True,False,,
mvulume digital,sad,1,ltr,Digital Humanities,STRUCTURAL_ABSENCE,True,False,,
husika ya dhigaitali ya bashara,sad,1,ltr,Digital Humanities,STRUCTURAL_ABSENCE,True,False,,
dijitali ninsaali baŋsim,saf,1,ltr,Digital Humanities,STRUCTURAL_ABSENCE,True,False,,
safaliba digitali/safaliba kikokotoo cha utamaduni,saf,1,ltr,Digital Humanities,STRUCTURAL_ABSENCE,True,False,,
nalika-nalika a'a,saf,1,ltr,Digital Humanities,STRUCTURAL_ABSENCE,True,False,,
dhātivādavidyā,saf,1,ltr,Digital Humanities,STRUCTURAL_ABSENCE,True,False,,
teknoloji ya insanit wa afya,saf,1,ltr,Digital Humanities,STRUCTURAL_ABSENCE,True,False,,
цифровой гуманитарнай наукалар,sah,1,ltr,Digital Humanities,TRANSMOGRIFICATION,True,False,,
саннык гуманитарнай наука,sah,1,ltr,Digital Humanities,TRANSMOGRIFICATION,True,False,,
санаарый гуманитар үөрэхтэр,sah,1,ltr,Digital Humanities,TRANSMOGRIFICATION,True,False,,
цифрoвoй гуманитарнай билии,sah,1,ltr,Digital Humanities,TRANSMOGRIFICATION,True,False,,
дьиккыр культура,sah,1,ltr,Digital Humanities,TRANSMOGRIFICATION,True,False,,
samburu: aitikiria ya digital,saq,1,ltr,Digital Humanities,STRUCTURAL_ABSENCE,True,False,,
дигитал гуманитарнайа,sah,1,ltr,Digital Humanities,TRANSMOGRIFICATION,True,False,,
диджиталысын көрсөтүлгөн умумиятуулук,sah,1,ltr,Digital Humanities,TRANSMOGRIFICATION,True,False,,
дигитал өлкөнүлүк,sah,1,ltr,Digital Humanities,TRANSMOGRIFICATION,True,False,,
𐤃𐤉𐤂𐤉𐤕𐤀𐤋 𐤇𐤌𐤍𐤉𐤌𐤉𐤌,sam,1,ltr,Digital Humanities,TRANSMOGRIFICATION,True,False,,
ܐܘܡܢܘܬܐ ܐܢܫܝܬܐ ܕܝܓܝܛܠܝܬܐ,sam,1,ltr,Digital Humanities,TRANSMOGRIFICATION,True,False,,
הומניא דיגיטליא,sam,1,ltr,Digital Humanities,TRANSMOGRIFICATION,True,False,,
ܐܢܫܘܬܐ ܕܝܓܝܛܠ,sam,1,ltr,Digital Humanities,TRANSMOGRIFICATION,True,False,,
ܡܟܬܒܐ ܕܠܘܚܢܐ ܕܫܪܝܥܐ,sam,1,ltr,Digital Humanities,TRANSMOGRIFICATION,True,False,,
ܕְהוܿܝܿܘܬ݂ ܩܿܛܿܪ݂ܣܿܝܿܢ,sam,1,ltr,Digital Humanities,TRANSMOGRIFICATION,True,False,,
מְצוּרָף חכמה בנים,sam,1,ltr,Digital Humanities,TRANSMOGRIFICATION,True,False,,
nkishoroto le digital,saq,1,ltr,Digital Humanities,STRUCTURAL_ABSENCE,True,False,,
ngerenoi e nkolong'u e lkewan,saq,1,ltr,Digital Humanities,STRUCTURAL_ABSENCE,True,False,,
lkishu oo nkishu naataa nkishu,saq,1,ltr,Digital Humanities,STRUCTURAL_ABSENCE,True,False,,
digitaliluoddon tieteet,smj,1,ltr,Digital Humanities,TRANSMOGRIFICATION,True,False,,
digitála humanistih,smn,1,ltr,Digital Humanities,TRANSMOGRIFICATION,True,False,,
digitaal humaniistlâš tiäđuh,smn,1,ltr,Digital Humanities,TRANSMOGRIFICATION,True,False,,
teknolohiya ng digital na tinuhan,tbw,1,ltr,Digital Humanities,STRUCTURAL_ABSENCE,True,False,,
цифрадин гуманитария,tab,1,ltr,Digital Humanities,TRANSMOGRIFICATION,True,False,,
цифровой гуманитарный илим,tab,1,ltr,Digital Humanities,TRANSMOGRIFICATION,True,False,,
дигиталлар хуманитарий,tab,1,ltr,Digital Humanities,TRANSMOGRIFICATION,True,False,,
цифро́й инсанвият,tab,1,ltr,Digital Humanities,TRANSMOGRIFICATION,True,False,,
диджиталы түштүк-маданиyat,tab,1,ltr,Digital Humanities,TRANSMOGRIFICATION,True,False,,
ماشینه دیجیتال علوم بشری,tab,1,ltr,Digital Humanities,TRANSMOGRIFICATION,True,False,,
dhagyalai gyanapariyog,taj,1,ltr,Digital Humanities,STRUCTURAL_ABSENCE,True,False,,
digitāl jhumtral,taj,1,ltr,Digital Humanities,STRUCTURAL_ABSENCE,True,False,,
digital na pag-adal sa katawhan,tbw,1,ltr,Digital Humanities,STRUCTURAL_ABSENCE,True,False,,
pag-aaral ng digital na tao,tbw,1,ltr,Digital Humanities,STRUCTURAL_ABSENCE,True,False,,
talikasan a kultura,tbw,1,ltr,Digital Humanities,STRUCTURAL_ABSENCE,True,False,,
pang-digital na kasaysayan at kultura,tbw,1,ltr,Digital Humanities,STRUCTURAL_ABSENCE,True,False,,
digiital huwantiyas,tbw,1,ltr,Digital Humanities,STRUCTURAL_ABSENCE,True,False,,
ಡಿಜಿಟಲ್ ಮಾನವಿಕತೆಲು,tcy,1,ltr,Digital Humanities,TRANSMOGRIFICATION,True,False,,
திசையன் மக்களாதிக்கலம்,ta,1,ltr,Digital Humanities,PRODUCTIVE_DISAGREEMENT,True,False,,
digitali humanitiyadi,tcy,1,ltr,Digital Humanities,TRANSMOGRIFICATION,True,False,,
ಡಿಜಿಟಲ್ ಮನಸ್ಸ್ಯಾಟಿಕ್ಸ್,tcy,1,ltr,Digital Humanities,TRANSMOGRIFICATION,True,False,,
ᥖᥭᥰᥘᥫᥴ ᥛᥫᥒᥰᥘᥫᥴ,tdd,1,ltr,Digital Humanities,STRUCTURAL_ABSENCE,True,False,,
ᥝᥤᥴᥖᥣᥲᥰ ᥘᥤᥒᥰ ᥖᥦᥒᥰᥘᥣᥢᥲ,tdd,1,ltr,Digital Humanities,STRUCTURAL_ABSENCE,True,False,,
วิชาการดิจิทัลมนุษยศาสตร์,tdd,1,ltr,Digital Humanities,STRUCTURAL_ABSENCE,True,False,,
ᥖᥣᥱ ᥘᥤᥐ ᥔᥣᥱ ᥛᥣᥰ ᥘᥣᥱ ᥑᥣᥛᥰ,tdd,1,ltr,Digital Humanities,STRUCTURAL_ABSENCE,True,False,,
nyoej hūa-khāi-khū-khāi,tdd,1,ltr,Digital Humanities,STRUCTURAL_ABSENCE,True,False,,
म्याग्री काला साहित्य,tdg,1,ltr,Digital Humanities,STRUCTURAL_ABSENCE,True,False,,
ḍigital manāwī,tdg,1,ltr,Digital Humanities,STRUCTURAL_ABSENCE,True,False,,
digitāl hūmaņaiti,tdg,1,ltr,Digital Humanities,STRUCTURAL_ABSENCE,True,False,,
dhigalai khabarikha,tdh,1,ltr,Digital Humanities,TRANSMOGRIFICATION,True,False,,
黢llu黢,tdh,1,ltr,Digital Humanities,TRANSMOGRIFICATION,True,False,,
khali-digitali adhunikata,tdh,1,ltr,Digital Humanities,TRANSMOGRIFICATION,True,False,,
ஜிடிடல் மனவியக்கு,ta,1,ltr,Digital Humanities,PRODUCTIVE_DISAGREEMENT,True,False,,
மின்னிவியல் மனிதநேயம்,ta,1,ltr,Digital Humanities,PRODUCTIVE_DISAGREEMENT,True,False,,
డిజిటల్ మానవిక శాస్త్రాలు,te,1,ltr,Digital Humanities,TRANSMOGRIFICATION,True,False,,
ডিজিটাল ম্যানসপ্রফেকশন,syl,1,ltr,Digital Humanities,TRANSMOGRIFICATION,True,False,,
tambu sipat tunggal,sxn,1,ltr,Digital Humanities,STRUCTURAL_ABSENCE,True,False,,
huminiora digital,sxn,1,ltr,Digital Humanities,STRUCTURAL_ABSENCE,True,False,,
talise'e digitale,sxn,1,ltr,Digital Humanities,STRUCTURAL_ABSENCE,True,False,,
tidak tersedia,sxn,1,ltr,Digital Humanities,STRUCTURAL_ABSENCE,True,False,,
ܐܢܬܪܣܘܬܐ ܕܝܓܝܛܠܝܬܐ,syc,1,ltr,Digital Humanities,STRUCTURAL_ABSENCE,True,False,,
ܠܘܚܢܐ ܕܡܟܬܒܐ ܕܫܪܝܥܐ,syc,1,ltr,Digital Humanities,STRUCTURAL_ABSENCE,True,False,,
ܗܘܼܝܕܰܐ ܣܝ̈ܡܝ̈ܢܰܐ,syc,1,ltr,Digital Humanities,STRUCTURAL_ABSENCE,True,False,,
kagami-no-hito-no-gakumon,syi,1,ltr,Digital Humanities,STRUCTURAL_ABSENCE,True,False,,
ŋumɛnɔmɛ,syi,1,ltr,Digital Humanities,STRUCTURAL_ABSENCE,True,False,,
ŋàà-dii-tɔɔ̀-màà,syi,1,ltr,Digital Humanities,STRUCTURAL_ABSENCE,True,False,,
seki-digitalisitikku humanitaria,syi,1,ltr,Digital Humanities,STRUCTURAL_ABSENCE,True,False,,
ꠒꠤꠎꠤꠐꠣꠟ ꠝꠣꠘꠛꠤꠇ꠆ꠇꠣ,syl,1,ltr,Digital Humanities,TRANSMOGRIFICATION,True,False,,
ডিজিটাল মানুয়াল্যাস্টি,syl,1,ltr,Digital Humanities,TRANSMOGRIFICATION,True,False,,
ܐܢܬܪܣܘܦܝܐ ܕܝܓܝܛܠܝܐ,syr,1,rtl,Digital Humanities,TRANSMOGRIFICATION,True,False,,
எண்ணிம மாந்தவியல்,ta,1,ltr,Digital Humanities,PRODUCTIVE_DISAGREEMENT,True,False,,
ܡܕ̈ܥܐ ܪ̈ܩܡܝܐ ܕܐܢܫܘܬܐ,syr,1,rtl,Digital Humanities,TRANSMOGRIFICATION,True,False,,
ܠܘܚܢܐ ܕܡܟܬܒܐ ܕܫܪܝܗ,syr,1,rtl,Digital Humanities,TRANSMOGRIFICATION,True,False,,
ܗܘܿܢܰܪܐ ܩܰܕܡܝܼܝܬܵܐ ܕܡܰܦܘܼܬܵܐ,syr,1,rtl,Digital Humanities,TRANSMOGRIFICATION,True,False,,
新浪财经,syr,1,rtl,Digital Humanities,TRANSMOGRIFICATION,True,False,,
ܕܝܫܘܩܝܐ ܕܠܚܝܬܐ,syr,1,rtl,Digital Humanities,TRANSMOGRIFICATION,True,False,,
cyfrowe nauki humanistyczne,szl,1,ltr,Digital Humanities,TRANSMOGRIFICATION,True,False,,
digitalne humanistyki,szl,1,ltr,Digital Humanities,TRANSMOGRIFICATION,True,False,,
cyfrowa humanistyka,szl,1,ltr,Digital Humanities,TRANSMOGRIFICATION,True,False,,
dygtalne humanyjistyka,szl,1,ltr,Digital Humanities,TRANSMOGRIFICATION,True,False,,
எண்ணிம மனிதவியல்,ta,1,ltr,Digital Humanities,PRODUCTIVE_DISAGREEMENT,True,False,,
டிஜிட்டல் மானுடவியல்,ta,1,ltr,Digital Humanities,PRODUCTIVE_DISAGREEMENT,True,False,,
டிஜிட்டல் மனிதநேயம்,ta,1,ltr,Digital Humanities,PRODUCTIVE_DISAGREEMENT,True,False,,
மின்னணு மனிதவியல்,ta,1,ltr,Digital Humanities,PRODUCTIVE_DISAGREEMENT,True,False,,
డిజిటల్ హ్యుమానిటీస్,te,1,ltr,Digital Humanities,TRANSMOGRIFICATION,True,False,,
డిజిటల్ మానవీయ శాస్త్రాలు,te,1,ltr,Digital Humanities,TRANSMOGRIFICATION,True,False,,
ડિજિટલ મુદ્રાશસ્ત્ર,swv,1,ltr,Digital Humanities,STRUCTURAL_ABSENCE,True,False,,
ዲጂታል ሰብኣዊ ምሁራን,tig,1,ltr,Digital Humanities,TRANSMOGRIFICATION,True,False,,
घरेलू विज्ञान,thq,1,ltr,Digital Humanities,TRANSMOGRIFICATION,True,False,,
dhāyālīk sāhitya,thr,1,ltr,Digital Humanities,TRANSMOGRIFICATION,True,False,,
ዲጂታል ሰብኣዊ ስነፍልጠት,ti,1,ltr,Digital Humanities,STRUCTURAL_ABSENCE,True,False,,
ሰብኣዊ ባህርያት,ti,1,ltr,Digital Humanities,STRUCTURAL_ABSENCE,True,False,,
ዲጂታል ሰብኣዊ ሳይንስ,ti,1,ltr,Digital Humanities,STRUCTURAL_ABSENCE,True,False,,
ዲጂታላዊ ሰብኣዊ ጥንቃቐታት,ti,1,ltr,Digital Humanities,STRUCTURAL_ABSENCE,True,False,,
ዲጂታላዊ ሰብኣውነት,ti,1,ltr,Digital Humanities,STRUCTURAL_ABSENCE,True,False,,
ዲጂታል ሰብኣዊ ስነ-ፍልጠት,ti,1,ltr,Digital Humanities,STRUCTURAL_ABSENCE,True,False,,
ድህነት ግንቦት,ti,1,ltr,Digital Humanities,STRUCTURAL_ABSENCE,True,False,,
ሃሳብ ጽባሕ ዲጂታል,ti,1,ltr,Digital Humanities,STRUCTURAL_ABSENCE,True,False,,
መዝግ መረሲክ,ti,1,ltr,Digital Humanities,STRUCTURAL_ABSENCE,True,False,,
ልዕሊ ሰብኣዊ ስነ ስርዓት,tig,1,ltr,Digital Humanities,TRANSMOGRIFICATION,True,False,,
ዲጂታል ሰብኣውነት,tig,1,ltr,Digital Humanities,TRANSMOGRIFICATION,True,False,,
ስዕተ አጥፊነት,tig,1,ltr,Digital Humanities,TRANSMOGRIFICATION,True,False,,
dhimmāyik bhāshākosh,thl,1,ltr,Digital Humanities,TRANSMOGRIFICATION,True,False,,
ocrin ḥamāl,tig,1,ltr,Digital Humanities,TRANSMOGRIFICATION,True,False,,
መዝግበሪ ኤኮሊክሲያል,tig,1,ltr,Digital Humanities,TRANSMOGRIFICATION,True,False,,
uumace mba sha ahumbe,tiv,1,ltr,Digital Humanities,STRUCTURAL_ABSENCE,True,False,,
akaa a uumace ve eren yô,tiv,1,ltr,Digital Humanities,STRUCTURAL_ABSENCE,True,False,,
mbakombo u ityôkômbul,tiv,1,ltr,Digital Humanities,STRUCTURAL_ABSENCE,True,False,,
ikyegh u dijital,tiv,1,ltr,Digital Humanities,STRUCTURAL_ABSENCE,True,False,,
inyaregh ki digital man,tiv,1,ltr,Digital Humanities,STRUCTURAL_ABSENCE,True,False,,
ityom-ityom a iyange,tiv,1,ltr,Digital Humanities,STRUCTURAL_ABSENCE,True,False,,
mmɛn kpaŋkpaa,tiv,1,ltr,Digital Humanities,STRUCTURAL_ABSENCE,True,False,,
i gbagwa ŋwegh di ŋkpaan-i gbaam,tiv,1,ltr,Digital Humanities,STRUCTURAL_ABSENCE,True,False,,
idanu yanjirin soniyan,tiv,1,ltr,Digital Humanities,STRUCTURAL_ABSENCE,True,False,,
sanly ynsanperwerlik,tk,1,ltr,Digital Humanities,STRUCTURAL_ABSENCE,True,False,,
sanly gumanitar ylymlar,tk,1,ltr,Digital Humanities,STRUCTURAL_ABSENCE,True,False,,
dhigalaiya manusya vigyana,thq,1,ltr,Digital Humanities,TRANSMOGRIFICATION,True,False,,
dijidital hjuwanitixi,tgx,1,ltr,Digital Humanities,STRUCTURAL_ABSENCE,True,False,,
డిజిటల్ మానవ శాస్త్రం,te,1,ltr,Digital Humanities,TRANSMOGRIFICATION,True,False,,
humanidades dijitál,tet,1,ltr,Digital Humanities,STRUCTURAL_ABSENCE,True,False,,
డిజిటల్ హెమ్నైటీక్స్,te,1,ltr,Digital Humanities,TRANSMOGRIFICATION,True,False,,
dijital hümanitiler,tem,1,ltr,Digital Humanities,STRUCTURAL_ABSENCE,True,False,,
ⵜⴰⴷⴷⵉⵔⵜ ⵏ ⵓⵃⵓⵎⴰⵏⵉⵜ,tem,1,ltr,Digital Humanities,STRUCTURAL_ABSENCE,True,False,,
ekitabo ky'ikisomo ky'ikisomo,teo,1,ltr,Digital Humanities,TRANSMOGRIFICATION,True,False,,
ejokanut ka itunganan ka kompyuta,teo,1,ltr,Digital Humanities,TRANSMOGRIFICATION,True,False,,
ekomolimo l'ainerikoni,teo,1,ltr,Digital Humanities,TRANSMOGRIFICATION,True,False,,
aijukineta a ikasubwa a ikomom,teo,1,ltr,Digital Humanities,TRANSMOGRIFICATION,True,False,,
omweso ogumu,teo,1,ltr,Digital Humanities,TRANSMOGRIFICATION,True,False,,
enyimuke enyimuke,teo,1,ltr,Digital Humanities,TRANSMOGRIFICATION,True,False,,
kutaki kifumi digitali,teo,1,ltr,Digital Humanities,TRANSMOGRIFICATION,True,False,,
okur-ekitabo ya kisasi,teo,1,ltr,Digital Humanities,TRANSMOGRIFICATION,True,False,,
tjita teku,ter,1,ltr,Digital Humanities,STRUCTURAL_ABSENCE,True,False,,
umanidade dijitál,tet,1,ltr,Digital Humanities,STRUCTURAL_ABSENCE,True,False,,
humanidade digitál,tet,1,ltr,Digital Humanities,STRUCTURAL_ABSENCE,True,False,,
dèk'ù gùnàx'ù,tgx,1,ltr,Digital Humanities,STRUCTURAL_ABSENCE,True,False,,
humanidades diġital,tet,1,ltr,Digital Humanities,STRUCTURAL_ABSENCE,True,False,,
humanitáis digitál,tet,1,ltr,Digital Humanities,STRUCTURAL_ABSENCE,True,False,,
гуманитаризми рақамӣ,tg,1,ltr,Digital Humanities,TRANSMOGRIFICATION,True,False,,
гуманитарии рақамӣ,tg,1,ltr,Digital Humanities,TRANSMOGRIFICATION,True,False,,
гуманитарияи рақамӣ,tg,1,ltr,Digital Humanities,TRANSMOGRIFICATION,True,False,,
рақамии гуманитарӣ,tg,1,ltr,Digital Humanities,TRANSMOGRIFICATION,True,False,,
технологияҳои адабӣ,tg,1,ltr,Digital Humanities,TRANSMOGRIFICATION,True,False,,
раqамӣ инсоншуносӣ,tg,1,ltr,Digital Humanities,TRANSMOGRIFICATION,True,False,,
дигиталӣ муҳимматаҳо,tg,1,ltr,Digital Humanities,TRANSMOGRIFICATION,True,False,,
худфармани товархона,tg,1,ltr,Digital Humanities,TRANSMOGRIFICATION,True,False,,
nàtsʼàw hùyàtʼì,tgx,1,ltr,Digital Humanities,STRUCTURAL_ABSENCE,True,False,,
kʼáa kʼe kʼáa kʼe kʼáa kʼe,tgx,1,ltr,Digital Humanities,STRUCTURAL_ABSENCE,True,False,,
ch'iidaa k'aahgwaan,tgx,1,ltr,Digital Humanities,STRUCTURAL_ABSENCE,True,False,,
pahawuan digital,sxn,1,ltr,Digital Humanities,STRUCTURAL_ABSENCE,True,False,,
dëggitali mänschawissenskapt,swg,1,ltr,Digital Humanities,TRANSMOGRIFICATION,True,False,,
digitálâš humaniteetâ,smn,1,ltr,Digital Humanities,TRANSMOGRIFICATION,True,False,,
xam-xam diital ak nit,srr,1,ltr,Digital Humanities,STRUCTURAL_ABSENCE,True,False,,
shkenca humane dixhitale,sq,1,ltr,Digital Humanities,TRANSMOGRIFICATION,True,False,,
shkencat humane digjitale,sq,1,ltr,Digital Humanities,TRANSMOGRIFICATION,True,False,,
humanitete dixhitale,sq,1,ltr,Digital Humanities,TRANSMOGRIFICATION,True,False,,
dijitala njerëzoritë,sq,1,ltr,Digital Humanities,TRANSMOGRIFICATION,True,False,,
humanitët digjital,sq,1,ltr,Digital Humanities,TRANSMOGRIFICATION,True,False,,
дигиталне хуманистичке,sr,1,ltr,Digital Humanities,PRODUCTIVE_DISAGREEMENT,True,False,,
digitalne umjetnosti,sr,1,ltr,Digital Humanities,PRODUCTIVE_DISAGREEMENT,True,False,,
dijitow leri,srn,1,ltr,Digital Humanities,STRUCTURAL_ABSENCE,True,False,,
digitali sabi fu meti,srn,1,ltr,Digital Humanities,STRUCTURAL_ABSENCE,True,False,,
dijitali fasi fu sabi,srn,1,ltr,Digital Humanities,STRUCTURAL_ABSENCE,True,False,,
digidal humaniti,srn,1,ltr,Digital Humanities,STRUCTURAL_ABSENCE,True,False,,
digitaal menslikheid,srn,1,ltr,Digital Humanities,STRUCTURAL_ABSENCE,True,False,,
saayeen yu njiit,srr,1,ltr,Digital Humanities,STRUCTURAL_ABSENCE,True,False,,
xam-xam bu dijitaal bi,srr,1,ltr,Digital Humanities,STRUCTURAL_ABSENCE,True,False,,
ดิจิทัล ฮูมันนีตส์,sou,1,ltr,Digital Humanities,TRANSMOGRIFICATION,True,False,,
ngalganeenamoo,srr,1,ltr,Digital Humanities,STRUCTURAL_ABSENCE,True,False,,
jant biiñ tekk,srr,1,ltr,Digital Humanities,STRUCTURAL_ABSENCE,True,False,,
xam-duniyaa,srr,1,ltr,Digital Humanities,STRUCTURAL_ABSENCE,True,False,,
ਡੀਜੀਟਲ ਮਾਨਵਿਕਤਾ,srx,1,ltr,Digital Humanities,STRUCTURAL_ABSENCE,True,False,,
ḍigital manav-śāstra,srx,1,ltr,Digital Humanities,STRUCTURAL_ABSENCE,True,False,,
औटोमेटिक मानव विज्ञान,srx,1,ltr,Digital Humanities,STRUCTURAL_ABSENCE,True,False,,
tifundvo tebantfu tedijithali,ss,1,ltr,Digital Humanities,TRANSMOGRIFICATION,True,False,,
imibono lemayelana nendzawo tabantfu,ss,1,ltr,Digital Humanities,TRANSMOGRIFICATION,True,False,,
ubuntfu bedijithali,ss,1,ltr,Digital Humanities,TRANSMOGRIFICATION,True,False,,
tibalo tetidijithali,ss,1,ltr,Digital Humanities,TRANSMOGRIFICATION,True,False,,
buntfu betfu bedijithali,ss,1,ltr,Digital Humanities,TRANSMOGRIFICATION,True,False,,
emasiko e-digital,ss,1,ltr,Digital Humanities,TRANSMOGRIFICATION,True,False,,
ibhodi zokudigital,ss,1,ltr,Digital Humanities,TRANSMOGRIFICATION,True,False,,
humanitetet dixhitale,sq,1,ltr,Digital Humanities,TRANSMOGRIFICATION,True,False,,
khwam khwamsuk khrang thi,sou,1,ltr,Digital Humanities,TRANSMOGRIFICATION,True,False,,
ዲጂታል ሕማማት,ssy,1,ltr,Digital Humanities,STRUCTURAL_ABSENCE,True,False,,
vanhu vanogutsikana,sn,1,ltr,Digital Humanities,STRUCTURAL_ABSENCE,True,False,,
digitálâš olmooštiätu,smn,1,ltr,Digital Humanities,TRANSMOGRIFICATION,True,False,,
digitale duodanis,smn,1,ltr,Digital Humanities,TRANSMOGRIFICATION,True,False,,
duodahusat bahasa digitale,smn,1,ltr,Digital Humanities,TRANSMOGRIFICATION,True,False,,
ꮧꮝꮖꮒꮝꮧ ꭰᏸꮅꮝꭹ,smp,1,ltr,Digital Humanities,TRANSMOGRIFICATION,True,False,,
הומאנויות דיגיטליות,smp,1,ltr,Digital Humanities,TRANSMOGRIFICATION,True,False,,
dijital umaniti,smp,1,ltr,Digital Humanities,TRANSMOGRIFICATION,True,False,,
numera humanaĵoj,smp,1,ltr,Digital Humanities,TRANSMOGRIFICATION,True,False,,
digihtalaš humaanus,sms,1,ltr,Digital Humanities,TRANSMOGRIFICATION,True,False,,
digitaallaž mättʼtieʹtted,sms,1,ltr,Digital Humanities,TRANSMOGRIFICATION,True,False,,
digitálʼlâš humaniteet,sms,1,ltr,Digital Humanities,TRANSMOGRIFICATION,True,False,,
digitáál humanitaar,sms,1,ltr,Digital Humanities,TRANSMOGRIFICATION,True,False,,
digitale huolimiologia,sms,1,ltr,Digital Humanities,TRANSMOGRIFICATION,True,False,,
hunhu hwedigital,sn,1,ltr,Digital Humanities,STRUCTURAL_ABSENCE,True,False,,
dzidzo yedhijitari yevanhu,sn,1,ltr,Digital Humanities,STRUCTURAL_ABSENCE,True,False,,
dijitigal yulubuwansi,snk,1,ltr,Digital Humanities,STRUCTURAL_ABSENCE,True,False,,
zvemagetsi zvedzidzo dzevanhu,sn,1,ltr,Digital Humanities,STRUCTURAL_ABSENCE,True,False,,
unyanzvi hwevanhu hwedigita,sn,1,ltr,Digital Humanities,STRUCTURAL_ABSENCE,True,False,,
dhidhijitari hunhu,sn,1,ltr,Digital Humanities,STRUCTURAL_ABSENCE,True,False,,
tinotaurwa ne mhando dzvimbo,sn,1,ltr,Digital Humanities,STRUCTURAL_ABSENCE,True,False,,
hunhu hemitero,sn,1,ltr,Digital Humanities,STRUCTURAL_ABSENCE,True,False,,
umunhu-ndiwe digitale,sn,1,ltr,Digital Humanities,STRUCTURAL_ABSENCE,True,False,,
i cannot provide a translation,snf,1,ltr,Digital Humanities,STRUCTURAL_ABSENCE,True,False,,
nyaamɗe dijital,snf,1,ltr,Digital Humanities,STRUCTURAL_ABSENCE,True,False,,
digidal humenitis,snf,1,ltr,Digital Humanities,STRUCTURAL_ABSENCE,True,False,,
kaŋen haalanxanne,snk,1,ltr,Digital Humanities,STRUCTURAL_ABSENCE,True,False,,
aɲaŋaŋ kɛrɛnɛn,snk,1,ltr,Digital Humanities,STRUCTURAL_ABSENCE,True,False,,
teregu jigina,snk,1,ltr,Digital Humanities,STRUCTURAL_ABSENCE,True,False,,
diggalɗal ŋaawɗuɗu,snk,1,ltr,Digital Humanities,STRUCTURAL_ABSENCE,True,False,,
imihlabelelo yeendlovini zemfashini,ss,1,ltr,Digital Humanities,TRANSMOGRIFICATION,True,False,,
dijital insaaniyya,ssy,1,ltr,Digital Humanities,STRUCTURAL_ABSENCE,True,False,,
digitali menschlichkeitsforsching,swg,1,ltr,Digital Humanities,TRANSMOGRIFICATION,True,False,,
binadamu dijiti,sw,1,ltr,Digital Humanities,TRANSMOGRIFICATION,True,False,,
𒁹𒉺𒀀𒀭𒈾𒀀𒀭𒈾𒀀𒀭𒈾,sux,1,ltr,Digital Humanities,TRANSMOGRIFICATION,True,False,,
nam-lú-ulu₃ ḫa-za-ar,sux,1,ltr,Digital Humanities,TRANSMOGRIFICATION,True,False,,
dub-sar-ra-an-na-ki-a,sux,1,ltr,Digital Humanities,TRANSMOGRIFICATION,True,False,,
dub-sar-ĝeš-šu-ak,sux,1,ltr,Digital Humanities,TRANSMOGRIFICATION,True,False,,
šum-ma-di-ku₆-gal,sux,1,ltr,Digital Humanities,TRANSMOGRIFICATION,True,False,,
ĝiš-ĝiš-sag₂-ga₂-zu,sux,1,ltr,Digital Humanities,TRANSMOGRIFICATION,True,False,,
𒈹𒉣𒂵𒆠𒅕𒇻,sux,1,ltr,Digital Humanities,TRANSMOGRIFICATION,True,False,,
dhagāyākā bhāvishyā,suz,1,ltr,Digital Humanities,TRANSMOGRIFICATION,True,False,,
džigitalū humanitarė,suz,1,ltr,Digital Humanities,TRANSMOGRIFICATION,True,False,,
digitiko janaj jnanma,suz,1,ltr,Digital Humanities,TRANSMOGRIFICATION,True,False,,
komputerik humaniyatik,suz,1,ltr,Digital Humanities,TRANSMOGRIFICATION,True,False,,
binadamu dijitali,sw,1,ltr,Digital Humanities,TRANSMOGRIFICATION,True,False,,
viasili vya kielektroni,sw,1,ltr,Digital Humanities,TRANSMOGRIFICATION,True,False,,
sayansi za kidijitali za kibinadamu,sw,1,ltr,Digital Humanities,TRANSMOGRIFICATION,True,False,,
ŋɔɔm-kpaa-tɔɔŋ,sus,1,ltr,Digital Humanities,STRUCTURAL_ABSENCE,True,False,,
ubinadamu dijitali,sw,1,ltr,Digital Humanities,TRANSMOGRIFICATION,True,False,,
uhandisi wa kielektroniki,sw,1,ltr,Digital Humanities,TRANSMOGRIFICATION,True,False,,
ustaarabu wa dijitali,sw,1,ltr,Digital Humanities,TRANSMOGRIFICATION,True,False,,
ufanisi wa jamii digitali,sw,1,ltr,Digital Humanities,TRANSMOGRIFICATION,True,False,,
husika wa maoni na umani,sw,1,ltr,Digital Humanities,TRANSMOGRIFICATION,True,False,,
sayansi za kidijitali,swb,1,rtl,Digital Humanities,TRANSMOGRIFICATION,True,False,,
humanité ya dijital,swb,1,rtl,Digital Humanities,TRANSMOGRIFICATION,True,False,,
sayansi ya binadamu ya dijitali,swb,1,rtl,Digital Humanities,TRANSMOGRIFICATION,True,False,,
sanaa za kielektroniki,swb,1,rtl,Digital Humanities,TRANSMOGRIFICATION,True,False,,
muanjinidro mifanampiana ny fihavanana,swb,1,rtl,Digital Humanities,TRANSMOGRIFICATION,True,False,,
digitale geisteswissenschafta,swg,1,ltr,Digital Humanities,TRANSMOGRIFICATION,True,False,,
digidale humaniora,swg,1,ltr,Digital Humanities,TRANSMOGRIFICATION,True,False,,
digitale geischteswisseschafte,swg,1,ltr,Digital Humanities,TRANSMOGRIFICATION,True,False,,
komputasija ningi kanko,sus,1,ltr,Digital Humanities,STRUCTURAL_ABSENCE,True,False,,
tɔmɔnɛ tɔrɔ,sus,1,ltr,Digital Humanities,STRUCTURAL_ABSENCE,True,False,,
dijitaal insaaniyya,ssy,1,ltr,Digital Humanities,STRUCTURAL_ABSENCE,True,False,,
dytsjeallemoanske skriuwkeunst,stq,1,ltr,Digital Humanities,TRANSMOGRIFICATION,True,False,,
ድግጣህ አካዳሚ,ssy,1,ltr,Digital Humanities,STRUCTURAL_ABSENCE,True,False,,
dìgìtàl ìnùmanítì,ssy,1,ltr,Digital Humanities,STRUCTURAL_ABSENCE,True,False,,
dijital xumanistik,ssy,1,ltr,Digital Humanities,STRUCTURAL_ABSENCE,True,False,,
digaalada markaanadda,ssy,1,ltr,Digital Humanities,STRUCTURAL_ABSENCE,True,False,,
botho ba dijithale,st,1,ltr,Digital Humanities,STRUCTURAL_ABSENCE,True,False,,
lik'hemik'hale tseo batho ba li hlokang,st,1,ltr,Digital Humanities,STRUCTURAL_ABSENCE,True,False,,
ditheknoloji tsa botho,st,1,ltr,Digital Humanities,STRUCTURAL_ABSENCE,True,False,,
bokgoni ba botho ba dijithale,st,1,ltr,Digital Humanities,STRUCTURAL_ABSENCE,True,False,,
mabola ea dijithale,st,1,ltr,Digital Humanities,STRUCTURAL_ABSENCE,True,False,,
motsoaledi ya ditsonga,st,1,ltr,Digital Humanities,STRUCTURAL_ABSENCE,True,False,,
digitoale gäistesweetenskuppen,stq,1,ltr,Digital Humanities,TRANSMOGRIFICATION,True,False,,
digitoale humaniora,stq,1,ltr,Digital Humanities,TRANSMOGRIFICATION,True,False,,
digitale humanistieke,stq,1,ltr,Digital Humanities,TRANSMOGRIFICATION,True,False,,
digitaal minskweskunde,stq,1,ltr,Digital Humanities,TRANSMOGRIFICATION,True,False,,
dijitali adamuɲɛ,sus,1,ltr,Digital Humanities,STRUCTURAL_ABSENCE,True,False,,
digitale jantlegjengen,stq,1,ltr,Digital Humanities,TRANSMOGRIFICATION,True,False,,
stu-t'u-man-t'u,stu,1,ltr,Digital Humanities,STRUCTURAL_ABSENCE,True,False,,
ta'ikai vatai,stu,1,ltr,Digital Humanities,STRUCTURAL_ABSENCE,True,False,,
សាស្រ្តជំនុំដែលមានទឹកជ្រូក,stu,1,ltr,Digital Humanities,STRUCTURAL_ABSENCE,True,False,,
sabit adat,stu,1,ltr,Digital Humanities,STRUCTURAL_ABSENCE,True,False,,
élmu kamanusaan digital,su,1,ltr,Digital Humanities,STRUCTURAL_ABSENCE,True,False,,
jenengan elektronik,su,1,ltr,Digital Humanities,STRUCTURAL_ABSENCE,True,False,,
buhumaniti bwa kidijitali,suk,1,ltr,Digital Humanities,STRUCTURAL_ABSENCE,True,False,,
ubumanyi bwa kidijitali,suk,1,ltr,Digital Humanities,STRUCTURAL_ABSENCE,True,False,,
ujifunza wa teknolojia ya dijitali,suk,1,ltr,Digital Humanities,STRUCTURAL_ABSENCE,True,False,,
kifungu kilimo digitali,suk,1,ltr,Digital Humanities,STRUCTURAL_ABSENCE,True,False,,
umwana wa digitale,suk,1,ltr,Digital Humanities,STRUCTURAL_ABSENCE,True,False,,
karamɔgɔya nɔmɛriki,sus,1,ltr,Digital Humanities,STRUCTURAL_ABSENCE,True,False,,
malu a bantu a dijitale,lua,1,ltr,Digital Humanities,TRANSMOGRIFICATION,True,False,,
eby'omutimbagano eby'obuwangwa,lg,1,ltr,Digital Humanities,STRUCTURAL_ABSENCE,True,False,,
bitupa bia mubidi wa bantu,lua,1,ltr,Digital Humanities,TRANSMOGRIFICATION,True,False,,
humantitey sifika,crs,1,ltr,Digital Humanities,TRANSMOGRIFICATION,True,False,,
ᐦᐃᐦᑖᐏᐣ ᐦᐃᐦᑖᐏᐣ,crm,1,ltr,Digital Humanities,TRANSMOGRIFICATION,True,False,,
ᐅᑎᐦᐃᑲᓂᐢᑭᐣ ᐃᓯᐦᑖᑭᓯᐧᐃᓐ,crm,1,ltr,Digital Humanities,TRANSMOGRIFICATION,True,False,,
mashkikwadigamowin,crm,1,ltr,Digital Humanities,TRANSMOGRIFICATION,True,False,,
gidizhiwewin gizhawenimin,crm,1,ltr,Digital Humanities,TRANSMOGRIFICATION,True,False,,
niskawewikamikw atimowinakon,crm,1,ltr,Digital Humanities,TRANSMOGRIFICATION,True,False,,
numernačke humanitete,crn,1,ltr,Digital Humanities,TRANSMOGRIFICATION,True,False,,
fer sir ki zot maryaz i ganny fer,crs,1,ltr,Digital Humanities,TRANSMOGRIFICATION,True,False,,
imin dital,crs,1,ltr,Digital Humanities,TRANSMOGRIFICATION,True,False,,
limanite nimerik,crs,1,ltr,Digital Humanities,TRANSMOGRIFICATION,True,False,,
limannite numerik,crs,1,ltr,Digital Humanities,TRANSMOGRIFICATION,True,False,,
lizimante imen nimerik,crs,1,ltr,Digital Humanities,TRANSMOGRIFICATION,True,False,,
limaginasyon pou langaj,crs,1,ltr,Digital Humanities,TRANSMOGRIFICATION,True,False,,
letanm digitèl pou zistwar e kiltir,crs,1,ltr,Digital Humanities,TRANSMOGRIFICATION,True,False,,
informatik nan litiatur,crs,1,ltr,Digital Humanities,TRANSMOGRIFICATION,True,False,,
ᓀᐦᒋᑲᓂᕿᐊᐱᐃᐧᐃᐣ,csw,1,ltr,Digital Humanities,TRANSMOGRIFICATION,True,False,,
digitální humanitní vědy,cs,1,ltr,Digital Humanities,PRODUCTIVE_DISAGREEMENT,True,False,,
digitální humanity,cs,1,ltr,Digital Humanities,PRODUCTIVE_DISAGREEMENT,True,False,,
digitální umění kultury,cs,1,ltr,Digital Humanities,PRODUCTIVE_DISAGREEMENT,True,False,,
cyfrowé humanistëka,csb,1,ltr,Digital Humanities,TRANSMOGRIFICATION,True,False,,
cyfrowi humanistika,csb,1,ltr,Digital Humanities,TRANSMOGRIFICATION,True,False,,
cyfrowô humanistika,csb,1,ltr,Digital Humanities,TRANSMOGRIFICATION,True,False,,
digitôlné lëdzczé nôùczi,csb,1,ltr,Digital Humanities,TRANSMOGRIFICATION,True,False,,
humanistyka digitalna,csb,1,ltr,Digital Humanities,TRANSMOGRIFICATION,True,False,,
digitalné humanitné,csb,1,ltr,Digital Humanities,TRANSMOGRIFICATION,True,False,,
digitalnaja humanistyka,csb,1,ltr,Digital Humanities,TRANSMOGRIFICATION,True,False,,
dygitálne humanistyka,csb,1,ltr,Digital Humanities,TRANSMOGRIFICATION,True,False,,
ᑲᐦᑭᔭᐤ ᐃᓂᑯᐦᑖᐣ,csw,1,ltr,Digital Humanities,TRANSMOGRIFICATION,True,False,,
ᒪᒪᐤ ᐊᔨᒧᐎᓐ ᑭᔅᑭᓄᐊᒪᑫᐎᓐ,csw,1,ltr,Digital Humanities,TRANSMOGRIFICATION,True,False,,
ᑎᒋᑕᓪ ᐊᔨᒧᐎᓐ ᑭᔅᑫᓕᑕᒧᐎᓐ,crm,1,ltr,Digital Humanities,TRANSMOGRIFICATION,True,False,,
ᑲᓇᑕᐠ ᐃᔨᔨᐤᐦᑖᐃᐧᐣ,crm,1,ltr,Digital Humanities,TRANSMOGRIFICATION,True,False,,
kiskinowak miyomahk,crl,1,ltr,Digital Humanities,TRANSMOGRIFICATION,True,False,,
mistiskwewitâskwašinu,crl,1,ltr,Digital Humanities,TRANSMOGRIFICATION,True,False,,
diyetik mihnohtowin,crg,1,ltr,Digital Humanities,STRUCTURAL_ABSENCE,True,False,,
ракъамлы гуманитар фенлер,crh,1,ltr,Digital Humanities,TRANSMOGRIFICATION,True,False,,
dijital gumanitar bilimler,crh,1,ltr,Digital Humanities,TRANSMOGRIFICATION,True,False,,
raqamlı insaniyat,crh,1,ltr,Digital Humanities,TRANSMOGRIFICATION,True,False,,
sayısal beşeriyat,crh,1,ltr,Digital Humanities,TRANSMOGRIFICATION,True,False,,
raqamlı beşeriy ilimler,crh,1,ltr,Digital Humanities,TRANSMOGRIFICATION,True,False,,
raqamlı insaniterlik,crh,1,ltr,Digital Humanities,TRANSMOGRIFICATION,True,False,,
dijital dilalich,crh,1,ltr,Digital Humanities,TRANSMOGRIFICATION,True,False,,
ᑎᒥᔅᑭᓂᐦᐃᑲᓂᐦᐄᑭᓂᒃ ᐊᔨᒧᐎᓐ,crj,1,ltr,Digital Humanities,TRANSMOGRIFICATION,True,False,,
ᑎᒋᑕᓪ ᐊᔨᒧᐎᓐ,crj,1,ltr,Digital Humanities,TRANSMOGRIFICATION,True,False,,
ᑎᑎᐸᔨᐦᐄᑭᓂᑲᓐ ᐃᔨᔨᐤ ᐊᔨᒥᐦᐄᑭᓂᑲᓐ,crj,1,ltr,Digital Humanities,TRANSMOGRIFICATION,True,False,,
kīwīnawak pimâtisiwin,crj,1,ltr,Digital Humanities,TRANSMOGRIFICATION,True,False,,
mâci-nîhci-akwê-nîhci-wânikâw,crj,1,ltr,Digital Humanities,TRANSMOGRIFICATION,True,False,,
tsidäkwa tsmuunistawewitikanik,crj,1,ltr,Digital Humanities,TRANSMOGRIFICATION,True,False,,
iskutiniyiw-ininiw-akimowin,crj,1,ltr,Digital Humanities,TRANSMOGRIFICATION,True,False,,
ᑲᐦᑭᐦᑖᐃᐧᐣ ᐊᐢᑭᓈᐦᐃᑲᐣ,crk,1,ltr,Digital Humanities,TRANSMOGRIFICATION,True,False,,
ᒪᒪᐗᐃ ᐱᑯᐢᑭᐃᐧᐣ ᑭᐢᑭᓄᐊᒪᑫᐃᐧᐣ,crk,1,ltr,Digital Humanities,TRANSMOGRIFICATION,True,False,,
ᑭᐢᑫᓯᐣ ᐊᐢᑭᐩ ᐅᑭᒫᐏᐣ,crk,1,ltr,Digital Humanities,TRANSMOGRIFICATION,True,False,,
nēhiyawak pimatisiwin nāpewin,crk,1,ltr,Digital Humanities,TRANSMOGRIFICATION,True,False,,
mātisi-akwēk,crk,1,ltr,Digital Humanities,TRANSMOGRIFICATION,True,False,,
mistêciksiyaniyiniwak,crk,1,ltr,Digital Humanities,TRANSMOGRIFICATION,True,False,,
kisiskāciwaw iyiniw oma istowikamik,crk,1,ltr,Digital Humanities,TRANSMOGRIFICATION,True,False,,
ᑎᒥᓯᓂᒃ ᐃᓕᓐᓂᐗᐱᒻ,crl,1,ltr,Digital Humanities,TRANSMOGRIFICATION,True,False,,
ᑎᔨᑕᓪ ᐊᔨᒧᐎᓐ,crl,1,ltr,Digital Humanities,TRANSMOGRIFICATION,True,False,,
ᑎᑎᐸᔨᐦᐄᑭᓐ ᐃᔨᔨᐤ ᐊᔨᒥᐦᐄᑭᓐ,crl,1,ltr,Digital Humanities,TRANSMOGRIFICATION,True,False,,
kakivisitcimowin itewiniw,crl,1,ltr,Digital Humanities,TRANSMOGRIFICATION,True,False,,
mâci-nîhciwâcihk,crl,1,ltr,Digital Humanities,TRANSMOGRIFICATION,True,False,,
ᑭᐢᑫᔭᐦᑕᒧᐏᓇ ᐅᑭᒫᐏᐣ,csw,1,ltr,Digital Humanities,TRANSMOGRIFICATION,True,False,,
waabishkamik-nîhîm-akwew,csw,1,ltr,Digital Humanities,TRANSMOGRIFICATION,True,False,,
ciɛl yïkë thɛɛr,din,1,ltr,Digital Humanities,STRUCTURAL_ABSENCE,True,False,,
ḍiṭijāl mānavaśāstra,dcc,1,rtl,Digital Humanities,TRANSMOGRIFICATION,True,False,,
mako oceti wacipi oyate,dak,1,ltr,Digital Humanities,STRUCTURAL_ABSENCE,True,False,,
oyúȟa wašíčala čhaŋté,dak,1,ltr,Digital Humanities,STRUCTURAL_ABSENCE,True,False,,
wa<article>ni wa<mniyapi wáhantowapi,dak,1,ltr,Digital Humanities,STRUCTURAL_ABSENCE,True,False,,
wičháša wakhótiyapi oyate,dak,1,ltr,Digital Humanities,STRUCTURAL_ABSENCE,True,False,,
цифрала гуманитарла илмуби,dar,1,ltr,Digital Humanities,TRANSMOGRIFICATION,True,False,,
циферу дихъа-хъишэу,dar,1,ltr,Digital Humanities,TRANSMOGRIFICATION,True,False,,
даргвальдзийн цифрийн урсгал,dar,1,ltr,Digital Humanities,TRANSMOGRIFICATION,True,False,,
ديجيتال انسانيات,dar,1,ltr,Digital Humanities,TRANSMOGRIFICATION,True,False,,
ughanga wa dijiti,dav,1,ltr,Digital Humanities,STRUCTURAL_ABSENCE,True,False,,
hivutsi ya ng'omano,dav,1,ltr,Digital Humanities,STRUCTURAL_ABSENCE,True,False,,
kihifadhiyaji digitali,dav,1,ltr,Digital Humanities,STRUCTURAL_ABSENCE,True,False,,
diguili maendeleo wa watu,dav,1,ltr,Digital Humanities,STRUCTURAL_ABSENCE,True,False,,
ದಿಜಿಟಲ್ ಮಾನವಶಾಸ್ತ್ರ,dcc,1,rtl,Digital Humanities,TRANSMOGRIFICATION,True,False,,
digitala vishwabudhyayan,dcc,1,rtl,Digital Humanities,TRANSMOGRIFICATION,True,False,,
miskwewak kiskinowiniwin,csw,1,ltr,Digital Humanities,TRANSMOGRIFICATION,True,False,,
ಪ್ರಾಚಿನ ಮನವಾದವಾದ,dcc,1,rtl,Digital Humanities,TRANSMOGRIFICATION,True,False,,
digitale philologie,de,1,ltr,Digital Humanities,PRODUCTIVE_DISAGREEMENT,True,False,,
k’áwodi nánéht’e k’e k’áwodi nánéht’e,den,1,ltr,Digital Humanities,STRUCTURAL_ABSENCE,True,False,,
dɛgital ɔmɔnɩtɩs,den,1,ltr,Digital Humanities,STRUCTURAL_ABSENCE,True,False,,
bets'ǫ̀ įłèe k'è gots'ǫ nàowoò,dgr,1,ltr,Digital Humanities,STRUCTURAL_ABSENCE,True,False,,
tłı̨chǫ nı̨dı̨ı̨łı̨,dgr,1,ltr,Digital Humanities,STRUCTURAL_ABSENCE,True,False,,
k’àowo k’èèhchìì nàowo t’à k’èèhchìì,dgr,1,ltr,Digital Humanities,STRUCTURAL_ABSENCE,True,False,,
tłįchǫ kųę̀hı̄̀tì,dgr,1,ltr,Digital Humanities,STRUCTURAL_ABSENCE,True,False,,
dèè gùòììtìì,dgr,1,ltr,Digital Humanities,STRUCTURAL_ABSENCE,True,False,,
tsątsizík dáahtáawoosín,dgr,1,ltr,Digital Humanities,STRUCTURAL_ABSENCE,True,False,,
not available,dgr,1,ltr,Digital Humanities,STRUCTURAL_ABSENCE,True,False,,
käke raan ke dijital,din,1,ltr,Digital Humanities,STRUCTURAL_ABSENCE,True,False,,
thïn ye dijitaal,din,1,ltr,Digital Humanities,STRUCTURAL_ABSENCE,True,False,,
wóuŋspe kiŋ tȟaŋíčhiya wóuŋspe,dak,1,ltr,Digital Humanities,STRUCTURAL_ABSENCE,True,False,,
wóuŋspe tȟaŋka digital,dak,1,ltr,Digital Humanities,STRUCTURAL_ABSENCE,True,False,,
wowapi okaȟnige wičoȟ'aŋ,dak,1,ltr,Digital Humanities,STRUCTURAL_ABSENCE,True,False,,
wíyukha wóuŋspe,dak,1,ltr,Digital Humanities,STRUCTURAL_ABSENCE,True,False,,
ininiw-iskwewina-matiwinawiyik,csw,1,ltr,Digital Humanities,TRANSMOGRIFICATION,True,False,,
digital mimalte’ khensatehna,ctd,1,ltr,Digital Humanities,STRUCTURAL_ABSENCE,True,False,,
ziin hrangkai,ctd,1,ltr,Digital Humanities,STRUCTURAL_ABSENCE,True,False,,
hman-hruai-hnawm-hnan-thluh-hnawm,ctd,1,ltr,Digital Humanities,STRUCTURAL_ABSENCE,True,False,,
zihinlar tıbilisi,ctd,1,ltr,Digital Humanities,STRUCTURAL_ABSENCE,True,False,,
цифрьнаѧ человѣчьскаѧ наука,cu,1,ltr,Digital Humanities,TRANSMOGRIFICATION,True,False,,
цифровꙑ҄ѧ гоуманитарнꙑ҄ѧ наоукꙑ,cu,1,ltr,Digital Humanities,TRANSMOGRIFICATION,True,False,,
цифрьнѣ чловѣчьскы наукы,cu,1,ltr,Digital Humanities,TRANSMOGRIFICATION,True,False,,
цифровьнаѧ чловѣчьскаѧ мѫдрость,cu,1,ltr,Digital Humanities,TRANSMOGRIFICATION,True,False,,
дигиталныя людські науки,cu,1,ltr,Digital Humanities,TRANSMOGRIFICATION,True,False,,
дигиталниѧ ѥ̇сти,cu,1,ltr,Digital Humanities,TRANSMOGRIFICATION,True,False,,
дигитална гуманитарна наука,cu,1,ltr,Digital Humanities,TRANSMOGRIFICATION,True,False,,
цифра гуманитари,cv,1,ltr,Digital Humanities,TRANSMOGRIFICATION,True,False,,
цифрави гуманитарий,cv,1,ltr,Digital Humanities,TRANSMOGRIFICATION,True,False,,
цифрлă гуманитари ăслăлăхĕсем,cv,1,ltr,Digital Humanities,TRANSMOGRIFICATION,True,False,,
цифрăллă гуманитари ăслăхĕсем,cv,1,ltr,Digital Humanities,TRANSMOGRIFICATION,True,False,,
цифрăллă гуманитаристика,cv,1,ltr,Digital Humanities,TRANSMOGRIFICATION,True,False,,
диджитал түркмәл элдик маданият,cv,1,ltr,Digital Humanities,TRANSMOGRIFICATION,True,False,,
хыпарна хумланы,cv,1,ltr,Digital Humanities,TRANSMOGRIFICATION,True,False,,
ᑲᐦᑭᐘᐚᐣ ᐃᔨᔨᐤᐦᑲᐣ,cwd,1,ltr,Digital Humanities,TRANSMOGRIFICATION,True,False,,
ᒪᒪᐗᐤ ᐊᔨᒧᐎᓇ ᑭᓯᑫᔨᐦᑕᒧᐎᓇ,cwd,1,ltr,Digital Humanities,TRANSMOGRIFICATION,True,False,,
mīkwanihk ispatināwāw,cwd,1,ltr,Digital Humanities,TRANSMOGRIFICATION,True,False,,
ᑭᐢᑫᓯᐣ ᐅᐦᒋ ᐊᐢᑭᐩ ᐊᔭᒥᐦᐁᐏᐣ,cwd,1,ltr,Digital Humanities,TRANSMOGRIFICATION,True,False,,
nēpīyakwātowinikewin,cwd,1,ltr,Digital Humanities,TRANSMOGRIFICATION,True,False,,
nêhêw ê-kî-pê-têw ê-tê-têw,cwd,1,ltr,Digital Humanities,TRANSMOGRIFICATION,True,False,,
miskwewcihtowininiwak,cwd,1,ltr,Digital Humanities,TRANSMOGRIFICATION,True,False,,
nēhinaw ikwewak iskwewak kisikaw,cwd,1,ltr,Digital Humanities,TRANSMOGRIFICATION,True,False,,
l’istwar digital-a,crg,1,ltr,Digital Humanities,STRUCTURAL_ABSENCE,True,False,,
pisimwâcîkâtikôhk,crg,1,ltr,Digital Humanities,STRUCTURAL_ABSENCE,True,False,,
numériques aenishinowin,crg,1,ltr,Digital Humanities,STRUCTURAL_ABSENCE,True,False,,
rongorong me leenien kewe,chk,1,ltr,Digital Humanities,STRUCTURAL_ABSENCE,True,False,,
humanidådes dihetåt,ch,1,ltr,Digital Humanities,STRUCTURAL_ABSENCE,True,False,,
humantidades digitales,ch,1,ltr,Digital Humanities,STRUCTURAL_ABSENCE,True,False,,
humañå-åddison digital,ch,1,ltr,Digital Humanities,STRUCTURAL_ABSENCE,True,False,,
tumamaihi tinketeketan,ch,1,ltr,Digital Humanities,STRUCTURAL_ABSENCE,True,False,,
ديجيتال ئىنسانىيەت,chg,1,ltr,Digital Humanities,TRANSMOGRIFICATION,True,False,,
رقملیق علوم انسانیه,chg,1,ltr,Digital Humanities,TRANSMOGRIFICATION,True,False,,
رقملیق انسانیات,chg,1,ltr,Digital Humanities,TRANSMOGRIFICATION,True,False,,
talimlik tazminat,chg,1,ltr,Digital Humanities,TRANSMOGRIFICATION,True,False,,
teknoloqiyaviy insaniyatlar,chg,1,ltr,Digital Humanities,TRANSMOGRIFICATION,True,False,,
aramas mi digital,chk,1,ltr,Digital Humanities,STRUCTURAL_ABSENCE,True,False,,
kopwe tongeni süföliti aramas,chk,1,ltr,Digital Humanities,STRUCTURAL_ABSENCE,True,False,,
tekinolojia me aninis,chk,1,ltr,Digital Humanities,STRUCTURAL_ABSENCE,True,False,,
mwichen kompyuter me aramas,chk,1,ltr,Digital Humanities,STRUCTURAL_ABSENCE,True,False,,
mwanei mwitin,chk,1,ltr,Digital Humanities,STRUCTURAL_ABSENCE,True,False,,
li savwaar dijitaal dii moun,crg,1,ltr,Digital Humanities,STRUCTURAL_ABSENCE,True,False,,
manamwāni ĩlāpī,chk,1,ltr,Digital Humanities,STRUCTURAL_ABSENCE,True,False,,
tetekut kultural digital,chk,1,ltr,Digital Humanities,STRUCTURAL_ABSENCE,True,False,,
цифровой гуманитарный науко,chm,1,ltr,Digital Humanities,TRANSMOGRIFICATION,True,False,,
цифр гуманитар наукывлак,chm,1,ltr,Digital Humanities,TRANSMOGRIFICATION,True,False,,
цифр гуманитарлык шанче,chm,1,ltr,Digital Humanities,TRANSMOGRIFICATION,True,False,,
кодымаште культура,chm,1,ltr,Digital Humanities,TRANSMOGRIFICATION,True,False,,
hūmānī-tū-dī-dʒi-tāl,chm,1,ltr,Digital Humanities,TRANSMOGRIFICATION,True,False,,
диджиталдик тилдикlik,chm,1,ltr,Digital Humanities,TRANSMOGRIFICATION,True,False,,
humanitäsääteteknoloogia,chm,1,ltr,Digital Humanities,TRANSMOGRIFICATION,True,False,,
boston illahee mamook kʰapa tzum,chn,1,ltr,Digital Humanities,STRUCTURAL_ABSENCE,True,False,,
saghalie tlus kaltus,chn,1,ltr,Digital Humanities,STRUCTURAL_ABSENCE,True,False,,
miməlus tənəs təmtəm pus kəmtəks,chn,1,ltr,Digital Humanities,STRUCTURAL_ABSENCE,True,False,,
nexwáys sxʷalbəl,chn,1,ltr,Digital Humanities,STRUCTURAL_ABSENCE,True,False,,
humanidåt digitåt,ch,1,ltr,Digital Humanities,STRUCTURAL_ABSENCE,True,False,,
humanidåt siha na teknolohia,ch,1,ltr,Digital Humanities,STRUCTURAL_ABSENCE,True,False,,
okusoma ya kuchuki (ku) na okulabirizibwa,cgg,1,ltr,Digital Humanities,STRUCTURAL_ABSENCE,True,False,,
idimu ya kimutecani,cgg,1,ltr,Digital Humanities,STRUCTURAL_ABSENCE,True,False,,
gá:yohs ga'ná:yo's ʔyohs,cay,1,ltr,Digital Humanities,TRANSMOGRIFICATION,True,False,,
tsiiononhkaiohkwennontarho,cay,1,ltr,Digital Humanities,TRANSMOGRIFICATION,True,False,,
ohwá:ri-gà:ta-wahta,cay,1,ltr,Digital Humanities,TRANSMOGRIFICATION,True,False,,
dijital humantiyiz,cch,1,ltr,Digital Humanities,STRUCTURAL_ABSENCE,True,False,,
tɔmɛŋa tɔrɔ,cch,1,ltr,Digital Humanities,STRUCTURAL_ABSENCE,True,False,,
ʔəɬ ɬəxʷəɬ ʔəɬ ɬəxʷəɬ ɬəxʷəɬ,cch,1,ltr,Digital Humanities,STRUCTURAL_ABSENCE,True,False,,
ditigil huaminxue,cch,1,ltr,Digital Humanities,STRUCTURAL_ABSENCE,True,False,,
nyoho-teki n'atsam,cch,1,ltr,Digital Humanities,STRUCTURAL_ABSENCE,True,False,,
𑄓𑄨𑄎𑄨𑄑𑄬𑄣𑄴 𑄟𑄚𑄪𑄌𑄴𑄌𑄧𑄢𑄴𑄌𑄚𑄴,ccp,1,ltr,Digital Humanities,TRANSMOGRIFICATION,True,False,,
𑄓𑄨𑄎𑄨𑄑𑄣𑄴 𑄦𑄪𑄟𑄚𑄨𑄑𑄩𑄥𑄴,ccp,1,ltr,Digital Humanities,TRANSMOGRIFICATION,True,False,,
ডিজিটাল মানুষ্যিক বিদ্যা,ccp,1,ltr,Digital Humanities,TRANSMOGRIFICATION,True,False,,
digitil ḥumānītēs,ccp,1,ltr,Digital Humanities,TRANSMOGRIFICATION,True,False,,
ডিজিটাল ম্যানসকর,ccp,1,ltr,Digital Humanities,TRANSMOGRIFICATION,True,False,,
dìng shí kē xué,cdo,1,ltr,Digital Humanities,TRANSMOGRIFICATION,True,False,,
терахьийн гуманитаран ӏилманаш,ce,1,ltr,Digital Humanities,TRANSMOGRIFICATION,True,False,,
цифран дешар,ce,1,ltr,Digital Humanities,TRANSMOGRIFICATION,True,False,,
цифран гуманитарийн ӏилманаш,ce,1,ltr,Digital Humanities,TRANSMOGRIFICATION,True,False,,
дигиталла цӏийбар,ce,1,ltr,Digital Humanities,TRANSMOGRIFICATION,True,False,,
цифройн гуманитарш,ce,1,ltr,Digital Humanities,TRANSMOGRIFICATION,True,False,,
дигиталнә археология,ce,1,ltr,Digital Humanities,TRANSMOGRIFICATION,True,False,,
хъасан ӏумайтлар,ce,1,ltr,Digital Humanities,TRANSMOGRIFICATION,True,False,,
obuntu bwa digito,cgg,1,ltr,Digital Humanities,STRUCTURAL_ABSENCE,True,False,,
eby'obuhangwa eby'omutindigye,cgg,1,ltr,Digital Humanities,STRUCTURAL_ABSENCE,True,False,,
ebyobugabe bya dijito,cgg,1,ltr,Digital Humanities,STRUCTURAL_ABSENCE,True,False,,
eby'obwengye bya digital,cgg,1,ltr,Digital Humanities,STRUCTURAL_ABSENCE,True,False,,
obuhanga bw'omukono n'obumanyirizo,cgg,1,ltr,Digital Humanities,STRUCTURAL_ABSENCE,True,False,,
kigirabana cha digital,cgg,1,ltr,Digital Humanities,STRUCTURAL_ABSENCE,True,False,,
waykwaʔ ɬəxʷiʔnə,chn,1,ltr,Digital Humanities,STRUCTURAL_ABSENCE,True,False,,
ḵxʷəmʌθc̕ șəhč',chn,1,ltr,Digital Humanities,STRUCTURAL_ABSENCE,True,False,,
skilx lahal,chn,1,ltr,Digital Humanities,STRUCTURAL_ABSENCE,True,False,,
مرۆڤایەتییە دیجیتاڵییەکان,ckb,1,rtl,Digital Humanities,TRANSMOGRIFICATION,True,False,,
هมนوازی دیجیتال,ckb,1,rtl,Digital Humanities,TRANSMOGRIFICATION,True,False,,
مجالهای نوجوانی شناسایی,ckb,1,rtl,Digital Humanities,TRANSMOGRIFICATION,True,False,,
цифровой гуманитарной науки,ckt,1,ltr,Digital Humanities,TRANSMOGRIFICATION,True,False,,
iŋgiyaktaqtaŋaŋ,ckt,1,ltr,Digital Humanities,TRANSMOGRIFICATION,True,False,,
нэпкэҥнэр дигитэл ӱҥкӱ,ckt,1,ltr,Digital Humanities,TRANSMOGRIFICATION,True,False,,
куутчам кынкуналарын диджиталдык чагылдырмачылыгы,ckt,1,ltr,Digital Humanities,TRANSMOGRIFICATION,True,False,,
электронная людская наука,ckt,1,ltr,Digital Humanities,TRANSMOGRIFICATION,True,False,,
numeričke humanitete,cnr,1,ltr,Digital Humanities,TRANSMOGRIFICATION,True,False,,
ⲛⲉⲩⲛⲟⲩⲧⲉ ⲙⲡⲓⲇⲓⲅⲓⲧⲁⲗ,cop,1,ltr,Digital Humanities,TRANSMOGRIFICATION,True,False,,
ⲛⲓⲙⲁⲑⲏⲙⲁ ⲛ̀ⲇⲓⲅⲓⲧⲁⲗ,cop,1,ltr,Digital Humanities,TRANSMOGRIFICATION,True,False,,
ⲧⲉⲭⲛⲏ ⲛⲧⲉ ⲛⲓⲁⲛⲧⲣⲱⲡⲟⲥ ⲛⲧⲉ ⲧⲉⲭⲛⲟⲗⲟⲅⲓⲁ,cop,1,ltr,Digital Humanities,TRANSMOGRIFICATION,True,False,,
ⲛⲓⲣⲱⲙⲉⲓⲟⲛ ⲛ̀ⲧⲉ ⲡⲓⲙⲉⲧⲣⲉϥⲉⲣⲭⲣⲁⲥⲑⲁⲓ ⲛ̀ⲧⲉ ⲡⲓⲥⲁϫⲓ,cop,1,ltr,Digital Humanities,TRANSMOGRIFICATION,True,False,,
ⲧⲁⲅⲣⲓⲕ ⲧⲏⲃⲱⲧⲉ,cop,1,ltr,Digital Humanities,TRANSMOGRIFICATION,True,False,,
ϩϫϭϫ ϫⲓϭϫⲓ ⲡⲉⲣⲟⲥ,cop,1,ltr,Digital Humanities,TRANSMOGRIFICATION,True,False,,
ⲡⲉⲓⲁⲛⲧⲱⲩⲛⲓⲥⲥⲉⲙⲉ ⲕⲓⲛⲉⲧⲏⲅⲉ,cop,1,ltr,Digital Humanities,TRANSMOGRIFICATION,True,False,,
ⲧⲉⲓⲣⲏⲧ ⲛⲏⲧⲉⲙⲉⲛⲇⲣⲟⲥ,cop,1,ltr,Digital Humanities,TRANSMOGRIFICATION,True,False,,
digital nga mga humanidades,cps,1,ltr,Digital Humanities,STRUCTURAL_ABSENCE,True,False,,
dyigitala humantaydas,cps,1,ltr,Digital Humanities,STRUCTURAL_ABSENCE,True,False,,
mga taligsúk sang digital nga pagpangultura,cps,1,ltr,Digital Humanities,STRUCTURAL_ABSENCE,True,False,,
digitnal humanties,cps,1,ltr,Digital Humanities,STRUCTURAL_ABSENCE,True,False,,
ᑲᓇᑕᐚᐸᐦᑕᐦᐃᑲᐣ ᐃᓂᑯᐦᑕᒫᑯᐦᑖᐣ,cr,1,ltr,Digital Humanities,TRANSMOGRIFICATION,True,False,,
ᒪᒪᐗᐤ ᑭᐢᑫᔨᐦᑕᒧᐎᓇ,cr,1,ltr,Digital Humanities,TRANSMOGRIFICATION,True,False,,
kiskinwahamātowin ācimowinihk,cr,1,ltr,Digital Humanities,TRANSMOGRIFICATION,True,False,,
mistahi-kikinohamatowin,cr,1,ltr,Digital Humanities,TRANSMOGRIFICATION,True,False,,
akākihtāw kihewātisiwāt,cr,1,ltr,Digital Humanities,TRANSMOGRIFICATION,True,False,,
mistahi saskawewak kisiskaciwani-kahkewistawicik,cr,1,ltr,Digital Humanities,TRANSMOGRIFICATION,True,False,,
kisiskāciwaw iyiniw-iskwēwaniwak,cr,1,ltr,Digital Humanities,TRANSMOGRIFICATION,True,False,,
دکالە برایارە خانيثرە,ckb,1,rtl,Digital Humanities,TRANSMOGRIFICATION,True,False,,
زانستە مرۆییە دیجیتاڵەکان,ckb,1,rtl,Digital Humanities,TRANSMOGRIFICATION,True,False,,
nashoba holissochi,cho,1,ltr,Digital Humanities,TRANSMOGRIFICATION,True,False,,
kwaši iláskila,cic,1,ltr,Digital Humanities,TRANSMOGRIFICATION,True,False,,
tusholi holisso nan ithana,cho,1,ltr,Digital Humanities,TRANSMOGRIFICATION,True,False,,
holisso pīsa imma chihowa,cho,1,ltr,Digital Humanities,TRANSMOGRIFICATION,True,False,,
anumpa apesa hosh holisso,cho,1,ltr,Digital Humanities,TRANSMOGRIFICATION,True,False,,
okla pili okchi,cho,1,ltr,Digital Humanities,TRANSMOGRIFICATION,True,False,,
apachapna inpóki chito,cho,1,ltr,Digital Humanities,TRANSMOGRIFICATION,True,False,,
tahokvi okla mvna,cho,1,ltr,Digital Humanities,TRANSMOGRIFICATION,True,False,,
humla bilaski ishkina,cho,1,ltr,Digital Humanities,TRANSMOGRIFICATION,True,False,,
deneyu̜ łį́į́ k'e bets'ǫ nįdhé,chp,1,ltr,Digital Humanities,STRUCTURAL_ABSENCE,True,False,,
dene ts'ēdāh hı̄lı̄,chp,1,ltr,Digital Humanities,STRUCTURAL_ABSENCE,True,False,,
dene k’ę́nę́h yati k’ę́nę́h,chp,1,ltr,Digital Humanities,STRUCTURAL_ABSENCE,True,False,,
ᓂᐦᒃᑲᓂᐊᕈᐃᔭᐊᓂᐊᐸᐱᐊᐧᐃᐤ,chp,1,ltr,Digital Humanities,STRUCTURAL_ABSENCE,True,False,,
dè-k'è-tì-nè-nè-tì,chp,1,ltr,Digital Humanities,STRUCTURAL_ABSENCE,True,False,,
kwēdātīkweh ṭōnīsīwin,chp,1,ltr,Digital Humanities,STRUCTURAL_ABSENCE,True,False,,
ꮧꭷꮓꭹꮝꮧ ꭰᏸꮅ,chr,1,ltr,Digital Humanities,TRANSMOGRIFICATION,True,False,,
ꮧꮞꮝꮧ ꭰꮒᏼꮻꮿ,chr,1,ltr,Digital Humanities,TRANSMOGRIFICATION,True,False,,
ꮧ지털 ᏼꮻ,chr,1,ltr,Digital Humanities,TRANSMOGRIFICATION,True,False,,
ꮧꮅꮵꮤꮅ ꭰꮒᏼꮻ ꭰꮄ ꭰꮒꮓꭾꮝꭹ ꭰꮒꮣꮝꮣᏼꮂꮝꭹ,chr,1,ltr,Digital Humanities,TRANSMOGRIFICATION,True,False,,
ꮧꮎꮣᏹ ꭴꮥꮆꮝꭹ,chr,1,ltr,Digital Humanities,TRANSMOGRIFICATION,True,False,,
ꭰꮣꮒꭷꮅꮝꮤꮑꮧ ꭴꮥꮅꮫ,chr,1,ltr,Digital Humanities,TRANSMOGRIFICATION,True,False,,
ꮳꮃꭹ ꮳꮒꭿꮂ,chr,1,ltr,Digital Humanities,TRANSMOGRIFICATION,True,False,,
iti' chikashsha holisso'chi',cic,1,ltr,Digital Humanities,TRANSMOGRIFICATION,True,False,,
talhipa' holisso ithana,cic,1,ltr,Digital Humanities,TRANSMOGRIFICATION,True,False,,
falammi' ikbi' toli' chokma' anumpa',cic,1,ltr,Digital Humanities,TRANSMOGRIFICATION,True,False,,
anumpa aaimpa' ishtayya,cic,1,ltr,Digital Humanities,TRANSMOGRIFICATION,True,False,,
chikasha hoksholapi,cic,1,ltr,Digital Humanities,TRANSMOGRIFICATION,True,False,,
apalahtachkila huchapokni,cic,1,ltr,Digital Humanities,TRANSMOGRIFICATION,True,False,,
tsalagi tsioggi okla mvna,cic,1,ltr,Digital Humanities,TRANSMOGRIFICATION,True,False,,
jang piny ku dhuk piny,din,1,ltr,Digital Humanities,STRUCTURAL_ABSENCE,True,False,,
ŋuny aloor ku biet,din,1,ltr,Digital Humanities,STRUCTURAL_ABSENCE,True,False,,
gayę:gwa' gęhę́:nyǫ',cay,1,ltr,Digital Humanities,TRANSMOGRIFICATION,True,False,,
ndwom a ɔyɛ nsɛm a ɛfa nkɔsoɔ ho,fat,1,ltr,Digital Humanities,TRANSMOGRIFICATION,True,False,,
humanidadis digitalis,ext,1,ltr,Digital Humanities,TRANSMOGRIFICATION,True,False,,
humanidades digitaus,ext,1,ltr,Digital Humanities,TRANSMOGRIFICATION,True,False,,
مطالعات دیجیتال در علوم انسانی,fa,1,rtl,Digital Humanities,PRODUCTIVE_DISAGREEMENT,True,False,,
mekɔŋ mɛnɛ a nnam,fan,1,ltr,Digital Humanities,STRUCTURAL_ABSENCE,True,False,,
minkukh mi nnem ye digital,fan,1,ltr,Digital Humanities,STRUCTURAL_ABSENCE,True,False,,
bia'a ya digital,fan,1,ltr,Digital Humanities,STRUCTURAL_ABSENCE,True,False,,
mvôl mvôl ntanga,fan,1,ltr,Digital Humanities,STRUCTURAL_ABSENCE,True,False,,
mbumu ya nkolo ya dijitaal,fan,1,ltr,Digital Humanities,STRUCTURAL_ABSENCE,True,False,,
ŋɔɔŋ ŋɔɔŋ ŋɔɔŋ ŋɔɔŋ,fan,1,ltr,Digital Humanities,STRUCTURAL_ABSENCE,True,False,,
人工智能文学,fan,1,ltr,Digital Humanities,STRUCTURAL_ABSENCE,True,False,,
dijital nnyansa,fat,1,ltr,Digital Humanities,TRANSMOGRIFICATION,True,False,,
nwoma ne nyansa a ɛfa dijital ho,fat,1,ltr,Digital Humanities,TRANSMOGRIFICATION,True,False,,
nkyerɛkyerɛmu ne mfitiatwa a wɔde kɔmputa yɛ,fat,1,ltr,Digital Humanities,TRANSMOGRIFICATION,True,False,,
mmúrùn a mmea,fat,1,ltr,Digital Humanities,TRANSMOGRIFICATION,True,False,,
tereɓeɗoɓe fulɓe,ffm,1,ltr,Digital Humanities,TRANSMOGRIFICATION,True,False,,
ɛnsan dwumadie,fat,1,ltr,Digital Humanities,TRANSMOGRIFICATION,True,False,,
digitale huàrénxué,fat,1,ltr,Digital Humanities,TRANSMOGRIFICATION,True,False,,
nkabom nkotiafofo,fat,1,ltr,Digital Humanities,TRANSMOGRIFICATION,True,False,,
neɗɗaŋke dijital,ff,1,ltr,Digital Humanities,STRUCTURAL_ABSENCE,True,False,,
cilol nguurndam,ff,1,ltr,Digital Humanities,STRUCTURAL_ABSENCE,True,False,,
humpito noddito,ff,1,ltr,Digital Humanities,STRUCTURAL_ABSENCE,True,False,,
ganndal neɗɗaŋkeewal dijital,ff,1,ltr,Digital Humanities,STRUCTURAL_ABSENCE,True,False,,
jaaɓiɗe dijital,ff,1,ltr,Digital Humanities,STRUCTURAL_ABSENCE,True,False,,
tëddëgɛlɛmɛndɔrɔ,ff,1,ltr,Digital Humanities,STRUCTURAL_ABSENCE,True,False,,
n'dimaandu hummaane,ff,1,ltr,Digital Humanities,STRUCTURAL_ABSENCE,True,False,,
dunyaro digital,ff,1,ltr,Digital Humanities,STRUCTURAL_ABSENCE,True,False,,
humtorde dijital,ffm,1,ltr,Digital Humanities,TRANSMOGRIFICATION,True,False,,
ganndal neɗɗaagu dijital,ffm,1,ltr,Digital Humanities,TRANSMOGRIFICATION,True,False,,
humanidáis digitalis,ext,1,ltr,Digital Humanities,TRANSMOGRIFICATION,True,False,,
humanidais digitalis,ext,1,ltr,Digital Humanities,TRANSMOGRIFICATION,True,False,,
humanidaes dixitalis,ext,1,ltr,Digital Humanities,TRANSMOGRIFICATION,True,False,,
нигильэн хамаалыгыт,evn,1,ltr,Digital Humanities,TRANSMOGRIFICATION,True,False,,
ciferecaj homsciencoj,eo,1,ltr,Digital Humanities,TRANSMOGRIFICATION,True,False,,
digiĝintaj humanistikoj,eo,1,ltr,Digital Humanities,TRANSMOGRIFICATION,True,False,,
cifraj humanitaroj,eo,1,ltr,Digital Humanities,TRANSMOGRIFICATION,True,False,,
digitaj umanoj sciencoj,eo,1,ltr,Digital Humanities,TRANSMOGRIFICATION,True,False,,
tekitralallret yupiit qanruyutet,esu,1,ltr,Digital Humanities,STRUCTURAL_ABSENCE,True,False,,
yuuyaraq-llu ellamta-llu qanemcit ikayuutet,esu,1,ltr,Digital Humanities,STRUCTURAL_ABSENCE,True,False,,
digital humanistat,esu,1,ltr,Digital Humanities,STRUCTURAL_ABSENCE,True,False,,
kass'at yup'igcestun qaneryaraat,esu,1,ltr,Digital Humanities,STRUCTURAL_ABSENCE,True,False,,
sivuniq igluaq,esu,1,ltr,Digital Humanities,STRUCTURAL_ABSENCE,True,False,,
angyaviik qanrayaciirqaaq,esu,1,ltr,Digital Humanities,STRUCTURAL_ABSENCE,True,False,,
tungasergluyup igiuliget,esu,1,ltr,Digital Humanities,STRUCTURAL_ABSENCE,True,False,,
digihumanitaaria,et,1,ltr,Digital Humanities,PRODUCTIVE_DISAGREEMENT,True,False,,
digitaalsed humanitaarteadused,et,1,ltr,Digital Humanities,PRODUCTIVE_DISAGREEMENT,True,False,,
digitaalsed inimeteadused,et,1,ltr,Digital Humanities,PRODUCTIVE_DISAGREEMENT,True,False,,
digitaalne humanistika,et,1,ltr,Digital Humanities,PRODUCTIVE_DISAGREEMENT,True,False,,
digitaalne humanitood,et,1,ltr,Digital Humanities,PRODUCTIVE_DISAGREEMENT,True,False,,
humanitate digitalak,eu,1,ltr,Digital Humanities,PRODUCTIVE_DISAGREEMENT,True,False,,
gizatasun digitalak,eu,1,ltr,Digital Humanities,PRODUCTIVE_DISAGREEMENT,True,False,,
giza zientzien informatika,eu,1,ltr,Digital Humanities,PRODUCTIVE_DISAGREEMENT,True,False,,
giza zientzia digitalak,eu,1,ltr,Digital Humanities,PRODUCTIVE_DISAGREEMENT,True,False,,
arte digitalak,eu,1,ltr,Digital Humanities,PRODUCTIVE_DISAGREEMENT,True,False,,
digitale humanismoa,eu,1,ltr,Digital Humanities,PRODUCTIVE_DISAGREEMENT,True,False,,
hizkuntzarik digital humanitariak,eu,1,ltr,Digital Humanities,PRODUCTIVE_DISAGREEMENT,True,False,,
цифровой гуманитарной наукар,evn,1,ltr,Digital Humanities,TRANSMOGRIFICATION,True,False,,
сахаан дэбтэр хэлхий,evn,1,ltr,Digital Humanities,TRANSMOGRIFICATION,True,False,,
дигитал хадалаа,evn,1,ltr,Digital Humanities,TRANSMOGRIFICATION,True,False,,
диджитал дүрсөлдүүлүк,evn,1,ltr,Digital Humanities,TRANSMOGRIFICATION,True,False,,
huuɓnude anndal dijitaal,ffm,1,ltr,Digital Humanities,TRANSMOGRIFICATION,True,False,,
hukuumɓe ɗiitali,ffm,1,ltr,Digital Humanities,TRANSMOGRIFICATION,True,False,,
rëc-ciëc-muot-ëëk,din,1,ltr,Digital Humanities,STRUCTURAL_ABSENCE,True,False,,
èwé àwọn èmí àgbọ́yè,fon,1,ltr,Digital Humanities,TRANSMOGRIFICATION,True,False,,
talvísindi,fo,1,ltr,Digital Humanities,STRUCTURAL_ABSENCE,True,False,,
stafræn mannvísindi,fo,1,ltr,Digital Humanities,STRUCTURAL_ABSENCE,True,False,,
talfrøðilig humaniora,fo,1,ltr,Digital Humanities,STRUCTURAL_ABSENCE,True,False,,
døgumálfrøði,fo,1,ltr,Digital Humanities,STRUCTURAL_ABSENCE,True,False,,
digital mannarvitjum,fo,1,ltr,Digital Humanities,STRUCTURAL_ABSENCE,True,False,,
talaverkanir af deilum,fo,1,ltr,Digital Humanities,STRUCTURAL_ABSENCE,True,False,,
teknisk menniskuforskning,fo,1,ltr,Digital Humanities,STRUCTURAL_ABSENCE,True,False,,
gbɛtɔ́ dijitalu,fon,1,ltr,Digital Humanities,TRANSMOGRIFICATION,True,False,,
àsìkò àtòkpò lɔ́,fon,1,ltr,Digital Humanities,TRANSMOGRIFICATION,True,False,,
nùkúnmɛ̀ sínú amɔ̀,fon,1,ltr,Digital Humanities,TRANSMOGRIFICATION,True,False,,
gbɛtɔ kplɔ́ gbɛtɔ tɛ́ntɛn,fon,1,ltr,Digital Humanities,TRANSMOGRIFICATION,True,False,,
gbigbɔ tɔn ɖo nukɔnyiyi mɛ,fon,1,ltr,Digital Humanities,TRANSMOGRIFICATION,True,False,,
tɔŋgbɛ tɔŋgbɛ,fon,1,ltr,Digital Humanities,TRANSMOGRIFICATION,True,False,,
mwàntà àmúlẹ́-ìdájọ́,fon,1,ltr,Digital Humanities,TRANSMOGRIFICATION,True,False,,
digiital xumanities,ffm,1,ltr,Digital Humanities,TRANSMOGRIFICATION,True,False,,
sé n'yɔkpɛ,fon,1,ltr,Digital Humanities,TRANSMOGRIFICATION,True,False,,
les humanités numériques,frc,1,ltr,Digital Humanities,TRANSMOGRIFICATION,True,False,,
lumanités dijital,frc,1,ltr,Digital Humanities,TRANSMOGRIFICATION,True,False,,
humanitez digitales,frm,1,ltr,Digital Humanities,TRANSMOGRIFICATION,True,False,,
artes digitales,frm,1,ltr,Digital Humanities,TRANSMOGRIFICATION,True,False,,
arz numeraus,fro,1,ltr,Digital Humanities,STRUCTURAL_ABSENCE,True,False,,
humainz digitál,fro,1,ltr,Digital Humanities,STRUCTURAL_ABSENCE,True,False,,
sciences numériques de l'humanité,fro,1,ltr,Digital Humanities,STRUCTURAL_ABSENCE,True,False,,
humanitâts digitâles,frp,1,ltr,Digital Humanities,TRANSMOGRIFICATION,True,False,,
humanitâts numeriques,frp,1,ltr,Digital Humanities,TRANSMOGRIFICATION,True,False,,
humanitâts numèriques,frp,1,ltr,Digital Humanities,TRANSMOGRIFICATION,True,False,,
umanitè digitâles,frp,1,ltr,Digital Humanities,TRANSMOGRIFICATION,True,False,,
humanités numeriques,frp,1,ltr,Digital Humanities,TRANSMOGRIFICATION,True,False,,
talgild hugvísindi,fo,1,ltr,Digital Humanities,STRUCTURAL_ABSENCE,True,False,,
viri vaka e-sega,fj,1,ltr,Digital Humanities,TRANSMOGRIFICATION,True,False,,
tautokanikona ni digitimala,fj,1,ltr,Digital Humanities,TRANSMOGRIFICATION,True,False,,
talatala numunika ni qiqima ni vakaivakarai,fj,1,ltr,Digital Humanities,TRANSMOGRIFICATION,True,False,,
digitaaliset ihmistieteet,fi,1,ltr,Digital Humanities,PRODUCTIVE_DISAGREEMENT,True,False,,
digitaaliset humanistiset tieteet,fi,1,ltr,Digital Humanities,PRODUCTIVE_DISAGREEMENT,True,False,,
digitaalisen humanistikan,fi,1,ltr,Digital Humanities,PRODUCTIVE_DISAGREEMENT,True,False,,
digitaleen kulttuurikasvatukseen,fi,1,ltr,Digital Humanities,PRODUCTIVE_DISAGREEMENT,True,False,,
dijital ngiim,fia,1,rtl,Digital Humanities,TRANSMOGRIFICATION,True,False,,
dijitaal insaaniyaat ilim,fia,1,rtl,Digital Humanities,TRANSMOGRIFICATION,True,False,,
tɛmɛtɛrɛ tɔnɔ,fia,1,rtl,Digital Humanities,TRANSMOGRIFICATION,True,False,,
تِركِيبْ دِيجِيتَالْ,fia,1,rtl,Digital Humanities,TRANSMOGRIFICATION,True,False,,
humanitaita digitaala,fia,1,rtl,Digital Humanities,TRANSMOGRIFICATION,True,False,,
kasaysayan ng digitasyon,fil,1,ltr,Digital Humanities,STRUCTURAL_ABSENCE,True,False,,
teknolohiya ng mga tinagalan na tao,fil,1,ltr,Digital Humanities,STRUCTURAL_ABSENCE,True,False,,
digitaaliset humanistiset tietheet,fit,1,ltr,Digital Humanities,TRANSMOGRIFICATION,True,False,,
digitaalinen humanistii,fit,1,ltr,Digital Humanities,TRANSMOGRIFICATION,True,False,,
digitaalihumanistiset tiijot,fit,1,ltr,Digital Humanities,TRANSMOGRIFICATION,True,False,,
digiåldusmänniskor,fit,1,ltr,Digital Humanities,TRANSMOGRIFICATION,True,False,,
digitale huumeet,fit,1,ltr,Digital Humanities,TRANSMOGRIFICATION,True,False,,
digitaalsõd humanitaarõpõ,fiu-vro,1,ltr,Digital Humanities,TRANSMOGRIFICATION,True,False,,
digitaalsõ humanitaartiidüs,fiu-vro,1,ltr,Digital Humanities,TRANSMOGRIFICATION,True,False,,
digitaalnõ humanitaartiidüs,fiu-vro,1,ltr,Digital Humanities,TRANSMOGRIFICATION,True,False,,
digitaalõ inimistehõtüs,fiu-vro,1,ltr,Digital Humanities,TRANSMOGRIFICATION,True,False,,
digitaki ni tamata,fj,1,ltr,Digital Humanities,TRANSMOGRIFICATION,True,False,,
cata na itovo ni tamata,fj,1,ltr,Digital Humanities,TRANSMOGRIFICATION,True,False,,
vakaibalebale ni vakatagi ni komipiuta,fj,1,ltr,Digital Humanities,TRANSMOGRIFICATION,True,False,,
vakadidijitali na ivola kei na bula tamata,fj,1,ltr,Digital Humanities,TRANSMOGRIFICATION,True,False,,
vuli digitaki ni tamata,fj,1,ltr,Digital Humanities,TRANSMOGRIFICATION,True,False,,
vuku vakadigital ni tamata,fj,1,ltr,Digital Humanities,TRANSMOGRIFICATION,True,False,,
na digitale vakabula,fj,1,ltr,Digital Humanities,TRANSMOGRIFICATION,True,False,,
ciferecaj humanaj sciencoj,eo,1,ltr,Digital Humanities,TRANSMOGRIFICATION,True,False,,
ciferecaj homaroj,eo,1,ltr,Digital Humanities,TRANSMOGRIFICATION,True,False,,
ciferecaj homoj,eo,1,ltr,Digital Humanities,TRANSMOGRIFICATION,True,False,,
ye sikili bokoto,dua,1,ltr,Digital Humanities,STRUCTURAL_ABSENCE,True,False,,
"noma yiri n'digitali, noma yiri n'humaniti",dtm,1,ltr,Digital Humanities,STRUCTURAL_ABSENCE,True,False,,
koinsanaan dijital,dtp,1,ltr,Digital Humanities,STRUCTURAL_ABSENCE,True,False,,
ponginsanatan digital,dtp,1,ltr,Digital Humanities,STRUCTURAL_ABSENCE,True,False,,
teknoloji kabihanan,dtp,1,ltr,Digital Humanities,STRUCTURAL_ABSENCE,True,False,,
puruk komputer kultural,dtp,1,ltr,Digital Humanities,STRUCTURAL_ABSENCE,True,False,,
tiŋkɛlɛrɛ kʊmɔnɪkɛsɩ,dty,1,ltr,Digital Humanities,TRANSMOGRIFICATION,True,False,,
dījitāla cilvēciska,dty,1,ltr,Digital Humanities,TRANSMOGRIFICATION,True,False,,
mambɛnɛ ma bɔtɔ ma numériki,dua,1,ltr,Digital Humanities,STRUCTURAL_ABSENCE,True,False,,
bato ba digital,dua,1,ltr,Digital Humanities,STRUCTURAL_ABSENCE,True,False,,
mɛndɛ́ ma bɛlɛ́di ma dijita,dua,1,ltr,Digital Humanities,STRUCTURAL_ABSENCE,True,False,,
mɔ́kɛ̀ndi mɛ́tɛ̀,dua,1,ltr,Digital Humanities,STRUCTURAL_ABSENCE,True,False,,
ewusi dijital,dua,1,ltr,Digital Humanities,STRUCTURAL_ABSENCE,True,False,,
mbindzilé ebiyembelembe,dua,1,ltr,Digital Humanities,STRUCTURAL_ABSENCE,True,False,,
digitale consten,dum,1,ltr,Digital Humanities,TRANSMOGRIFICATION,True,False,,
ciferecaj homstudoj,eo,1,ltr,Digital Humanities,TRANSMOGRIFICATION,True,False,,
digitale menscheit,dum,1,ltr,Digital Humanities,TRANSMOGRIFICATION,True,False,,
digitale kunsten,dum,1,ltr,Digital Humanities,TRANSMOGRIFICATION,True,False,,
digitale huylant,dum,1,ltr,Digital Humanities,TRANSMOGRIFICATION,True,False,,
ދިރާގު ހިއުމަނިޓީސް އެވެ,dv,1,rtl,Digital Humanities,STRUCTURAL_ABSENCE,True,False,,
ޑިޖިޓަލް ހިއުލާންތައް,dv,1,rtl,Digital Humanities,STRUCTURAL_ABSENCE,True,False,,
ޑިޖިޓަލް އިންސާނީ ޢިލްމުތައް,dv,1,rtl,Digital Humanities,STRUCTURAL_ABSENCE,True,False,,
ޑިޖިޓަލް ހިއުމެނިޓީޒް,dv,1,rtl,Digital Humanities,STRUCTURAL_ABSENCE,True,False,,
ޑިޖިޓަލް ހިއުމަނިޓީޒް,dv,1,rtl,Digital Humanities,STRUCTURAL_ABSENCE,True,False,,
දිගිටල් මානව විද්‍යා,dv,1,rtl,Digital Humanities,STRUCTURAL_ABSENCE,True,False,,
ޑިޖިޓަލް މަދުނީއް,dv,1,rtl,Digital Humanities,STRUCTURAL_ABSENCE,True,False,,
ප්‍රධාතික මනසෝපය,dv,1,rtl,Digital Humanities,STRUCTURAL_ABSENCE,True,False,,
adamadenw ka lɔnniya,dyu,1,ltr,Digital Humanities,STRUCTURAL_ABSENCE,True,False,,
numɛriki kɛndɛya,dyu,1,ltr,Digital Humanities,STRUCTURAL_ABSENCE,True,False,,
kɛlɛn-tɔgɔ dɔgɔn,dtm,1,ltr,Digital Humanities,STRUCTURAL_ABSENCE,True,False,,
tomo kanaa jigi,dtm,1,ltr,Digital Humanities,STRUCTURAL_ABSENCE,True,False,,
dijitali yaanu kɛnɛ,dtm,1,ltr,Digital Humanities,STRUCTURAL_ABSENCE,True,False,,
dìjìtálì húmánítì,dtm,1,ltr,Digital Humanities,STRUCTURAL_ABSENCE,True,False,,
dhufudhiyada digilti,din,1,ltr,Digital Humanities,STRUCTURAL_ABSENCE,True,False,,
dhuk sudan nhialic,din,1,ltr,Digital Humanities,STRUCTURAL_ABSENCE,True,False,,
insani dijital,diq,1,ltr,Digital Humanities,TRANSMOGRIFICATION,True,False,,
înformatikayê mîtolojiyên,diq,1,ltr,Digital Humanities,TRANSMOGRIFICATION,True,False,,
digitilal dil hên,diq,1,ltr,Digital Humanities,TRANSMOGRIFICATION,True,False,,
humanitil digitali,diq,1,ltr,Digital Humanities,TRANSMOGRIFICATION,True,False,,
dijital koyra,dje,1,ltr,Digital Humanities,STRUCTURAL_ABSENCE,True,False,,
boŋ-izey kaŋ ga goy ordinateer ra,dje,1,ltr,Digital Humanities,STRUCTURAL_ABSENCE,True,False,,
fooni-diiji,dje,1,ltr,Digital Humanities,STRUCTURAL_ABSENCE,True,False,,
baytarey dijital,dje,1,ltr,Digital Humanities,STRUCTURAL_ABSENCE,True,False,,
téyoriya digitál,dje,1,ltr,Digital Humanities,STRUCTURAL_ABSENCE,True,False,,
ilmuu ɗin dijital,dje,1,ltr,Digital Humanities,STRUCTURAL_ABSENCE,True,False,,
dunumafarīn al-ḫilāfa,dje,1,ltr,Digital Humanities,STRUCTURAL_ABSENCE,True,False,,
humanitini digitaali,dje,1,ltr,Digital Humanities,STRUCTURAL_ABSENCE,True,False,,
щүзы жынвын,dng,1,ltr,Digital Humanities,TRANSMOGRIFICATION,True,False,,
数码人文,dng,1,ltr,Digital Humanities,TRANSMOGRIFICATION,True,False,,
дигитал тилләр,dng,1,ltr,Digital Humanities,TRANSMOGRIFICATION,True,False,,
диҗитал инсанлик,dng,1,ltr,Digital Humanities,TRANSMOGRIFICATION,True,False,,
дигиталдун хуманитарлук,dng,1,ltr,Digital Humanities,TRANSMOGRIFICATION,True,False,,
дигитал әндиләрлик,dng,1,ltr,Digital Humanities,TRANSMOGRIFICATION,True,False,,
dijital yumanitɛ,dnj,1,ltr,Digital Humanities,STRUCTURAL_ABSENCE,True,False,,
цифровий гуманітарний,dnj,1,ltr,Digital Humanities,STRUCTURAL_ABSENCE,True,False,,
digitalmæssige humanites,dnj,1,ltr,Digital Humanities,STRUCTURAL_ABSENCE,True,False,,
digitalne humanistiske wědomnosće,dsb,1,ltr,Digital Humanities,TRANSMOGRIFICATION,True,False,,
cyberhumanistika,dsb,1,ltr,Digital Humanities,TRANSMOGRIFICATION,True,False,,
zywědna humanistyka,dsb,1,ltr,Digital Humanities,TRANSMOGRIFICATION,True,False,,
kɔmpitɛrɛ kɛ adama yɛ,dtm,1,ltr,Digital Humanities,STRUCTURAL_ABSENCE,True,False,,
nɔmɔrɔya kunnafoniw,dyu,1,ltr,Digital Humanities,STRUCTURAL_ABSENCE,True,False,,
kɔmputa siyɛnsi,dyu,1,ltr,Digital Humanities,STRUCTURAL_ABSENCE,True,False,,
zungera bɛtɔŋbaŋ,dyu,1,ltr,Digital Humanities,STRUCTURAL_ABSENCE,True,False,,
ñwed ufọk ke dijital,efi,1,ltr,Digital Humanities,STRUCTURAL_ABSENCE,True,False,,
edikọt n̄kpọ n̄kọri,efi,1,ltr,Digital Humanities,STRUCTURAL_ABSENCE,True,False,,
imabari ime-ekpreeye,efi,1,ltr,Digital Humanities,STRUCTURAL_ABSENCE,True,False,,
ndem ọkparakpụrakpu,efi,1,ltr,Digital Humanities,STRUCTURAL_ABSENCE,True,False,,
umanitê digitàli,egl,1,ltr,Digital Humanities,STRUCTURAL_ABSENCE,True,False,,
umanistici digitàl,egl,1,ltr,Digital Humanities,STRUCTURAL_ABSENCE,True,False,,
umanitê digitâl,egl,1,ltr,Digital Humanities,STRUCTURAL_ABSENCE,True,False,,
digitale umanistika,egl,1,ltr,Digital Humanities,STRUCTURAL_ABSENCE,True,False,,
ǹwɛ̀t ɛ̀dídíɛ̀t digital,eka,1,ltr,Digital Humanities,STRUCTURAL_ABSENCE,True,False,,
ọmụmụ ihe gbasara dijitalụ,eka,1,ltr,Digital Humanities,STRUCTURAL_ABSENCE,True,False,,
n̄kwa-akwa n̄kwa-akwa,eka,1,ltr,Digital Humanities,STRUCTURAL_ABSENCE,True,False,,
kamapla bilong bokis,eka,1,ltr,Digital Humanities,STRUCTURAL_ABSENCE,True,False,,
tukutek-inngit,eka,1,ltr,Digital Humanities,STRUCTURAL_ABSENCE,True,False,,
ujenzi wa kifanaji digitali,eka,1,ltr,Digital Humanities,STRUCTURAL_ABSENCE,True,False,,
ဒေဂျီတယ်လူ့ဘာသာရပ်,eky,1,ltr,Digital Humanities,STRUCTURAL_ABSENCE,True,False,,
ၾကႈ ၿိတႉႇႄႅ,eky,1,ltr,Digital Humanities,STRUCTURAL_ABSENCE,True,False,,
hwa ree gwaa hpaa gwaa,eky,1,ltr,Digital Humanities,STRUCTURAL_ABSENCE,True,False,,
dkaw hnaing thitgyi,eky,1,ltr,Digital Humanities,STRUCTURAL_ABSENCE,True,False,,
διγλωσσσοιックές ανθρωπιστικές επιστήμες,el,1,ltr,Digital Humanities,PRODUCTIVE_DISAGREEMENT,True,False,,
διαδυτικές χρηματοδότηση,el,1,ltr,Digital Humanities,PRODUCTIVE_DISAGREEMENT,True,False,,
numismatiki kybernetika,el,1,ltr,Digital Humanities,PRODUCTIVE_DISAGREEMENT,True,False,,
digital humanities,en,1,ltr,Digital Humanities,PRODUCTIVE_DISAGREEMENT,True,False,,
digitale humanitees,enm,1,ltr,Digital Humanities,TRANSMOGRIFICATION,True,False,,
digitale humanytee,enm,1,ltr,Digital Humanities,TRANSMOGRIFICATION,True,False,,
lettre of nummys,enm,1,ltr,Digital Humanities,TRANSMOGRIFICATION,True,False,,
digne scrifte & newe wisedom,enm,1,ltr,Digital Humanities,TRANSMOGRIFICATION,True,False,,
digitale hominologies,enm,1,ltr,Digital Humanities,TRANSMOGRIFICATION,True,False,,
digtal humaynesse,enm,1,ltr,Digital Humanities,TRANSMOGRIFICATION,True,False,,
n̄wed-mbụk n̄kpọntịbe ke kọmputa,efi,1,ltr,Digital Humanities,STRUCTURAL_ABSENCE,True,False,,
ikọt ekpeme,efi,1,ltr,Digital Humanities,STRUCTURAL_ABSENCE,True,False,,
dyuluhun dunyeewa,dyu,1,ltr,Digital Humanities,STRUCTURAL_ABSENCE,True,False,,
digital obio ubọn̄ owo,efi,1,ltr,Digital Humanities,STRUCTURAL_ABSENCE,True,False,,
séwulénim digitál,dyu,1,ltr,Digital Humanities,STRUCTURAL_ABSENCE,True,False,,
དྲ་རྒྱའི་མི་རིགས།,dz,1,ltr,Digital Humanities,TRANSMOGRIFICATION,True,False,,
གཟའ་རིགས་གཞི་བཙུགས།,dz,1,ltr,Digital Humanities,TRANSMOGRIFICATION,True,False,,
ཨང་རྟགས་མི་རིགས་རིག་གནས།,dz,1,ltr,Digital Humanities,TRANSMOGRIFICATION,True,False,,
དྲ་རྒྱའི་མིའི་རིག་གནས།,dz,1,ltr,Digital Humanities,TRANSMOGRIFICATION,True,False,,
tshod-pa'i rig-sku,dz,1,ltr,Digital Humanities,TRANSMOGRIFICATION,True,False,,
རྗོད་བྱེད་རིག་པའི་དམ་འཛིན་གླིང་།,dz,1,ltr,Digital Humanities,TRANSMOGRIFICATION,True,False,,
ཐམས་ཅད་ལོངས་སྤྱོད་བཞིན་གྱི་རིགས་པ,dz,1,ltr,Digital Humanities,TRANSMOGRIFICATION,True,False,,
kɔmputəra nəmməna,dzg,1,ltr,Digital Humanities,STRUCTURAL_ABSENCE,True,False,,
tinɣaɣu zaɣ,dzg,1,ltr,Digital Humanities,STRUCTURAL_ABSENCE,True,False,,
diji-nsa humaanika,dzg,1,ltr,Digital Humanities,STRUCTURAL_ABSENCE,True,False,,
dzilwit hwnitmsn,dzg,1,ltr,Digital Humanities,STRUCTURAL_ABSENCE,True,False,,
ũũgĩ wa mariko ma kĩrĩndĩ,ebu,1,ltr,Digital Humanities,STRUCTURAL_ABSENCE,True,False,,
umenyelelo wa kĩmũthĩrĩrĩko,ebu,1,ltr,Digital Humanities,STRUCTURAL_ABSENCE,True,False,,
ũthũgũri wa andũ na tekinorojĩ,ebu,1,ltr,Digital Humanities,STRUCTURAL_ABSENCE,True,False,,
muthamaki wa digital,ebu,1,ltr,Digital Humanities,STRUCTURAL_ABSENCE,True,False,,
kĩthaka ũrĩa ĩngĩrĩrĩre,ebu,1,ltr,Digital Humanities,STRUCTURAL_ABSENCE,True,False,,
mvumbi yakelemuka,ebu,1,ltr,Digital Humanities,STRUCTURAL_ABSENCE,True,False,,
husika na mwizi wa digitali,ebu,1,ltr,Digital Humanities,STRUCTURAL_ABSENCE,True,False,,
digitál amegbetɔŋutinunya,ee,1,ltr,Digital Humanities,STRUCTURAL_ABSENCE,True,False,,
internet dzi nu siwo gbɔ míaƒe ŋutete ŋu tsoe,ee,1,ltr,Digital Humanities,STRUCTURAL_ABSENCE,True,False,,
nusɔlɔ̃madzudzɔ ƒe teknɔlɔdzi,ee,1,ltr,Digital Humanities,STRUCTURAL_ABSENCE,True,False,,
dijitɔl amegbetɔƒomenyawo,ee,1,ltr,Digital Humanities,STRUCTURAL_ABSENCE,True,False,,
amegbetɔ ƒe nudɔdɔ dzesiwo ŋuti nusɔsrɔ̃,ee,1,ltr,Digital Humanities,STRUCTURAL_ABSENCE,True,False,,
ŋɔkpɛkpɛ kpɔkpɔ,ee,1,ltr,Digital Humanities,STRUCTURAL_ABSENCE,True,False,,
ŋmeʋu ɖɔɖɔ ŋkɔ digital,ee,1,ltr,Digital Humanities,STRUCTURAL_ABSENCE,True,False,,
munsumu asiwu digital,ee,1,ltr,Digital Humanities,STRUCTURAL_ABSENCE,True,False,,
dha-ga-noh-da-go-wah,cay,1,ltr,Digital Humanities,TRANSMOGRIFICATION,True,False,,
onǫhsaˀdę́ˀshʌˀ gahsʌ́hsda̱ˀ,cay,1,ltr,Digital Humanities,TRANSMOGRIFICATION,True,False,,
digitaal geisteswetenschaften,frr,1,ltr,Digital Humanities,TRANSMOGRIFICATION,True,False,,
niitsitapiisini-makosiiksiksiyapi,arp,1,ltr,Digital Humanities,TRANSMOGRIFICATION,True,False,,
kimün digital,arn,1,ltr,Digital Humanities,STRUCTURAL_ABSENCE,True,False,,
wirintukun küzaw,arn,1,ltr,Digital Humanities,STRUCTURAL_ABSENCE,True,False,,
küllün kallampiwe,arn,1,ltr,Digital Humanities,STRUCTURAL_ABSENCE,True,False,,
rüngu newentu mayantün,arn,1,ltr,Digital Humanities,STRUCTURAL_ABSENCE,True,False,,
huantilmapuweken,arn,1,ltr,Digital Humanities,STRUCTURAL_ABSENCE,True,False,,
winkul tuki ngüillatun,arn,1,ltr,Digital Humanities,STRUCTURAL_ABSENCE,True,False,,
nii'ooke'ei3i' nii'ooke'ei3i',arp,1,ltr,Digital Humanities,TRANSMOGRIFICATION,True,False,,
hoowuuniitee niiciiheihii,arp,1,ltr,Digital Humanities,TRANSMOGRIFICATION,True,False,,
nii'eihiiho' nii'eihiiho'oe,arp,1,ltr,Digital Humanities,TRANSMOGRIFICATION,True,False,,
nih’oo3oo’ biiho’oowu’ hineniitehe’eino’,arp,1,ltr,Digital Humanities,TRANSMOGRIFICATION,True,False,,
ŋiits'éé'ooóó'e,arp,1,ltr,Digital Humanities,TRANSMOGRIFICATION,True,False,,
hénoyéwé he'éne,arp,1,ltr,Digital Humanities,TRANSMOGRIFICATION,True,False,,
níkíhewí ahasínahééh,arp,1,ltr,Digital Humanities,TRANSMOGRIFICATION,True,False,,
الادب الرقمي,arq,1,rtl,Digital Humanities,TRANSMOGRIFICATION,True,False,,
digtiguli huumaniyogi,asa,1,ltr,Digital Humanities,TRANSMOGRIFICATION,True,False,,
karina karaiñe karaiñe,arw,1,ltr,Digital Humanities,STRUCTURAL_ABSENCE,True,False,,
kamana kaiwa,arw,1,ltr,Digital Humanities,STRUCTURAL_ABSENCE,True,False,,
tainó-ñurá-reka-wara,arw,1,ltr,Digital Humanities,STRUCTURAL_ABSENCE,True,False,,
humenistis digitales,arw,1,ltr,Digital Humanities,STRUCTURAL_ABSENCE,True,False,,
الآداب الدجيتالية,ary,1,rtl,Digital Humanities,TRANSMOGRIFICATION,True,False,,
ডিজিটেল মানৱীয় বিজ্ঞান,as,1,ltr,Digital Humanities,TRANSMOGRIFICATION,True,False,,
ডিজিটেল মানৱবিদ্যা,as,1,ltr,Digital Humanities,TRANSMOGRIFICATION,True,False,,
ডিজিটাল মানৱিক বিদ্যা,as,1,ltr,Digital Humanities,TRANSMOGRIFICATION,True,False,,
ধাৰ্মিক ডিজাইন,as,1,ltr,Digital Humanities,TRANSMOGRIFICATION,True,False,,
elimu ya dijitali,asa,1,ltr,Digital Humanities,TRANSMOGRIFICATION,True,False,,
àkpàrà-òkìkí ìmọ̀-èdè,asa,1,ltr,Digital Humanities,TRANSMOGRIFICATION,True,False,,
ufundishaji wa kiteknolojia wa binadamu,asa,1,ltr,Digital Humanities,TRANSMOGRIFICATION,True,False,,
mɔŋɛtɔ́r,asa,1,ltr,Digital Humanities,TRANSMOGRIFICATION,True,False,,
taiñ kimün ka taiñ rakizuam ñi digital ruka,arn,1,ltr,Digital Humanities,STRUCTURAL_ABSENCE,True,False,,
כתובים דגיטליים,arc,1,rtl,Digital Humanities,TRANSMOGRIFICATION,True,False,,
ܐܠܦܝܣ ܕܣܘܪܝܝܐ ܩܘܠܝܠܝܬܐ,arc,1,rtl,Digital Humanities,TRANSMOGRIFICATION,True,False,,
ܠܘܚܢܐ ܕܡܟܬܒܐ,arc,1,rtl,Digital Humanities,TRANSMOGRIFICATION,True,False,,
dīġitol mannlicnesse,ang,1,ltr,Digital Humanities,TRANSMOGRIFICATION,True,False,,
cræftlicu mennisc-lār,ang,1,ltr,Digital Humanities,TRANSMOGRIFICATION,True,False,,
digel hæfnes,ang,1,ltr,Digital Humanities,TRANSMOGRIFICATION,True,False,,
ġetælcræft menniscnes,ang,1,ltr,Digital Humanities,TRANSMOGRIFICATION,True,False,,
dīgitala hūmānitas,ang,1,ltr,Digital Humanities,TRANSMOGRIFICATION,True,False,,
bēc-cræftig mann-wīsdom,ang,1,ltr,Digital Humanities,TRANSMOGRIFICATION,True,False,,
dædalra giedwisan,ang,1,ltr,Digital Humanities,TRANSMOGRIFICATION,True,False,,
digeatlice menschliht,ang,1,ltr,Digital Humanities,TRANSMOGRIFICATION,True,False,,
ụ̀fọ́k ọ̀rọ̀ íkpè ékérésiṭ,ann,1,ltr,Digital Humanities,STRUCTURAL_ABSENCE,True,False,,
ọfọn ọbọkọ ọnọ,ann,1,ltr,Digital Humanities,STRUCTURAL_ABSENCE,True,False,,
ogbe ọmọ ụwa,ann,1,ltr,Digital Humanities,STRUCTURAL_ABSENCE,True,False,,
ọdịmma nsọpụrụ nke-elekwa,ann,1,ltr,Digital Humanities,STRUCTURAL_ABSENCE,True,False,,
ndị ọbọlọ digital,ann,1,ltr,Digital Humanities,STRUCTURAL_ABSENCE,True,False,,
teknoloji insanlar bilimleri,ann,1,ltr,Digital Humanities,STRUCTURAL_ABSENCE,True,False,,
ধার্মিক ডিজিটাল,anp,1,ltr,Digital Humanities,TRANSMOGRIFICATION,True,False,,
atoni pah neno dijital,aoz,1,ltr,Digital Humanities,STRUCTURAL_ABSENCE,True,False,,
humanidade dijital,aoz,1,ltr,Digital Humanities,STRUCTURAL_ABSENCE,True,False,,
tataf manusian digital,aoz,1,ltr,Digital Humanities,STRUCTURAL_ABSENCE,True,False,,
mɛtɔmɛnɛ,aoz,1,ltr,Digital Humanities,STRUCTURAL_ABSENCE,True,False,,
ŋa’a-ŋa’a-diiŋa-ŋa’a-tɔŋɔŋ,aoz,1,ltr,Digital Humanities,STRUCTURAL_ABSENCE,True,False,,
ditigala dimanuadisi,aoz,1,ltr,Digital Humanities,STRUCTURAL_ABSENCE,True,False,,
komputerika humanistika,aoz,1,ltr,Digital Humanities,STRUCTURAL_ABSENCE,True,False,,
الادب الالكتروني,apc,1,rtl,Digital Humanities,TRANSMOGRIFICATION,True,False,,
الهنسية الرقمية,apd,1,rtl,Digital Humanities,TRANSMOGRIFICATION,True,False,,
إنسانيات رقمية,ar,1,rtl,Digital Humanities,PRODUCTIVE_DISAGREEMENT,True,False,,
العلوم البشرية,ar,1,rtl,Digital Humanities,PRODUCTIVE_DISAGREEMENT,True,False,,
ܐܢܬܪܣܘܦܝܐ ܕܝܓܝܛܠܝܬܐ,arc,1,rtl,Digital Humanities,TRANSMOGRIFICATION,True,False,,
ŋa'aŋŋa ŋa'aŋŋa,asa,1,ltr,Digital Humanities,TRANSMOGRIFICATION,True,False,,
digital-tech humanities,ase,1,ltr,Digital Humanities,STRUCTURAL_ABSENCE,True,False,,
dėgtalė žmuogėškuma,bat-smg,1,ltr,Digital Humanities,TRANSMOGRIFICATION,True,False,,
ڈیجیٹل انسانی زانت,bal,1,rtl,Digital Humanities,TRANSMOGRIFICATION,True,False,,
qamyaqta suyutiq,ay,1,ltr,Digital Humanities,STRUCTURAL_ABSENCE,True,False,,
tinkay pacha k'intsiyriyki,ay,1,ltr,Digital Humanities,STRUCTURAL_ABSENCE,True,False,,
rəqəmsal humanitar elmlər,az,1,ltr,Digital Humanities,PRODUCTIVE_DISAGREEMENT,True,False,,
insaniyyətləri,az,1,ltr,Digital Humanities,PRODUCTIVE_DISAGREEMENT,True,False,,
dijital insani elmlər,az,1,ltr,Digital Humanities,PRODUCTIVE_DISAGREEMENT,True,False,,
dijital ilimler,az,1,ltr,Digital Humanities,PRODUCTIVE_DISAGREEMENT,True,False,,
dəyiq insanlar,az,1,ltr,Digital Humanities,PRODUCTIVE_DISAGREEMENT,True,False,,
һанлы гуманитар фәндәр,ba,1,ltr,Digital Humanities,TRANSMOGRIFICATION,True,False,,
цифрлы гуманитар фәндәр,ba,1,ltr,Digital Humanities,TRANSMOGRIFICATION,True,False,,
санлы гуманитар фәндәр,ba,1,ltr,Digital Humanities,TRANSMOGRIFICATION,True,False,,
дигиталь башҡортостан фәндәре,ba,1,ltr,Digital Humanities,TRANSMOGRIFICATION,True,False,,
диджиталдык археология,ba,1,ltr,Digital Humanities,TRANSMOGRIFICATION,True,False,,
дигитал әнсамлык,ba,1,ltr,Digital Humanities,TRANSMOGRIFICATION,True,False,,
رێكخستني زانست و تكنولوجي دجيتال,bal,1,rtl,Digital Humanities,TRANSMOGRIFICATION,True,False,,
디지털 히우먼티즈,ase,1,ltr,Digital Humanities,STRUCTURAL_ABSENCE,True,False,,
kahayunan digital,ban,1,ltr,Digital Humanities,STRUCTURAL_ABSENCE,True,False,,
kultural digital,ban,1,ltr,Digital Humanities,STRUCTURAL_ABSENCE,True,False,,
bhāsā digitala manusya vidyā,bap,1,ltr,Digital Humanities,TRANSMOGRIFICATION,True,False,,
di-ji-ta-la ma-na-bi-sa,bap,1,ltr,Digital Humanities,TRANSMOGRIFICATION,True,False,,
dzidziyomuva komunita,bap,1,ltr,Digital Humanities,TRANSMOGRIFICATION,True,False,,
hamwali digitale,bap,1,ltr,Digital Humanities,TRANSMOGRIFICATION,True,False,,
digitale geisteswissnschoftn,bar,1,ltr,Digital Humanities,TRANSMOGRIFICATION,True,False,,
digitale geisteswissnschaft,bar,1,ltr,Digital Humanities,TRANSMOGRIFICATION,True,False,,
bìkàŋ bi ńlèm i kompyuta,bas,1,ltr,Digital Humanities,STRUCTURAL_ABSENCE,True,False,,
minkana ya digital,bas,1,ltr,Digital Humanities,STRUCTURAL_ABSENCE,True,False,,
bɔ́ŋgɔ́lɔ́ bwa mɛ́dɛ́nɛ́,bas,1,ltr,Digital Humanities,STRUCTURAL_ABSENCE,True,False,,
mɔ́kɛ̀lɛ̀ tɛ̂ mɛ̀nɛ̀,bas,1,ltr,Digital Humanities,STRUCTURAL_ABSENCE,True,False,,
ŋwɛŋŋ-kwaa ŋgɔɔsɔŋ,bas,1,ltr,Digital Humanities,STRUCTURAL_ABSENCE,True,False,,
yachay puktin yachay,ay,1,ltr,Digital Humanities,STRUCTURAL_ABSENCE,True,False,,
wakcha pacha kamasqa,ay,1,ltr,Digital Humanities,STRUCTURAL_ABSENCE,True,False,,
yatiñakana uñt'awi,ay,1,ltr,Digital Humanities,STRUCTURAL_ABSENCE,True,False,,
jach'a yatiñanaka uñakipawi,ay,1,ltr,Digital Humanities,STRUCTURAL_ABSENCE,True,False,,
humanidaes dixitales,ast,1,ltr,Digital Humanities,TRANSMOGRIFICATION,True,False,,
humanidaes digitales,ast,1,ltr,Digital Humanities,TRANSMOGRIFICATION,True,False,,
tipatcimo anicinape,atj,1,ltr,Digital Humanities,TRANSMOGRIFICATION,True,False,,
kitci otciparik e ici nakatakaniwok,atj,1,ltr,Digital Humanities,TRANSMOGRIFICATION,True,False,,
tipatshimowin ka-ishi-kishkikateki,atj,1,ltr,Digital Humanities,TRANSMOGRIFICATION,True,False,,
masinahikanicic e ici matce akositcik,atj,1,ltr,Digital Humanities,TRANSMOGRIFICATION,True,False,,
nakonâtewinâtciwok,atj,1,ltr,Digital Humanities,TRANSMOGRIFICATION,True,False,,
wapimahtiw nepiri,atj,1,ltr,Digital Humanities,TRANSMOGRIFICATION,True,False,,
tshishkawiskawiski tikinakwet,atj,1,ltr,Digital Humanities,TRANSMOGRIFICATION,True,False,,
inini-manitowik kiskewakan,atj,1,ltr,Digital Humanities,TRANSMOGRIFICATION,True,False,,
цифралъулал гуманитариялин абулел,av,1,ltr,Digital Humanities,TRANSMOGRIFICATION,True,False,,
цифралъул гiумру,av,1,ltr,Digital Humanities,TRANSMOGRIFICATION,True,False,,
цифроваял гуманитариял гiелмаби,av,1,ltr,Digital Humanities,TRANSMOGRIFICATION,True,False,,
цифраяб гӏадамалъул гӏелмаби,av,1,ltr,Digital Humanities,TRANSMOGRIFICATION,True,False,,
дигиталцӏамиш,av,1,ltr,Digital Humanities,TRANSMOGRIFICATION,True,False,,
дигиталнай билингвистик,av,1,ltr,Digital Humanities,TRANSMOGRIFICATION,True,False,,
khali-humanitats,av,1,ltr,Digital Humanities,TRANSMOGRIFICATION,True,False,,
digitala humani,avk,1,ltr,Digital Humanities,TRANSMOGRIFICATION,True,False,,
geltakirafa,avk,1,ltr,Digital Humanities,TRANSMOGRIFICATION,True,False,,
digitale suterot,avk,1,ltr,Digital Humanities,TRANSMOGRIFICATION,True,False,,
sugdavafa ayoparva,avk,1,ltr,Digital Humanities,TRANSMOGRIFICATION,True,False,,
tecsevrupeleem,avk,1,ltr,Digital Humanities,TRANSMOGRIFICATION,True,False,,
digitaalisen liiketoiminnan tutkimus,avk,1,ltr,Digital Humanities,TRANSMOGRIFICATION,True,False,,
digitalis humanistika,avk,1,ltr,Digital Humanities,TRANSMOGRIFICATION,True,False,,
विज्ञान कोंप्यूटर,awa,1,ltr,Digital Humanities,TRANSMOGRIFICATION,True,False,,
humanidades digitales uka tuqit yatxataña,ay,1,ltr,Digital Humanities,STRUCTURAL_ABSENCE,True,False,,
yatiqañanaka digitala,ay,1,ltr,Digital Humanities,STRUCTURAL_ABSENCE,True,False,,
humanidatz digitals,an,1,ltr,Digital Humanities,STRUCTURAL_ABSENCE,True,False,,
humanidatz dixitals,an,1,ltr,Digital Humanities,STRUCTURAL_ABSENCE,True,False,,
humanidatz dichitals,an,1,ltr,Digital Humanities,STRUCTURAL_ABSENCE,True,False,,
адыгэм ишъхьа,ady,1,ltr,Digital Humanities,TRANSMOGRIFICATION,True,False,,
ŋwɔmɛrɛ tɛŋɛ,ach,1,ltr,Digital Humanities,STRUCTURAL_ABSENCE,True,False,,
héé-tse'é-yéé-tse'é-yéé-yéé-tse'é,ach,1,ltr,Digital Humanities,STRUCTURAL_ABSENCE,True,False,,
dital humaniti,ach,1,ltr,Digital Humanities,STRUCTURAL_ABSENCE,True,False,,
omwoyo okwang'om,ach,1,ltr,Digital Humanities,STRUCTURAL_ABSENCE,True,False,,
dijitɛɛ nitsɔɔ kɛ ŋmɛɔyɔɔ,ada,1,ltr,Digital Humanities,STRUCTURAL_ABSENCE,True,False,,
adesaa miimɛ kɛ nɔ́ nɔ́ kɛ hɛnɔmi,ada,1,ltr,Digital Humanities,STRUCTURAL_ABSENCE,True,False,,
mɛtɔ́lɛ wɔ́tɔ́,ada,1,ltr,Digital Humanities,STRUCTURAL_ABSENCE,True,False,,
nuumo ŋɔɔi ŋleshie,ada,1,ltr,Digital Humanities,STRUCTURAL_ABSENCE,True,False,,
digitla hwnimanses,ada,1,ltr,Digital Humanities,STRUCTURAL_ABSENCE,True,False,,
nyansapo ne nyansapomaa,ada,1,ltr,Digital Humanities,STRUCTURAL_ABSENCE,True,False,,
цифровэ гуманитар iэщiагъэхэр,ady,1,ltr,Digital Humanities,TRANSMOGRIFICATION,True,False,,
цифрэрэ гуманитарнэ лъэныкъуэхэмрэ,ady,1,ltr,Digital Humanities,TRANSMOGRIFICATION,True,False,,
цифрэ гуманитарнэ шiэныгъэхэр,ady,1,ltr,Digital Humanities,TRANSMOGRIFICATION,True,False,,
дигитал гуманитори,ady,1,ltr,Digital Humanities,TRANSMOGRIFICATION,True,False,,
ditigilu kumanistisi,amo,1,ltr,Digital Humanities,STRUCTURAL_ABSENCE,True,False,,
диджиталдз хумантиз,ady,1,ltr,Digital Humanities,TRANSMOGRIFICATION,True,False,,
дигиталны хуманитари,ady,1,ltr,Digital Humanities,TRANSMOGRIFICATION,True,False,,
المنظور الرقمي للإنسانيات,aeb,1,rtl,Digital Humanities,TRANSMOGRIFICATION,True,False,,
digitale geesteswetenskappe,af,1,ltr,Digital Humanities,TRANSMOGRIFICATION,True,False,,
digitale menslikhede,af,1,ltr,Digital Humanities,TRANSMOGRIFICATION,True,False,,
digitale mensenwetenskappe,af,1,ltr,Digital Humanities,TRANSMOGRIFICATION,True,False,,
digitale menslike wetenskap,af,1,ltr,Digital Humanities,TRANSMOGRIFICATION,True,False,,
dijitali ubinadamu,afh,1,ltr,Digital Humanities,TRANSMOGRIFICATION,True,False,,
humanitashe digitale,afh,1,ltr,Digital Humanities,TRANSMOGRIFICATION,True,False,,
nkɔsoɔ nsɛm kakraba,afh,1,ltr,Digital Humanities,TRANSMOGRIFICATION,True,False,,
dilitig humaniti,afh,1,ltr,Digital Humanities,TRANSMOGRIFICATION,True,False,,
digitali humanistika,afh,1,ltr,Digital Humanities,TRANSMOGRIFICATION,True,False,,
ndzə̀ŋə̀ŋə̀ nə̀ mə̀kə̀ŋə̀ mə̀ nə̀ŋə̀ŋə̀,agq,1,ltr,Digital Humanities,STRUCTURAL_ABSENCE,True,False,,
dijitaal dhan-dhan pa winyo,ach,1,ltr,Digital Humanities,STRUCTURAL_ABSENCE,True,False,,
jamiro me digital,ach,1,ltr,Digital Humanities,STRUCTURAL_ABSENCE,True,False,,
ngeyo me dano ma ki komputa,ach,1,ltr,Digital Humanities,STRUCTURAL_ABSENCE,True,False,,
teknologi me yore me dano,ach,1,ltr,Digital Humanities,STRUCTURAL_ABSENCE,True,False,,
dijital insaanummata,aa,1,ltr,Digital Humanities,TRANSMOGRIFICATION,True,False,,
qandali digitaal,aa,1,ltr,Digital Humanities,TRANSMOGRIFICATION,True,False,,
dijitaal af-ka taariikhda,aa,1,ltr,Digital Humanities,TRANSMOGRIFICATION,True,False,,
dagmajiin dhaqameed,aa,1,ltr,Digital Humanities,TRANSMOGRIFICATION,True,False,,
qorri-dhamaa qajeelaa,aa,1,ltr,Digital Humanities,TRANSMOGRIFICATION,True,False,,
xidiska soomaaliga,aa,1,ltr,Digital Humanities,TRANSMOGRIFICATION,True,False,,
ацифратә гуманитартә ҵарақәа,ab,1,ltr,Digital Humanities,TRANSMOGRIFICATION,True,False,,
ацифратә гуманитартә наукақәа,ab,1,ltr,Digital Humanities,TRANSMOGRIFICATION,True,False,,
ацифратә хуманитартә ҭҵаарадырратә шьҭахқәа,ab,1,ltr,Digital Humanities,TRANSMOGRIFICATION,True,False,,
ацифралырра агуманитарра,ab,1,ltr,Digital Humanities,TRANSMOGRIFICATION,True,False,,
адигиталтә гуманитартә зҵаарақәа,ab,1,ltr,Digital Humanities,TRANSMOGRIFICATION,True,False,,
аҳәынҭқар ашәышыҟәи,ab,1,ltr,Digital Humanities,TRANSMOGRIFICATION,True,False,,
цифралл техникааблаахъуеи,ab,1,ltr,Digital Humanities,TRANSMOGRIFICATION,True,False,,
диджиталдык исламтывышы,ab,1,ltr,Digital Humanities,TRANSMOGRIFICATION,True,False,,
цифрахь гуманитартә наукақәа,abq,1,ltr,Digital Humanities,TRANSMOGRIFICATION,True,False,,
цифровой гуманитарла ӏилмӏла,abq,1,ltr,Digital Humanities,TRANSMOGRIFICATION,True,False,,
диджитал гуманитар,abq,1,ltr,Digital Humanities,TRANSMOGRIFICATION,True,False,,
цифровой гуманитарлыгьа,abq,1,ltr,Digital Humanities,TRANSMOGRIFICATION,True,False,,
абаджыртхэм,abq,1,ltr,Digital Humanities,TRANSMOGRIFICATION,True,False,,
дигитал гуманитардикæй,abq,1,ltr,Digital Humanities,TRANSMOGRIFICATION,True,False,,
дигитал ӡахьымлар,abq,1,ltr,Digital Humanities,TRANSMOGRIFICATION,True,False,,
numérique kɛ humanités,abr,1,ltr,Digital Humanities,STRUCTURAL_ABSENCE,True,False,,
kɛlɛmɔnɛ kpɛlɛ,abr,1,ltr,Digital Humanities,STRUCTURAL_ABSENCE,True,False,,
ɛbɛn nhyiamu,abr,1,ltr,Digital Humanities,STRUCTURAL_ABSENCE,True,False,,
nyansa teknoloji yenni,abr,1,ltr,Digital Humanities,STRUCTURAL_ABSENCE,True,False,,
tadabbur digital,ace,1,ltr,Digital Humanities,STRUCTURAL_ABSENCE,True,False,,
komputer sastra,ace,1,ltr,Digital Humanities,STRUCTURAL_ABSENCE,True,False,,
ndzwiŋ ŋgàŋ ŋwà'à,agq,1,ltr,Digital Humanities,STRUCTURAL_ABSENCE,True,False,,
mɔyɛŋ mɛtɛ,agq,1,ltr,Digital Humanities,STRUCTURAL_ABSENCE,True,False,,
ŋwɛŋwɛŋ ŋgɔɔm,agq,1,ltr,Digital Humanities,STRUCTURAL_ABSENCE,True,False,,
cimiĝanax̂ aĝaludax̂,ale,1,ltr,Digital Humanities,STRUCTURAL_ABSENCE,True,False,,
kadugin agitaadax̂,ale,1,ltr,Digital Humanities,STRUCTURAL_ABSENCE,True,False,,
tunugaq qanruq,ale,1,ltr,Digital Humanities,STRUCTURAL_ABSENCE,True,False,,
angyag ałigmaxĝigx̂,ale,1,ltr,Digital Humanities,STRUCTURAL_ABSENCE,True,False,,
tunulilliq ilihiliigviian,ale,1,ltr,Digital Humanities,STRUCTURAL_ABSENCE,True,False,,
kablusiak digital,ale,1,ltr,Digital Humanities,STRUCTURAL_ABSENCE,True,False,,
shkencat njerëzore digjitale,aln,1,ltr,Digital Humanities,TRANSMOGRIFICATION,True,False,,
shkencat digjitale njerëzore,aln,1,ltr,Digital Humanities,TRANSMOGRIFICATION,True,False,,
dijitala njerëzorija,aln,1,ltr,Digital Humanities,TRANSMOGRIFICATION,True,False,,
dyntikë kulturasha,aln,1,ltr,Digital Humanities,TRANSMOGRIFICATION,True,False,,
humane të digjitale,aln,1,ltr,Digital Humanities,TRANSMOGRIFICATION,True,False,,
digitale humanitäärwidusschaft,als,1,ltr,Digital Humanities,TRANSMOGRIFICATION,True,False,,
digitale menschwiss,als,1,ltr,Digital Humanities,TRANSMOGRIFICATION,True,False,,
санарлу гуманитарлу билимдер,alt,1,ltr,Digital Humanities,TRANSMOGRIFICATION,True,False,,
сандык гуманитарлык билим,alt,1,ltr,Digital Humanities,TRANSMOGRIFICATION,True,False,,
цифрлык гуманитарлык билимдер,alt,1,ltr,Digital Humanities,TRANSMOGRIFICATION,True,False,,
kööküngürüngün kül'dür,alt,1,ltr,Digital Humanities,TRANSMOGRIFICATION,True,False,,
туруг-аачынар бичии-хуу,alt,1,ltr,Digital Humanities,TRANSMOGRIFICATION,True,False,,
диджиталдик дүйнөлүк,alt,1,ltr,Digital Humanities,TRANSMOGRIFICATION,True,False,,
дигиталны әдәләр,alt,1,ltr,Digital Humanities,TRANSMOGRIFICATION,True,False,,
ዲጂታል ሰውነት,am,1,ltr,Digital Humanities,STRUCTURAL_ABSENCE,True,False,,
ዲጂታል ሰብአዊ ጥናቶች,am,1,ltr,Digital Humanities,STRUCTURAL_ABSENCE,True,False,,
ᵟኸ ᇂሐሧኚ,am,1,ltr,Digital Humanities,STRUCTURAL_ABSENCE,True,False,,
ዲጂታል ባህላዊ ጥናት,am,1,ltr,Digital Humanities,STRUCTURAL_ABSENCE,True,False,,
digital minignawonah,am,1,ltr,Digital Humanities,STRUCTURAL_ABSENCE,True,False,,
ዲግራል ሓላቢት,am,1,ltr,Digital Humanities,STRUCTURAL_ABSENCE,True,False,,
pangdigitong sining,amo,1,ltr,Digital Humanities,STRUCTURAL_ABSENCE,True,False,,
humanaĵoj numeralaj,amo,1,ltr,Digital Humanities,STRUCTURAL_ABSENCE,True,False,,
aanax̂tux̂ aleutiiĝii digital-aa,ale,1,ltr,Digital Humanities,STRUCTURAL_ABSENCE,True,False,,
humanistika digitale,akz,1,ltr,Digital Humanities,STRUCTURAL_ABSENCE,True,False,,
mvog gufaamologii,agq,1,ltr,Digital Humanities,STRUCTURAL_ABSENCE,True,False,,
dijital damas,akz,1,ltr,Digital Humanities,STRUCTURAL_ABSENCE,True,False,,
ܐܢܬܪܢܝܬܐ ܕܝܓܝܛܠܝܬܐ,aii,1,ltr,Digital Humanities,TRANSMOGRIFICATION,True,False,,
ܝܘܼܠܦܵܢܹ̈ܐ ܐ̱ܢܵܫܵܝܹ̈ܐ ܕܸܓ݂ܝܼܛܵܠܵܝܹ̈ܐ,aii,1,ltr,Digital Humanities,TRANSMOGRIFICATION,True,False,,
ܡܕܥܢܘܬܐ ܕܓܝܛܠܝܬܐ,aii,1,ltr,Digital Humanities,TRANSMOGRIFICATION,True,False,,
ܟܬܒܐ ܕܡܚܘܙܝܐ,aii,1,ltr,Digital Humanities,TRANSMOGRIFICATION,True,False,,
ܣܝ̈ܘܬܐ ܕܡܕܢܝ̈ܐ ܘܣܝ̈ܘܬܐ ܕܐܢܫܘܬܐ,aii,1,ltr,Digital Humanities,TRANSMOGRIFICATION,True,False,,
ܕܝܠܝܚܐ ܢܘܪܝܢ,aii,1,ltr,Digital Humanities,TRANSMOGRIFICATION,True,False,,
デジタル ウタㇱマチ,ain,1,ltr,Digital Humanities,TRANSMOGRIFICATION,True,False,,
テキタ アイヌイタㇰ,ain,1,ltr,Digital Humanities,TRANSMOGRIFICATION,True,False,,
カンピソシ イランカラㇷ゚ アエㇷ゚カㇱ,ain,1,ltr,Digital Humanities,TRANSMOGRIFICATION,True,False,,
kunukay iyay,ain,1,ltr,Digital Humanities,TRANSMOGRIFICATION,True,False,,
ペーシ・イナ・イナ・ウニ・ケ・シウ,ain,1,ltr,Digital Humanities,TRANSMOGRIFICATION,True,False,,
dkara usaamrra,ain,1,ltr,Digital Humanities,TRANSMOGRIFICATION,True,False,,
dijita abasobɔdeɛ,ak,1,ltr,Digital Humanities,STRUCTURAL_ABSENCE,True,False,,
digital nnipa ho adesua,ak,1,ltr,Digital Humanities,STRUCTURAL_ABSENCE,True,False,,
nnipa nsɛm ho adesua a ɛfa nkɔsoɔ mfiridwuma ho,ak,1,ltr,Digital Humanities,STRUCTURAL_ABSENCE,True,False,,
humenisi digital,ak,1,ltr,Digital Humanities,STRUCTURAL_ABSENCE,True,False,,
nkabom nti kwakuasafo nkwantanansa,ak,1,ltr,Digital Humanities,STRUCTURAL_ABSENCE,True,False,,
𒁹𒄿𒈾𒀀𒈾𒄿𒈾𒀀,akk,1,ltr,Digital Humanities,TRANSMOGRIFICATION,True,False,,
ḫisbu ša ṣibitti,akk,1,ltr,Digital Humanities,TRANSMOGRIFICATION,True,False,,
ṭupšarrūtu ša qāt mê,akk,1,ltr,Digital Humanities,TRANSMOGRIFICATION,True,False,,
awīlūtu ṣalmānu,akk,1,ltr,Digital Humanities,TRANSMOGRIFICATION,True,False,,
tārītum ša dīgir,akk,1,ltr,Digital Humanities,TRANSMOGRIFICATION,True,False,,
dìm-ma-aḫḫē-e šu-ú,akk,1,ltr,Digital Humanities,TRANSMOGRIFICATION,True,False,,
tabletsūtu numāḫu,akk,1,ltr,Digital Humanities,TRANSMOGRIFICATION,True,False,,
marduṭi šamānu šarrūti,akk,1,ltr,Digital Humanities,TRANSMOGRIFICATION,True,False,,
bakbakbi chokma isht aabachi,akz,1,ltr,Digital Humanities,STRUCTURAL_ABSENCE,True,False,,
tayka p'unchay,akz,1,ltr,Digital Humanities,STRUCTURAL_ABSENCE,True,False,,
mwariwari huini,bas,1,ltr,Digital Humanities,STRUCTURAL_ABSENCE,True,False,,
skaitmenė humanėstėka,bat-smg,1,ltr,Digital Humanities,TRANSMOGRIFICATION,True,False,,
humano-digitali,car,1,ltr,Digital Humanities,STRUCTURAL_ABSENCE,True,False,,
ډیجیټل انساني علوم,brh,1,rtl,Digital Humanities,TRANSMOGRIFICATION,True,False,,
ditigal huamini,bqv,1,ltr,Digital Humanities,STRUCTURAL_ABSENCE,True,False,,
humanitá digitália,bqv,1,ltr,Digital Humanities,STRUCTURAL_ABSENCE,True,False,,
skiantoù mab-den niverel,br,1,ltr,Digital Humanities,TRANSMOGRIFICATION,True,False,,
arzoù dizital,br,1,ltr,Digital Humanities,TRANSMOGRIFICATION,True,False,,
lennegiezh niverel,br,1,ltr,Digital Humanities,TRANSMOGRIFICATION,True,False,,
denelouriezh niverel,br,1,ltr,Digital Humanities,TRANSMOGRIFICATION,True,False,,
ardivinklizerezhioù digitel,br,1,ltr,Digital Humanities,TRANSMOGRIFICATION,True,False,,
mammennoù degemerel,br,1,ltr,Digital Humanities,TRANSMOGRIFICATION,True,False,,
dyreiniad digitaleg,br,1,ltr,Digital Humanities,TRANSMOGRIFICATION,True,False,,
kevit-matematig ar sonjaouern,br,1,ltr,Digital Humanities,TRANSMOGRIFICATION,True,False,,
dharmik sanskriti digital,bra,1,ltr,Digital Humanities,STRUCTURAL_ABSENCE,True,False,,
विराट मानव विज्ञान,bra,1,ltr,Digital Humanities,STRUCTURAL_ABSENCE,True,False,,
ڈیجیٹل انسانیاتی,brh,1,rtl,Digital Humanities,TRANSMOGRIFICATION,True,False,,
ڕێگەی دەزگەیی زانست و ئەدیباتی ئەلیکترونی,brh,1,rtl,Digital Humanities,TRANSMOGRIFICATION,True,False,,
teknoloji digitál humanitaria,bsq,1,ltr,Digital Humanities,STRUCTURAL_ABSENCE,True,False,,
دیجیٹل بشریوں کا معلوماتی حقوق,brh,1,rtl,Digital Humanities,TRANSMOGRIFICATION,True,False,,
डिजिटल मानाबिज्ञान,brx,1,ltr,Digital Humanities,STRUCTURAL_ABSENCE,True,False,,
डिजिटेल मानबिथिं,brx,1,ltr,Digital Humanities,STRUCTURAL_ABSENCE,True,False,,
डिजिटल ह्युमानिटिज,brx,1,ltr,Digital Humanities,STRUCTURAL_ABSENCE,True,False,,
ডিজিটাল মানৱীয় বিদ্যা,brx,1,ltr,Digital Humanities,STRUCTURAL_ABSENCE,True,False,,
ɔ-ɗiŋgital ɔ-nɛɛr,bsc,1,ltr,Digital Humanities,STRUCTURAL_ABSENCE,True,False,,
kɔmputa sɛnɛtɩ,bsc,1,ltr,Digital Humanities,STRUCTURAL_ABSENCE,True,False,,
bààssi ŋààndìi ŋààndìi,bsc,1,ltr,Digital Humanities,STRUCTURAL_ABSENCE,True,False,,
dijitale dëkkfònt,bsc,1,ltr,Digital Humanities,STRUCTURAL_ABSENCE,True,False,,
baasiri digitaal humaaniitii,bsc,1,ltr,Digital Humanities,STRUCTURAL_ABSENCE,True,False,,
kpɔn-ɖo-ŋmɛnɛ,bsq,1,ltr,Digital Humanities,STRUCTURAL_ABSENCE,True,False,,
dijitaal humanities,bsq,1,ltr,Digital Humanities,STRUCTURAL_ABSENCE,True,False,,
ŋgɔɔsɔɔ ŋcɛŋkɛŋ,bsq,1,ltr,Digital Humanities,STRUCTURAL_ABSENCE,True,False,,
wáŋgá-wáŋgá-kóŋó-wáŋgá-kóŋó,bqv,1,ltr,Digital Humanities,STRUCTURAL_ABSENCE,True,False,,
korokai tivakal,bqv,1,ltr,Digital Humanities,STRUCTURAL_ABSENCE,True,False,,
دیجیتال علوم بشریت,bqi,1,rtl,Digital Humanities,TRANSMOGRIFICATION,True,False,,
هندسه دیجیتال,bqi,1,rtl,Digital Humanities,TRANSMOGRIFICATION,True,False,,
hakilitigiw ni mɔgɔw ka kunnafoniw,bm,1,ltr,Digital Humanities,STRUCTURAL_ABSENCE,True,False,,
hadama fanga ni digital,bm,1,ltr,Digital Humanities,STRUCTURAL_ABSENCE,True,False,,
terejji niɔni,bm,1,ltr,Digital Humanities,STRUCTURAL_ABSENCE,True,False,,
digitaru mansa,bm,1,ltr,Digital Humanities,STRUCTURAL_ABSENCE,True,False,,
soroma sigiya,bm,1,ltr,Digital Humanities,STRUCTURAL_ABSENCE,True,False,,
yimidisibi na yirima,bm,1,ltr,Digital Humanities,STRUCTURAL_ABSENCE,True,False,,
dijitali humane,bmq,1,ltr,Digital Humanities,STRUCTURAL_ABSENCE,True,False,,
kɛmɛnɔŋ kpɛlɛ,bmq,1,ltr,Digital Humanities,STRUCTURAL_ABSENCE,True,False,,
dijital-humanita,bmq,1,ltr,Digital Humanities,STRUCTURAL_ABSENCE,True,False,,
digitale huiminjie,bmq,1,ltr,Digital Humanities,STRUCTURAL_ABSENCE,True,False,,
nyansa-twafo nkabom,bmq,1,ltr,Digital Humanities,STRUCTURAL_ABSENCE,True,False,,
ডিজিটাল মানবিক,bn,1,ltr,Digital Humanities,TRANSMOGRIFICATION,True,False,,
ডিজিটাল মানবিকী,bn,1,ltr,Digital Humanities,TRANSMOGRIFICATION,True,False,,
ডিজিটাল মানবিক শিক্ষা,bn,1,ltr,Digital Humanities,TRANSMOGRIFICATION,True,False,,
ধ数নীয় বিজ্ঞান,bn,1,ltr,Digital Humanities,TRANSMOGRIFICATION,True,False,,
ডিজিটাল ম্যানসকর্তা,bn,1,ltr,Digital Humanities,TRANSMOGRIFICATION,True,False,,
གཟའ་རིགས་གྲུབ་བརྒྱུད,bo,1,ltr,Digital Humanities,TRANSMOGRIFICATION,True,False,,
གློག་ཀླད་མི་རིགས་རིག་གནས།,bo,1,ltr,Digital Humanities,TRANSMOGRIFICATION,True,False,,
གྲངས་འཛིན་མིའི་རིག་གནས།,bo,1,ltr,Digital Humanities,TRANSMOGRIFICATION,True,False,,
དྲ་རྒྱའི་མིའི་རིག་གཞུང་།,bo,1,ltr,Digital Humanities,TRANSMOGRIFICATION,True,False,,
dpe skad rig gnas,bo,1,ltr,Digital Humanities,TRANSMOGRIFICATION,True,False,,
སྒྱུ་རྩིས་མི་འབྲས་ཡུལ་,bo,1,ltr,Digital Humanities,TRANSMOGRIFICATION,True,False,,
ཡིག་སྒོམ་པའི་བྱང་ཆུབ,bo,1,ltr,Digital Humanities,TRANSMOGRIFICATION,True,False,,
digitika ḥumānyat,bpy,1,ltr,Digital Humanities,TRANSMOGRIFICATION,True,False,,
উইডিয়াল মানব শিক্ষা,bpy,1,ltr,Digital Humanities,TRANSMOGRIFICATION,True,False,,
بومدنی علوم انسانی,bqi,1,rtl,Digital Humanities,TRANSMOGRIFICATION,True,False,,
رێزه‌ڵگه‌یه‌که‌یه‌که‌ ئه‌دیجیتال و مه‌رده‌که‌,bqi,1,rtl,Digital Humanities,TRANSMOGRIFICATION,True,False,,
dijital kultur,bsq,1,ltr,Digital Humanities,STRUCTURAL_ABSENCE,True,False,,
mbɛ́d mə́ bɛsɔ́ŋ bə kɔ́mpyútə,bss,1,ltr,Digital Humanities,STRUCTURAL_ABSENCE,True,False,,
dėdėkuomenių mokslā,bat-smg,1,ltr,Digital Humanities,TRANSMOGRIFICATION,True,False,,
ewondong ndu,byv,1,ltr,Digital Humanities,STRUCTURAL_ABSENCE,True,False,,
дэлхийн бүтээгдэхүүний уран зориулалт,bxr,1,ltr,Digital Humanities,TRANSMOGRIFICATION,True,False,,
дижитал нюутаатан,bxr,1,ltr,Digital Humanities,TRANSMOGRIFICATION,True,False,,
диджитал дүрсэлснээр эмчилгээн,bxr,1,ltr,Digital Humanities,TRANSMOGRIFICATION,True,False,,
хөдөлмөрийн хэрхэн,bxr,1,ltr,Digital Humanities,TRANSMOGRIFICATION,True,False,,
ብሊን ስነ ስርዓት ውህብቶታት,byn,1,ltr,Digital Humanities,TRANSMOGRIFICATION,True,False,,
ዲጂታል ሰብአዊ ምሁርነት,byn,1,ltr,Digital Humanities,TRANSMOGRIFICATION,True,False,,
kʉlɛmɛnɪtɪkɪ tɪmɪdɪjɪ,byn,1,ltr,Digital Humanities,TRANSMOGRIFICATION,True,False,,
tëru-dëgë-tëŋ-dëŋ,byn,1,ltr,Digital Humanities,TRANSMOGRIFICATION,True,False,,
digtiga huumaintsi,byn,1,ltr,Digital Humanities,TRANSMOGRIFICATION,True,False,,
humanitaitis digitale,byn,1,ltr,Digital Humanities,TRANSMOGRIFICATION,True,False,,
mbə̀ŋ nɨ̀ndàʼ njɨ̀ŋ,byv,1,ltr,Digital Humanities,STRUCTURAL_ABSENCE,True,False,,
mɛdʉmʉg mɛdʉmʉg mɛdʉmʉg,byv,1,ltr,Digital Humanities,STRUCTURAL_ABSENCE,True,False,,
mɛ̀yɔ́mɛ̀nɛ̀ tɛ̂kɛ̀,byv,1,ltr,Digital Humanities,STRUCTURAL_ABSENCE,True,False,,
digitale huwaministerei,byv,1,ltr,Digital Humanities,STRUCTURAL_ABSENCE,True,False,,
nììtì kììtì,bss,1,ltr,Digital Humanities,STRUCTURAL_ABSENCE,True,False,,
tulkas-telcontar ar-estelar,byv,1,ltr,Digital Humanities,STRUCTURAL_ABSENCE,True,False,,
kaaɲa tiɲɛ,bze,1,ltr,Digital Humanities,STRUCTURAL_ABSENCE,True,False,,
kalan-ɲɛfɔli ni kalan-ɲɛfɔli-kɛcogo,bze,1,ltr,Digital Humanities,STRUCTURAL_ABSENCE,True,False,,
dijitali hanuman,bze,1,ltr,Digital Humanities,STRUCTURAL_ABSENCE,True,False,,
tumanduɗoɓeɓe,bze,1,ltr,Digital Humanities,STRUCTURAL_ABSENCE,True,False,,
bɛɛdɛɛn ŋun ŋun ŋɔɔsɔɔ,bze,1,ltr,Digital Humanities,STRUCTURAL_ABSENCE,True,False,,
dijitali dimanta,bze,1,ltr,Digital Humanities,STRUCTURAL_ABSENCE,True,False,,
no exact translation available,bze,1,ltr,Digital Humanities,STRUCTURAL_ABSENCE,True,False,,
yukatan kamanari,car,1,ltr,Digital Humanities,STRUCTURAL_ABSENCE,True,False,,
karìna auran digital,car,1,ltr,Digital Humanities,STRUCTURAL_ABSENCE,True,False,,
kamɛnɛ wɔtɛrɛ,car,1,ltr,Digital Humanities,STRUCTURAL_ABSENCE,True,False,,
lèsman dijital,car,1,ltr,Digital Humanities,STRUCTURAL_ABSENCE,True,False,,
fanm santi,car,1,ltr,Digital Humanities,STRUCTURAL_ABSENCE,True,False,,
диджитал хьюманитис,bxr,1,ltr,Digital Humanities,TRANSMOGRIFICATION,True,False,,
тоон гуманитарна эрдэмүүд,bxr,1,ltr,Digital Humanities,TRANSMOGRIFICATION,True,False,,
digitaal mensweete,bvb,1,ltr,Digital Humanities,STRUCTURAL_ABSENCE,True,False,,
kɛlɛmɛnɔŋɛ kpɛlɛ,bvb,1,ltr,Digital Humanities,STRUCTURAL_ABSENCE,True,False,,
bɔ́ŋgɔ́lɔ́ bá mɛ́dɛ́nɛ́ mɛ́ ákɔ́ɔ́sɛ́,bss,1,ltr,Digital Humanities,STRUCTURAL_ABSENCE,True,False,,
mwanga' mbili ya kifalsafa,bss,1,ltr,Digital Humanities,STRUCTURAL_ABSENCE,True,False,,
ŋɔɔŋ-kɔɔŋ-bɛɛŋ-dɔŋ-ŋɔɔŋ,bss,1,ltr,Digital Humanities,STRUCTURAL_ABSENCE,True,False,,
digiital nigiti,bss,1,ltr,Digital Humanities,STRUCTURAL_ABSENCE,True,False,,
humanitaji digitale,bss,1,ltr,Digital Humanities,STRUCTURAL_ABSENCE,True,False,,
pag-aaral nin digital na kagadanan,bto,1,ltr,Digital Humanities,STRUCTURAL_ABSENCE,True,False,,
bàtì-dígìtāl,btv,1,ltr,Digital Humanities,STRUCTURAL_ABSENCE,True,False,,
sotuf siyences,btv,1,ltr,Digital Humanities,STRUCTURAL_ABSENCE,True,False,,
тоон хүнэй эрдэм ухаан,bua,1,ltr,Digital Humanities,TRANSMOGRIFICATION,True,False,,
дижитал хүмүүнлиг,bua,1,ltr,Digital Humanities,TRANSMOGRIFICATION,True,False,,
диджитал хүмүүнлиг,bua,1,ltr,Digital Humanities,TRANSMOGRIFICATION,True,False,,
дигитал хүмүүн зүй,bua,1,ltr,Digital Humanities,TRANSMOGRIFICATION,True,False,,
дижитал нюутаг уулал,bua,1,ltr,Digital Humanities,TRANSMOGRIFICATION,True,False,,
хэрэглэх энциклопедий,bua,1,ltr,Digital Humanities,TRANSMOGRIFICATION,True,False,,
wababa wawewe,buc,1,ltr,Digital Humanities,STRUCTURAL_ABSENCE,True,False,,
bushi: kambinga bilengi,buc,1,ltr,Digital Humanities,STRUCTURAL_ABSENCE,True,False,,
ŋaŋaŋa ŋaŋaŋaŋ,buc,1,ltr,Digital Humanities,STRUCTURAL_ABSENCE,True,False,,
yūjitsu ningen kagaku,buc,1,ltr,Digital Humanities,STRUCTURAL_ABSENCE,True,False,,
ᨀᨗᨑᨗᨈᨗ ᨕᨔᨙᨂᨙ,bug,1,ltr,Digital Humanities,STRUCTURAL_ABSENCE,True,False,,
kulturni digital,bug,1,ltr,Digital Humanities,STRUCTURAL_ABSENCE,True,False,,
minkukuma mi nkɔbɔ mi ntɛnɛ,bum,1,ltr,Digital Humanities,STRUCTURAL_ABSENCE,True,False,,
bikôkôlô bidi digital,bum,1,ltr,Digital Humanities,STRUCTURAL_ABSENCE,True,False,,
mvom a nlôk a nkôb a nnem,bum,1,ltr,Digital Humanities,STRUCTURAL_ABSENCE,True,False,,
ŋɔmɛrɛ kpaɣa,bum,1,ltr,Digital Humanities,STRUCTURAL_ABSENCE,True,False,,
bòtánnɛ́ bɛ́ rìbótò,bvb,1,ltr,Digital Humanities,STRUCTURAL_ABSENCE,True,False,,
bwanga bwa digital,bvb,1,ltr,Digital Humanities,STRUCTURAL_ABSENCE,True,False,,
bóólo bóólo la nkóró,bvb,1,ltr,Digital Humanities,STRUCTURAL_ABSENCE,True,False,,
dijitalu cɛninw,bm,1,ltr,Digital Humanities,STRUCTURAL_ABSENCE,True,False,,
hadamadenw ka dɔnniya nimɔrɔma,bm,1,ltr,Digital Humanities,STRUCTURAL_ABSENCE,True,False,,
văn học điện tử,blt,1,ltr,Digital Humanities,TRANSMOGRIFICATION,True,False,,
seni budaya digital,bew,1,ltr,Digital Humanities,STRUCTURAL_ABSENCE,True,False,,
dijitaal insaaniyat,bej,1,rtl,Digital Humanities,TRANSMOGRIFICATION,True,False,,
ናይ ምግባህስ ሰዲሆም,bej,1,rtl,Digital Humanities,TRANSMOGRIFICATION,True,False,,
numerek humanita,bej,1,rtl,Digital Humanities,TRANSMOGRIFICATION,True,False,,
ditigla nutsieni,bej,1,rtl,Digital Humanities,TRANSMOGRIFICATION,True,False,,
ubuntunse bwa citabo,bem,1,ltr,Digital Humanities,STRUCTURAL_ABSENCE,True,False,,
ukwiba abantu,bem,1,ltr,Digital Humanities,STRUCTURAL_ABSENCE,True,False,,
ubuntungwa bwa pa intaneti,bem,1,ltr,Digital Humanities,STRUCTURAL_ABSENCE,True,False,,
ubuntungwa bwa dijitolo,bem,1,ltr,Digital Humanities,STRUCTURAL_ABSENCE,True,False,,
umunthu wa digital,bem,1,ltr,Digital Humanities,STRUCTURAL_ABSENCE,True,False,,
mukhuku wa digital,bem,1,ltr,Digital Humanities,STRUCTURAL_ABSENCE,True,False,,
ubupindula bwa dijitali,bem,1,ltr,Digital Humanities,STRUCTURAL_ABSENCE,True,False,,
mufundishu digitaali,bem,1,ltr,Digital Humanities,STRUCTURAL_ABSENCE,True,False,,
ilmu manusia digital,bew,1,ltr,Digital Humanities,STRUCTURAL_ABSENCE,True,False,,
kɛlɛmɛnɔŋ kɛ kɩsɛrɛ,bez,1,ltr,Digital Humanities,STRUCTURAL_ABSENCE,True,False,,
dkawm laj,blt,1,ltr,Digital Humanities,TRANSMOGRIFICATION,True,False,,
bena ŋɔɔm dii,bez,1,ltr,Digital Humanities,STRUCTURAL_ABSENCE,True,False,,
digi talabtawer,bez,1,ltr,Digital Humanities,STRUCTURAL_ABSENCE,True,False,,
hamisho ya digitale mifunguni,bez,1,ltr,Digital Humanities,STRUCTURAL_ABSENCE,True,False,,
டிஜிட்டல் மனிதவியல்,bfq,1,ltr,Digital Humanities,TRANSMOGRIFICATION,True,False,,
kōḍiṭuḷa vāḻkai,bfq,1,ltr,Digital Humanities,TRANSMOGRIFICATION,True,False,,
digita manavavijñāna,bfq,1,ltr,Digital Humanities,TRANSMOGRIFICATION,True,False,,
திசைப்பு மனிதகாலை,bfq,1,ltr,Digital Humanities,TRANSMOGRIFICATION,True,False,,
ಬೆಡಿಗಲ್ ಮನವಾದ ಹಿಂಸ್ಕರಿ,bfq,1,ltr,Digital Humanities,TRANSMOGRIFICATION,True,False,,
གནས་སྐབས་གཞིས་གཞུང་དང་འབྲེལ་བའི་དངོས་གྲུབ།,bft,1,rtl,Digital Humanities,TRANSMOGRIFICATION,True,False,,
dijitāl mānuskrīt,bft,1,rtl,Digital Humanities,TRANSMOGRIFICATION,True,False,,
dijitāl vidyāvidyā,bfy,1,ltr,Digital Humanities,TRANSMOGRIFICATION,True,False,,
dʒiɗal ɗumana,bfy,1,ltr,Digital Humanities,TRANSMOGRIFICATION,True,False,,
teknoloji ya insanu wa diguwali,bfy,1,ltr,Digital Humanities,TRANSMOGRIFICATION,True,False,,
ديجتال تِمرتاي,bej,1,rtl,Digital Humanities,TRANSMOGRIFICATION,True,False,,
ترجمة غير متوفرة,bej,1,rtl,Digital Humanities,TRANSMOGRIFICATION,True,False,,
дзэйтэрыйны кантык,be-x-old,1,ltr,Digital Humanities,TRANSMOGRIFICATION,True,False,,
дыгітальная гуманістыка,be-x-old,1,ltr,Digital Humanities,TRANSMOGRIFICATION,True,False,,
skaitmeniuomenės žmogūstėškė,bat-smg,1,ltr,Digital Humanities,TRANSMOGRIFICATION,True,False,,
tinktinė humanitarijos,bat-smg,1,ltr,Digital Humanities,TRANSMOGRIFICATION,True,False,,
ɔ̀sɔ̀ŋ ŋgɔ̀mɔ̀m,bax,1,ltr,Digital Humanities,STRUCTURAL_ABSENCE,True,False,,
njǔ nshɨ̀ nùmnkɨ̀,bax,1,ltr,Digital Humanities,STRUCTURAL_ABSENCE,True,False,,
ꚳꚫꚳꚫꚳꚫ ꚳꚫꚳꚫꚳꚫ,bax,1,ltr,Digital Humanities,STRUCTURAL_ABSENCE,True,False,,
mɛyɔŋ mɛtɛlɛ,bax,1,ltr,Digital Humanities,STRUCTURAL_ABSENCE,True,False,,
ŋgwan-ŋgwan ŋwun-ŋwun,bax,1,ltr,Digital Humanities,STRUCTURAL_ABSENCE,True,False,,
mundem njedelem dimbellela digital,bax,1,ltr,Digital Humanities,STRUCTURAL_ABSENCE,True,False,,
mbonge mbonwe ya mbonge,bax,1,ltr,Digital Humanities,STRUCTURAL_ABSENCE,True,False,,
ilmu pengetahuan digital ni jolma,bbc,1,ltr,Digital Humanities,STRUCTURAL_ABSENCE,True,False,,
uran data parsaungan,bbc,1,ltr,Digital Humanities,STRUCTURAL_ABSENCE,True,False,,
purba digital,bbc,1,ltr,Digital Humanities,STRUCTURAL_ABSENCE,True,False,,
humanaite digita,bbc,1,ltr,Digital Humanities,STRUCTURAL_ABSENCE,True,False,,
sran’m be su like suanlɛ,bci,1,ltr,Digital Humanities,STRUCTURAL_ABSENCE,True,False,,
nwêlê nnɔlɔ kɔtɔn,bci,1,ltr,Digital Humanities,STRUCTURAL_ABSENCE,True,False,,
numérique nin humanités,bci,1,ltr,Digital Humanities,STRUCTURAL_ABSENCE,True,False,,
akiliɛnɛnɛ kɛ digital,bci,1,ltr,Digital Humanities,STRUCTURAL_ABSENCE,True,False,,
nglɛlɛ kpɛnngbɛn sɔ,bci,1,ltr,Digital Humanities,STRUCTURAL_ABSENCE,True,False,,
kɔmputa fàsò,bci,1,ltr,Digital Humanities,STRUCTURAL_ABSENCE,True,False,,
kpakpàn ŋgblɛ ŋgblɛ,bci,1,ltr,Digital Humanities,STRUCTURAL_ABSENCE,True,False,,
ditanilo dihumaniti,bci,1,ltr,Digital Humanities,STRUCTURAL_ABSENCE,True,False,,
mga pag - eksister nin tawo,bcl,1,ltr,Digital Humanities,STRUCTURAL_ABSENCE,True,False,,
digital na humanidad,bcl,1,ltr,Digital Humanities,STRUCTURAL_ABSENCE,True,False,,
mga humanidades digital,bcl,1,ltr,Digital Humanities,STRUCTURAL_ABSENCE,True,False,,
дыджітальныя гуманітарыі,be,1,ltr,Digital Humanities,TRANSMOGRIFICATION,True,False,,
дыгітальная гуманітарыстыка,be,1,ltr,Digital Humanities,TRANSMOGRIFICATION,True,False,,
дзэйтэрыйн гуманістыка,be,1,ltr,Digital Humanities,TRANSMOGRIFICATION,True,False,,
дигитални хуманитарни науки,bg,1,ltr,Digital Humanities,TRANSMOGRIFICATION,True,False,,
дигитални хуманитаристики,bg,1,ltr,Digital Humanities,TRANSMOGRIFICATION,True,False,,
дигитални човешки науки,bg,1,ltr,Digital Humanities,TRANSMOGRIFICATION,True,False,,
nkɨŋ ghɔ ndu nɨ kɔmpyuta,bkm,1,ltr,Digital Humanities,STRUCTURAL_ABSENCE,True,False,,
téyók tètè,bkm,1,ltr,Digital Humanities,STRUCTURAL_ABSENCE,True,False,,
ŋɔɔm diɛmɛŋ,bkm,1,ltr,Digital Humanities,STRUCTURAL_ABSENCE,True,False,,
digiitala mwathinazini,bkm,1,ltr,Digital Humanities,STRUCTURAL_ABSENCE,True,False,,
kɔ́mɔ̀ tʃɛ́n wɔ́ ɲɔ́ kɔ́mɔ̀ tʃɛ́n tʃɛ́n,bkm,1,ltr,Digital Humanities,STRUCTURAL_ABSENCE,True,False,,
digital na pag-aaral ng tao,bku,1,ltr,Digital Humanities,STRUCTURAL_ABSENCE,True,False,,
ᝆᝒᝇᝓᝑᝒ ᝆᝓᝇᝓᝑᝓᝇᝓ,bku,1,ltr,Digital Humanities,STRUCTURAL_ABSENCE,True,False,,
kasaysayan sa digital,bku,1,ltr,Digital Humanities,STRUCTURAL_ABSENCE,True,False,,
pangdigital nga kahumanag,bku,1,ltr,Digital Humanities,STRUCTURAL_ABSENCE,True,False,,
tudyo sa digitala,bku,1,ltr,Digital Humanities,STRUCTURAL_ABSENCE,True,False,,
makina panitikan,bku,1,ltr,Digital Humanities,STRUCTURAL_ABSENCE,True,False,,
iksikáí'pii niitsitapiiksi,bla,1,ltr,Digital Humanities,STRUCTURAL_ABSENCE,True,False,,
nitsikaistsi'tsimaan iiksstakioyiiksi,bla,1,ltr,Digital Humanities,STRUCTURAL_ABSENCE,True,False,,
áísínai’pi omiiksi’tsi’p,bla,1,ltr,Digital Humanities,STRUCTURAL_ABSENCE,True,False,,
akihkiksiwakihkamâtisiwin,bla,1,ltr,Digital Humanities,STRUCTURAL_ABSENCE,True,False,,
iniksuwátsima niitsitsíkwahsi,bla,1,ltr,Digital Humanities,STRUCTURAL_ABSENCE,True,False,,
napi kahkwa:mihska:tiwin,bla,1,ltr,Digital Humanities,STRUCTURAL_ABSENCE,True,False,,
kinipihtowinaan-iskwewakawin awasisikowinaan,bla,1,ltr,Digital Humanities,STRUCTURAL_ABSENCE,True,False,,
kɔmpita mɛ ɖenɖe ɖɔhun,blo,1,ltr,Digital Humanities,STRUCTURAL_ABSENCE,True,False,,
agbọ́-ìwé-àti-ìwádìí-àgbékalẹ̀,blo,1,ltr,Digital Humanities,STRUCTURAL_ABSENCE,True,False,,
aŋmɛɛnɩ kɩtɛɛnɩ yɛlɩm,blo,1,ltr,Digital Humanities,STRUCTURAL_ABSENCE,True,False,,
ŋiɣaʔaɬiʔaɬ,blo,1,ltr,Digital Humanities,STRUCTURAL_ABSENCE,True,False,,
kʷáʔaʔ ʔúʔúʔ ʔúʔúʔ ʔúʔúʔ,blo,1,ltr,Digital Humanities,STRUCTURAL_ABSENCE,True,False,,
ວິທະຍາສາດດິຈິຕອນ,blt,1,ltr,Digital Humanities,TRANSMOGRIFICATION,True,False,,
ꪫꪸꪀꪕꪱꪫꪀꪱꪣ ꪀꪱꪣꪣꪱꪕꪮꪣ,blt,1,ltr,Digital Humanities,TRANSMOGRIFICATION,True,False,,
ວິທະຍາສາດມະນຸດດິຈິຕອນ,blt,1,ltr,Digital Humanities,TRANSMOGRIFICATION,True,False,,
ʔɛeːm kʰaːm lɯŋ,blt,1,ltr,Digital Humanities,TRANSMOGRIFICATION,True,False,,
lèe-khɔ̀ɔ-sʉ̀ʉ-dɔɔ-hɔɔ-sʉ̀ʉ,blt,1,ltr,Digital Humanities,TRANSMOGRIFICATION,True,False,,
ndzəŋ ŋwà' ŋkùm,bkm,1,ltr,Digital Humanities,STRUCTURAL_ABSENCE,True,False,,
dijitāl mānviyata,bjj,1,ltr,Digital Humanities,TRANSMOGRIFICATION,True,False,,
дигитални хуманитаристика,bg,1,ltr,Digital Humanities,TRANSMOGRIFICATION,True,False,,
teknoloji digitali n'ingwomansa,bin,1,ltr,Digital Humanities,STRUCTURAL_ABSENCE,True,False,,
ડિજિટલ મનેજમેન્ટ,bgc,1,ltr,Digital Humanities,TRANSMOGRIFICATION,True,False,,
دجیتل مہارتون,bgn,1,rtl,Digital Humanities,TRANSMOGRIFICATION,True,False,,
رێكخوازه‌ي ديجيتال,bgn,1,rtl,Digital Humanities,TRANSMOGRIFICATION,True,False,,
دیجیتال بشهریوت,bgn,1,rtl,Digital Humanities,TRANSMOGRIFICATION,True,False,,
dijital insaniyetler,bgx,1,ltr,Digital Humanities,STRUCTURAL_ABSENCE,True,False,,
sayısal insanlık bilimleri,bgx,1,ltr,Digital Humanities,STRUCTURAL_ABSENCE,True,False,,
диджитал хуманитарлык,bgx,1,ltr,Digital Humanities,STRUCTURAL_ABSENCE,True,False,,
sanat ve insanat iletişimi,bgx,1,ltr,Digital Humanities,STRUCTURAL_ABSENCE,True,False,,
dijital dilbilim,bgx,1,ltr,Digital Humanities,STRUCTURAL_ABSENCE,True,False,,
ḍijiṭal manav-śastr,bhb,1,ltr,Digital Humanities,TRANSMOGRIFICATION,True,False,,
छापत मानव विज्ञान,bhb,1,ltr,Digital Humanities,TRANSMOGRIFICATION,True,False,,
ḍigital manunā,bhi,1,ltr,Digital Humanities,STRUCTURAL_ABSENCE,True,False,,
दिलिटल ह्यूमनाइटीज,bhi,1,ltr,Digital Humanities,STRUCTURAL_ABSENCE,True,False,,
ol fasin blong man we oli no isi,bi,1,ltr,Digital Humanities,STRUCTURAL_ABSENCE,True,False,,
saed blong humaniti we i yusum digital teknoloji,bi,1,ltr,Digital Humanities,STRUCTURAL_ABSENCE,True,False,,
humanties bilokal,bi,1,ltr,Digital Humanities,STRUCTURAL_ABSENCE,True,False,,
im humanities digital,bi,1,ltr,Digital Humanities,STRUCTURAL_ABSENCE,True,False,,
digitim huamini,bi,1,ltr,Digital Humanities,STRUCTURAL_ABSENCE,True,False,,
humana ol sembeti,bi,1,ltr,Digital Humanities,STRUCTURAL_ABSENCE,True,False,,
sarong humanidad digital,bik,1,ltr,Digital Humanities,STRUCTURAL_ABSENCE,True,False,,
mga pag-aaral sa digital na pagkatao,bik,1,ltr,Digital Humanities,STRUCTURAL_ABSENCE,True,False,,
ọghe ẹmwi ọkpa komputa,bin,1,ltr,Digital Humanities,STRUCTURAL_ABSENCE,True,False,,
ẹ̀kọ́ àgbáyé tí a fi ẹ̀rọ̀ ṣe,bin,1,ltr,Digital Humanities,STRUCTURAL_ABSENCE,True,False,,
ọmwan-ẹdo nọ ọkọkọ,bin,1,ltr,Digital Humanities,STRUCTURAL_ABSENCE,True,False,,
ọnọ̀ ọmọnẹ́ ọ̀hẹnẹ̀,bin,1,ltr,Digital Humanities,STRUCTURAL_ABSENCE,True,False,,
ìgìgìọ́ ẹ̀kún,bin,1,ltr,Digital Humanities,STRUCTURAL_ABSENCE,True,False,,
dijital dilbilimleri,bin,1,ltr,Digital Humanities,STRUCTURAL_ABSENCE,True,False,,
digitale humanistiken,frr,1,ltr,Digital Humanities,TRANSMOGRIFICATION,True,False,,
digitaal humaniteeten,frr,1,ltr,Digital Humanities,TRANSMOGRIFICATION,True,False,,
malu a bantu a ku enternete,lua,1,ltr,Digital Humanities,TRANSMOGRIFICATION,True,False,,
цифровӧй гуманитарнӧй наукаэз,koi,1,ltr,Digital Humanities,TRANSMOGRIFICATION,True,False,,
ಡಿಜಿಟಲ್ ಹ್ಯುಮಾನಿಟೀಸ್,kn,1,ltr,Digital Humanities,TRANSMOGRIFICATION,True,False,,
ಡಿಜಿಟಲ್ ಮಾನವಿಕ ಶಾಸ್ತ್ರಗಳು,kn,1,ltr,Digital Humanities,TRANSMOGRIFICATION,True,False,,
ಸಂಕೇತೀಯ ಮಾನವಿಕ学,kn,1,ltr,Digital Humanities,TRANSMOGRIFICATION,True,False,,
ಡಿಜಿಟಲ್ ಮನಸ್ಸ್ವಿನಿಕೆ,kn,1,ltr,Digital Humanities,TRANSMOGRIFICATION,True,False,,
dijital humano,knf,1,ltr,Digital Humanities,STRUCTURAL_ABSENCE,True,False,,
kuɗumɛŋɔ kɔlɔmɛ,knf,1,ltr,Digital Humanities,STRUCTURAL_ABSENCE,True,False,,
dijital ʔɨnani,knf,1,ltr,Digital Humanities,STRUCTURAL_ABSENCE,True,False,,
muhumani digitana,knf,1,ltr,Digital Humanities,STRUCTURAL_ABSENCE,True,False,,
humanitats digil,knf,1,ltr,Digital Humanities,STRUCTURAL_ABSENCE,True,False,,
digtal bhumika,knn,1,ltr,Digital Humanities,TRANSMOGRIFICATION,True,False,,
ಡಿಜಿಟಲ್ ಮನಸ್ಕರ್ಷಿಕ,knn,1,ltr,Digital Humanities,TRANSMOGRIFICATION,True,False,,
디지털 인문학,ko,1,ltr,Digital Humanities,PRODUCTIVE_DISAGREEMENT,True,False,,
호백 총울을 사시침,ko,1,ltr,Digital Humanities,PRODUCTIVE_DISAGREEMENT,True,False,,
цифраӧн гуманитарӧн,koi,1,ltr,Digital Humanities,TRANSMOGRIFICATION,True,False,,
gbiyaa luyan-dunyea,kpe,1,ltr,Digital Humanities,STRUCTURAL_ABSENCE,True,False,,
цифраа гуманитарнӧй наукаэз,koi,1,ltr,Digital Humanities,TRANSMOGRIFICATION,True,False,,
дигитальные гуманитарии,koi,1,ltr,Digital Humanities,TRANSMOGRIFICATION,True,False,,
дигитальны жанарылама,koi,1,ltr,Digital Humanities,TRANSMOGRIFICATION,True,False,,
digtitala manushyavishva vignan,kok,1,ltr,Digital Humanities,TRANSMOGRIFICATION,True,False,,
ಜಿಡಿಟಲ್ ಮನವಾದತೆ,kok,1,ltr,Digital Humanities,TRANSMOGRIFICATION,True,False,,
mwet luti ke kompyuta,kos,1,ltr,Digital Humanities,STRUCTURAL_ABSENCE,True,False,,
sikrihk pahpah met,kos,1,ltr,Digital Humanities,STRUCTURAL_ABSENCE,True,False,,
kamalit kastom bilong teknoloji,kos,1,ltr,Digital Humanities,STRUCTURAL_ABSENCE,True,False,,
mwan'wun e-lōk,kos,1,ltr,Digital Humanities,STRUCTURAL_ABSENCE,True,False,,
digitale huumaniyatu,kos,1,ltr,Digital Humanities,STRUCTURAL_ABSENCE,True,False,,
kɔmputa-kɛ́ɣá pɔ́lɔ ɓelai,kpe,1,ltr,Digital Humanities,STRUCTURAL_ABSENCE,True,False,,
kɔlɔŋ kpɛlɛɛ kpɛlɛɛ,kpe,1,ltr,Digital Humanities,STRUCTURAL_ABSENCE,True,False,,
kpɛlɛɛ kpɔŋ kɔlɔŋ kɛɛ,kpe,1,ltr,Digital Humanities,STRUCTURAL_ABSENCE,True,False,,
ಡಿಜಿಟಲ್ ಮಾನವಿಕಗಳು,kn,1,ltr,Digital Humanities,TRANSMOGRIFICATION,True,False,,
kukanda ya dijitáli,kmb,1,ltr,Digital Humanities,STRUCTURAL_ABSENCE,True,False,,
muxima wa tekinologia ya kimbundu,kmb,1,ltr,Digital Humanities,STRUCTURAL_ABSENCE,True,False,,
mahamba a dijitale,kmb,1,ltr,Digital Humanities,STRUCTURAL_ABSENCE,True,False,,
цифрлық гуманитаристика,kk,1,ltr,Digital Humanities,TRANSMOGRIFICATION,True,False,,
цифрлық гуманитарлық зерттеулер,kk,1,ltr,Digital Humanities,TRANSMOGRIFICATION,True,False,,
диджиталдық ғылымдар,kk,1,ltr,Digital Humanities,TRANSMOGRIFICATION,True,False,,
дигитальные гуманитарные науки,kk,1,ltr,Digital Humanities,TRANSMOGRIFICATION,True,False,,
mɛndɛ́ŋ ɛ́ mɛkɔ́ŋ ɛ́ bɛ́lɛ́,kkj,1,ltr,Digital Humanities,STRUCTURAL_ABSENCE,True,False,,
kakɔmɛnɛtɩkɩ ɖɔmɛnɛsɩ,kkj,1,ltr,Digital Humanities,STRUCTURAL_ABSENCE,True,False,,
dhigitali nanu,kkj,1,ltr,Digital Humanities,STRUCTURAL_ABSENCE,True,False,,
digitalimik inuussutissarsiorneq,kl,1,ltr,Digital Humanities,TRANSMOGRIFICATION,True,False,,
digitalimik inuiaqatigiinnik ilisimatusarneq,kl,1,ltr,Digital Humanities,TRANSMOGRIFICATION,True,False,,
inuiaqqat ilinniartitaanerat digitaliusut,kl,1,ltr,Digital Humanities,TRANSMOGRIFICATION,True,False,,
digitaliusi humaniora,kl,1,ltr,Digital Humanities,TRANSMOGRIFICATION,True,False,,
atuakkiortut inuiaqatigiit,kl,1,ltr,Digital Humanities,TRANSMOGRIFICATION,True,False,,
nukissut atuakkiaq,kl,1,ltr,Digital Humanities,TRANSMOGRIFICATION,True,False,,
ileqqortuunikuut,kl,1,ltr,Digital Humanities,TRANSMOGRIFICATION,True,False,,
digitale mímanngittiteqatigiissuseqatigissarneqqutit,kl,1,ltr,Digital Humanities,TRANSMOGRIFICATION,True,False,,
sinendet ak teknolojisiek,kln,1,ltr,Digital Humanities,STRUCTURAL_ABSENCE,True,False,,
nyakaloliatab kibindab kompyuta,kln,1,ltr,Digital Humanities,STRUCTURAL_ABSENCE,True,False,,
kibendo ne biktaab,kln,1,ltr,Digital Humanities,STRUCTURAL_ABSENCE,True,False,,
tunaweza kijamii,kln,1,ltr,Digital Humanities,STRUCTURAL_ABSENCE,True,False,,
koomosik kitala,kln,1,ltr,Digital Humanities,STRUCTURAL_ABSENCE,True,False,,
kipinyezi ya kimutaa digital,kln,1,ltr,Digital Humanities,STRUCTURAL_ABSENCE,True,False,,
មនុស្សធម៌ឌីជីថល។,km,1,ltr,Digital Humanities,STRUCTURAL_ABSENCE,True,False,,
មនុស្សវិទ្យាឌីជីថល,km,1,ltr,Digital Humanities,STRUCTURAL_ABSENCE,True,False,,
មនុស្ससាស្ត្រឌីជីថល,km,1,ltr,Digital Humanities,STRUCTURAL_ABSENCE,True,False,,
វិទ្យាសាស្ត្រដែលមានប្រព័ន្ធ,km,1,ltr,Digital Humanities,STRUCTURAL_ABSENCE,True,False,,
វិជ្ជាជីវៈឌីជីថល,km,1,ltr,Digital Humanities,STRUCTURAL_ABSENCE,True,False,,
សាម្ពរទីធំដិផ្នែក,km,1,ltr,Digital Humanities,STRUCTURAL_ABSENCE,True,False,,
gbe'e ŋbɔŋ ŋbɔŋ,kpe,1,ltr,Digital Humanities,STRUCTURAL_ABSENCE,True,False,,
libertye digitali,kpe,1,ltr,Digital Humanities,STRUCTURAL_ABSENCE,True,False,,
санлы гуманитар билимлер,kum,1,ltr,Digital Humanities,TRANSMOGRIFICATION,True,False,,
ndiŋgɛl ŋgɛl-ŋgɛl,ksf,1,ltr,Digital Humanities,STRUCTURAL_ABSENCE,True,False,,
digitali humanitietit,krl,1,ltr,Digital Humanities,TRANSMOGRIFICATION,True,False,,
திக்கு மென் அறிவியல்,kru,1,ltr,Digital Humanities,STRUCTURAL_ABSENCE,True,False,,
ḍigital manush ḍiŋga,kru,1,ltr,Digital Humanities,STRUCTURAL_ABSENCE,True,False,,
మాద్యమిక మనవసీయతలు,kru,1,ltr,Digital Humanities,STRUCTURAL_ABSENCE,True,False,,
ڈِجِٹَل اِنسانیات,ks,1,rtl,Digital Humanities,TRANSMOGRIFICATION,True,False,,
ufundi wa kibinadamu wa dijiti,ksb,1,ltr,Digital Humanities,TRANSMOGRIFICATION,True,False,,
zhilakai tivuwa,ksb,1,ltr,Digital Humanities,TRANSMOGRIFICATION,True,False,,
𐓛𐓘𐓛𐓙𐓛 𐓛𐓘𐓛𐓙𐓛𐓣𐓛𐓘𐓛𐓙𐓛,ksb,1,ltr,Digital Humanities,TRANSMOGRIFICATION,True,False,,
dzindabandabu,ksb,1,ltr,Digital Humanities,TRANSMOGRIFICATION,True,False,,
kompyuta-ingisani njinga,ksb,1,ltr,Digital Humanities,TRANSMOGRIFICATION,True,False,,
bɨ́kàŋ bí ǹtɛ̀ŋ bí digital,ksf,1,ltr,Digital Humanities,STRUCTURAL_ABSENCE,True,False,,
bɛ́ɛ́ mɛ́nɛ́ nkɔ́ŋ nkɔ́ŋ,ksf,1,ltr,Digital Humanities,STRUCTURAL_ABSENCE,True,False,,
mɛ̀yɔ́mɛ̀nɛ̀ tɛ̂kɛ̀lɛ́,ksf,1,ltr,Digital Humanities,STRUCTURAL_ABSENCE,True,False,,
ndipet ọkpa afiọwet,ksf,1,ltr,Digital Humanities,STRUCTURAL_ABSENCE,True,False,,
ilmu adamganabe zamanbe,kr,1,ltr,Digital Humanities,STRUCTURAL_ABSENCE,True,False,,
digital huhmannaade,ksh,1,ltr,Digital Humanities,STRUCTURAL_ABSENCE,True,False,,
dijjitahl jeisteswesseschaffe,ksh,1,ltr,Digital Humanities,STRUCTURAL_ABSENCE,True,False,,
digitaal minscheweßeschaffte,ksh,1,ltr,Digital Humanities,STRUCTURAL_ABSENCE,True,False,,
digitaal humaniß,ksh,1,ltr,Digital Humanities,STRUCTURAL_ABSENCE,True,False,,
digitale humaneetik,ksh,1,ltr,Digital Humanities,STRUCTURAL_ABSENCE,True,False,,
mirovahiyên dîjîtal,ku,1,ltr,Digital Humanities,STRUCTURAL_ABSENCE,True,False,,
humanities dîjîtal,ku,1,ltr,Digital Humanities,STRUCTURAL_ABSENCE,True,False,,
زانستە مرۆڤییە دیجیتاڵەکان,ku,1,ltr,Digital Humanities,STRUCTURAL_ABSENCE,True,False,,
زانستە دیجیتاڵییەکانی مرۆڤایەتی,ku,1,ltr,Digital Humanities,STRUCTURAL_ABSENCE,True,False,,
mirovnasîya dîjîtal,ku,1,ltr,Digital Humanities,STRUCTURAL_ABSENCE,True,False,,
bingehînên dijîtî,ku,1,ltr,Digital Humanities,STRUCTURAL_ABSENCE,True,False,,
nermalîya dijîtal,ku,1,ltr,Digital Humanities,STRUCTURAL_ABSENCE,True,False,,
humanî digital,ku,1,ltr,Digital Humanities,STRUCTURAL_ABSENCE,True,False,,
digitaalihumanistika,krl,1,ltr,Digital Humanities,TRANSMOGRIFICATION,True,False,,
digitaalhumanistinen tiento,krl,1,ltr,Digital Humanities,TRANSMOGRIFICATION,True,False,,
digitaaline humanitarižed tiedotehtendat,krl,1,ltr,Digital Humanities,TRANSMOGRIFICATION,True,False,,
digitaalizet humanitariet,krl,1,ltr,Digital Humanities,TRANSMOGRIFICATION,True,False,,
dijital mutanen duniya,kr,1,ltr,Digital Humanities,STRUCTURAL_ABSENCE,True,False,,
dijital kəltuwa,kr,1,ltr,Digital Humanities,STRUCTURAL_ABSENCE,True,False,,
dijital danƙwai,kr,1,ltr,Digital Humanities,STRUCTURAL_ABSENCE,True,False,,
tɔmɛrɛnɛ dɪjɪtɑl,kr,1,ltr,Digital Humanities,STRUCTURAL_ABSENCE,True,False,,
dìjital ìyàlàm,kr,1,ltr,Digital Humanities,STRUCTURAL_ABSENCE,True,False,,
digitaj ḥamānyar,kr,1,ltr,Digital Humanities,STRUCTURAL_ABSENCE,True,False,,
humanitisi digitaal,kr,1,ltr,Digital Humanities,STRUCTURAL_ABSENCE,True,False,,
санлы гуманитар илмула,krc,1,ltr,Digital Humanities,TRANSMOGRIFICATION,True,False,,
санлы адамны игилиги,krc,1,ltr,Digital Humanities,TRANSMOGRIFICATION,True,False,,
цифра гуманитар билимле,krc,1,ltr,Digital Humanities,TRANSMOGRIFICATION,True,False,,
digitalniy insanitar,krc,1,ltr,Digital Humanities,TRANSMOGRIFICATION,True,False,,
дигитал къуллугъат,krc,1,ltr,Digital Humanities,TRANSMOGRIFICATION,True,False,,
диджиталдик гуманитарлык,krc,1,ltr,Digital Humanities,TRANSMOGRIFICATION,True,False,,
хэл һызылык,krc,1,ltr,Digital Humanities,TRANSMOGRIFICATION,True,False,,
dijital yumantis,kri,1,ltr,Digital Humanities,STRUCTURAL_ABSENCE,True,False,,
di digital humanitis,kri,1,ltr,Digital Humanities,STRUCTURAL_ABSENCE,True,False,,
dijital yumanti,kri,1,ltr,Digital Humanities,STRUCTURAL_ABSENCE,True,False,,
digidal huminaitis,kri,1,ltr,Digital Humanities,STRUCTURAL_ABSENCE,True,False,,
demɔri humɔniti,kri,1,ltr,Digital Humanities,STRUCTURAL_ABSENCE,True,False,,
digitale humanistike,kri,1,ltr,Digital Humanities,STRUCTURAL_ABSENCE,True,False,,
diguil humanitizem,kri,1,ltr,Digital Humanities,STRUCTURAL_ABSENCE,True,False,,
mga kaalamhan digital,krj,1,ltr,Digital Humanities,STRUCTURAL_ABSENCE,True,False,,
mga pag-aram hin sang digital nga kasaysayan,krj,1,ltr,Digital Humanities,STRUCTURAL_ABSENCE,True,False,,
kilalang digital,krj,1,ltr,Digital Humanities,STRUCTURAL_ABSENCE,True,False,,
digitaaline humanistiikka,krl,1,ltr,Digital Humanities,TRANSMOGRIFICATION,True,False,,
digitualini humanitarni tieteh,krl,1,ltr,Digital Humanities,TRANSMOGRIFICATION,True,False,,
digitaalizet humanitiedot,krl,1,ltr,Digital Humanities,TRANSMOGRIFICATION,True,False,,
цифрлық гуманитарлық ғылымдар,kk,1,ltr,Digital Humanities,TRANSMOGRIFICATION,True,False,,
сандық гуманитарлық ғылымдар,kk,1,ltr,Digital Humanities,TRANSMOGRIFICATION,True,False,,
диджиталдүл хуманитарыялык дамуулар,kjh,1,ltr,Digital Humanities,STRUCTURAL_ABSENCE,True,False,,
mvuto wa simu,kde,1,ltr,Digital Humanities,STRUCTURAL_ABSENCE,True,False,,
a̱lyiat a̱di̱ji̱ta,kcg,1,ltr,Digital Humanities,STRUCTURAL_ABSENCE,True,False,,
kwiakwop akaan,kcg,1,ltr,Digital Humanities,STRUCTURAL_ABSENCE,True,False,,
kwanbuɗi ɗi-jannu,kcg,1,ltr,Digital Humanities,STRUCTURAL_ABSENCE,True,False,,
дигиталні хуманітарныя,kcg,1,ltr,Digital Humanities,STRUCTURAL_ABSENCE,True,False,,
budijitali bwe vunhu,kck,1,ltr,Digital Humanities,STRUCTURAL_ABSENCE,True,False,,
vunhu hwedhijithali,kck,1,ltr,Digital Humanities,STRUCTURAL_ABSENCE,True,False,,
bwando bwa dijitari,kck,1,ltr,Digital Humanities,STRUCTURAL_ABSENCE,True,False,,
tlhakanelo la digital,kck,1,ltr,Digital Humanities,STRUCTURAL_ABSENCE,True,False,,
buhali bya dijithale,kck,1,ltr,Digital Humanities,STRUCTURAL_ABSENCE,True,False,,
muhumhatshwanhu tichitsoyezwe,kck,1,ltr,Digital Humanities,STRUCTURAL_ABSENCE,True,False,,
ingubo yomhlope,kck,1,ltr,Digital Humanities,STRUCTURAL_ABSENCE,True,False,,
uhimu wa dijiti,kde,1,ltr,Digital Humanities,STRUCTURAL_ABSENCE,True,False,,
makala ya kifasihi cha digitali,kde,1,ltr,Digital Humanities,STRUCTURAL_ABSENCE,True,False,,
ingawa na teknolojia ya dhiki,kde,1,ltr,Digital Humanities,STRUCTURAL_ABSENCE,True,False,,
цифрен хальмг улус,kjh,1,ltr,Digital Humanities,STRUCTURAL_ABSENCE,True,False,,
kʼaɬaʔ tʰiɣaʔ,kdt,1,ltr,Digital Humanities,STRUCTURAL_ABSENCE,True,False,,
dijitaal hümäni'tii,kdt,1,ltr,Digital Humanities,STRUCTURAL_ABSENCE,True,False,,
digiital nātive studējumi,kdt,1,ltr,Digital Humanities,STRUCTURAL_ABSENCE,True,False,,
komik digitale humaniteto,kdt,1,ltr,Digital Humanities,STRUCTURAL_ABSENCE,True,False,,
umanidadis dijital,kea,1,ltr,Digital Humanities,STRUCTURAL_ABSENCE,True,False,,
umanidadi dijital,kea,1,ltr,Digital Humanities,STRUCTURAL_ABSENCE,True,False,,
humanidadis digital,kea,1,ltr,Digital Humanities,STRUCTURAL_ABSENCE,True,False,,
humanidades dijital,kea,1,ltr,Digital Humanities,STRUCTURAL_ABSENCE,True,False,,
bɛ́tɛ́kɛ́nɛ́ bɛ́sɔ́ŋ bɛ́kɛ́nɛ́,ken,1,ltr,Digital Humanities,STRUCTURAL_ABSENCE,True,False,,
kĩbaini cha digital,ken,1,ltr,Digital Humanities,STRUCTURAL_ABSENCE,True,False,,
këngë-digjitale,ken,1,ltr,Digital Humanities,STRUCTURAL_ABSENCE,True,False,,
विज्ञान को डिजिटल,kfy,1,ltr,Digital Humanities,TRANSMOGRIFICATION,True,False,,
bantu ya dijital,kg,1,ltr,Digital Humanities,STRUCTURAL_ABSENCE,True,False,,
a̱humanities a̱digital,kcg,1,ltr,Digital Humanities,STRUCTURAL_ABSENCE,True,False,,
a̱lyiat a̱tso,kcg,1,ltr,Digital Humanities,STRUCTURAL_ABSENCE,True,False,,
кырым энэт,kca,1,ltr,Digital Humanities,TRANSMOGRIFICATION,True,False,,
дигиталы дүнөмий,kca,1,ltr,Digital Humanities,TRANSMOGRIFICATION,True,False,,
mvulana yasimu,kam,1,ltr,Digital Humanities,STRUCTURAL_ABSENCE,True,False,,
husika na uchaguzi digitali,kam,1,ltr,Digital Humanities,STRUCTURAL_ABSENCE,True,False,,
intlangano zokuphepha kwesinye,kao,1,ltr,Digital Humanities,STRUCTURAL_ABSENCE,True,False,,
diĝita humaĵeco,kao,1,ltr,Digital Humanities,STRUCTURAL_ABSENCE,True,False,,
digiitali himnainsi,kao,1,ltr,Digital Humanities,STRUCTURAL_ABSENCE,True,False,,
ᬤᬶᬚᬶᬢ᭄ᬮ᭄ ᬳᬸᬫᬦ᭄ᬢ,kaw,1,ltr,Digital Humanities,STRUCTURAL_ABSENCE,True,False,,
saṅkhyāṅka mānuṣaśāstra,kaw,1,ltr,Digital Humanities,STRUCTURAL_ABSENCE,True,False,,
dijital manuṣaśāstra,kaw,1,ltr,Digital Humanities,STRUCTURAL_ABSENCE,True,False,,
kawi: dhātumāyādhikāra,kaw,1,ltr,Digital Humanities,STRUCTURAL_ABSENCE,True,False,,
bhuwita manusa,kaw,1,ltr,Digital Humanities,STRUCTURAL_ABSENCE,True,False,,
wimang'u mwanafasi nyota,kaw,1,ltr,Digital Humanities,STRUCTURAL_ABSENCE,True,False,,
wangsa sastra manusia,kaw,1,ltr,Digital Humanities,STRUCTURAL_ABSENCE,True,False,,
цифровэ гуманитар щiэныгъэхэр,kbd,1,ltr,Digital Humanities,TRANSMOGRIFICATION,True,False,,
цифрэрэ гуманитарнэ лъэпкъыгъуэхэр,kbd,1,ltr,Digital Humanities,TRANSMOGRIFICATION,True,False,,
цифрэ гуманитарнэ щӏэныгъэхэр,kbd,1,ltr,Digital Humanities,TRANSMOGRIFICATION,True,False,,
адыгэм хьэрыпс,kbd,1,ltr,Digital Humanities,TRANSMOGRIFICATION,True,False,,
дигитал щӏыбцӏэр,kbd,1,ltr,Digital Humanities,TRANSMOGRIFICATION,True,False,,
дигиталны адыгэхэр,kbd,1,ltr,Digital Humanities,TRANSMOGRIFICATION,True,False,,
kəlmə dijital,kbl,1,ltr,Digital Humanities,TRANSMOGRIFICATION,True,False,,
tɔmɛnɛ dɛ wɔrɔ,kbl,1,ltr,Digital Humanities,TRANSMOGRIFICATION,True,False,,
dijiital ìyàl,kbl,1,ltr,Digital Humanities,TRANSMOGRIFICATION,True,False,,
nrwàk n ìtérèndà díjìlòk,kbl,1,ltr,Digital Humanities,TRANSMOGRIFICATION,True,False,,
teknoloji ya njambi,kbl,1,ltr,Digital Humanities,TRANSMOGRIFICATION,True,False,,
цифровой гуманитарный наукаяӈ,kca,1,ltr,Digital Humanities,TRANSMOGRIFICATION,True,False,,
цифра юнтас,kca,1,ltr,Digital Humanities,TRANSMOGRIFICATION,True,False,,
köpäkäšaŋiŋ külä,kca,1,ltr,Digital Humanities,TRANSMOGRIFICATION,True,False,,
дигиталлы гуманитарлы пакăр,kca,1,ltr,Digital Humanities,TRANSMOGRIFICATION,True,False,,
mambu ya mfunu yina bantu ketudilaka ntima,kg,1,ltr,Digital Humanities,STRUCTURAL_ABSENCE,True,False,,
bantu ya mambu ya kimvuka ya dijitali,kg,1,ltr,Digital Humanities,STRUCTURAL_ABSENCE,True,False,,
malongi ma nkembo ya dizhitale,kg,1,ltr,Digital Humanities,STRUCTURAL_ABSENCE,True,False,,
ũhoro wa dijitali,ki,1,ltr,Digital Humanities,TRANSMOGRIFICATION,True,False,,
ũhoro wa andũ na tekinorojĩ,ki,1,ltr,Digital Humanities,TRANSMOGRIFICATION,True,False,,
muthamaki wa digitali,ki,1,ltr,Digital Humanities,TRANSMOGRIFICATION,True,False,,
gĩthaka ũrĩa rĩa kĩmũtĩrĩ na ng'ondu,ki,1,ltr,Digital Humanities,TRANSMOGRIFICATION,True,False,,
muhimmiyani digitini,ki,1,ltr,Digital Humanities,TRANSMOGRIFICATION,True,False,,
husika wa diguita,ki,1,ltr,Digital Humanities,TRANSMOGRIFICATION,True,False,,
humanîteyê dîjîtalî,kiu,1,ltr,Digital Humanities,TRANSMOGRIFICATION,True,False,,
zanistên mirovî yên dîjîtal,kiu,1,ltr,Digital Humanities,TRANSMOGRIFICATION,True,False,,
rêjînara hunerya dîjîtal,kiu,1,ltr,Digital Humanities,TRANSMOGRIFICATION,True,False,,
هۆکمەتی چوورکانار,kiu,1,ltr,Digital Humanities,TRANSMOGRIFICATION,True,False,,
kala u na etaleko liwa li na sha novanhu,kj,1,ltr,Digital Humanities,STRUCTURAL_ABSENCE,True,False,,
omahulumenta gadigital,kj,1,ltr,Digital Humanities,STRUCTURAL_ABSENCE,True,False,,
oundjolowele dhomapangelo,kj,1,ltr,Digital Humanities,STRUCTURAL_ABSENCE,True,False,,
omandjelelo gopadigital,kj,1,ltr,Digital Humanities,STRUCTURAL_ABSENCE,True,False,,
ouhamba wondjokonona yokutunga,kj,1,ltr,Digital Humanities,STRUCTURAL_ABSENCE,True,False,,
tjihoka ya digital,kj,1,ltr,Digital Humanities,STRUCTURAL_ABSENCE,True,False,,
maaŋi-ŋuŋi ŋwē,kj,1,ltr,Digital Humanities,STRUCTURAL_ABSENCE,True,False,,
ການຮຽນຮູ້ດ້ານມະນຸດສາດດິຈິຕອນ,kjg,1,ltr,Digital Humanities,STRUCTURAL_ABSENCE,True,False,,
ວິທະຍາສາດມະນຸດສາດດິຈິຕອລ,kjg,1,ltr,Digital Humanities,STRUCTURAL_ABSENCE,True,False,,
ດິຈິຕອນ ມະນຸດສາດ,kjg,1,ltr,Digital Humanities,STRUCTURAL_ABSENCE,True,False,,
ʔɛm kʰuːm tɕiˈkʰaːn,kjg,1,ltr,Digital Humanities,STRUCTURAL_ABSENCE,True,False,,
nvam laj huaet,kjg,1,ltr,Digital Humanities,STRUCTURAL_ABSENCE,True,False,,
ເດັດຕິດຕະລາຍຄອນ,kjg,1,ltr,Digital Humanities,STRUCTURAL_ABSENCE,True,False,,
цифралығ гуманитарлық,kjh,1,ltr,Digital Humanities,STRUCTURAL_ABSENCE,True,False,,
санал гуманитар наукалар,kjh,1,ltr,Digital Humanities,STRUCTURAL_ABSENCE,True,False,,
цифралығ гуманитарлығ наукалар,kjh,1,ltr,Digital Humanities,STRUCTURAL_ABSENCE,True,False,,
санлы гуманитарлығ ӱгреніглер,kjh,1,ltr,Digital Humanities,STRUCTURAL_ABSENCE,True,False,,
köksüü khelengi digital,kjh,1,ltr,Digital Humanities,STRUCTURAL_ABSENCE,True,False,,
ũmũndũ wa kĩĩtaratara,ki,1,ltr,Digital Humanities,TRANSMOGRIFICATION,True,False,,
mawīra ma gĩkaro kĩa mĩtambo,ki,1,ltr,Digital Humanities,TRANSMOGRIFICATION,True,False,,
humanités za digital,kg,1,ltr,Digital Humanities,STRUCTURAL_ABSENCE,True,False,,
حیوانتک دیجیٹل,khw,1,rtl,Digital Humanities,TRANSMOGRIFICATION,True,False,,
mambu ya nsiku ya kintu ya mbanza,kg,1,ltr,Digital Humanities,STRUCTURAL_ABSENCE,True,False,,
mbumi ya nkisi,kg,1,ltr,Digital Humanities,STRUCTURAL_ABSENCE,True,False,,
mabanga ya zongisa,kg,1,ltr,Digital Humanities,STRUCTURAL_ABSENCE,True,False,,
sikristelemba ya-intanbi,kg,1,ltr,Digital Humanities,STRUCTURAL_ABSENCE,True,False,,
mbongo ya digitali,kg,1,ltr,Digital Humanities,STRUCTURAL_ABSENCE,True,False,,
tỹ vẽnh kar ag tỹ,kgp,1,ltr,Digital Humanities,STRUCTURAL_ABSENCE,True,False,,
kanhgág nén ga vãnh kỹ,kgp,1,ltr,Digital Humanities,STRUCTURAL_ABSENCE,True,False,,
vĩnh mũnh mũnh vĩnh kãnhrã,kgp,1,ltr,Digital Humanities,STRUCTURAL_ABSENCE,True,False,,
kâñĩwĩ ĩrõwĩ,kgp,1,ltr,Digital Humanities,STRUCTURAL_ABSENCE,True,False,,
xwesuva ñi pevakupi,kgp,1,ltr,Digital Humanities,STRUCTURAL_ABSENCE,True,False,,
ᦑᦸᧂᦑᦸᧃᦑᦸᧄᦑᦸᧅ,khb,1,ltr,Digital Humanities,TRANSMOGRIFICATION,True,False,,
ᦡᦲᦈᦲᧆᦷᦎᦟᦉᦲᧃᦓᦱᦉᦱᦉᧆ,khb,1,ltr,Digital Humanities,TRANSMOGRIFICATION,True,False,,
ᦵᦣᧆᦉᦱᧂᧉᦡᦲᦈᦲᧆᦵᦟᧅᦎᦱᦡᦲᦞᦲᧉᦋᦱᧂᧈ,khb,1,ltr,Digital Humanities,TRANSMOGRIFICATION,True,False,,
ᥖᥫᥒ᥎ᥕ ᥛᥝᥢᥨ,khb,1,ltr,Digital Humanities,TRANSMOGRIFICATION,True,False,,
laakali boŋ-izayyaŋ,khq,1,ltr,Digital Humanities,STRUCTURAL_ABSENCE,True,False,,
dijitali adamay kaaru,khq,1,ltr,Digital Humanities,STRUCTURAL_ABSENCE,True,False,,
tiwɛrɛtɛnɛ tɔmɔrɛ,khq,1,ltr,Digital Humanities,STRUCTURAL_ABSENCE,True,False,,
dijital ŋaamŋ,khq,1,ltr,Digital Humanities,STRUCTURAL_ABSENCE,True,False,,
digiital xumanitiyaa,khq,1,ltr,Digital Humanities,STRUCTURAL_ABSENCE,True,False,,
taasikka jilaabu,khq,1,ltr,Digital Humanities,STRUCTURAL_ABSENCE,True,False,,
ဒီဂျီတယ် မနုဿပညာ,kht,1,ltr,Digital Humanities,STRUCTURAL_ABSENCE,True,False,,
ดิจิทัลฮิวแมนนิตี้,kht,1,ltr,Digital Humanities,STRUCTURAL_ABSENCE,True,False,,
ၽိၼ်ႇ ၸဝ်ႈ ၶူပ်,kht,1,ltr,Digital Humanities,STRUCTURAL_ABSENCE,True,False,,
ၼႃႉၵၢၼ်ၵႂၢမ်းဢၼ်ၵျႅၵ်ႉၵျႅၵ်ႉ,kht,1,ltr,Digital Humanities,STRUCTURAL_ABSENCE,True,False,,
ဒီဇိုင်ဘဝနည်းပညာ,kht,1,ltr,Digital Humanities,STRUCTURAL_ABSENCE,True,False,,
دیجیٹل انسانيات,khw,1,rtl,Digital Humanities,TRANSMOGRIFICATION,True,False,,
دیجیټل هنسنۍ,khw,1,rtl,Digital Humanities,TRANSMOGRIFICATION,True,False,,
مدیریتی نوعی های دیجیتال,ku,1,ltr,Digital Humanities,STRUCTURAL_ABSENCE,True,False,,
санатлы гуманитар илимлер,kum,1,ltr,Digital Humanities,TRANSMOGRIFICATION,True,False,,
makala ya digital,kam,1,ltr,Digital Humanities,STRUCTURAL_ABSENCE,True,False,,
wiciyeyapi wašáši,lkt,1,ltr,Digital Humanities,TRANSMOGRIFICATION,True,False,,
digiitilise adamiteed,liv,1,ltr,Digital Humanities,STRUCTURAL_ABSENCE,True,False,,
teknologi digital manusia,ljp,1,ltr,Digital Humanities,STRUCTURAL_ABSENCE,True,False,,
دیجیتاڵ مرۆڤایەتی,lki,1,rtl,Digital Humanities,TRANSMOGRIFICATION,True,False,,
ŋiŋgirrųmala,lki,1,rtl,Digital Humanities,TRANSMOGRIFICATION,True,False,,
tēnuma tangata,lki,1,rtl,Digital Humanities,TRANSMOGRIFICATION,True,False,,
mafutadigitali,lki,1,rtl,Digital Humanities,TRANSMOGRIFICATION,True,False,,
humanitaitud digitaalselt,lki,1,rtl,Digital Humanities,TRANSMOGRIFICATION,True,False,,
wíyukčaŋ owáŋkaŋkapi,lkt,1,ltr,Digital Humanities,TRANSMOGRIFICATION,True,False,,
wíčhožaŋžaŋ wóuŋspe,lkt,1,ltr,Digital Humanities,TRANSMOGRIFICATION,True,False,,
wóuŋspe tȟáŋka wičhóuŋspe tȟáŋka,lkt,1,ltr,Digital Humanities,TRANSMOGRIFICATION,True,False,,
wóuŋspe tȟokáheya wóuŋspe,lkt,1,ltr,Digital Humanities,TRANSMOGRIFICATION,True,False,,
wakíčhaye wiŋ-okíyapi,lkt,1,ltr,Digital Humanities,TRANSMOGRIFICATION,True,False,,
oyúȟaŋpi óglála,lkt,1,ltr,Digital Humanities,TRANSMOGRIFICATION,True,False,,
wičháša wakȟáŋya wóžuŋtká wičháša,lkt,1,ltr,Digital Humanities,TRANSMOGRIFICATION,True,False,,
umanità digitàl,lmo,1,ltr,Digital Humanities,PRODUCTIVE_DISAGREEMENT,True,False,,
umanistiches digiteles,lld,1,ltr,Digital Humanities,STRUCTURAL_ABSENCE,True,False,,
umanistics digitales,lld,1,ltr,Digital Humanities,STRUCTURAL_ABSENCE,True,False,,
umanitês digitela,lld,1,ltr,Digital Humanities,STRUCTURAL_ABSENCE,True,False,,
umanitàs digitalis,lld,1,ltr,Digital Humanities,STRUCTURAL_ABSENCE,True,False,,
dinèrtal humànt,lld,1,ltr,Digital Humanities,STRUCTURAL_ABSENCE,True,False,,
డిజిటల్ మానవశాస్త్రం,lmn,1,ltr,Digital Humanities,TRANSMOGRIFICATION,True,False,,
డిజిటల్ మానవత్వం,lmn,1,ltr,Digital Humanities,TRANSMOGRIFICATION,True,False,,
డిజిటల్ మానవీయ శాస్త్రం,lmn,1,ltr,Digital Humanities,TRANSMOGRIFICATION,True,False,,
digitala humanitaayi,lmn,1,ltr,Digital Humanities,TRANSMOGRIFICATION,True,False,,
ज्ञान वा संस्कृति,lmn,1,ltr,Digital Humanities,TRANSMOGRIFICATION,True,False,,
informatega umanistega,lmo,1,ltr,Digital Humanities,PRODUCTIVE_DISAGREEMENT,True,False,,
scienzi umanistich digitai,lmo,1,ltr,Digital Humanities,PRODUCTIVE_DISAGREEMENT,True,False,,
umanistega digitai,lmo,1,ltr,Digital Humanities,PRODUCTIVE_DISAGREEMENT,True,False,,
džiɡitarl humanūlas,liv,1,ltr,Digital Humanities,STRUCTURAL_ABSENCE,True,False,,
digitaalõ humaanõtõldüs,liv,1,ltr,Digital Humanities,STRUCTURAL_ABSENCE,True,False,,
digiālaisa kultūras moksls,liv,1,ltr,Digital Humanities,STRUCTURAL_ABSENCE,True,False,,
dikītāl humānitāt,liv,1,ltr,Digital Humanities,STRUCTURAL_ABSENCE,True,False,,
digitale geestesweitesjappe,li,1,ltr,Digital Humanities,TRANSMOGRIFICATION,True,False,,
digitaal geisteswetenschafte,li,1,ltr,Digital Humanities,TRANSMOGRIFICATION,True,False,,
digitaal geisteswetensjappe,li,1,ltr,Digital Humanities,TRANSMOGRIFICATION,True,False,,
digitaal gesjiedenis,li,1,ltr,Digital Humanities,TRANSMOGRIFICATION,True,False,,
digitale menschawetenschap,li,1,ltr,Digital Humanities,TRANSMOGRIFICATION,True,False,,
digitale menswetenskapen,li,1,ltr,Digital Humanities,TRANSMOGRIFICATION,True,False,,
अङ्किय मानविकी,lif,1,ltr,Digital Humanities,STRUCTURAL_ABSENCE,True,False,,
དིག་སྤུངས་མཛོད་ཀྱི་རིག་པ,lif,1,ltr,Digital Humanities,STRUCTURAL_ABSENCE,True,False,,
sciense umañe digitale,lij,1,ltr,Digital Humanities,TRANSMOGRIFICATION,True,False,,
umanitæ digitali,lij,1,ltr,Digital Humanities,TRANSMOGRIFICATION,True,False,,
umanistiche digitâ,lij,1,ltr,Digital Humanities,TRANSMOGRIFICATION,True,False,,
umanitæ digitæ,lij,1,ltr,Digital Humanities,TRANSMOGRIFICATION,True,False,,
umanitæ dìgitali,lij,1,ltr,Digital Humanities,TRANSMOGRIFICATION,True,False,,
digitali umanistiche,lij,1,ltr,Digital Humanities,TRANSMOGRIFICATION,True,False,,
s7íx̱en̓ ḵal̓ s7íx̱en̓ ḵal̓ s7íx̱en̓,lil,1,ltr,Digital Humanities,STRUCTURAL_ABSENCE,True,False,,
sx̌íswa7məxw t'axw,lil,1,ltr,Digital Humanities,STRUCTURAL_ABSENCE,True,False,,
ʔəyəw ɬəxʷəyəɬ ɬəxʷəyəɬ ʔəyəw,lil,1,ltr,Digital Humanities,STRUCTURAL_ABSENCE,True,False,,
xwelilthinuxw dihwa7in,lil,1,ltr,Digital Humanities,STRUCTURAL_ABSENCE,True,False,,
sxwíxwéy sq'áwats'elh,lil,1,ltr,Digital Humanities,STRUCTURAL_ABSENCE,True,False,,
ꓷꓲꓔꓲꓡ ꓧꓱꓲꓠꓬꓲꓢ,lis,1,ltr,Digital Humanities,TRANSMOGRIFICATION,True,False,,
ꓓꓲꓽꓔꓬꓻ ꓐꓬꓽꓡꓳ ꓢꓲꓼꓑꓬ,lis,1,ltr,Digital Humanities,TRANSMOGRIFICATION,True,False,,
ၾကႏ ၿို႔ ၽႃႇ,lis,1,ltr,Digital Humanities,TRANSMOGRIFICATION,True,False,,
hlih-hlih-khu-khu-hnawm-hnawm-khu-khu-hnawm,lis,1,ltr,Digital Humanities,TRANSMOGRIFICATION,True,False,,
ျမန္းစာအသင်း,lis,1,ltr,Digital Humanities,TRANSMOGRIFICATION,True,False,,
dīģitālõd īnimesõd,liv,1,ltr,Digital Humanities,STRUCTURAL_ABSENCE,True,False,,
digitāļ humanitārtiēd,liv,1,ltr,Digital Humanities,STRUCTURAL_ABSENCE,True,False,,
digitālõ humanitiek,liv,1,ltr,Digital Humanities,STRUCTURAL_ABSENCE,True,False,,
umanità digitai,lmo,1,ltr,Digital Humanities,PRODUCTIVE_DISAGREEMENT,True,False,,
umanitade digital,lmo,1,ltr,Digital Humanities,PRODUCTIVE_DISAGREEMENT,True,False,,
дигитал тарих,kum,1,ltr,Digital Humanities,TRANSMOGRIFICATION,True,False,,
skaitmeninės humanitarinės mokslai,lt,1,ltr,Digital Humanities,TRANSMOGRIFICATION,True,False,,
بومناسخه دیجیتالی,lrc,1,rtl,Digital Humanities,TRANSMOGRIFICATION,True,False,,
رێگەی ئەدیجیتالێ بۆ ئەدەبیات و مێژوو,lrc,1,rtl,Digital Humanities,TRANSMOGRIFICATION,True,False,,
هندسه ديجيتال,lrc,1,rtl,Digital Humanities,TRANSMOGRIFICATION,True,False,,
مجسمات دیجیتالی بنویسه,lrc,1,rtl,Digital Humanities,TRANSMOGRIFICATION,True,False,,
obuhanga bwa dijitali mu by'obuntu,lsm,1,ltr,Digital Humanities,STRUCTURAL_ABSENCE,True,False,,
utafiti wa kidijitali wa binadamu,lsm,1,ltr,Digital Humanities,STRUCTURAL_ABSENCE,True,False,,
obumanyi bwa dijitaali,lsm,1,ltr,Digital Humanities,STRUCTURAL_ABSENCE,True,False,,
dáláidit báhccála,lsm,1,ltr,Digital Humanities,STRUCTURAL_ABSENCE,True,False,,
digitaal ŋaam,lsm,1,ltr,Digital Humanities,STRUCTURAL_ABSENCE,True,False,,
الانسانيات الرقمية,lsm,1,ltr,Digital Humanities,STRUCTURAL_ABSENCE,True,False,,
humanitádigi digitaal,lsm,1,ltr,Digital Humanities,STRUCTURAL_ABSENCE,True,False,,
skaitmeniniai humanitariniai mokslai,lt,1,ltr,Digital Humanities,TRANSMOGRIFICATION,True,False,,
skaitmeninės humanitarikos,lt,1,ltr,Digital Humanities,TRANSMOGRIFICATION,True,False,,
skaitmeninė humanitarika,lt,1,ltr,Digital Humanities,TRANSMOGRIFICATION,True,False,,
biloko oyo bato bazali na yango,ln,1,ltr,Digital Humanities,STRUCTURAL_ABSENCE,True,False,,
dėsinių mokslai,lt,1,ltr,Digital Humanities,TRANSMOGRIFICATION,True,False,,
skaitmeninė humanitaristika,lt,1,ltr,Digital Humanities,TRANSMOGRIFICATION,True,False,,
digitalinė humanistika,lt,1,ltr,Digital Humanities,TRANSMOGRIFICATION,True,False,,
numatytosios humanitarijos,lt,1,ltr,Digital Humanities,TRANSMOGRIFICATION,True,False,,
digitaluos humanitaruos zynuotnis,ltg,1,ltr,Digital Humanities,TRANSMOGRIFICATION,True,False,,
cyberhumānitārisms,ltg,1,ltr,Digital Humanities,TRANSMOGRIFICATION,True,False,,
cifrovuos humanitarūs zynuotnis,ltg,1,ltr,Digital Humanities,TRANSMOGRIFICATION,True,False,,
digitaluo humanitaruo zynuotne,ltg,1,ltr,Digital Humanities,TRANSMOGRIFICATION,True,False,,
digitaluo humanitare,ltg,1,ltr,Digital Humanities,TRANSMOGRIFICATION,True,False,,
dzelzsa māksla,ltg,1,ltr,Digital Humanities,TRANSMOGRIFICATION,True,False,,
cipari cilvēku zinātnes,ltg,1,ltr,Digital Humanities,TRANSMOGRIFICATION,True,False,,
dyjiklums vïrudzijos,ltg,1,ltr,Digital Humanities,TRANSMOGRIFICATION,True,False,,
digitālā humanitāte,ltg,1,ltr,Digital Humanities,TRANSMOGRIFICATION,True,False,,
ingwelela ya teknoloji ya masiyane,loz,1,ltr,Digital Humanities,STRUCTURAL_ABSENCE,True,False,,
muhumulimi yadigi,loz,1,ltr,Digital Humanities,STRUCTURAL_ABSENCE,True,False,,
bung'a ya dijitali,loz,1,ltr,Digital Humanities,STRUCTURAL_ABSENCE,True,False,,
mambo a mabuku,loz,1,ltr,Digital Humanities,STRUCTURAL_ABSENCE,True,False,,
bato ya mayele na makambo ya digitali,ln,1,ltr,Digital Humanities,STRUCTURAL_ABSENCE,True,False,,
bomanɛli ya nimero,ln,1,ltr,Digital Humanities,STRUCTURAL_ABSENCE,True,False,,
bato ya mayele ya digital,ln,1,ltr,Digital Humanities,STRUCTURAL_ABSENCE,True,False,,
bomoto ya makambo ya nkasa,ln,1,ltr,Digital Humanities,STRUCTURAL_ABSENCE,True,False,,
mabisi ya kudumu,ln,1,ltr,Digital Humanities,STRUCTURAL_ABSENCE,True,False,,
mabanga ya mbilé,ln,1,ltr,Digital Humanities,STRUCTURAL_ABSENCE,True,False,,
mudubantu bokola,ln,1,ltr,Digital Humanities,STRUCTURAL_ABSENCE,True,False,,
ມະນຸດສາດດິຈິຕອນ,lo,1,ltr,Digital Humanities,STRUCTURAL_ABSENCE,True,False,,
ມະນຸດສາດດິຈິທັລ,lo,1,ltr,Digital Humanities,STRUCTURAL_ABSENCE,True,False,,
ป่สวัดล้านเกระ่ม,lo,1,ltr,Digital Humanities,STRUCTURAL_ABSENCE,True,False,,
ພັດທະນາອື່ນປະເທດ,lo,1,ltr,Digital Humanities,STRUCTURAL_ABSENCE,True,False,,
ປະເພດຕິດລວບຄຳດັງ,lo,1,ltr,Digital Humanities,STRUCTURAL_ABSENCE,True,False,,
ᠳ᠋ᠢᠵᠢᠲ᠋ᠠᠯ ᠬᠦᠮᠦᠨ ᠤ ᠤᠬᠠᠭᠠᠨ,lol,1,ltr,Digital Humanities,STRUCTURAL_ABSENCE,True,False,,
mpúlí mpúlí ya búkú,lol,1,ltr,Digital Humanities,STRUCTURAL_ABSENCE,True,False,,
дигитал бүтээл,lol,1,ltr,Digital Humanities,STRUCTURAL_ABSENCE,True,False,,
numérisk menneskjevitskap,lol,1,ltr,Digital Humanities,STRUCTURAL_ABSENCE,True,False,,
digtial huumunnis,lol,1,ltr,Digital Humanities,STRUCTURAL_ABSENCE,True,False,,
iminité dijital,lou,1,ltr,Digital Humanities,TRANSMOGRIFICATION,True,False,,
limenite dijital,lou,1,ltr,Digital Humanities,TRANSMOGRIFICATION,True,False,,
lèspri imèn nimerik,lou,1,ltr,Digital Humanities,TRANSMOGRIFICATION,True,False,,
dijitèl umànités,lou,1,ltr,Digital Humanities,TRANSMOGRIFICATION,True,False,,
lizinm dijital,lou,1,ltr,Digital Humanities,TRANSMOGRIFICATION,True,False,,
ditèl hooministis,lou,1,ltr,Digital Humanities,TRANSMOGRIFICATION,True,False,,
informatika nan lwen dlo,lou,1,ltr,Digital Humanities,TRANSMOGRIFICATION,True,False,,
butalwa bwa diijitala,loz,1,ltr,Digital Humanities,STRUCTURAL_ABSENCE,True,False,,
litaba za digitali ni za butu,loz,1,ltr,Digital Humanities,STRUCTURAL_ABSENCE,True,False,,
bupilo bwa mubala wa mubala,loz,1,ltr,Digital Humanities,STRUCTURAL_ABSENCE,True,False,,
e-bulesasi ya basoga,lg,1,ltr,Digital Humanities,STRUCTURAL_ABSENCE,True,False,,
kibalekezo digitali,lg,1,ltr,Digital Humanities,STRUCTURAL_ABSENCE,True,False,,
e-nsiinyi y'ebihugu,lg,1,ltr,Digital Humanities,STRUCTURAL_ABSENCE,True,False,,
ၾကႈ ၿိမႃႉ,kyu,1,ltr,Digital Humanities,TRANSMOGRIFICATION,True,False,,
សាកលិកា ជន្រួម,kxm,1,ltr,Digital Humanities,TRANSMOGRIFICATION,True,False,,
डिजिटल मानुसकी,kxp,1,rtl,Digital Humanities,TRANSMOGRIFICATION,True,False,,
dhārmiya digitala vidyā,kxp,1,rtl,Digital Humanities,TRANSMOGRIFICATION,True,False,,
digita manavashastra,kxp,1,rtl,Digital Humanities,TRANSMOGRIFICATION,True,False,,
dijital inimaniyati,kxp,1,rtl,Digital Humanities,TRANSMOGRIFICATION,True,False,,
санариптик гуманитардык илимдер,ky,1,ltr,Digital Humanities,TRANSMOGRIFICATION,True,False,,
сандык гуманитардык илимдер,ky,1,ltr,Digital Humanities,TRANSMOGRIFICATION,True,False,,
дигиталдык адабийят,ky,1,ltr,Digital Humanities,TRANSMOGRIFICATION,True,False,,
цифролук гуманитардык илимдер,ky,1,ltr,Digital Humanities,TRANSMOGRIFICATION,True,False,,
диджиталдык маданий тилдикlik,ky,1,ltr,Digital Humanities,TRANSMOGRIFICATION,True,False,,
дигитал калдырмалары,ky,1,ltr,Digital Humanities,TRANSMOGRIFICATION,True,False,,
လေဝ်သၢင်ၥ်ကလုာ်လီၤ,kyu,1,ltr,Digital Humanities,TRANSMOGRIFICATION,True,False,,
ဒိဂျိတလ် လူ့ဘာသာရပ်,kyu,1,ltr,Digital Humanities,TRANSMOGRIFICATION,True,False,,
hwa ree hwa gaa gwaa,kyu,1,ltr,Digital Humanities,TRANSMOGRIFICATION,True,False,,
ezimwe mu nsinda za digital,lg,1,ltr,Digital Humanities,STRUCTURAL_ABSENCE,True,False,,
ဒီဇိုင်ဘက်အမျိုးသားစွန်းရည်,kyu,1,ltr,Digital Humanities,TRANSMOGRIFICATION,True,False,,
studia humaniora digitalia,la,1,ltr,Digital Humanities,PRODUCTIVE_DISAGREEMENT,True,False,,
umanidades dijitales,lad,1,rtl,Digital Humanities,TRANSMOGRIFICATION,True,False,,
dyigital haumanistía,lad,1,rtl,Digital Humanities,TRANSMOGRIFICATION,True,False,,
obumanyirivu bwa dijito,lag,1,ltr,Digital Humanities,STRUCTURAL_ABSENCE,True,False,,
humanities ki digital,lag,1,ltr,Digital Humanities,STRUCTURAL_ABSENCE,True,False,,
obuhumane bwa dijitaali,lag,1,ltr,Digital Humanities,STRUCTURAL_ABSENCE,True,False,,
tiwala kalamu digital,lag,1,ltr,Digital Humanities,STRUCTURAL_ABSENCE,True,False,,
langi: ŋuun-dii-ŋa-ŋa,lag,1,ltr,Digital Humanities,STRUCTURAL_ABSENCE,True,False,,
dijital bilimler,lag,1,ltr,Digital Humanities,STRUCTURAL_ABSENCE,True,False,,
humanitia digitale,lag,1,ltr,Digital Humanities,STRUCTURAL_ABSENCE,True,False,,
digital insān-itikās,lah,1,rtl,Digital Humanities,STRUCTURAL_ABSENCE,True,False,,
ਦੀਜਿਟਲ ਮਾਨਵਾਦ,lah,1,rtl,Digital Humanities,STRUCTURAL_ABSENCE,True,False,,
លំហរឌីជីថលសិក្សា,kxm,1,ltr,Digital Humanities,TRANSMOGRIFICATION,True,False,,
សារព័តវិទ្យា,kxm,1,ltr,Digital Humanities,TRANSMOGRIFICATION,True,False,,
វិទ្យាសាស្ត្រមនុស្សឌីជីថល,kxm,1,ltr,Digital Humanities,TRANSMOGRIFICATION,True,False,,
sxwelíyexw lákwala,kwk,1,ltr,Digital Humanities,TRANSMOGRIFICATION,True,False,,
дигитал инсанлушлуг,kum,1,ltr,Digital Humanities,TRANSMOGRIFICATION,True,False,,
диджиталджа гуманитариялар,kum,1,ltr,Digital Humanities,TRANSMOGRIFICATION,True,False,,
dijital adamliklar,kum,1,ltr,Digital Humanities,TRANSMOGRIFICATION,True,False,,
цифрӧвӧй гуманитарнӧй наукаяс,kv,1,ltr,Digital Humanities,TRANSMOGRIFICATION,True,False,,
цифровӧй гуманитарнӧй наукаяс,kv,1,ltr,Digital Humanities,TRANSMOGRIFICATION,True,False,,
цифра войтырлысь тӧдӧмлунъяс,kv,1,ltr,Digital Humanities,TRANSMOGRIFICATION,True,False,,
дигитальнай гуманитаризм,kv,1,ltr,Digital Humanities,TRANSMOGRIFICATION,True,False,,
дигиталдом хумантизм,kv,1,ltr,Digital Humanities,TRANSMOGRIFICATION,True,False,,
дигитална лыхындык,kv,1,ltr,Digital Humanities,TRANSMOGRIFICATION,True,False,,
basa data budaya digital,kvr,1,ltr,Digital Humanities,STRUCTURAL_ABSENCE,True,False,,
pengubayan digital,kvr,1,ltr,Digital Humanities,STRUCTURAL_ABSENCE,True,False,,
ڊيجيٽل انسانيت,kvx,1,rtl,Digital Humanities,STRUCTURAL_ABSENCE,True,False,,
ڊجيٽل انساني علم,kvx,1,rtl,Digital Humanities,STRUCTURAL_ABSENCE,True,False,,
झिल्ला मानव विज्ञान,kvx,1,rtl,Digital Humanities,STRUCTURAL_ABSENCE,True,False,,
dheghow dihwonneth,kw,1,ltr,Digital Humanities,TRANSMOGRIFICATION,True,False,,
dynoryethow dijitel,kw,1,ltr,Digital Humanities,TRANSMOGRIFICATION,True,False,,
denethow skiansek digamm,kw,1,ltr,Digital Humanities,TRANSMOGRIFICATION,True,False,,
denethegieth dhygital,kw,1,ltr,Digital Humanities,TRANSMOGRIFICATION,True,False,,
dybynyansow dhegydhlek,kw,1,ltr,Digital Humanities,TRANSMOGRIFICATION,True,False,,
meynan dhygital,kw,1,ltr,Digital Humanities,TRANSMOGRIFICATION,True,False,,
dewysowr digitaol,kw,1,ltr,Digital Humanities,TRANSMOGRIFICATION,True,False,,
kernowek digidhel,kw,1,ltr,Digital Humanities,TRANSMOGRIFICATION,True,False,,
ʼnaʼnakwa gukw̓dzi,kwk,1,ltr,Digital Humanities,TRANSMOGRIFICATION,True,False,,
hax̌aw̓is kwak̓wala,kwk,1,ltr,Digital Humanities,TRANSMOGRIFICATION,True,False,,
síxw síyam,kwk,1,ltr,Digital Humanities,TRANSMOGRIFICATION,True,False,,
ɨw’ała’a’a’a ḵ’u’u’u’u’,kwk,1,ltr,Digital Humanities,TRANSMOGRIFICATION,True,False,,
lulutlana liskwemixʷ,kwk,1,ltr,Digital Humanities,TRANSMOGRIFICATION,True,False,,
ngec me dano ma gi komputa,laj,1,ltr,Digital Humanities,STRUCTURAL_ABSENCE,True,False,,
humanities me digital,laj,1,ltr,Digital Humanities,STRUCTURAL_ABSENCE,True,False,,
lonyo me tekwaro me dijita,laj,1,ltr,Digital Humanities,STRUCTURAL_ABSENCE,True,False,,
กะลอฮ์ ดิจิทัล,lcp,1,ltr,Digital Humanities,STRUCTURAL_ABSENCE,True,False,,
ŋaŋ tʉŋ ʉŋ ŋaŋ ŋʉŋ ŋaŋ ŋʉŋ,lcp,1,ltr,Digital Humanities,STRUCTURAL_ABSENCE,True,False,,
digi mi lai,lcp,1,ltr,Digital Humanities,STRUCTURAL_ABSENCE,True,False,,
tikamaya lenca,len,1,ltr,Digital Humanities,TRANSMOGRIFICATION,True,False,,
k'uxa nawat,len,1,ltr,Digital Humanities,TRANSMOGRIFICATION,True,False,,
k'uhun-laj-tí-k'uhun-laj-k'uhun-laj,len,1,ltr,Digital Humanities,TRANSMOGRIFICATION,True,False,,
xhinil kichk'upatik,len,1,ltr,Digital Humanities,TRANSMOGRIFICATION,True,False,,
ᰛᰩᰵᰶᰧᰶ ᰛᰧᰵᰶᰧᰶ,lep,1,ltr,Digital Humanities,TRANSMOGRIFICATION,True,False,,
ᰕᰦᰎᰧᰛᰵᰬ ᰕᰦᰋᰵᰬᰛᰦᰀᰵᰬ,lep,1,ltr,Digital Humanities,TRANSMOGRIFICATION,True,False,,
ᰕᰫᰰᰶᰛᰩᰵᰜᰤᰦᰮᰓᰦᰰᰋᰦᰰ,lep,1,ltr,Digital Humanities,TRANSMOGRIFICATION,True,False,,
tsho-mi-sam-khag-yang,lep,1,ltr,Digital Humanities,TRANSMOGRIFICATION,True,False,,
དབྱིན་ལྡན མི་འབྲེལ སློབ་མ།,lep,1,ltr,Digital Humanities,TRANSMOGRIFICATION,True,False,,
digitale humanite,lep,1,ltr,Digital Humanities,TRANSMOGRIFICATION,True,False,,
цифровая гуманитария,lez,1,ltr,Digital Humanities,TRANSMOGRIFICATION,True,False,,
цифрадин гуманитарная наукар,lez,1,ltr,Digital Humanities,TRANSMOGRIFICATION,True,False,,
хӏалхъи цоцарияб хӏукумат,lez,1,ltr,Digital Humanities,TRANSMOGRIFICATION,True,False,,
цифровиу инсаниятдин къаламни,lez,1,ltr,Digital Humanities,TRANSMOGRIFICATION,True,False,,
хуьалар хәвдәләри,lez,1,ltr,Digital Humanities,TRANSMOGRIFICATION,True,False,,
humania digital,lfn,1,ltr,Digital Humanities,STRUCTURAL_ABSENCE,True,False,,
umanidades dijital,lfn,1,ltr,Digital Humanities,STRUCTURAL_ABSENCE,True,False,,
umanias dijital,lfn,1,ltr,Digital Humanities,STRUCTURAL_ABSENCE,True,False,,
umanias digital,lfn,1,ltr,Digital Humanities,STRUCTURAL_ABSENCE,True,False,,
eby’obuntubulamu ebya digital,lg,1,ltr,Digital Humanities,STRUCTURAL_ABSENCE,True,False,,
obusobozi bw'abantu,lg,1,ltr,Digital Humanities,STRUCTURAL_ABSENCE,True,False,,
sayinsi digitaal,aa,1,ltr,Digital Humanities,TRANSMOGRIFICATION,True,False,,
ebyobuwangwa bya digiito,lg,1,ltr,Digital Humanities,STRUCTURAL_ABSENCE,True,False,,
obuntu bw'ensi yonna mu by'empuliziganya,lg,1,ltr,Digital Humanities,STRUCTURAL_ABSENCE,True,False,,
obumanyirivu mu bya digital,lg,1,ltr,Digital Humanities,STRUCTURAL_ABSENCE,True,False,,
kamala kulumu,lcp,1,ltr,Digital Humanities,STRUCTURAL_ABSENCE,True,False,,
humanitias digilas,lbw,1,ltr,Digital Humanities,STRUCTURAL_ABSENCE,True,False,,
ŋgaŋa za digitāli,laj,1,ltr,Digital Humanities,STRUCTURAL_ABSENCE,True,False,,
mafaka ya digitali,lbw,1,ltr,Digital Humanities,STRUCTURAL_ABSENCE,True,False,,
digitale humanitites,laj,1,ltr,Digital Humanities,STRUCTURAL_ABSENCE,True,False,,
amakola ya dizidi,laj,1,ltr,Digital Humanities,STRUCTURAL_ABSENCE,True,False,,
ubuntungwa bwa dijitali,lam,1,ltr,Digital Humanities,STRUCTURAL_ABSENCE,True,False,,
ubumi bwamakina ya muntu,lam,1,ltr,Digital Humanities,STRUCTURAL_ABSENCE,True,False,,
kamalaka tivakala,lam,1,ltr,Digital Humanities,STRUCTURAL_ABSENCE,True,False,,
kɔɔsɔɔŋŋɔɔ ŋgɔɔŋŋɔɔ,lam,1,ltr,Digital Humanities,STRUCTURAL_ABSENCE,True,False,,
mafuta dimashiki,lam,1,ltr,Digital Humanities,STRUCTURAL_ABSENCE,True,False,,
tic me dano pa komputa,lan,1,ltr,Digital Humanities,STRUCTURAL_ABSENCE,True,False,,
jamiro kede teknoloji me digital,lan,1,ltr,Digital Humanities,STRUCTURAL_ABSENCE,True,False,,
lonyoŋ dijitaa,lan,1,ltr,Digital Humanities,STRUCTURAL_ABSENCE,True,False,,
maktaba ya kielektroniki,lan,1,ltr,Digital Humanities,STRUCTURAL_ABSENCE,True,False,,
eŋi-lɔŋɔŋ ŋɔŋ-lɔŋɔŋ,lan,1,ltr,Digital Humanities,STRUCTURAL_ABSENCE,True,False,,
digiitala huumaniyat,lan,1,ltr,Digital Humanities,STRUCTURAL_ABSENCE,True,False,,
humanitats digilogika,lan,1,ltr,Digital Humanities,STRUCTURAL_ABSENCE,True,False,,
digital geeschteswëssenschaft,lb,1,ltr,Digital Humanities,STRUCTURAL_ABSENCE,True,False,,
digital geeschterwëssenschaften,lb,1,ltr,Digital Humanities,STRUCTURAL_ABSENCE,True,False,,
digital geisteswëssenschaften,lb,1,ltr,Digital Humanities,STRUCTURAL_ABSENCE,True,False,,
digital geeschteswëssenschaften,lb,1,ltr,Digital Humanities,STRUCTURAL_ABSENCE,True,False,,
digitale geisteswëssenschaften,lb,1,ltr,Digital Humanities,STRUCTURAL_ABSENCE,True,False,,
digital mënschwissenschaften,lb,1,ltr,Digital Humanities,STRUCTURAL_ABSENCE,True,False,,
цифрал гуманитарнал гiилмурду,lbe,1,ltr,Digital Humanities,TRANSMOGRIFICATION,True,False,,
цифралсса инсаннал илму,lbe,1,ltr,Digital Humanities,TRANSMOGRIFICATION,True,False,,
àgbọ̀nú ọ̀rọ̀ òkè,lbe,1,ltr,Digital Humanities,TRANSMOGRIFICATION,True,False,,
дигиталн джумхурият,lbe,1,ltr,Digital Humanities,TRANSMOGRIFICATION,True,False,,
цифровой ант,lbe,1,ltr,Digital Humanities,TRANSMOGRIFICATION,True,False,,
buku digital,lbw,1,ltr,Digital Humanities,STRUCTURAL_ABSENCE,True,False,,
humánítas dhíjítal,lbw,1,ltr,Digital Humanities,STRUCTURAL_ABSENCE,True,False,,
muthina wa dijitali,kam,1,ltr,Digital Humanities,STRUCTURAL_ABSENCE,True,False,,
uthungu wa kĩthungu kĩthangũ,kam,1,ltr,Digital Humanities,STRUCTURAL_ABSENCE,True,False,,
dijitaal humaniteeten,frr,1,ltr,Digital Humanities,TRANSMOGRIFICATION,True,False,,
ψηφιακὴ ἀνθρωπολογία,grc,1,ltr,Digital Humanities,TRANSMOGRIFICATION,True,False,,
*fingarhandu manna wulþus*,got,1,ltr,Digital Humanities,TRANSMOGRIFICATION,True,False,,
𝟚ᛁ𝟚𝟚𝚞𝚖 𝙼𝚊𝚗𝚞𝚜,got,1,ltr,Digital Humanities,TRANSMOGRIFICATION,True,False,,
dilizans hūmanistis,got,1,ltr,Digital Humanities,TRANSMOGRIFICATION,True,False,,
faiul-galeiks-minskaits,got,1,ltr,Digital Humanities,TRANSMOGRIFICATION,True,False,,
nɛnɛ kɛ kɛɛnɛnɛ,grb,1,ltr,Digital Humanities,STRUCTURAL_ABSENCE,True,False,,
bɔ́nɔ̀ kpaɣa,grb,1,ltr,Digital Humanities,STRUCTURAL_ABSENCE,True,False,,
kpaa-gboo ŋɔɔmɔɔ,grb,1,ltr,Digital Humanities,STRUCTURAL_ABSENCE,True,False,,
digi hamin,grb,1,ltr,Digital Humanities,STRUCTURAL_ABSENCE,True,False,,
yi-digitál gbéné,grb,1,ltr,Digital Humanities,STRUCTURAL_ABSENCE,True,False,,
ψηφιακαὶ ἀνθρωπιστικαί,grc,1,ltr,Digital Humanities,TRANSMOGRIFICATION,True,False,,
ψηφιακαὶ φιλανθρωπίαι,grc,1,ltr,Digital Humanities,TRANSMOGRIFICATION,True,False,,
ψηφιακαὶ ἀνθρωπιστικαὶ ἐπιστῆμαι,grc,1,ltr,Digital Humanities,TRANSMOGRIFICATION,True,False,,
διγίτης τέχναι,grc,1,ltr,Digital Humanities,TRANSMOGRIFICATION,True,False,,
δημοτικὴ χρηματολογία,grc,1,ltr,Digital Humanities,TRANSMOGRIFICATION,True,False,,
xaxiwa ñi kuyupu,gub,1,ltr,Digital Humanities,TRANSMOGRIFICATION,True,False,,
διγιταλή ανθρωποσεις,grc,1,ltr,Digital Humanities,TRANSMOGRIFICATION,True,False,,
ႁၢတ်ႈ ႁၢင်ႈၵႅၼ်ႇ,grt,1,ltr,Digital Humanities,STRUCTURAL_ABSENCE,True,False,,
kɨl-sɨn-di-tɨk-sɨn-tɨk-na-tɨk,grt,1,ltr,Digital Humanities,STRUCTURAL_ABSENCE,True,False,,
digitale kumanistike,grt,1,ltr,Digital Humanities,STRUCTURAL_ABSENCE,True,False,,
digitale humanitäre geisteswüsseenschaft,gsw,1,ltr,Digital Humanities,TRANSMOGRIFICATION,True,False,,
ડિજિટલ માનવશાસ્ત્ર,gu,1,ltr,Digital Humanities,TRANSMOGRIFICATION,True,False,,
ડિજિટલ માનવવિદ્યા,gu,1,ltr,Digital Humanities,TRANSMOGRIFICATION,True,False,,
ડિજીટલ માનવશાસ્ત્ર,gu,1,ltr,Digital Humanities,TRANSMOGRIFICATION,True,False,,
દીજિટાલ મનવિયત,gu,1,ltr,Digital Humanities,TRANSMOGRIFICATION,True,False,,
tekoputɨr kwarer ma'e,gub,1,ltr,Digital Humanities,TRANSMOGRIFICATION,True,False,,
teknolojia pyahu reko,gub,1,ltr,Digital Humanities,TRANSMOGRIFICATION,True,False,,
tekowara marãnãgatu,gub,1,ltr,Digital Humanities,TRANSMOGRIFICATION,True,False,,
tetéu kana'wa,gub,1,ltr,Digital Humanities,TRANSMOGRIFICATION,True,False,,
𐌳𐌹𐌲𐌹𐍄𐌰𐌻𐌰 𐌼𐌰𐌽𐌽𐌹𐍃𐌺𐌰 𐌺𐌿𐌽𐌸𐌹,got,1,ltr,Digital Humanities,TRANSMOGRIFICATION,True,False,,
𐌳𐌹𐌲𐌹𐍄𐌰𐌻𐌰 𐌷𐌿𐌼𐌰𐌽𐌹𐍄𐌰𐍄𐍃,got,1,ltr,Digital Humanities,TRANSMOGRIFICATION,True,False,,
𐍄𐌰𐌻𐌰𐍂𐌰𐌶𐌽𐍉𐍃 𐌼𐌰𐌽𐌽𐌹𐍃𐌺𐌿𐌽𐌳𐌴𐌹𐌽𐍃,got,1,ltr,Digital Humanities,TRANSMOGRIFICATION,True,False,,
𐌳𐌹𐌲𐌹𐍄𐌰𐌻𐍃 𐌷𐌿𐌼𐌰𐌽𐌸𐌰𐌽𐌹𐍃,got,1,ltr,Digital Humanities,TRANSMOGRIFICATION,True,False,,
tekotee digitál,gn,1,ltr,Digital Humanities,STRUCTURAL_ABSENCE,True,False,,
arandupy jekopytyha digital,gn,1,ltr,Digital Humanities,STRUCTURAL_ABSENCE,True,False,,
tekombo'e porãva ñanduti,gn,1,ltr,Digital Humanities,STRUCTURAL_ABSENCE,True,False,,
tatútekoha tekuakua,gn,1,ltr,Digital Humanities,STRUCTURAL_ABSENCE,True,False,,
teknología humánitari,gn,1,ltr,Digital Humanities,STRUCTURAL_ABSENCE,True,False,,
kuariyutíva ñandeve,gn,1,ltr,Digital Humanities,STRUCTURAL_ABSENCE,True,False,,
teknologia yjá ñandereko,gn,1,ltr,Digital Humanities,STRUCTURAL_ABSENCE,True,False,,
dihtunga managheit,goh,1,ltr,Digital Humanities,TRANSMOGRIFICATION,True,False,,
fingarlīhhiu mennisgtuom,goh,1,ltr,Digital Humanities,TRANSMOGRIFICATION,True,False,,
gizalîchâ manwîssâ,goh,1,ltr,Digital Humanities,TRANSMOGRIFICATION,True,False,,
fingarlīhhi menniskī,goh,1,ltr,Digital Humanities,TRANSMOGRIFICATION,True,False,,
dinglîhiu,goh,1,ltr,Digital Humanities,TRANSMOGRIFICATION,True,False,,
digitali humanitas,goh,1,ltr,Digital Humanities,TRANSMOGRIFICATION,True,False,,
diutiscu mensozinologio,goh,1,ltr,Digital Humanities,TRANSMOGRIFICATION,True,False,,
zahlig menschheit,goh,1,ltr,Digital Humanities,TRANSMOGRIFICATION,True,False,,
digmitee vhoddapant,gom,1,ltr,Digital Humanities,STRUCTURAL_ABSENCE,True,False,,
ḍijiṭal manushśāstr,gom,1,ltr,Digital Humanities,STRUCTURAL_ABSENCE,True,False,,
digitāl humānītāz,gom,1,ltr,Digital Humanities,STRUCTURAL_ABSENCE,True,False,,
गोंडी डिजिटल मानवविज्ञान,gon,1,ltr,Digital Humanities,STRUCTURAL_ABSENCE,True,False,,
ḍigital mānviṭa,gon,1,ltr,Digital Humanities,STRUCTURAL_ABSENCE,True,False,,
dihitali himnainsi,gon,1,ltr,Digital Humanities,STRUCTURAL_ABSENCE,True,False,,
hamuran digidol,gon,1,ltr,Digital Humanities,STRUCTURAL_ABSENCE,True,False,,
taduli sipatulo,gor,1,ltr,Digital Humanities,STRUCTURAL_ABSENCE,True,False,,
sulalate digital,gor,1,ltr,Digital Humanities,STRUCTURAL_ABSENCE,True,False,,
digitale minsken,gos,1,ltr,Digital Humanities,TRANSMOGRIFICATION,True,False,,
digitaole mienkunde,gos,1,ltr,Digital Humanities,TRANSMOGRIFICATION,True,False,,
digeitale menskje-kunsten,gos,1,ltr,Digital Humanities,TRANSMOGRIFICATION,True,False,,
wá-wá-yá-ra-kú-tá-ra-yá-ra,gub,1,ltr,Digital Humanities,TRANSMOGRIFICATION,True,False,,
sünain anasü tü nüpülakalüirua,guc,1,ltr,Digital Humanities,STRUCTURAL_ABSENCE,True,False,,
अभिकलनात्मक मानविकी,hi,1,ltr,Digital Humanities,PRODUCTIVE_DISAGREEMENT,True,False,,
x̱aayda kil ḵ'aawx̱aalaas g̱andl,hax,1,ltr,Digital Humanities,TRANSMOGRIFICATION,True,False,,
gidíiłaa x̱aaydaa,hai,1,ltr,Digital Humanities,STRUCTURAL_ABSENCE,True,False,,
g̱aay әdáawas,hai,1,ltr,Digital Humanities,STRUCTURAL_ABSENCE,True,False,,
giidáa sx'áan k'uuna,hai,1,ltr,Digital Humanities,STRUCTURAL_ABSENCE,True,False,,
hók-gáik-sṳ̀n-khì,hak,1,ltr,Digital Humanities,STRUCTURAL_ABSENCE,True,False,,
nā humanities kikohoʻe,haw,1,ltr,Digital Humanities,STRUCTURAL_ABSENCE,True,False,,
nā ʻepekema ʻikehu,haw,1,ltr,Digital Humanities,STRUCTURAL_ABSENCE,True,False,,
ʻepekema kikohoʻe,haw,1,ltr,Digital Humanities,STRUCTURAL_ABSENCE,True,False,,
nā pūnaewele kikohoʻe,haw,1,ltr,Digital Humanities,STRUCTURAL_ABSENCE,True,False,,
ʻike kikohoʻe kanaka,haw,1,ltr,Digital Humanities,STRUCTURAL_ABSENCE,True,False,,
nā kūlana houʻaʻia,haw,1,ltr,Digital Humanities,STRUCTURAL_ABSENCE,True,False,,
noʻeau ʻikepili,haw,1,ltr,Digital Humanities,STRUCTURAL_ABSENCE,True,False,,
kuakahi ʻio,haw,1,ltr,Digital Humanities,STRUCTURAL_ABSENCE,True,False,,
humanitisi digeitale,haw,1,ltr,Digital Humanities,STRUCTURAL_ABSENCE,True,False,,
k'áaw k'áawgaay 'láa gudáng,hax,1,ltr,Digital Humanities,TRANSMOGRIFICATION,True,False,,
jüma'ana pütchi süka digital,guc,1,ltr,Digital Humanities,STRUCTURAL_ABSENCE,True,False,,
ḵaayuux̱waałii,hax,1,ltr,Digital Humanities,TRANSMOGRIFICATION,True,False,,
g̱aay ʼlanyas,hax,1,ltr,Digital Humanities,TRANSMOGRIFICATION,True,False,,
giidang tl'aaw aanáak'aa,hax,1,ltr,Digital Humanities,TRANSMOGRIFICATION,True,False,,
دیجیتال انسان‌شناسی,haz,1,rtl,Digital Humanities,TRANSMOGRIFICATION,True,False,,
رېږدېزۍ د معلوماتو انساني زده‌کړې,haz,1,rtl,Digital Humanities,TRANSMOGRIFICATION,True,False,,
دیجیتال بشتارک,haz,1,rtl,Digital Humanities,TRANSMOGRIFICATION,True,False,,
k'íil x̱aayda g̱áay,hdn,1,ltr,Digital Humanities,STRUCTURAL_ABSENCE,True,False,,
gidíi x̱aaydaa gidaax,hdn,1,ltr,Digital Humanities,STRUCTURAL_ABSENCE,True,False,,
g̱aay ḵáawu ḫéetl,hdn,1,ltr,Digital Humanities,STRUCTURAL_ABSENCE,True,False,,
xaad kee naay aanaaw,hdn,1,ltr,Digital Humanities,STRUCTURAL_ABSENCE,True,False,,
מדעי הרוח הדיגיטליים,he,1,rtl,Digital Humanities,PRODUCTIVE_DISAGREEMENT,True,False,,
אנתרופולוגיה דיגיטלית,he,1,rtl,Digital Humanities,PRODUCTIVE_DISAGREEMENT,True,False,,
מִדְאוֹר הַמְּדֻרָּה,he,1,rtl,Digital Humanities,PRODUCTIVE_DISAGREEMENT,True,False,,
ḵ'aygang.nga tll ḵ'íijang,hai,1,ltr,Digital Humanities,STRUCTURAL_ABSENCE,True,False,,
tll yahda gya'aang,hai,1,ltr,Digital Humanities,STRUCTURAL_ABSENCE,True,False,,
डिजिताल् मानविकी,gvr,1,ltr,Digital Humanities,TRANSMOGRIFICATION,True,False,,
dhagyalai khabarikai,gvr,1,ltr,Digital Humanities,TRANSMOGRIFICATION,True,False,,
anainjachi süpüla tü waneepia wayuu,guc,1,ltr,Digital Humanities,STRUCTURAL_ABSENCE,True,False,,
ciencias digitales,guc,1,ltr,Digital Humanities,STRUCTURAL_ABSENCE,True,False,,
jina'a wayüüla digita,guc,1,ltr,Digital Humanities,STRUCTURAL_ABSENCE,True,False,,
ku taañiwa digitala,guc,1,ltr,Digital Humanities,STRUCTURAL_ABSENCE,True,False,,
ninsaalim saanɛ,gur,1,ltr,Digital Humanities,STRUCTURAL_ABSENCE,True,False,,
dijital ninsaalbaŋ,gur,1,ltr,Digital Humanities,STRUCTURAL_ABSENCE,True,False,,
ŋɔmɛtso' tɔŋa,gur,1,ltr,Digital Humanities,STRUCTURAL_ABSENCE,True,False,,
zuuŋsi komŋmaŋŋ,gur,1,ltr,Digital Humanities,STRUCTURAL_ABSENCE,True,False,,
dziligi daban-deegeeri,gur,1,ltr,Digital Humanities,STRUCTURAL_ABSENCE,True,False,,
nkɔmɔlɛ kpɛlɛ,gur,1,ltr,Digital Humanities,STRUCTURAL_ABSENCE,True,False,,
ebisomo bia digital,guz,1,ltr,Digital Humanities,STRUCTURAL_ABSENCE,True,False,,
obwengere bwa digito,guz,1,ltr,Digital Humanities,STRUCTURAL_ABSENCE,True,False,,
obogima bw’abanto b’egetabu ekiagwatigwa,guz,1,ltr,Digital Humanities,STRUCTURAL_ABSENCE,True,False,,
migwirizo ya kielektroniki,guz,1,ltr,Digital Humanities,STRUCTURAL_ABSENCE,True,False,,
eshanga ria nyiribari,guz,1,ltr,Digital Humanities,STRUCTURAL_ABSENCE,True,False,,
kijeshi digitini,guz,1,ltr,Digital Humanities,STRUCTURAL_ABSENCE,True,False,,
ingosi ya diguwali,guz,1,ltr,Digital Humanities,STRUCTURAL_ABSENCE,True,False,,
dooinney digitagh,gv,1,ltr,Digital Humanities,TRANSMOGRIFICATION,True,False,,
aghtyn mair-chlaa,gv,1,ltr,Digital Humanities,TRANSMOGRIFICATION,True,False,,
sheanse mannaghyn,gv,1,ltr,Digital Humanities,TRANSMOGRIFICATION,True,False,,
daonnaghtyn bun-earrooagh,gv,1,ltr,Digital Humanities,TRANSMOGRIFICATION,True,False,,
sheeanishaght ghigitalagh,gv,1,ltr,Digital Humanities,TRANSMOGRIFICATION,True,False,,
dooreyseyn deiney,gv,1,ltr,Digital Humanities,TRANSMOGRIFICATION,True,False,,
dooie ghumailtys,gv,1,ltr,Digital Humanities,TRANSMOGRIFICATION,True,False,,
reirnaghys soseilagh,gv,1,ltr,Digital Humanities,TRANSMOGRIFICATION,True,False,,
dylysyn dysonnagh,gv,1,ltr,Digital Humanities,TRANSMOGRIFICATION,True,False,,
hyooshey vanninagh,gv,1,ltr,Digital Humanities,TRANSMOGRIFICATION,True,False,,
tembikuaaty digital,gn,1,ltr,Digital Humanities,STRUCTURAL_ABSENCE,True,False,,
humanidades digitales rehegua,gn,1,ltr,Digital Humanities,STRUCTURAL_ABSENCE,True,False,,
di-ge-ta-lo-jo-ka a-na-thro-po-ja,gmy,1,rtl,Digital Humanities,TRANSMOGRIFICATION,True,False,,
dijital adesai ahe nilee,gaa,1,ltr,Digital Humanities,STRUCTURAL_ABSENCE,True,False,,
digiwɛlɔ,fvr,1,ltr,Digital Humanities,TRANSMOGRIFICATION,True,False,,
vokó-sútsʼí-kʼútsʼí,fvr,1,ltr,Digital Humanities,TRANSMOGRIFICATION,True,False,,
digițală umanistă,fvr,1,ltr,Digital Humanities,TRANSMOGRIFICATION,True,False,,
digital-människo-vitenskap,fvr,1,ltr,Digital Humanities,TRANSMOGRIFICATION,True,False,,
digitale geasteswitenskippen,fy,1,ltr,Digital Humanities,STRUCTURAL_ABSENCE,True,False,,
digitale minnichteiten,fy,1,ltr,Digital Humanities,STRUCTURAL_ABSENCE,True,False,,
digitale huileskunde,fy,1,ltr,Digital Humanities,STRUCTURAL_ABSENCE,True,False,,
daonnachtaí digiteacha,ga,1,ltr,Digital Humanities,TRANSMOGRIFICATION,True,False,,
na daonnachtaí digiteacha,ga,1,ltr,Digital Humanities,TRANSMOGRIFICATION,True,False,,
dhigiteachtaí na daonnachta,ga,1,ltr,Digital Humanities,TRANSMOGRIFICATION,True,False,,
reil na fíor-eolaíochta digiteach,ga,1,ltr,Digital Humanities,TRANSMOGRIFICATION,True,False,,
saothar digitíleachas na naistriúcháin,ga,1,ltr,Digital Humanities,TRANSMOGRIFICATION,True,False,,
fhiosrúchán díteacha,ga,1,ltr,Digital Humanities,TRANSMOGRIFICATION,True,False,,
nibii ni haa mɔ tsui nyɔɔ emli ni haa mɔ tsui nyɔɔ emli,gaa,1,ltr,Digital Humanities,STRUCTURAL_ABSENCE,True,False,,
διαδραστικὴ χρηματολογία,gmy,1,rtl,Digital Humanities,TRANSMOGRIFICATION,True,False,,
didjital nitsɔɔ,gaa,1,ltr,Digital Humanities,STRUCTURAL_ABSENCE,True,False,,
digital humanitie,gaa,1,ltr,Digital Humanities,STRUCTURAL_ABSENCE,True,False,,
adesai lɛ nii aahu,gaa,1,ltr,Digital Humanities,STRUCTURAL_ABSENCE,True,False,,
amanɣaŋa digital,gaa,1,ltr,Digital Humanities,STRUCTURAL_ABSENCE,True,False,,
ɛɛbɛɛ ŋmɛbɛn,gaa,1,ltr,Digital Humanities,STRUCTURAL_ABSENCE,True,False,,
dzidaakun kusuo,gaa,1,ltr,Digital Humanities,STRUCTURAL_ABSENCE,True,False,,
dījitāl hju-mənizmi,gaa,1,ltr,Digital Humanities,STRUCTURAL_ABSENCE,True,False,,
sayısal insannik bilimleri,gag,1,ltr,Digital Humanities,TRANSMOGRIFICATION,True,False,,
sayısal humanitar bilimner,gag,1,ltr,Digital Humanities,TRANSMOGRIFICATION,True,False,,
dijital dilbilimler,gag,1,ltr,Digital Humanities,TRANSMOGRIFICATION,True,False,,
平组標辞公图,gan,1,ltr,Digital Humanities,TRANSMOGRIFICATION,True,False,,
tèknologi ulang-ulang basa,gay,1,ltr,Digital Humanities,STRUCTURAL_ABSENCE,True,False,,
digiital fann,gay,1,ltr,Digital Humanities,STRUCTURAL_ABSENCE,True,False,,
yadda-fitini-digitali,fuv,1,ltr,Digital Humanities,STRUCTURAL_ABSENCE,True,False,,
digiital haamalolubu,fuv,1,ltr,Digital Humanities,STRUCTURAL_ABSENCE,True,False,,
digitaal ɗunniyoy,fuv,1,ltr,Digital Humanities,STRUCTURAL_ABSENCE,True,False,,
tarihin digital,fuv,1,ltr,Digital Humanities,STRUCTURAL_ABSENCE,True,False,,
digitale minskerkennisse,frr,1,ltr,Digital Humanities,TRANSMOGRIFICATION,True,False,,
digitaal minskwessens,frr,1,ltr,Digital Humanities,TRANSMOGRIFICATION,True,False,,
digeel-menskelek,frr,1,ltr,Digital Humanities,TRANSMOGRIFICATION,True,False,,
digitale humanitäte,frs,1,ltr,Digital Humanities,TRANSMOGRIFICATION,True,False,,
dytske humanistyk,frs,1,ltr,Digital Humanities,TRANSMOGRIFICATION,True,False,,
digeitale menskje-wissenschafe,frs,1,ltr,Digital Humanities,TRANSMOGRIFICATION,True,False,,
fakasolosolo fakatekinolosi mo e aganuu,fud,1,ltr,Digital Humanities,TRANSMOGRIFICATION,True,False,,
faka-tala-tupu'aga faka-numela,fud,1,ltr,Digital Humanities,TRANSMOGRIFICATION,True,False,,
fakamatala faʻakomepiuta,fud,1,ltr,Digital Humanities,TRANSMOGRIFICATION,True,False,,
tāpui o le falemaʻa,fud,1,ltr,Digital Humanities,TRANSMOGRIFICATION,True,False,,
takamoa tahi o te tehisini,fud,1,ltr,Digital Humanities,TRANSMOGRIFICATION,True,False,,
vagahau digitale fakaaoga,fud,1,ltr,Digital Humanities,TRANSMOGRIFICATION,True,False,,
liggol naange,fuq,1,ltr,Digital Humanities,STRUCTURAL_ABSENCE,True,False,,
fannuuji dijitaal e neɗɗaŋke,fuq,1,ltr,Digital Humanities,STRUCTURAL_ABSENCE,True,False,,
huuɓnude anndal dijital,fuq,1,ltr,Digital Humanities,STRUCTURAL_ABSENCE,True,False,,
ɗumɓeɓeɓeɗɛɓɛɓɛ,fuq,1,ltr,Digital Humanities,STRUCTURAL_ABSENCE,True,False,,
hukuumil ɗiitalat,fuq,1,ltr,Digital Humanities,STRUCTURAL_ABSENCE,True,False,,
duniyawa ṣanā’īya digital,fuq,1,ltr,Digital Humanities,STRUCTURAL_ABSENCE,True,False,,
humanitii digitaali,fuq,1,ltr,Digital Humanities,STRUCTURAL_ABSENCE,True,False,,
lis siencis umanis digjitâls,fur,1,ltr,Digital Humanities,STRUCTURAL_ABSENCE,True,False,,
umanitâts digitâls,fur,1,ltr,Digital Humanities,STRUCTURAL_ABSENCE,True,False,,
umanistichis digjitâls,fur,1,ltr,Digital Humanities,STRUCTURAL_ABSENCE,True,False,,
umanitât digitâl,fur,1,ltr,Digital Humanities,STRUCTURAL_ABSENCE,True,False,,
labaru na dijital,fuv,1,ltr,Digital Humanities,STRUCTURAL_ABSENCE,True,False,,
humpito dijitaal,fuv,1,ltr,Digital Humanities,STRUCTURAL_ABSENCE,True,False,,
himmaaji dijital,fuv,1,ltr,Digital Humanities,STRUCTURAL_ABSENCE,True,False,,
huuɓnude jamanuuji dijital,fuv,1,ltr,Digital Humanities,STRUCTURAL_ABSENCE,True,False,,
komputer budaya digital,gay,1,ltr,Digital Humanities,STRUCTURAL_ABSENCE,True,False,,
kɔ̀ɔ̀ sɛ̀sɛ̀ ɓòkò tɛ̀ɛ̀,gba,1,ltr,Digital Humanities,STRUCTURAL_ABSENCE,True,False,,
gbaya ti digital,gba,1,ltr,Digital Humanities,STRUCTURAL_ABSENCE,True,False,,
te katei ni mwaane aika tituaraoi,gil,1,ltr,Digital Humanities,STRUCTURAL_ABSENCE,True,False,,
te rongorongo aonano,gil,1,ltr,Digital Humanities,STRUCTURAL_ABSENCE,True,False,,
nan te mwanea kainanga,gil,1,ltr,Digital Humanities,STRUCTURAL_ABSENCE,True,False,,
tearuan digitali,gil,1,ltr,Digital Humanities,STRUCTURAL_ABSENCE,True,False,,
taaiki digitaki,gil,1,ltr,Digital Humanities,STRUCTURAL_ABSENCE,True,False,,
humanitāni digitale,gil,1,ltr,Digital Humanities,STRUCTURAL_ABSENCE,True,False,,
koʔaɣa khaɾi ɗaɣa,gjk,1,rtl,Digital Humanities,TRANSMOGRIFICATION,True,False,,
kōlī-dijitāl-mānava-vidyā,gjk,1,rtl,Digital Humanities,TRANSMOGRIFICATION,True,False,,
digiitali huumaniiti,gjk,1,rtl,Digital Humanities,TRANSMOGRIFICATION,True,False,,
દીજિટાલ મનવિકલ્પો,gju,1,rtl,Digital Humanities,TRANSMOGRIFICATION,True,False,,
humanidades dixitais,gl,1,ltr,Digital Humanities,TRANSMOGRIFICATION,True,False,,
humanos dixitais,gl,1,ltr,Digital Humanities,TRANSMOGRIFICATION,True,False,,
электронный гэрбуни,gld,1,ltr,Digital Humanities,TRANSMOGRIFICATION,True,False,,
цифровой гуманитарный наукани,gld,1,ltr,Digital Humanities,TRANSMOGRIFICATION,True,False,,
kʌɣaŋi kʌɣaŋi,gld,1,ltr,Digital Humanities,TRANSMOGRIFICATION,True,False,,
дыгитэл нэньэнгэ нэньэнгэнгэ,gld,1,ltr,Digital Humanities,TRANSMOGRIFICATION,True,False,,
диджиталь чанууаттары,gld,1,ltr,Digital Humanities,TRANSMOGRIFICATION,True,False,,
ԓаһир-тэн ӈулхэ-тэн үнэгэ-тэн,gld,1,ltr,Digital Humanities,TRANSMOGRIFICATION,True,False,,
دیجیتال انسانیّات,glk,1,rtl,Digital Humanities,TRANSMOGRIFICATION,True,False,,
دیجیتالی انسانی علوم,glk,1,rtl,Digital Humanities,TRANSMOGRIFICATION,True,False,,
دیجیتال ٮینسانیت,glk,1,rtl,Digital Humanities,TRANSMOGRIFICATION,True,False,,
بومنشیگی دیجیتالی,glk,1,rtl,Digital Humanities,TRANSMOGRIFICATION,True,False,,
رۊدی ۊمۊنيتۊني,glk,1,rtl,Digital Humanities,TRANSMOGRIFICATION,True,False,,
𐀇𐀒𐀜𐀷𐀙𐀂𐀊𐀍𐀙,gmy,1,rtl,Digital Humanities,TRANSMOGRIFICATION,True,False,,
te-ke-na a-pi-qo-ro,gmy,1,rtl,Digital Humanities,TRANSMOGRIFICATION,True,False,,
𐀇𐀐𐀵𐀪𐀊𐀐𐀨𐀠𐀳𐀊,gmy,1,rtl,Digital Humanities,TRANSMOGRIFICATION,True,False,,
δίγματα ἀνθρωπολόγου,gmy,1,rtl,Digital Humanities,TRANSMOGRIFICATION,True,False,,
𐀝𐀳𐀴 𐀵𐀳𐀴𐀻𐀳𐀴 𐀝𐀳𐀴𐀻𐀳𐀴,gmy,1,rtl,Digital Humanities,TRANSMOGRIFICATION,True,False,,
humanities ni koro,gil,1,ltr,Digital Humanities,STRUCTURAL_ABSENCE,True,False,,
humanities ni kiribati,gil,1,ltr,Digital Humanities,STRUCTURAL_ABSENCE,True,False,,
gbáá tí kpáá nzɛ̰ɛ̰,gba,1,ltr,Digital Humanities,STRUCTURAL_ABSENCE,True,False,,
aroia aomata n tokanikai i aoni bwaai ni kabane,gil,1,ltr,Digital Humanities,STRUCTURAL_ABSENCE,True,False,,
bɔ́nɔ̀ tɛ̂ kpaɣá,gba,1,ltr,Digital Humanities,STRUCTURAL_ABSENCE,True,False,,
gbaŋŋwɛɛŋ ŋgɔɔŋɔɔ,gba,1,ltr,Digital Humanities,STRUCTURAL_ABSENCE,True,False,,
mwacu mubangali miendé digitale,gba,1,ltr,Digital Humanities,STRUCTURAL_ABSENCE,True,False,,
séminaire numérique,gba,1,ltr,Digital Humanities,STRUCTURAL_ABSENCE,True,False,,
دیجیتال انسانیات,gbz,1,rtl,Digital Humanities,TRANSMOGRIFICATION,True,False,,
دایجیتال مانیریت,gbz,1,rtl,Digital Humanities,TRANSMOGRIFICATION,True,False,,
ахсидиди ҷаҳонӣ,gbz,1,rtl,Digital Humanities,TRANSMOGRIFICATION,True,False,,
د دیجیټل هنرمندانه,gbz,1,rtl,Digital Humanities,TRANSMOGRIFICATION,True,False,,
imanité dijital,gcr,1,ltr,Digital Humanities,TRANSMOGRIFICATION,True,False,,
létidijité nimerik,gcr,1,ltr,Digital Humanities,TRANSMOGRIFICATION,True,False,,
lètèrès digitel,gcr,1,ltr,Digital Humanities,TRANSMOGRIFICATION,True,False,,
lés òm nan dijital,gcr,1,ltr,Digital Humanities,TRANSMOGRIFICATION,True,False,,
dilitè humin,gcr,1,ltr,Digital Humanities,TRANSMOGRIFICATION,True,False,,
daonnachdan didseatach,gd,1,ltr,Digital Humanities,STRUCTURAL_ABSENCE,True,False,,
daonnachdan digiteach,gd,1,ltr,Digital Humanities,STRUCTURAL_ABSENCE,True,False,,
na daonnachdan didseatach,gd,1,ltr,Digital Humanities,STRUCTURAL_ABSENCE,True,False,,
dùbhlanachd dhiotail,gd,1,ltr,Digital Humanities,STRUCTURAL_ABSENCE,True,False,,
daoineachd digital,gd,1,ltr,Digital Humanities,STRUCTURAL_ABSENCE,True,False,,
dùthchas fhigiúil,gd,1,ltr,Digital Humanities,STRUCTURAL_ABSENCE,True,False,,
dhà-mhìneachais eadar-shasannach,gd,1,ltr,Digital Humanities,STRUCTURAL_ABSENCE,True,False,,
ትንታኔ ሰብእ,gez,1,ltr,Digital Humanities,STRUCTURAL_ABSENCE,True,False,,
ዲጂታል፡ሰብአዊ፡ትምህርት,gez,1,ltr,Digital Humanities,STRUCTURAL_ABSENCE,True,False,,
ዲጂታል ሰብአዊ ትምህርት,gez,1,ltr,Digital Humanities,STRUCTURAL_ABSENCE,True,False,,
አስተያየጁ ምጣፍ,gez,1,ltr,Digital Humanities,STRUCTURAL_ABSENCE,True,False,,
ዲጅታል ባህላዊ ጥናት,gez,1,ltr,Digital Humanities,STRUCTURAL_ABSENCE,True,False,,
digital minignaw,gez,1,ltr,Digital Humanities,STRUCTURAL_ABSENCE,True,False,,
መዝግ ባህል,gez,1,ltr,Digital Humanities,STRUCTURAL_ABSENCE,True,False,,
תכנות אדם דיגיטלית,he,1,rtl,Digital Humanities,PRODUCTIVE_DISAGREEMENT,True,False,,
दिजिटल अमेरिकी साहित्य,hi,1,ltr,Digital Humanities,PRODUCTIVE_DISAGREEMENT,True,False,,
ũmanyi wa kĩĩnthanthĩ wa kĩĩtaratara,kam,1,ltr,Digital Humanities,STRUCTURAL_ABSENCE,True,False,,
цифровой кодигзэнь наука,izh,1,ltr,Digital Humanities,TRANSMOGRIFICATION,True,False,,
umanesimo digitale,it,1,ltr,Digital Humanities,PRODUCTIVE_DISAGREEMENT,True,False,,
humanità digitali,it,1,ltr,Digital Humanities,PRODUCTIVE_DISAGREEMENT,True,False,,
ᑎᑎᕋᕐᔪᐊᑎᑦ ᐃᓕᓐᓂᐊᖅᑐᑦ,iu,1,ltr,Digital Humanities,STRUCTURAL_ABSENCE,True,False,,
nunalaaq digital,iu,1,ltr,Digital Humanities,STRUCTURAL_ABSENCE,True,False,,
ᑎᑎᕋᖅᑎᑦᑎᓂᕐᒧᑦ ᐃᓅᓯᓕᕆᓂᖅ,iu,1,ltr,Digital Humanities,STRUCTURAL_ABSENCE,True,False,,
ᓄᐊᑦ ᒥᕗᖅᑎᓚᓂᕐᒃ,iu,1,ltr,Digital Humanities,STRUCTURAL_ABSENCE,True,False,,
ᐊᑑᕱᓕᐅᖅᑎᑦᓯᐅᖅᑐᖅ ᓴᖅᑭᓰᓂᖅ,iu,1,ltr,Digital Humanities,STRUCTURAL_ABSENCE,True,False,,
igloolik ilinniarniq pijitsiurviialluguiniit,iu,1,ltr,Digital Humanities,STRUCTURAL_ABSENCE,True,False,,
inuitit kiniqitsoq,iu,1,ltr,Digital Humanities,STRUCTURAL_ABSENCE,True,False,,
digitaaline humanistikka,izh,1,ltr,Digital Humanities,TRANSMOGRIFICATION,True,False,,
digitaaliset humanitaaratieteet,izh,1,ltr,Digital Humanities,TRANSMOGRIFICATION,True,False,,
digitaalin humanitaari,izh,1,ltr,Digital Humanities,TRANSMOGRIFICATION,True,False,,
digitaal'ne humanitariin,izh,1,ltr,Digital Humanities,TRANSMOGRIFICATION,True,False,,
digitale huumeenõu,izh,1,ltr,Digital Humanities,TRANSMOGRIFICATION,True,False,,
mɛdɛ́ŋɛ́ ŋgɔ́mbà,jgo,1,ltr,Digital Humanities,STRUCTURAL_ABSENCE,True,False,,
dijital yuumanitis,jam,1,ltr,Digital Humanities,STRUCTURAL_ABSENCE,True,False,,
dijital yuumanitiiz,jam,1,ltr,Digital Humanities,STRUCTURAL_ABSENCE,True,False,,
teknologi weh di humanities a yuza,jam,1,ltr,Digital Humanities,STRUCTURAL_ABSENCE,True,False,,
digitul huumanites,jam,1,ltr,Digital Humanities,STRUCTURAL_ABSENCE,True,False,,
dijital humansitizm,jam,1,ltr,Digital Humanities,STRUCTURAL_ABSENCE,True,False,,
mucti tadni,jbo,1,ltr,Digital Humanities,TRANSMOGRIFICATION,True,False,,
dilnu remna,jbo,1,ltr,Digital Humanities,TRANSMOGRIFICATION,True,False,,
lo'i digi'i humanitas,jbo,1,ltr,Digital Humanities,TRANSMOGRIFICATION,True,False,,
skami remna selpli,jbo,1,ltr,Digital Humanities,TRANSMOGRIFICATION,True,False,,
.i .idja .junai,jbo,1,ltr,Digital Humanities,TRANSMOGRIFICATION,True,False,,
cifral-humanitka,jbo,1,ltr,Digital Humanities,TRANSMOGRIFICATION,True,False,,
djerfyskanda,jbo,1,ltr,Digital Humanities,TRANSMOGRIFICATION,True,False,,
digitali humanaistiku,jbo,1,ltr,Digital Humanities,TRANSMOGRIFICATION,True,False,,
umanistica digitale,it,1,ltr,Digital Humanities,PRODUCTIVE_DISAGREEMENT,True,False,,
scienze umanistiche digitali,it,1,ltr,Digital Humanities,PRODUCTIVE_DISAGREEMENT,True,False,,
discipline umanistiche digitali,it,1,ltr,Digital Humanities,PRODUCTIVE_DISAGREEMENT,True,False,,
informatica umanistica,it,1,ltr,Digital Humanities,PRODUCTIVE_DISAGREEMENT,True,False,,
iqalukkat turaangat,ike,1,ltr,Digital Humanities,TRANSMOGRIFICATION,True,False,,
ᑎᑎᕋᖅᑎᑦᑎᓂᕐᒧᑦ ᐃᓄᐃᑦ ᐱᖁᔨᕗᖔᕐᓂᖅ,ike,1,ltr,Digital Humanities,TRANSMOGRIFICATION,True,False,,
iglaatigiit ilisajjuaq,ike,1,ltr,Digital Humanities,TRANSMOGRIFICATION,True,False,,
inuttutit qanuinniaraq sivuniaqtigiit,ike,1,ltr,Digital Humanities,TRANSMOGRIFICATION,True,False,,
ᑎᑎᕋᕐᔪᐊᑦ ᐃᓄᒃᑎᑐᑦ,ikt,1,ltr,Digital Humanities,TRANSMOGRIFICATION,True,False,,
ᑎᔨᑕᓪ ᐃᓄᐃᑦ ᐃᓕᖅᑯᓯᖏᑦ ᐃᓕᓐᓂᐊᕐᓂᖏᓪᓗ,ikt,1,ltr,Digital Humanities,TRANSMOGRIFICATION,True,False,,
ᑎᑎᕋᐅᔭᖅᓯᒪᔪᑦ ᐃᓄᐃᑦ ᖃᐅᔨᒪᔭᑐᖃᖏᑦ,ikt,1,ltr,Digital Humanities,TRANSMOGRIFICATION,True,False,,
igloolik ilinniaraq siñaqatigiit,ikt,1,ltr,Digital Humanities,TRANSMOGRIFICATION,True,False,,
innartut ikajuqtaq,ikt,1,ltr,Digital Humanities,TRANSMOGRIFICATION,True,False,,
digital a humanities,ilo,1,ltr,Digital Humanities,STRUCTURAL_ABSENCE,True,False,,
digital humanies,ilo,1,ltr,Digital Humanities,STRUCTURAL_ABSENCE,True,False,,
dihital a humanidades,ilo,1,ltr,Digital Humanities,STRUCTURAL_ABSENCE,True,False,,
aghimat digital,ilo,1,ltr,Digital Humanities,STRUCTURAL_ABSENCE,True,False,,
цифран гуманитарий,inh,1,ltr,Digital Humanities,TRANSMOGRIFICATION,True,False,,
цифровой гуманитарни ӏилма,inh,1,ltr,Digital Humanities,TRANSMOGRIFICATION,True,False,,
дигиталон культурон,inh,1,ltr,Digital Humanities,TRANSMOGRIFICATION,True,False,,
цифертехникан гушъенахь хиларан долаш,inh,1,ltr,Digital Humanities,TRANSMOGRIFICATION,True,False,,
dicala humaneso,io,1,ltr,Digital Humanities,TRANSMOGRIFICATION,True,False,,
ciferala humanistikaro,io,1,ltr,Digital Humanities,TRANSMOGRIFICATION,True,False,,
cifrala homala cienci,io,1,ltr,Digital Humanities,TRANSMOGRIFICATION,True,False,,
dijitala arti,io,1,ltr,Digital Humanities,TRANSMOGRIFICATION,True,False,,
humano-digitalaj sciencoj,io,1,ltr,Digital Humanities,TRANSMOGRIFICATION,True,False,,
stafræn mannvera,is,1,ltr,Digital Humanities,TRANSMOGRIFICATION,True,False,,
dökk fræði,is,1,ltr,Digital Humanities,TRANSMOGRIFICATION,True,False,,
rafræn manndjónafræði,is,1,ltr,Digital Humanities,TRANSMOGRIFICATION,True,False,,
deildarvísindasafn,is,1,ltr,Digital Humanities,TRANSMOGRIFICATION,True,False,,
teknisk menneskefræði,is,1,ltr,Digital Humanities,TRANSMOGRIFICATION,True,False,,
búmí bwa dijitáli,jgo,1,ltr,Digital Humanities,STRUCTURAL_ABSENCE,True,False,,
bɛ̀tɔ́ tɛ̂ kpa,jgo,1,ltr,Digital Humanities,STRUCTURAL_ABSENCE,True,False,,
vāiro-manav vigyan,hif,1,ltr,Digital Humanities,STRUCTURAL_ABSENCE,True,False,,
talennet tifninet,kab,1,ltr,Digital Humanities,TRANSMOGRIFICATION,True,False,,
санлы гуманитар ғылымлар,kaa,1,ltr,Digital Humanities,TRANSMOGRIFICATION,True,False,,
цифрлы гуманитарлық ғылымлар,kaa,1,ltr,Digital Humanities,TRANSMOGRIFICATION,True,False,,
raqamlı gumanitarliq,kaa,1,ltr,Digital Humanities,TRANSMOGRIFICATION,True,False,,
dijital adabiyotlar,kaa,1,ltr,Digital Humanities,TRANSMOGRIFICATION,True,False,,
санлақ инсан гуманитарлық ғылым,kaa,1,ltr,Digital Humanities,TRANSMOGRIFICATION,True,False,,
диджиталдик хуманитарлар,kaa,1,ltr,Digital Humanities,TRANSMOGRIFICATION,True,False,,
qoraq insan mänöfi,kaa,1,ltr,Digital Humanities,TRANSMOGRIFICATION,True,False,,
tussna n tmadrit tadyant,kab,1,ltr,Digital Humanities,TRANSMOGRIFICATION,True,False,,
tussniwin tineɣmarin tuzlizin,kab,1,ltr,Digital Humanities,TRANSMOGRIFICATION,True,False,,
tussna tadelsant tamagdayt,kab,1,ltr,Digital Humanities,TRANSMOGRIFICATION,True,False,,
tussna n ufgan tadijalant,kab,1,ltr,Digital Humanities,TRANSMOGRIFICATION,True,False,,
tamurtit n tiddukla dɣemmi,kab,1,ltr,Digital Humanities,TRANSMOGRIFICATION,True,False,,
tmaziɣt numérɛq,kab,1,ltr,Digital Humanities,TRANSMOGRIFICATION,True,False,,
innazalen n teknolojiyen,kab,1,ltr,Digital Humanities,TRANSMOGRIFICATION,True,False,,
ngomba-dijital-ngomba,jgo,1,ltr,Digital Humanities,STRUCTURAL_ABSENCE,True,False,,
digital shinggyim nga pra masa,kac,1,ltr,Digital Humanities,STRUCTURAL_ABSENCE,True,False,,
dijital myen hpyen shaloi,kac,1,ltr,Digital Humanities,STRUCTURAL_ABSENCE,True,False,,
ဒိဂျီတယ် လူမှုသိပ္ပံ,kac,1,ltr,Digital Humanities,STRUCTURAL_ABSENCE,True,False,,
ၾကီး ႏိုင္ေျပာင္,kac,1,ltr,Digital Humanities,STRUCTURAL_ABSENCE,True,False,,
digitale hmongnyawngsah,kac,1,ltr,Digital Humanities,STRUCTURAL_ABSENCE,True,False,,
ခေါင်းကုန်ပြည်အားလုံးသို့အမျိုးသားအစား,kac,1,ltr,Digital Humanities,STRUCTURAL_ABSENCE,True,False,,
ƙwararrun mutanen zamani,kaj,1,ltr,Digital Humanities,STRUCTURAL_ABSENCE,True,False,,
tsarin ilimi na dijital,kaj,1,ltr,Digital Humanities,STRUCTURAL_ABSENCE,True,False,,
a̱bwan a̱lyen a̱gba̱ngba̱n,kaj,1,ltr,Digital Humanities,STRUCTURAL_ABSENCE,True,False,,
digi-taali kitaabaha,kaj,1,ltr,Digital Humanities,STRUCTURAL_ABSENCE,True,False,,
juu-dii-tɔŋ-maŋ,kaj,1,ltr,Digital Humanities,STRUCTURAL_ABSENCE,True,False,,
komputerilä humanitiet,kaj,1,ltr,Digital Humanities,STRUCTURAL_ABSENCE,True,False,,
ũũĩ wa syĩthĩo wa nthoki,kam,1,ltr,Digital Humanities,STRUCTURAL_ABSENCE,True,False,,
sanlıq gumanitar fänler,kaa,1,ltr,Digital Humanities,TRANSMOGRIFICATION,True,False,,
დიგიტალური მანესკრიპცია,ka,1,ltr,Digital Humanities,TRANSMOGRIFICATION,True,False,,
დიაგეტური მკვლევარება,ka,1,ltr,Digital Humanities,TRANSMOGRIFICATION,True,False,,
ციფრული ჰუმანიტარი,ka,1,ltr,Digital Humanities,TRANSMOGRIFICATION,True,False,,
mufundishana digital,jgo,1,ltr,Digital Humanities,STRUCTURAL_ABSENCE,True,False,,
ingilizi digitálu,jgo,1,ltr,Digital Humanities,STRUCTURAL_ABSENCE,True,False,,
ufundi wa kidiijitali wa binadamu,jmc,1,ltr,Digital Humanities,TRANSMOGRIFICATION,True,False,,
tatizo la digitali la kihistoria,jmc,1,ltr,Digital Humanities,TRANSMOGRIFICATION,True,False,,
maa-ng'a-ng'a-ma-ma-na-ma-na,jmc,1,ltr,Digital Humanities,TRANSMOGRIFICATION,True,False,,
vitendo vitashauri vifanani,jmc,1,ltr,Digital Humanities,TRANSMOGRIFICATION,True,False,,
dijitāl vidyākāṇḍa,jml,1,ltr,Digital Humanities,TRANSMOGRIFICATION,True,False,,
डिजितालि मानविकी,jml,1,ltr,Digital Humanities,TRANSMOGRIFICATION,True,False,,
dihidjil-humanitaj,jml,1,ltr,Digital Humanities,TRANSMOGRIFICATION,True,False,,
دیجیتال هیومنتیز,jpr,1,rtl,Digital Humanities,STRUCTURAL_ABSENCE,True,False,,
דיגיטאל אונסַאנִי,jpr,1,rtl,Digital Humanities,STRUCTURAL_ABSENCE,True,False,,
digitāl ḥumāniyāt,jpr,1,rtl,Digital Humanities,STRUCTURAL_ABSENCE,True,False,,
دیجیتال علوم بشری,jpr,1,rtl,Digital Humanities,STRUCTURAL_ABSENCE,True,False,,
אלעלום אלרקמיה אלאנסאניה,jrb,1,rtl,Digital Humanities,TRANSMOGRIFICATION,True,False,,
הומאניות דיגיטאליות,jrb,1,rtl,Digital Humanities,TRANSMOGRIFICATION,True,False,,
אלעלום אלאנסאניה אלרגמיה,jrb,1,rtl,Digital Humanities,TRANSMOGRIFICATION,True,False,,
אדביר ספרי,jrb,1,rtl,Digital Humanities,TRANSMOGRIFICATION,True,False,,
ميّزات إنسانية رقمية,jrb,1,rtl,Digital Humanities,TRANSMOGRIFICATION,True,False,,
علوم الإنسان الدقيقة,jrb,1,rtl,Digital Humanities,TRANSMOGRIFICATION,True,False,,
digidal hūmānités,jut,1,ltr,Digital Humanities,STRUCTURAL_ABSENCE,True,False,,
digitals hēorōþē,jut,1,ltr,Digital Humanities,STRUCTURAL_ABSENCE,True,False,,
digtal hūmanītēs,jut,1,ltr,Digital Humanities,STRUCTURAL_ABSENCE,True,False,,
digital menneskevidenskaber,jut,1,ltr,Digital Humanities,STRUCTURAL_ABSENCE,True,False,,
kawruh digital,jv,1,ltr,Digital Humanities,STRUCTURAL_ABSENCE,True,False,,
manunggal digital lan kabudayan,jv,1,ltr,Digital Humanities,STRUCTURAL_ABSENCE,True,False,,
jasmani ummahana,jv,1,ltr,Digital Humanities,STRUCTURAL_ABSENCE,True,False,,
ციფრული ჰუმანიტარული,ka,1,ltr,Digital Humanities,TRANSMOGRIFICATION,True,False,,
qarmaqtuq ikasilirutit,ik,1,ltr,Digital Humanities,STRUCTURAL_ABSENCE,True,False,,
iluviniuputeqviigorneqqiq,ik,1,ltr,Digital Humanities,STRUCTURAL_ABSENCE,True,False,,
atiiqsiugmiit iḷisaatit,ik,1,ltr,Digital Humanities,STRUCTURAL_ABSENCE,True,False,,
syans imèn dijital,ht,1,ltr,Digital Humanities,TRANSMOGRIFICATION,True,False,,
pötsaya'at hopiit qatsiyat,hop,1,ltr,Digital Humanities,STRUCTURAL_ABSENCE,True,False,,
pöqangwuyat angqw yaw sinom tuuqayta,hop,1,ltr,Digital Humanities,STRUCTURAL_ABSENCE,True,False,,
kóótsʼóʼóʼ-nang-tsʼíʼí-tsoh,hop,1,ltr,Digital Humanities,STRUCTURAL_ABSENCE,True,False,,
takwamvaa hikamuva,hop,1,ltr,Digital Humanities,STRUCTURAL_ABSENCE,True,False,,
hopituh tuwisga' nee'gohooghaa,hop,1,ltr,Digital Humanities,STRUCTURAL_ABSENCE,True,False,,
digitalne humanosti,hr,1,ltr,Digital Humanities,TRANSMOGRIFICATION,True,False,,
digitalne humanistiske wědomosće,hsb,1,ltr,Digital Humanities,TRANSMOGRIFICATION,True,False,,
digitalne humanitne wědy,hsb,1,ltr,Digital Humanities,TRANSMOGRIFICATION,True,False,,
digitalná humanistika,hsb,1,ltr,Digital Humanities,TRANSMOGRIFICATION,True,False,,
cyfrowe nawěmjenstwa,hsb,1,ltr,Digital Humanities,TRANSMOGRIFICATION,True,False,,
dì jì zhī shù,hsn,1,ltr,Digital Humanities,STRUCTURAL_ABSENCE,True,False,,
syans imanitè dijital,ht,1,ltr,Digital Humanities,TRANSMOGRIFICATION,True,False,,
reflechi sou fason lèzòm pral viv,ht,1,ltr,Digital Humanities,TRANSMOGRIFICATION,True,False,,
simanite nimerik,ht,1,ltr,Digital Humanities,TRANSMOGRIFICATION,True,False,,
igluqtaqtuq sikuksiruvunga,ik,1,ltr,Digital Humanities,STRUCTURAL_ABSENCE,True,False,,
imanite nimerik,ht,1,ltr,Digital Humanities,TRANSMOGRIFICATION,True,False,,
syans imèn nimerik,ht,1,ltr,Digital Humanities,TRANSMOGRIFICATION,True,False,,
djital manisivè,ht,1,ltr,Digital Humanities,TRANSMOGRIFICATION,True,False,,
òmistik dijital,ht,1,ltr,Digital Humanities,TRANSMOGRIFICATION,True,False,,
humansite digitil,ht,1,ltr,Digital Humanities,TRANSMOGRIFICATION,True,False,,
informatik nan lwen yo,ht,1,ltr,Digital Humanities,TRANSMOGRIFICATION,True,False,,
digitális bölcsészet,hu,1,ltr,Digital Humanities,PRODUCTIVE_DISAGREEMENT,True,False,,
digitális humán tudományok,hu,1,ltr,Digital Humanities,PRODUCTIVE_DISAGREEMENT,True,False,,
digitális bölcsészettudományok,hu,1,ltr,Digital Humanities,PRODUCTIVE_DISAGREEMENT,True,False,,
digitális tudományok,hu,1,ltr,Digital Humanities,PRODUCTIVE_DISAGREEMENT,True,False,,
digitális humanitás,hu,1,ltr,Digital Humanities,PRODUCTIVE_DISAGREEMENT,True,False,,
digitális humanities,hu,1,ltr,Digital Humanities,PRODUCTIVE_DISAGREEMENT,True,False,,
digitális humanitáriák,hu,1,ltr,Digital Humanities,PRODUCTIVE_DISAGREEMENT,True,False,,
tunatya'lawu himu'ytaqa,hop,1,ltr,Digital Humanities,STRUCTURAL_ABSENCE,True,False,,
hadithi digitális,hoj,1,ltr,Digital Humanities,TRANSMOGRIFICATION,True,False,,
wadhadhimu digitali,hoj,1,ltr,Digital Humanities,TRANSMOGRIFICATION,True,False,,
hadithi za kielektroniki,hoj,1,ltr,Digital Humanities,TRANSMOGRIFICATION,True,False,,
diyital nga humanidades,hil,1,ltr,Digital Humanities,STRUCTURAL_ABSENCE,True,False,,
mga sangkap sang digital nga pagpangataw,hil,1,ltr,Digital Humanities,STRUCTURAL_ABSENCE,True,False,,
kadigital nga kultura,hil,1,ltr,Digital Humanities,STRUCTURAL_ABSENCE,True,False,,
ntouj ntawv xov xwm,hmd,1,ltr,Digital Humanities,STRUCTURAL_ABSENCE,True,False,,
mbae vajxuam njix sij,hmd,1,ltr,Digital Humanities,STRUCTURAL_ABSENCE,True,False,,
数宇人文,hmd,1,ltr,Digital Humanities,STRUCTURAL_ABSENCE,True,False,,
kev kawm txog tib neeg hauv digital,hmn,1,ltr,Digital Humanities,STRUCTURAL_ABSENCE,True,False,,
xov tooj cua kev kawm txog tib neeg,hmn,1,ltr,Digital Humanities,STRUCTURAL_ABSENCE,True,False,,
txoj kev pab txhaisaub,hmn,1,ltr,Digital Humanities,STRUCTURAL_ABSENCE,True,False,,
dzib tsuam haisim,hmn,1,ltr,Digital Humanities,STRUCTURAL_ABSENCE,True,False,,
"hmoob ntxaws neeg,",hmn,1,ltr,Digital Humanities,STRUCTURAL_ABSENCE,True,False,,
د ذیجیټل همیوینٹس,hnd,1,rtl,Digital Humanities,TRANSMOGRIFICATION,True,False,,
kev pab cov koj,hnj,1,ltr,Digital Humanities,STRUCTURAL_ABSENCE,True,False,,
dawm huv lwm hloj,hnj,1,ltr,Digital Humanities,STRUCTURAL_ABSENCE,True,False,,
thao lưu văn học,hnj,1,ltr,Digital Humanities,STRUCTURAL_ABSENCE,True,False,,
digital na pag-adal sa tao,hnn,1,ltr,Digital Humanities,STRUCTURAL_ABSENCE,True,False,,
digitál na humanidades,hnn,1,ltr,Digital Humanities,STRUCTURAL_ABSENCE,True,False,,
kagamitan sa pagtuturog ng digit,hnn,1,ltr,Digital Humanities,STRUCTURAL_ABSENCE,True,False,,
pang-a-dalan nga kasaysayan,hnn,1,ltr,Digital Humanities,STRUCTURAL_ABSENCE,True,False,,
digitnal hunmayns,hnn,1,ltr,Digital Humanities,STRUCTURAL_ABSENCE,True,False,,
دیجیټل هنسمینس,hno,1,rtl,Digital Humanities,TRANSMOGRIFICATION,True,False,,
kha'khu' kha'khu' maha'khu,hoc,1,ltr,Digital Humanities,STRUCTURAL_ABSENCE,True,False,,
hàwàŋ-dàŋ-hàŋ-dàŋ-hòŋ,hoc,1,ltr,Digital Humanities,STRUCTURAL_ABSENCE,True,False,,
dīgitala umanitūs,hoc,1,ltr,Digital Humanities,STRUCTURAL_ABSENCE,True,False,,
humanitikku digitaalit,hoc,1,ltr,Digital Humanities,STRUCTURAL_ABSENCE,True,False,,
t'hadi'i-t'hadi'i,hoj,1,ltr,Digital Humanities,TRANSMOGRIFICATION,True,False,,
hadothi,hoj,1,ltr,Digital Humanities,TRANSMOGRIFICATION,True,False,,
k'ina:whiłch'idiyawh xa'ay,hup,1,ltr,Digital Humanities,STRUCTURAL_ABSENCE,True,False,,
híyix yóolh-híyix,hup,1,ltr,Digital Humanities,STRUCTURAL_ABSENCE,True,False,,
dikitiw tsinawit,hup,1,ltr,Digital Humanities,STRUCTURAL_ABSENCE,True,False,,
uyang akwa ikot,ibb,1,ltr,Digital Humanities,STRUCTURAL_ABSENCE,True,False,,
humanitates digitalia,ie,1,ltr,Digital Humanities,STRUCTURAL_ABSENCE,True,False,,
humanitats digitala,ie,1,ltr,Digital Humanities,STRUCTURAL_ABSENCE,True,False,,
ìmọ̀ ẹ̀dá oníṣirò,ife,1,ltr,Digital Humanities,STRUCTURAL_ABSENCE,True,False,,
èdá ìjìnlẹ̀ ìṣirò,ife,1,ltr,Digital Humanities,STRUCTURAL_ABSENCE,True,False,,
ẹ̀kọ́ ìmọ̀ ẹ̀rọ oníṣẹ́-ọwọ́ èdè àti àṣà,ife,1,ltr,Digital Humanities,STRUCTURAL_ABSENCE,True,False,,
ọ̀rọ̀ ògbónú ọlọ́run,ife,1,ltr,Digital Humanities,STRUCTURAL_ABSENCE,True,False,,
ìtàn-àkọ̀ọ̀rìn ọrọ̀-ìdánìwé,ife,1,ltr,Digital Humanities,STRUCTURAL_ABSENCE,True,False,,
ọ̀rọ̀ àgbára ọdọ́dọ́,ife,1,ltr,Digital Humanities,STRUCTURAL_ABSENCE,True,False,,
iwajú ìyánaànú,ife,1,ltr,Digital Humanities,STRUCTURAL_ABSENCE,True,False,,
ụmụ mmadụ dijitalụ,ig,1,ltr,Digital Humanities,STRUCTURAL_ABSENCE,True,False,,
ihe ùgwù ụmụ mmadụ,ig,1,ltr,Digital Humanities,STRUCTURAL_ABSENCE,True,False,,
nkà mmụta dijitalụ,ig,1,ltr,Digital Humanities,STRUCTURAL_ABSENCE,True,False,,
mmekọrịta ọmụmụ ihe dijitalụ,ig,1,ltr,Digital Humanities,STRUCTURAL_ABSENCE,True,False,,
ọmụmụ igwe na ọdịbendị,ig,1,ltr,Digital Humanities,STRUCTURAL_ABSENCE,True,False,,
ụmụrịcha ọnọdụ ịntanetị,ig,1,ltr,Digital Humanities,STRUCTURAL_ABSENCE,True,False,,
ọmụmụọ digital,ig,1,ltr,Digital Humanities,STRUCTURAL_ABSENCE,True,False,,
ihunanya digital,ig,1,ltr,Digital Humanities,STRUCTURAL_ABSENCE,True,False,,
nwata digitálá,ig,1,ltr,Digital Humanities,STRUCTURAL_ABSENCE,True,False,,
ꀊꂷꀉꇁꀕꉙ,ii,1,ltr,Digital Humanities,TRANSMOGRIFICATION,True,False,,
ꌗꏦꉬꀕꌅ,ii,1,ltr,Digital Humanities,TRANSMOGRIFICATION,True,False,,
ꊉꏦꃅꄮꊉꏦꃅꄮ,ii,1,ltr,Digital Humanities,TRANSMOGRIFICATION,True,False,,
ꄿꇁꃅꈋꐙꇁꃅꐥꌠꉼꇅꐥꌠꈭꏂ,ii,1,ltr,Digital Humanities,TRANSMOGRIFICATION,True,False,,
႐ႃႆ ၞႄႅ,ii,1,ltr,Digital Humanities,TRANSMOGRIFICATION,True,False,,
电子文学,ii,1,ltr,Digital Humanities,TRANSMOGRIFICATION,True,False,,
iñupiatun atuqtuaq ilitqusiat,ik,1,ltr,Digital Humanities,STRUCTURAL_ABSENCE,True,False,,
iñuuniaqtuat iḷisaġviat,ik,1,ltr,Digital Humanities,STRUCTURAL_ABSENCE,True,False,,
atuunich iñuuniaġmiutaurut,ik,1,ltr,Digital Humanities,STRUCTURAL_ABSENCE,True,False,,
humanitás digital,ie,1,ltr,Digital Humanities,STRUCTURAL_ABSENCE,True,False,,
ndéta akwukwo digitàl,ibb,1,ltr,Digital Humanities,STRUCTURAL_ABSENCE,True,False,,
xwelítem te sísele,hur,1,ltr,Digital Humanities,TRANSMOGRIFICATION,True,False,,
akpanahaaha iwe iwehe,ibb,1,ltr,Digital Humanities,STRUCTURAL_ABSENCE,True,False,,
sxwexwílem te skw'íx te sxwíxwi,hur,1,ltr,Digital Humanities,TRANSMOGRIFICATION,True,False,,
sx̱weldx̱weldh sx̱wix̱weldh,hur,1,ltr,Digital Humanities,TRANSMOGRIFICATION,True,False,,
tilixwiltxw sxʷalh,hur,1,ltr,Digital Humanities,TRANSMOGRIFICATION,True,False,,
qʷi’t’aʔ ɬəxʷiʔ ʔəyəwəʔ,hur,1,ltr,Digital Humanities,TRANSMOGRIFICATION,True,False,,
lhul'wun sihl'aamalhikwut,hur,1,ltr,Digital Humanities,TRANSMOGRIFICATION,True,False,,
sxwóʔeɬ səl̓iʔem,hur,1,ltr,Digital Humanities,TRANSMOGRIFICATION,True,False,,
թվային հումանիտար գիտություններ,hy,1,ltr,Digital Humanities,PRODUCTIVE_DISAGREEMENT,True,False,,
դժբախտ մարդիկ,hy,1,ltr,Digital Humanities,PRODUCTIVE_DISAGREEMENT,True,False,,
համակարգային գիտություններ,hy,1,ltr,Digital Humanities,PRODUCTIVE_DISAGREEMENT,True,False,,
թվային մարդաբանություն,hy,1,ltr,Digital Humanities,PRODUCTIVE_DISAGREEMENT,True,False,,
دانալու միջոցները,hy,1,ltr,Digital Humanities,PRODUCTIVE_DISAGREEMENT,True,False,,
դիգիտալ համայնքեր,hy,1,ltr,Digital Humanities,PRODUCTIVE_DISAGREEMENT,True,False,,
omaindilo gadigital,hz,1,ltr,Digital Humanities,STRUCTURAL_ABSENCE,True,False,,
omaimbilo omadijitale,hz,1,ltr,Digital Humanities,STRUCTURAL_ABSENCE,True,False,,
ombazu yondjokonona yomatumbuko,hz,1,ltr,Digital Humanities,STRUCTURAL_ABSENCE,True,False,,
ondjokonona yomapurogiramu,hz,1,ltr,Digital Humanities,STRUCTURAL_ABSENCE,True,False,,
ombwe ya digital,hz,1,ltr,Digital Humanities,STRUCTURAL_ABSENCE,True,False,,
tjivaika-tjiire,hz,1,ltr,Digital Humanities,STRUCTURAL_ABSENCE,True,False,,
pemanah digital,iba,1,ltr,Digital Humanities,STRUCTURAL_ABSENCE,True,False,,
teknologi digital budaya,iba,1,ltr,Digital Humanities,STRUCTURAL_ABSENCE,True,False,,
pengelap data digital,iba,1,ltr,Digital Humanities,STRUCTURAL_ABSENCE,True,False,,
pengajian digital,iba,1,ltr,Digital Humanities,STRUCTURAL_ABSENCE,True,False,,
sains sosial dasar elektronik,iba,1,ltr,Digital Humanities,STRUCTURAL_ABSENCE,True,False,,
uwem isọn̄wọñ iko,ibb,1,ltr,Digital Humanities,STRUCTURAL_ABSENCE,True,False,,
ñwed ufọk ñkpọ digital,ibb,1,ltr,Digital Humanities,STRUCTURAL_ABSENCE,True,False,,
nka ufọk-n̄wed n̄kpọ-ndụn̄ọde eke kọmputa,ibb,1,ltr,Digital Humanities,STRUCTURAL_ABSENCE,True,False,,
nsio-ubọk n̄kpọ-ọfọn,ibb,1,ltr,Digital Humanities,STRUCTURAL_ABSENCE,True,False,,
dîjalî insanîyât,zza,1,ltr,Digital Humanities,TRANSMOGRIFICATION,True,False,,
