search_term,natural_language,counts,directionality,search_term_source,category,keep_term
डिजिटल मानविकी,"anp, awa, bap, bfy, bgc, bh, bhb, bhi, bho, bjj, bra, brx, dcc, doi, dty, gbm, gjk, gju, gom, gon, gvr, hi, hif, hne, hoc, hoj, jml, kdt, kfo, kfy, khn, kho, kok, kru, kvx, kxp, lif, lmn, mag, mai, mdf, mgp, mr, mrd, mtr, mwr, ne, new, noe, nwc, raj, ria, rjs, rkt, rmt, sa, saz, sck, srx, swv, taj, tdg, tdh, thl, thq, thr, tkt, unr, unx, wbq, wbr, wtm, xnr, xsr",74,ltr,Digital Humanities,"PRODUCTIVE_DISAGREEMENT, STRUCTURAL_ABSENCE, TRANSMOGRIFICATION",True
डिजिटल मानवीयता,"awa, bgc, bh, bhb, bho, doi, gbm, gu, gvr, hi, hnd, hne, kfy, kok, ks, lif, mai, mgp, mr, mrd, mwr, ne, new, pa, raj, sd, srx, swv, taj, tdg, te, thl, thr, wtm",34,ltr,Digital Humanities,"PRODUCTIVE_DISAGREEMENT, STRUCTURAL_ABSENCE, TRANSMOGRIFICATION",True
humaniora digital,"ace, aoz, ban, bbc, bew, bjn, bug, gay, gor, id, jv, kge, kvr, lbw, ljp, mad, mak, map-bms, min, mwv, nij, rej, sas, sly, su, sxn",26,ltr,Digital Humanities,"PRODUCTIVE_DISAGREEMENT, STRUCTURAL_ABSENCE",True
humanités numériques,"akz, bm, buc, en, fan, fon, fr, frc, frm, fro, gcr, khq, ln, mg, nrm, pcd, see, twq, wa, wls",20,ltr,Digital Humanities,"COMPLETE_CONSENSUS, PRODUCTIVE_DISAGREEMENT, STRUCTURAL_ABSENCE, TRANSMOGRIFICATION",True
цифровые гуманитарные науки,"ady, av, ckt, cu, dar, evn, gld, kbd, kca, koi, kpy, kum, lbe, mns, myv, ru, sel, tkr, ude, udm",20,ltr,Digital Humanities,"PRODUCTIVE_DISAGREEMENT, TRANSMOGRIFICATION",True
диджитал хумантизм,"ba, bft, bss, bua, bxr, cjs, cv, evn, kca, kjh, krc, kxv, mnw, pko, sel, xal, yav, yrk",18,ltr,Digital Humanities,"STRUCTURAL_ABSENCE, TRANSMOGRIFICATION",True
humanidades digitales,"an, arn, aro, ast, bvb, es, ext, guc, lad, mwl, nhe, pap, srb, tbw, yua, zap",16,ltr,Digital Humanities,"COMPLETE_CONSENSUS, STRUCTURAL_ABSENCE, TRANSMOGRIFICATION",True
डिजिटल ह्यूमनाइटीज़,"bfy, bhb, bho, bjj, bra, doi, gbm, hif, hne, kvx, mdr, srx, thl, thq, tkt, wtm",16,ltr,Digital Humanities,"STRUCTURAL_ABSENCE, TRANSMOGRIFICATION",True
humanidades digitais,"ch, ext, gl, gub, kao, kea, kgp, mgh, mwl, pt, rng, ter, tet, umb, vmw, yrl",16,ltr,Digital Humanities,"COMPLETE_CONSENSUS, STRUCTURAL_ABSENCE, TRANSMOGRIFICATION",True
ڈیجیٹل انسانیات,"bal, bft, brh, dcc, gju, hnd, hno, khw, ks, lah, mvy, rmt, skr, trw, ur",15,rtl,Digital Humanities,"STRUCTURAL_ABSENCE, TRANSMOGRIFICATION",True
digital humaniora,"da, gay, id, kge, ljp, mak, map-bms, nb, nij, nn, no, sas, sly, su, sv",15,ltr,Digital Humanities,"PRODUCTIVE_DISAGREEMENT, STRUCTURAL_ABSENCE",True
digitale humaniora,"af, da, fy, gos, jut, nb, nds-nl, nl, nn, no, pdt, sei, srn, vls, zea",15,ltr,Digital Humanities,"PRODUCTIVE_DISAGREEMENT, STRUCTURAL_ABSENCE, TRANSMOGRIFICATION",True
humanitas digital,"ace, bbc, bew, bjn, bug, gay, gor, id, jv, mak, map-bms, ms, nia, zmi",14,ltr,Digital Humanities,"PRODUCTIVE_DISAGREEMENT, STRUCTURAL_ABSENCE",True
ڈیجیٹل ہیومینٹیز,"bft, brh, btv, dcc, gju, hnd, hno, khw, ks, lah, mvy, skr, trw, ur",14,rtl,Digital Humanities,"STRUCTURAL_ABSENCE, TRANSMOGRIFICATION",True
الإنسانية الدقيقة,"aeb, apc, ar, arq, ars, arz, bej, dar, jrb, rif, rmt, shi, shu, twq",14,rtl,Digital Humanities,"PRODUCTIVE_DISAGREEMENT, STRUCTURAL_ABSENCE, TRANSMOGRIFICATION",True
teknologi digital manusia,"ace, ban, bug, dtp, gor, iba, kaw, ken, ljp, min, nij, rej, sly",13,ltr,Digital Humanities,STRUCTURAL_ABSENCE,True
العلوم الإنسانية الرقمية,"aeb, apc, ar, arq, ars, ary, arz, bej, fvr, jrb, mls, shu",12,rtl,Digital Humanities,"PRODUCTIVE_DISAGREEMENT, STRUCTURAL_ABSENCE, TRANSMOGRIFICATION",True
kemanusiaan digital,"ace, bbc, iba, ljp, mad, mdr, mfa, ms, nij, rob, sly, zmi",12,ltr,Digital Humanities,STRUCTURAL_ABSENCE,True
ilmu kemanusiaan digital,"ace, bew, cja, cjm, gay, kge, kvr, mfa, rej, sas, zmi",11,ltr,Digital Humanities,STRUCTURAL_ABSENCE,True
umanità digitale,"co, fur, it, lmo, nap, pms, sc, scn, sdc, vec, xum",11,ltr,Digital Humanities,"PRODUCTIVE_DISAGREEMENT, STRUCTURAL_ABSENCE, TRANSMOGRIFICATION",True
kebudayaan digital,"bew, bjn, id, jv, mak, map-bms, mfa, ms, sas, su",10,ltr,Digital Humanities,"PRODUCTIVE_DISAGREEMENT, STRUCTURAL_ABSENCE",True
digitale humanities,"btv, gur, lfn, nds, nov, rm, taj, tdg, tsj, xnr",10,ltr,Digital Humanities,STRUCTURAL_ABSENCE,True
数字人文,"dng, gan, hmd, hsn, ii, nxq, wuu, za, zh",9,ltr,Digital Humanities,"PRODUCTIVE_DISAGREEMENT, STRUCTURAL_ABSENCE, TRANSMOGRIFICATION",True
ubinadamu wa kidijitali,"afh, asa, bez, jmc, kde, ksb, swb, wni, zdj",9,ltr,Digital Humanities,"STRUCTURAL_ABSENCE, TRANSMOGRIFICATION",True
ڊجيٽل انسانيات,"gjk, hnd, hno, kfr, kvx, sd, skr, trw",8,rtl,Digital Humanities,TRANSMOGRIFICATION,True
数字人文学,"cdo, gan, hsn, ii, mdr, nxq, za, zh",8,ltr,Digital Humanities,"PRODUCTIVE_DISAGREEMENT, STRUCTURAL_ABSENCE, TRANSMOGRIFICATION",True
sayansi ya kidijitali ya binadamu,"asa, dav, jmc, ksb, rof, sbp, vun, wni",8,ltr,Digital Humanities,"STRUCTURAL_ABSENCE, TRANSMOGRIFICATION",True
डिजिटल मानवीकी,"bgc, bhb, bhi, gon, kvx, srx, swv, wtm",8,ltr,Digital Humanities,"STRUCTURAL_ABSENCE, TRANSMOGRIFICATION",True
數位人文學,"hak, lzh, nan, trv, wuu, yue, zh-classical, zh-tw",8,ltr,Digital Humanities,"MEASUREMENT_ARTEFACT, PRODUCTIVE_DISAGREEMENT, STRUCTURAL_ABSENCE, TRANSMOGRIFICATION",True
ດິຈິຕອນມະນຸດສາດ,"blt, kdt, khb, kjg, kxm, lcp, lo, lwl",8,ltr,Digital Humanities,"STRUCTURAL_ABSENCE, TRANSMOGRIFICATION",True
digitalna humanistika,"bs, cnr, crn, hr, sh, sl, sr",7,ltr,Digital Humanities,"PRODUCTIVE_DISAGREEMENT, STRUCTURAL_ABSENCE, TRANSMOGRIFICATION",True
數位人文,"hak, lzh, nan, zh, zh-classical, zh-min-nan, zh-tw",7,ltr,Digital Humanities,"MEASUREMENT_ARTEFACT, PRODUCTIVE_DISAGREEMENT, STRUCTURAL_ABSENCE, TRANSMOGRIFICATION",True
humanitats digitale,"blo, kxv, lzz, mde, mwl, pms, sc",7,ltr,Digital Humanities,"STRUCTURAL_ABSENCE, TRANSMOGRIFICATION",True
humanidades digital,"fil, ilo, kea, pag, pap, tet, tl",7,ltr,Digital Humanities,STRUCTURAL_ABSENCE,True
цифровой гуманитарий,"chm, dar, dng, lez, mrj, tab, ttt",7,ltr,Digital Humanities,TRANSMOGRIFICATION,True
makala ya kielektroniki,"ebu, kln, luy, mer, nzi, suk, wni",7,ltr,Digital Humanities,"STRUCTURAL_ABSENCE, TRANSMOGRIFICATION",True
sayansi ya kidijitali ya kibinadamu,"bez, buc, lag, mgy, nym, rwk, zdj",7,ltr,Digital Humanities,"STRUCTURAL_ABSENCE, TRANSMOGRIFICATION",True
humanités digitales,"frm, fro, frp, nrm, oc, rcf, wa",7,ltr,Digital Humanities,"STRUCTURAL_ABSENCE, TRANSMOGRIFICATION",True
ডিজিটাল মানববিদ্যা,"bn, bpy, ccp, mro, rjs, rkt, syl",7,ltr,Digital Humanities,"STRUCTURAL_ABSENCE, TRANSMOGRIFICATION",True
علوم انسانی دیجیتال,"bqi, fa, gbz, jpr, lrc, luz, prd",7,rtl,Digital Humanities,"PRODUCTIVE_DISAGREEMENT, STRUCTURAL_ABSENCE, TRANSMOGRIFICATION",True
dijital insaniyat,"bej, fia, fvr, kiu, mde, otk, rhg",7,ltr,Digital Humanities,"STRUCTURAL_ABSENCE, TRANSMOGRIFICATION",True
digitale humanistiek,"fy, gos, li, nds-nl, pdt, stq",6,ltr,Digital Humanities,"STRUCTURAL_ABSENCE, TRANSMOGRIFICATION",True
digital humanitats,"akz, lfn, rmu, rmy, rom, sdc",6,ltr,Digital Humanities,STRUCTURAL_ABSENCE,True
dijital insani bilimler,"bgx, crh, ota, tk, tr, zza",6,ltr,Digital Humanities,"PRODUCTIVE_DISAGREEMENT, STRUCTURAL_ABSENCE, TRANSMOGRIFICATION",True
humanities digital,"bug, gor, id, ie, kha, sxn",6,ltr,Digital Humanities,"PRODUCTIVE_DISAGREEMENT, STRUCTURAL_ABSENCE",True
digitale geesteswetenschappen,"dum, li, nds-nl, nl, vls, zea",6,ltr,Digital Humanities,"PRODUCTIVE_DISAGREEMENT, TRANSMOGRIFICATION",True
digitale menschheitswissenschaften,"als, bar, ksh, nds, pfl, swg",6,ltr,Digital Humanities,"STRUCTURAL_ABSENCE, TRANSMOGRIFICATION",True
دیجیتال علوم بشر,"fa, gbz, glk, mzn, pal, prd",6,rtl,Digital Humanities,"PRODUCTIVE_DISAGREEMENT, STRUCTURAL_ABSENCE, TRANSMOGRIFICATION",True
數字人文,"cdo, gan, hak, lzh, wuu, zh-classical",6,ltr,Digital Humanities,"STRUCTURAL_ABSENCE, TRANSMOGRIFICATION",True
دیجیتال انسانیاتی,"bal, bgn, gbz, lki, lrc, luz",6,rtl,Digital Humanities,"STRUCTURAL_ABSENCE, TRANSMOGRIFICATION",True
digitale geisteswissenschaften,"bar, de, gmh, lb, pfl, vmf",6,ltr,Digital Humanities,"PRODUCTIVE_DISAGREEMENT, STRUCTURAL_ABSENCE, TRANSMOGRIFICATION",True
digitaal humanitaat,"asa, bmq, buc, bvb, diq, sbp",6,ltr,Digital Humanities,"STRUCTURAL_ABSENCE, TRANSMOGRIFICATION",True
digitale menschlichkeit,"bar, pdc, pfl, prg, swg, vmf",6,ltr,Digital Humanities,TRANSMOGRIFICATION,True
teknoloji insanları,"bas, bkm, kdt, sei, wbq, ybb",6,ltr,Digital Humanities,"STRUCTURAL_ABSENCE, TRANSMOGRIFICATION",True
humanitats digitals,"an, ast, bhi, ca, oc, quc",6,ltr,Digital Humanities,"COMPLETE_CONSENSUS, STRUCTURAL_ABSENCE, TRANSMOGRIFICATION",True
ufundi wa dijitali,"afh, kde, suk, sw, swb",5,ltr,Digital Humanities,"STRUCTURAL_ABSENCE, TRANSMOGRIFICATION",True
ડિજિટલ માનવતા,"gjk, gju, gu, kfr, saz",5,ltr,Digital Humanities,TRANSMOGRIFICATION,True
budaya digital,"kvr, lbw, ljp, mfa, rej",5,ltr,Digital Humanities,STRUCTURAL_ABSENCE,True
kamanusiaan digital,"bug, mak, min, sly, sxn",5,ltr,Digital Humanities,STRUCTURAL_ABSENCE,True
數字人文學,"cdo, gan, hsn, wuu, zh-tw",5,ltr,Digital Humanities,"STRUCTURAL_ABSENCE, TRANSMOGRIFICATION",True
dijital insanlar bilimleri,"bgx, crh, gag, otk, zza",5,ltr,Digital Humanities,"STRUCTURAL_ABSENCE, TRANSMOGRIFICATION",True
dijital insan bilimleri,"bgx, dzg, fvr, kbl, zag",5,ltr,Digital Humanities,"STRUCTURAL_ABSENCE, TRANSMOGRIFICATION",True
डिजिटल मानव विज्ञान,"bfy, bgc, gbm, hi, tkt",5,ltr,Digital Humanities,"PRODUCTIVE_DISAGREEMENT, TRANSMOGRIFICATION",True
digital nga humanidades,"ceb, cps, hil, krj, war",5,ltr,Digital Humanities,STRUCTURAL_ABSENCE,True
digital na humanidades,"bcl, bik, bto, pag, tbw",5,ltr,Digital Humanities,STRUCTURAL_ABSENCE,True
ดิจิทัลมนุษยศาสตร์,"nod, pi, sou, th, tts",5,ltr,Digital Humanities,"PRODUCTIVE_DISAGREEMENT, TRANSMOGRIFICATION",True
humanitats digil,"avk, bfy, bzx, chm, dty",5,ltr,Digital Humanities,"STRUCTURAL_ABSENCE, TRANSMOGRIFICATION",True
ડિજિટલ મનોવિદ્યા,"bgc, gu, kfr, raj, saz",5,ltr,Digital Humanities,"STRUCTURAL_ABSENCE, TRANSMOGRIFICATION",True
цифровой гуманитарный науки,"ckt, kpy, mns, sel, ude",5,ltr,Digital Humanities,TRANSMOGRIFICATION,True
digitalne humanističke nauke,"bs, cnr, crn, sh, sr",5,ltr,Digital Humanities,"PRODUCTIVE_DISAGREEMENT, STRUCTURAL_ABSENCE, TRANSMOGRIFICATION",True
digitalne humanistike,"cnr, crn, dsb, hsb, sl",5,ltr,Digital Humanities,"PRODUCTIVE_DISAGREEMENT, TRANSMOGRIFICATION",True
دیجیتال علوم انسانی,"bqi, haz, jpr, mzn, prd",5,rtl,Digital Humanities,TRANSMOGRIFICATION,True
dijital humanities,"ho, kaj, kr, mh, pon",5,ltr,Digital Humanities,STRUCTURAL_ABSENCE,True
الإنسانيات الرقمية,"aeb, apc, ar, ary",4,rtl,Digital Humanities,"PRODUCTIVE_DISAGREEMENT, TRANSMOGRIFICATION",True
humanitățile digitale,"egl, mo, roa-rup, rup",4,ltr,Digital Humanities,"STRUCTURAL_ABSENCE, TRANSMOGRIFICATION",True
الادارة الرقمية للعلوم الإنسانية,"aeb, arq, ars, shu",4,rtl,Digital Humanities,TRANSMOGRIFICATION,True
ডিজিটাল মানবিকতা,"bpy, mro, rhg, syl",4,ltr,Digital Humanities,"STRUCTURAL_ABSENCE, TRANSMOGRIFICATION",True
dijital adabiyot,"chg, kaa, ug, uz_AF",4,ltr,Digital Humanities,"STRUCTURAL_ABSENCE, TRANSMOGRIFICATION",True
ديجيتال هيومانيتيز,"dzg, kr, rmt, vai",4,rtl,Digital Humanities,"STRUCTURAL_ABSENCE, TRANSMOGRIFICATION",True
e-dibendaagoziwin anishinaabemowin,"oj, ojb, ojc, ojg",4,ltr,Digital Humanities,TRANSMOGRIFICATION,True
dharmik digital,"brx, nwc, sat, unr",4,ltr,Digital Humanities,STRUCTURAL_ABSENCE,True
диджитал хауманитизм,"abr, dar, kcg, mye",4,ltr,Digital Humanities,"STRUCTURAL_ABSENCE, TRANSMOGRIFICATION",True
humanități digitale,"mo, ro, roa-rup, rup",4,ltr,Digital Humanities,"STRUCTURAL_ABSENCE, TRANSMOGRIFICATION",True
มนุษยศาสตร์ดิจิทัล,"nod, sou, th, tts",4,ltr,Digital Humanities,"PRODUCTIVE_DISAGREEMENT, TRANSMOGRIFICATION",True
دیجیتال هنرهای انسانی,"bqi, fa, glk, mzn",4,rtl,Digital Humanities,"PRODUCTIVE_DISAGREEMENT, TRANSMOGRIFICATION",True
digitale menskunde,"dum, pdt, vls, zea",4,ltr,Digital Humanities,TRANSMOGRIFICATION,True
digitála humaniora,"se, sma, smj, sms",4,ltr,Digital Humanities,TRANSMOGRIFICATION,True
दिजिटल ह्यूमनाइटीज़,"gvr, mag, new, sa",4,ltr,Digital Humanities,"STRUCTURAL_ABSENCE, TRANSMOGRIFICATION",True
numizmatika digitalna,"bs, hr, sh, sr",4,ltr,Digital Humanities,"PRODUCTIVE_DISAGREEMENT, STRUCTURAL_ABSENCE, TRANSMOGRIFICATION",True
dijital humanitis,"bi, pis, tem, tpi",4,ltr,Digital Humanities,STRUCTURAL_ABSENCE,True
humanitá digitale,"co, lij, nap, scn",4,ltr,Digital Humanities,TRANSMOGRIFICATION,True
humana digitale,"hif, rtm, rug, uli",4,ltr,Digital Humanities,STRUCTURAL_ABSENCE,True
數碼人文,"cdo, lzh, wuu, yue",4,ltr,Digital Humanities,"PRODUCTIVE_DISAGREEMENT, TRANSMOGRIFICATION",True
डिজিटल मानविकी,"mns, mro, new, nwc",4,ltr,Digital Humanities,"STRUCTURAL_ABSENCE, TRANSMOGRIFICATION",True
الهنسح الرقمي,"aeb, apc, arq, arz",4,rtl,Digital Humanities,TRANSMOGRIFICATION,True
digitale humanistika,"dsb, eu, fiu-vro, hsb",4,ltr,Digital Humanities,"PRODUCTIVE_DISAGREEMENT, TRANSMOGRIFICATION",True
tēcciztli tlamachtiliztli,"nah, nch, nhe, nhw",4,ltr,Digital Humanities,"STRUCTURAL_ABSENCE, TRANSMOGRIFICATION",True
علوم انسانی دیجیتالی,"bqi, haz, lrc, luz",4,rtl,Digital Humanities,TRANSMOGRIFICATION,True
цифровой гуманитарный илим,"dar, lez, tab, tkr",4,ltr,Digital Humanities,TRANSMOGRIFICATION,True
sayansi za kidijitali,"dav, kde, vun",3,ltr,Digital Humanities,"STRUCTURAL_ABSENCE, TRANSMOGRIFICATION",True
digitali geisteswüsseschafte,"als, gsw, wae",3,ltr,Digital Humanities,TRANSMOGRIFICATION,True
dijitalne umetnosti,"bs, cnr, crn",3,ltr,Digital Humanities,"STRUCTURAL_ABSENCE, TRANSMOGRIFICATION",True
ḍijiṭal manav-śastr,"bfy, swv, xnr",3,ltr,Digital Humanities,"STRUCTURAL_ABSENCE, TRANSMOGRIFICATION",True
limanité nimérik,"gcr, lou, rcf",3,ltr,Digital Humanities,"STRUCTURAL_ABSENCE, TRANSMOGRIFICATION",True
elimu ya dijitali,"ksb, lag, nym",3,ltr,Digital Humanities,"STRUCTURAL_ABSENCE, TRANSMOGRIFICATION",True
زانستە دیجیتاڵییەکانی مرۆڤایەتی,"ku, lki, sdh",3,rtl,Digital Humanities,"STRUCTURAL_ABSENCE, TRANSMOGRIFICATION",True
цифровой гуманитаристика,"krc, nog, udm",3,ltr,Digital Humanities,TRANSMOGRIFICATION,True
دیجیتال انسان‌شناسی,"bgn, haz, mzn",3,rtl,Digital Humanities,TRANSMOGRIFICATION,True
دیجیتاڵ مرۆڤایەتی,"ckb, lki, sdh",3,rtl,Digital Humanities,"STRUCTURAL_ABSENCE, TRANSMOGRIFICATION",True
humanitias digilitis,"aoz, seh, unx",3,ltr,Digital Humanities,STRUCTURAL_ABSENCE,True
дигитални хуманистики,"mk, rmu, rmy",3,ltr,Digital Humanities,"STRUCTURAL_ABSENCE, TRANSMOGRIFICATION",True
humanitete digitale,"aln, rof, sq",3,ltr,Digital Humanities,"STRUCTURAL_ABSENCE, TRANSMOGRIFICATION",True
ψηφιακές ανθρωπιστικές επιστήμες,"el, pnt, tsd",3,ltr,Digital Humanities,"PRODUCTIVE_DISAGREEMENT, TRANSMOGRIFICATION",True
digitale minsken,"gos, li, nds-nl",3,ltr,Digital Humanities,TRANSMOGRIFICATION,True
sayansi ya kidijitali,"jmc, lam, suk",3,ltr,Digital Humanities,"STRUCTURAL_ABSENCE, TRANSMOGRIFICATION",True
디지털 인문학,"dcc, ko, mrh",3,ltr,Digital Humanities,"PRODUCTIVE_DISAGREEMENT, STRUCTURAL_ABSENCE, TRANSMOGRIFICATION",True
digitalong humanidades,"bcl, bik, bto",3,ltr,Digital Humanities,STRUCTURAL_ABSENCE,True
humanitates digital,"ia, ie, lfn",3,ltr,Digital Humanities,"MEASUREMENT_ARTEFACT, STRUCTURAL_ABSENCE",True
digitale humanistikk,"nb, nn, no",3,ltr,Digital Humanities,STRUCTURAL_ABSENCE,True
mga humanidades digital,"bcl, bik, krj",3,ltr,Digital Humanities,STRUCTURAL_ABSENCE,True
umanità digitali,"egl, scn, vec",3,ltr,Digital Humanities,"STRUCTURAL_ABSENCE, TRANSMOGRIFICATION",True
диджитал хумантистика,"amo, ckt, lsm",3,ltr,Digital Humanities,"STRUCTURAL_ABSENCE, TRANSMOGRIFICATION",True
teknoloji insanlar bilimleri,"bbj, kcg, khn",3,ltr,Digital Humanities,"STRUCTURAL_ABSENCE, TRANSMOGRIFICATION",True
digitaal nga himnolohiya,"bcl, bik, krj",3,ltr,Digital Humanities,STRUCTURAL_ABSENCE,True
زانستە دیجیتاڵەکان,"ckb, ku, sdh",3,rtl,Digital Humanities,"STRUCTURAL_ABSENCE, TRANSMOGRIFICATION",True
dijitali hadamaya,"dyu, man, mwk",3,ltr,Digital Humanities,"STRUCTURAL_ABSENCE, TRANSMOGRIFICATION",True
digital a humanidades,"ilo, pag, pam",3,ltr,Digital Humanities,STRUCTURAL_ABSENCE,True
teknologi manusia digital,"iba, kvr, mwv",3,ltr,Digital Humanities,STRUCTURAL_ABSENCE,True
mazina'iganing gikendaasowin,"oj, ojg, ojw",3,ltr,Digital Humanities,TRANSMOGRIFICATION,True
umanitarji digitali,"mt, roa-rup, rup",3,ltr,Digital Humanities,"STRUCTURAL_ABSENCE, TRANSMOGRIFICATION",True
दिजिटल ह्यूमनाइटीज्,"lif, mgp, nwc",3,ltr,Digital Humanities,"STRUCTURAL_ABSENCE, TRANSMOGRIFICATION",True
دیجیتال ئینسانی,"bqi, lrc, luz",3,rtl,Digital Humanities,TRANSMOGRIFICATION,True
дигитал хуманити,"kum, mn, os",3,ltr,Digital Humanities,TRANSMOGRIFICATION,True
цифровой гуманитарный наука,"evn, kca, yrk",3,ltr,Digital Humanities,TRANSMOGRIFICATION,True
digitalna umjetnost,"bs, hr, sr",3,ltr,Digital Humanities,"PRODUCTIVE_DISAGREEMENT, STRUCTURAL_ABSENCE, TRANSMOGRIFICATION",True
umanità digital,"lmo, pms, rgn",3,ltr,Digital Humanities,"PRODUCTIVE_DISAGREEMENT, STRUCTURAL_ABSENCE",True
デジタル人文学,"buc, ja, ryu",3,ltr,Digital Humanities,"PRODUCTIVE_DISAGREEMENT, STRUCTURAL_ABSENCE, TRANSMOGRIFICATION",True
ಡಿಜಿಟಲ್ ಮಾನವಿಕತೆ,"kn, tcy, wbq",3,ltr,Digital Humanities,TRANSMOGRIFICATION,True
digitaal humaanitii,"bss, mrh, nnh",3,ltr,Digital Humanities,STRUCTURAL_ABSENCE,True
цифровая гуманитаристика,"av, cjs, kv",3,ltr,Digital Humanities,TRANSMOGRIFICATION,True
رقمی انسانیات,"brh, lah, ur",3,rtl,Digital Humanities,"STRUCTURAL_ABSENCE, TRANSMOGRIFICATION",True
digitaalne humanitaaria,"et, fiu-vro, vro",3,ltr,Digital Humanities,"PRODUCTIVE_DISAGREEMENT, TRANSMOGRIFICATION",True
digitaal ŋurɛŋ,"lag, mgo, wbq",3,ltr,Digital Humanities,"STRUCTURAL_ABSENCE, TRANSMOGRIFICATION",True
ଡିଜିଟାଲ ହ୍ୟୁମାନିଟିଜ୍,"kxv, or, srb",3,ltr,Digital Humanities,TRANSMOGRIFICATION,True
digita humānita,"dty, saf, ybb",3,ltr,Digital Humanities,"STRUCTURAL_ABSENCE, TRANSMOGRIFICATION",True
digitale menskje-kunste,"fy, gos, stq",3,ltr,Digital Humanities,"STRUCTURAL_ABSENCE, TRANSMOGRIFICATION",True
digitale geisteswetenschoppen,"frs, gos, nds",3,ltr,Digital Humanities,"STRUCTURAL_ABSENCE, TRANSMOGRIFICATION",True
ဒီဇိုင်းဟန္တရားပညာ,"kyu, rhg, shn",3,ltr,Digital Humanities,"STRUCTURAL_ABSENCE, TRANSMOGRIFICATION",True
ციფრული ჰუმანიტარია,"ka, lzz, xmf",3,ltr,Digital Humanities,TRANSMOGRIFICATION,True
mambo ya digitali,"loz, tog, tum",3,ltr,Digital Humanities,STRUCTURAL_ABSENCE,True
sayansi ya anthu pa intaneti,"ngl, ny, tum",3,ltr,Digital Humanities,STRUCTURAL_ABSENCE,True
дигиталне хуманистике,"cnr, crn, sr",3,ltr,Digital Humanities,"PRODUCTIVE_DISAGREEMENT, TRANSMOGRIFICATION",True
kamanungsan digital,"jv, mad, map-bms",3,ltr,Digital Humanities,STRUCTURAL_ABSENCE,True
cyberhumanistika,"dsb, hsb, ltg",3,ltr,Digital Humanities,TRANSMOGRIFICATION,True
ডিজিটাল হিউম্যানিটিজ,"mni, rkt, syl",3,ltr,Digital Humanities,"STRUCTURAL_ABSENCE, TRANSMOGRIFICATION",True
dijital beşeri bilimler,"diq, ota, tr",3,ltr,Digital Humanities,"PRODUCTIVE_DISAGREEMENT, TRANSMOGRIFICATION",True
digitals nnipa ho adesua,"ak, fat, tw",3,ltr,Digital Humanities,STRUCTURAL_ABSENCE,True
teknoloji ya bashili,"kg, puu, sg",3,ltr,Digital Humanities,STRUCTURAL_ABSENCE,True
elimu ya kidijitali ya ubinadamu,"asa, jmc, rof",3,ltr,Digital Humanities,STRUCTURAL_ABSENCE,True
digitale humanistik,"bar, nov, sli",3,ltr,Digital Humanities,"STRUCTURAL_ABSENCE, TRANSMOGRIFICATION",True
digiálbmot,"se, smn, sms",3,ltr,Digital Humanities,TRANSMOGRIFICATION,True
ডিজিটাল মানুষের বিদ্যা,"rhg, sck, syl",3,ltr,Digital Humanities,"STRUCTURAL_ABSENCE, TRANSMOGRIFICATION",True
الحقل الرقمي للإنسانية,"khq, sck, ttt",3,rtl,Digital Humanities,"STRUCTURAL_ABSENCE, TRANSMOGRIFICATION",True
цифровой гуманитарнай наука,"evn, gld, kpy",3,ltr,Digital Humanities,TRANSMOGRIFICATION,True
izinyathi edlalini,"nd, nr",2,ltr,Digital Humanities,"STRUCTURAL_ABSENCE, TRANSMOGRIFICATION",True
n̄wed abasi-ikọ ubọk,"efi, ibb",2,ltr,Digital Humanities,"STRUCTURAL_ABSENCE, TRANSMOGRIFICATION",True
wóuŋspe wówapi oyáte,"dak, lkt",2,ltr,Digital Humanities,TRANSMOGRIFICATION,True
cyberhumanistyka,"sli, szl",2,ltr,Digital Humanities,TRANSMOGRIFICATION,True
skaitmenėnė humanitarika,"bat-smg, sgs",2,ltr,Digital Humanities,TRANSMOGRIFICATION,True
skaitmeninės humanitarinės muokslā,"bat-smg, sgs",2,ltr,Digital Humanities,TRANSMOGRIFICATION,True
humanitá digitali,"bqv, kea",2,ltr,Digital Humanities,STRUCTURAL_ABSENCE,True
digitalne humanistyki,"sli, szl",2,ltr,Digital Humanities,TRANSMOGRIFICATION,True
digital humanitás,"ie, nov",2,ltr,Digital Humanities,STRUCTURAL_ABSENCE,True
дзэйтэрыйн гуманістыка,"be, be-x-old",2,ltr,Digital Humanities,TRANSMOGRIFICATION,True
цифровой гуманитарный,"mns, sel",2,ltr,Digital Humanities,TRANSMOGRIFICATION,True
ဒစ်ဂျစ်တယ် မနုဿဗေဒ,"mnw, my",2,ltr,Digital Humanities,TRANSMOGRIFICATION,True
лічбавыя гуманітарныя навукі,"be, be-x-old",2,ltr,Digital Humanities,TRANSMOGRIFICATION,True
ວິທະຍາສາດດິຈິຕອນ,"kjg, lo",2,ltr,Digital Humanities,"STRUCTURAL_ABSENCE, TRANSMOGRIFICATION",True
humanitats digitaal,"bze, lsm",2,ltr,Digital Humanities,STRUCTURAL_ABSENCE,True
ဒီဂျစ်တယ် လူမှုသိပ္ပံ,"eky, kht",2,ltr,Digital Humanities,STRUCTURAL_ABSENCE,True
ດິຈິຕອນ ມະນຸດສາດ,"kdt, kjg",2,ltr,Digital Humanities,"STRUCTURAL_ABSENCE, TRANSMOGRIFICATION",True
humanistikê dijital,"diq, zza",2,ltr,Digital Humanities,TRANSMOGRIFICATION,True
umanistică digitală,"mo, ro",2,ltr,Digital Humanities,TRANSMOGRIFICATION,True
digital humaniti,"iba, rej",2,ltr,Digital Humanities,STRUCTURAL_ABSENCE,True
دیجیتال بشریت,"bal, bgn",2,rtl,Digital Humanities,TRANSMOGRIFICATION,True
humaniora digitalis,"bbc, gay",2,ltr,Digital Humanities,STRUCTURAL_ABSENCE,True
ڊجيٽل انسانيت,"kfr, sd",2,rtl,Digital Humanities,TRANSMOGRIFICATION,True
kultur digital,"ban, sas",2,ltr,Digital Humanities,STRUCTURAL_ABSENCE,True
makala ya kudumu,"guz, rng",2,ltr,Digital Humanities,STRUCTURAL_ABSENCE,True
pengubahan digital,"kvr, rej",2,ltr,Digital Humanities,STRUCTURAL_ABSENCE,True
științe umaniste digitale,"mo, ro",2,ltr,Digital Humanities,TRANSMOGRIFICATION,True
digiálmiidu,"sma, smj",2,ltr,Digital Humanities,TRANSMOGRIFICATION,True
دیجیٹل ھیومینٹیز,"bal, bgn",2,rtl,Digital Humanities,TRANSMOGRIFICATION,True
imihlabathi yedigithali,"nd, nr",2,ltr,Digital Humanities,"STRUCTURAL_ABSENCE, TRANSMOGRIFICATION",True
ឌីជីថលវិជ្ជាជីវៈ,"kxm, tsj",2,ltr,Digital Humanities,"STRUCTURAL_ABSENCE, TRANSMOGRIFICATION",True
digitale geisteswetenschappen,"nds, nds-nl",2,ltr,Digital Humanities,"STRUCTURAL_ABSENCE, TRANSMOGRIFICATION",True
ឌីជីថលមនុស្សសាស្ត្រ,"kdt, kxm",2,ltr,Digital Humanities,"STRUCTURAL_ABSENCE, TRANSMOGRIFICATION",True
ڈیجیٹل انسایکلوپیڈیا,"brh, mvy",2,rtl,Digital Humanities,"STRUCTURAL_ABSENCE, TRANSMOGRIFICATION",True
umanistiche digitêl,"egl, rgn",2,ltr,Digital Humanities,STRUCTURAL_ABSENCE,True
kamusi ya kifasihi,"ken, lan",2,ltr,Digital Humanities,"STRUCTURAL_ABSENCE, TRANSMOGRIFICATION",True
santé digitale,"bci, gba",2,ltr,Digital Humanities,"STRUCTURAL_ABSENCE, TRANSMOGRIFICATION",True
ũũgĩ wa dijitali,"ebu, mer",2,ltr,Digital Humanities,STRUCTURAL_ABSENCE,True
kumania digital,"kge, sly",2,ltr,Digital Humanities,STRUCTURAL_ABSENCE,True
humanistyka cyfrowa,"be-x-old, pl",2,ltr,Digital Humanities,"PRODUCTIVE_DISAGREEMENT, TRANSMOGRIFICATION",True
diliti gwamini,"dnj, jgo",2,ltr,Digital Humanities,STRUCTURAL_ABSENCE,True
儒學數位化,"hmd, yao",2,ltr,Digital Humanities,"STRUCTURAL_ABSENCE, TRANSMOGRIFICATION",True
цифрӧвӧй гуманитарнӧй наукаяс,"koi, kv",2,ltr,Digital Humanities,TRANSMOGRIFICATION,True
digitaru mansa,"bm, dtm",2,ltr,Digital Humanities,"STRUCTURAL_ABSENCE, TRANSMOGRIFICATION",True
विज्ञान कोम्प्यूटर,"bjj, bra",2,ltr,Digital Humanities,"STRUCTURAL_ABSENCE, TRANSMOGRIFICATION",True
ψηφιακά ανθρωπιστικά,"pnt, tsd",2,ltr,Digital Humanities,TRANSMOGRIFICATION,True
senefou ninki,"bm, man",2,ltr,Digital Humanities,"STRUCTURAL_ABSENCE, TRANSMOGRIFICATION",True
humanitia digilita,"bmq, sbp",2,ltr,Digital Humanities,"STRUCTURAL_ABSENCE, TRANSMOGRIFICATION",True
дигиталныя гуманитарныя науки,"koi, myv",2,ltr,Digital Humanities,TRANSMOGRIFICATION,True
digitale menscheit,"dum, nrm",2,ltr,Digital Humanities,TRANSMOGRIFICATION,True
raqamli gumanitar fanlar,"uz, uz_AF",2,ltr,Digital Humanities,STRUCTURAL_ABSENCE,True
ဒစ်ဂျစ်တယ် လူ့ဗေဒ,"kht, my",2,ltr,Digital Humanities,"STRUCTURAL_ABSENCE, TRANSMOGRIFICATION",True
digitale humaniteiten,"dum, vls",2,ltr,Digital Humanities,TRANSMOGRIFICATION,True
digitaal humanistika,"srb, zen",2,ltr,Digital Humanities,TRANSMOGRIFICATION,True
ডিজিটাল মানবিকী,"bn, hoc",2,ltr,Digital Humanities,TRANSMOGRIFICATION,True
डिजिटल ह्यूमनाइटीज,"bhi, gom",2,ltr,Digital Humanities,STRUCTURAL_ABSENCE,True
dijitāl mānviyata,"bhi, bjj",2,ltr,Digital Humanities,"STRUCTURAL_ABSENCE, TRANSMOGRIFICATION",True
kev kawm txog tib neeg hauv tshuab,"hmn, hnj",2,ltr,Digital Humanities,STRUCTURAL_ABSENCE,True
ubumuntu bwa digital,"myx, rw",2,ltr,Digital Humanities,STRUCTURAL_ABSENCE,True
ಡಿಜಿಟಲ್ ಮಾನವಶಾಸ್ತ್ರ,"kn, tcy",2,ltr,Digital Humanities,TRANSMOGRIFICATION,True
សារព័តវិទ្យា,"km, kxm",2,ltr,Digital Humanities,"STRUCTURAL_ABSENCE, TRANSMOGRIFICATION",True
digitaal humanaansi,"btv, mdt",2,ltr,Digital Humanities,STRUCTURAL_ABSENCE,True
tłįchǫ kų̀ḫé,"dgr, tce",2,ltr,Digital Humanities,"STRUCTURAL_ABSENCE, TRANSMOGRIFICATION",True
dijitali humane,"dtm, sad",2,ltr,Digital Humanities,STRUCTURAL_ABSENCE,True
د دیجیټل هنسنمنی,"khw, mvy",2,rtl,Digital Humanities,"STRUCTURAL_ABSENCE, TRANSMOGRIFICATION",True
មនុស្សសាស្ត្រឌីជីថល,"km, kxm",2,ltr,Digital Humanities,"STRUCTURAL_ABSENCE, TRANSMOGRIFICATION",True
цахим хүмүүнлэг,"bua, xal",2,ltr,Digital Humanities,TRANSMOGRIFICATION,True
тоон хүмүүнлиг ухаанууд,"bua, bxr",2,ltr,Digital Humanities,TRANSMOGRIFICATION,True
ܕܝܡܐ ܓܪܢܝܐ,"myz, syc",2,ltr,Digital Humanities,TRANSMOGRIFICATION,True
kasaysayan sa digital,"bku, pam",2,ltr,Digital Humanities,STRUCTURAL_ABSENCE,True
humaniti digital,"dtp, ms",2,ltr,Digital Humanities,STRUCTURAL_ABSENCE,True
дижитал гуманитарна ухаан,"bua, bxr",2,ltr,Digital Humanities,TRANSMOGRIFICATION,True
mabuku a dijitali,"ngl, tog",2,ltr,Digital Humanities,STRUCTURAL_ABSENCE,True
digitale humaniets,"pdc, pdt",2,ltr,Digital Humanities,TRANSMOGRIFICATION,True
kev tshawb fawb txog tib neeg hauv ntiaj teb digital,"hmn, hnj",2,ltr,Digital Humanities,STRUCTURAL_ABSENCE,True
tecnologias digitais humanas,"kmb, umb",2,ltr,Digital Humanities,STRUCTURAL_ABSENCE,True
bukulu bwa digital,"myx, nyn",2,ltr,Digital Humanities,STRUCTURAL_ABSENCE,True
ડીજિટલ માનવતા,"bhb, saz",2,ltr,Digital Humanities,TRANSMOGRIFICATION,True
डिजिटल मानविकी के बारे में बतावल गइल बा,"bh, bho",2,ltr,Digital Humanities,TRANSMOGRIFICATION,True
数码人文,"dng, yao",2,ltr,Digital Humanities,TRANSMOGRIFICATION,True
диджитал хумантистики,"mua, ude",2,ltr,Digital Humanities,"STRUCTURAL_ABSENCE, TRANSMOGRIFICATION",True
sxʷqʷeləm tənəc,"hur, lil",2,ltr,Digital Humanities,STRUCTURAL_ABSENCE,True
numeričke humanitete,"cnr, crn",2,ltr,Digital Humanities,TRANSMOGRIFICATION,True
digitale männekunst,"prg, wae",2,ltr,Digital Humanities,TRANSMOGRIFICATION,True
dijital kəlam,"dzg, kbl",2,ltr,Digital Humanities,TRANSMOGRIFICATION,True
ডিজিটেল মানবিকী,"bpy, rkt",2,ltr,Digital Humanities,TRANSMOGRIFICATION,True
დიჯიტალური ხელოვნებათა მეცნიერება,"dar, tkr",2,ltr,Digital Humanities,TRANSMOGRIFICATION,True
ubuntu bedijithali,"nd, xh",2,ltr,Digital Humanities,"STRUCTURAL_ABSENCE, TRANSMOGRIFICATION",True
digitaa ŋunbaa,"ksb, ses",2,ltr,Digital Humanities,"STRUCTURAL_ABSENCE, TRANSMOGRIFICATION",True
digitaalne humanitariin,"vep, vot",2,ltr,Digital Humanities,TRANSMOGRIFICATION,True
faafetai tahi digitiki,"niu, to",2,ltr,Digital Humanities,TRANSMOGRIFICATION,True
husika na diguwali,"ebu, luo",2,ltr,Digital Humanities,STRUCTURAL_ABSENCE,True
dhārmiyā digital vidyā,"mtr, swv",2,ltr,Digital Humanities,STRUCTURAL_ABSENCE,True
sayansi ya dijitali ya binadamu,"swb, wni",2,rtl,Digital Humanities,"STRUCTURAL_ABSENCE, TRANSMOGRIFICATION",True
диджитал хауманитэйз,"byv, ttj",2,ltr,Digital Humanities,"STRUCTURAL_ABSENCE, TRANSMOGRIFICATION",True
humanitias digitals,"kge, lwl",2,ltr,Digital Humanities,STRUCTURAL_ABSENCE,True
teknologi budaya,"kge, kvr",2,ltr,Digital Humanities,STRUCTURAL_ABSENCE,True
ዲጂታል ሂዩማኒቲስ,"byn, ssy",2,ltr,Digital Humanities,"STRUCTURAL_ABSENCE, TRANSMOGRIFICATION",True
ಡಿಜಿಟಲ್ ಹ್ಯುಮಾನಿಟೀಸ್,"bfq, kn",2,ltr,Digital Humanities,TRANSMOGRIFICATION,True
dhijitari humane,"mxc, ndc",2,ltr,Digital Humanities,STRUCTURAL_ABSENCE,True
ⵜⴰⵎⴰⵣⵉⵖⵜ ⵜⴰⴷⵉⵊⵉⵟⴰⵍⵉⵜ,"tzm, zg",2,ltr,Digital Humanities,"STRUCTURAL_ABSENCE, TRANSMOGRIFICATION",True
दिजिटल अध्ययनशास्त्र,"hi, ne",2,ltr,Digital Humanities,"PRODUCTIVE_DISAGREEMENT, TRANSMOGRIFICATION",True
dijital insaniyetler,"bgx, gag",2,ltr,Digital Humanities,"STRUCTURAL_ABSENCE, TRANSMOGRIFICATION",True
डिजिटल मानवता,"hi, mr",2,ltr,Digital Humanities,"PRODUCTIVE_DISAGREEMENT, TRANSMOGRIFICATION",True
digitala humanistiko,"eo, io",2,ltr,Digital Humanities,"STRUCTURAL_ABSENCE, TRANSMOGRIFICATION",True
tlapouhqui tlamachtilli huan tlamanitiliztli,"nch, nhw",2,ltr,Digital Humanities,"STRUCTURAL_ABSENCE, TRANSMOGRIFICATION",True
אנתרופולוגיה דיגיטלית,"he, sam",2,rtl,Digital Humanities,"PRODUCTIVE_DISAGREEMENT, TRANSMOGRIFICATION",True
מדעי הרוח הדיגיטליים,"he, sam",2,rtl,Digital Humanities,"PRODUCTIVE_DISAGREEMENT, TRANSMOGRIFICATION",True
डिजिटल मानुसकी,"khn, kxp",2,ltr,Digital Humanities,"STRUCTURAL_ABSENCE, TRANSMOGRIFICATION",True
د دیجیټل هنسیم,"haz, ps",2,rtl,Digital Humanities,TRANSMOGRIFICATION,True
tlilli tlapalli tlamachiyotl,"nch, nhe",2,ltr,Digital Humanities,TRANSMOGRIFICATION,True
humanitini digitaali,"dje, dzg",2,ltr,Digital Humanities,"STRUCTURAL_ABSENCE, TRANSMOGRIFICATION",True
رقمی انسانیت,"bft, chg",2,rtl,Digital Humanities,TRANSMOGRIFICATION,True
humanités numérikes,"pcd, wa",2,ltr,Digital Humanities,"STRUCTURAL_ABSENCE, TRANSMOGRIFICATION",True
sayansi za kidijitali za kibinadamu,"sw, swb",2,ltr,Digital Humanities,STRUCTURAL_ABSENCE,True
dijital humaniti,"kri, vic",2,ltr,Digital Humanities,STRUCTURAL_ABSENCE,True
husika na umoja digitali,"dav, mas",2,ltr,Digital Humanities,STRUCTURAL_ABSENCE,True
sayansi za kibinadamu za kidijitali,"wni, zdj",2,rtl,Digital Humanities,"STRUCTURAL_ABSENCE, TRANSMOGRIFICATION",True
digitalni umjetnosti,"cnr, crn",2,ltr,Digital Humanities,TRANSMOGRIFICATION,True
ဒစ်ဂျစ်တယ် လူ့ဘာသာရပ်,"kyu, mnw",2,ltr,Digital Humanities,"STRUCTURAL_ABSENCE, TRANSMOGRIFICATION",True
dihital na humanidades,"fil, tl",2,ltr,Digital Humanities,STRUCTURAL_ABSENCE,True
limannite dijital,"mfe, rcf",2,ltr,Digital Humanities,STRUCTURAL_ABSENCE,True
humanitia digitale,"mer, wls",2,ltr,Digital Humanities,"STRUCTURAL_ABSENCE, TRANSMOGRIFICATION",True
digitale humanitääte,"als, gsw",2,ltr,Digital Humanities,TRANSMOGRIFICATION,True
digitali geischteswüsseschafte,"als, gsw",2,ltr,Digital Humanities,TRANSMOGRIFICATION,True
digitali humanitäte,"als, wae",2,ltr,Digital Humanities,TRANSMOGRIFICATION,True
digitale geisteswissenschafte,"als, gmh",2,ltr,Digital Humanities,TRANSMOGRIFICATION,True
shkencat humane dixhitale,"als, sq",2,ltr,Digital Humanities,TRANSMOGRIFICATION,True
njerëzitë dixhitale,"aln, sq",2,ltr,Digital Humanities,TRANSMOGRIFICATION,True
дигитал хуманитис,"inh, xal",2,ltr,Digital Humanities,TRANSMOGRIFICATION,True
umanismlu digital,"roa-rup, rup",2,ltr,Digital Humanities,STRUCTURAL_ABSENCE,True
humanitetet digjitale,"aln, sq",2,ltr,Digital Humanities,TRANSMOGRIFICATION,True
umanisticâ digitalâ,"roa-rup, rup",2,ltr,Digital Humanities,STRUCTURAL_ABSENCE,True
مرۆڤایەتی دیجیتاڵ,"lki, sdh",2,rtl,Digital Humanities,TRANSMOGRIFICATION,True
digitaalnõ humanitaartiidüs,"fiu-vro, vro",2,ltr,Digital Humanities,TRANSMOGRIFICATION,True
umanitate digjitale,"roa-rup, rup",2,ltr,Digital Humanities,STRUCTURAL_ABSENCE,True
digitaal humanitood,"fiu-vro, vro",2,ltr,Digital Humanities,TRANSMOGRIFICATION,True
umunthu wa digito,"ny, tog",2,ltr,Digital Humanities,STRUCTURAL_ABSENCE,True
stafræn mannfræði,"is, non",2,ltr,Digital Humanities,TRANSMOGRIFICATION,True
digitála humanitáradieđa,"se, smj",2,ltr,Digital Humanities,TRANSMOGRIFICATION,True
cyfrowe humanistyka,"sli, szl",2,ltr,Digital Humanities,TRANSMOGRIFICATION,True
diyital na humanidades,"fil, tl",2,ltr,Digital Humanities,STRUCTURAL_ABSENCE,True
ડિજીટલ માનવતા,"gju, gu",2,ltr,Digital Humanities,TRANSMOGRIFICATION,True
ዲጂታል ሰብአዊነት,"am, gez",2,ltr,Digital Humanities,STRUCTURAL_ABSENCE,True
digitaal ìsànsà,"kao, mye",2,ltr,Digital Humanities,STRUCTURAL_ABSENCE,True
డిజిటల్ హ్యుమానిటీస్,"gon, te",2,ltr,Digital Humanities,"STRUCTURAL_ABSENCE, TRANSMOGRIFICATION",True
humanitii digitaal,"ff, ffm",2,ltr,Digital Humanities,STRUCTURAL_ABSENCE,True
ᐊᑑᕱᓕᐅᖅᑎᑦᓯᒪᔪᑦ,"ike, ikt",2,ltr,Digital Humanities,STRUCTURAL_ABSENCE,True
humanité numérique,"sg, wo",2,ltr,Digital Humanities,STRUCTURAL_ABSENCE,True
डिजिटल मानवी शास्त्र,"gom, kok",2,ltr,Digital Humanities,"STRUCTURAL_ABSENCE, TRANSMOGRIFICATION",True
digitalno humaniàlo,"rmy, rom",2,ltr,Digital Humanities,STRUCTURAL_ABSENCE,True
digitalno manušipen,"rmy, rom",2,ltr,Digital Humanities,STRUCTURAL_ABSENCE,True
digitaalinen humanismi,"fi, fit",2,ltr,Digital Humanities,"PRODUCTIVE_DISAGREEMENT, TRANSMOGRIFICATION",True
dána digiteacha,"mga, sga",2,ltr,Digital Humanities,TRANSMOGRIFICATION,True
dijitala humanita,"rmy, rom",2,ltr,Digital Humanities,STRUCTURAL_ABSENCE,True
humanidat digital,"an, pap",2,ltr,Digital Humanities,STRUCTURAL_ABSENCE,True
ḍigitala xerd,"rmy, rom",2,ltr,Digital Humanities,STRUCTURAL_ABSENCE,True
umanità digitàle,"lij, pms",2,ltr,Digital Humanities,"STRUCTURAL_ABSENCE, TRANSMOGRIFICATION",True
ᑎᒋᑕᓪ ᐊᔨᒧᐎᓐ,"crm, csw",2,ltr,Digital Humanities,TRANSMOGRIFICATION,True
humanidades dixitales,"an, mwl",2,ltr,Digital Humanities,"STRUCTURAL_ABSENCE, TRANSMOGRIFICATION",True
umanità digitala,"lij, rgn",2,ltr,Digital Humanities,"STRUCTURAL_ABSENCE, TRANSMOGRIFICATION",True
ଡିଜିଟାଲ୍ ମାନବିକତା,"or, srb",2,ltr,Digital Humanities,TRANSMOGRIFICATION,True
ዲጂታል ሰብአዊ ሳይንስ,"am, ti",2,ltr,Digital Humanities,"STRUCTURAL_ABSENCE, TRANSMOGRIFICATION",True
digitála humanisttalašvuohta,"se, smj",2,ltr,Digital Humanities,TRANSMOGRIFICATION,True
stafræn hugvísindi,"fo, is",2,ltr,Digital Humanities,"STRUCTURAL_ABSENCE, TRANSMOGRIFICATION",True
sayansi za dijitali,"mgy, rwk",2,ltr,Digital Humanities,STRUCTURAL_ABSENCE,True
ubumenyi bw'ikoranabuhanga,"rw, rwk",2,ltr,Digital Humanities,STRUCTURAL_ABSENCE,True
digitnal humanties,"cps, pam",2,ltr,Digital Humanities,STRUCTURAL_ABSENCE,True
sayansi ya dijitali,"sbp, suk",2,ltr,Digital Humanities,TRANSMOGRIFICATION,True
fakamatala fakatekinolosi,"fud, wls",2,ltr,Digital Humanities,"STRUCTURAL_ABSENCE, TRANSMOGRIFICATION",True
डिजितालि मानविकी,"jml, lif",2,ltr,Digital Humanities,TRANSMOGRIFICATION,True
сандық гуманитарлық ғылымдар,"cjs, kk",2,ltr,Digital Humanities,TRANSMOGRIFICATION,True
デジタルヒューマニティーズ,"ja, mai",2,ltr,Digital Humanities,"PRODUCTIVE_DISAGREEMENT, TRANSMOGRIFICATION",True
デジタル人文科学,"ja, ryu",2,ltr,Digital Humanities,"PRODUCTIVE_DISAGREEMENT, TRANSMOGRIFICATION",True
డిజిటల్ హ్యూమానిటీస్,"saz, te",2,ltr,Digital Humanities,TRANSMOGRIFICATION,True
umanitats digitalas,"oc, pro",2,ltr,Digital Humanities,TRANSMOGRIFICATION,True
dijital yumanitis,"jam, kri",2,ltr,Digital Humanities,STRUCTURAL_ABSENCE,True
dijital yuumanitis,"jam, kri",2,ltr,Digital Humanities,STRUCTURAL_ABSENCE,True
ᱰᱤᱡᱤᱴᱟᱞ ᱢᱟᱹᱱᱣᱟᱹ ᱥᱟᱬᱮᱥ,"sat, unr",2,ltr,Digital Humanities,STRUCTURAL_ABSENCE,True
humanitats digitalas,"fur, rm",2,ltr,Digital Humanities,STRUCTURAL_ABSENCE,True
mbumu ya digital,"lu, lua",2,ltr,Digital Humanities,STRUCTURAL_ABSENCE,True
цифровой гуманитарной наукат,"ckt, kpy",2,ltr,Digital Humanities,TRANSMOGRIFICATION,True
gikendaasowin mzinigewin,"oj, ojg",2,ltr,Digital Humanities,TRANSMOGRIFICATION,True
digitā humānitā,"fvr, rob",2,ltr,Digital Humanities,STRUCTURAL_ABSENCE,True
ziibi-ininiikwe-gikinoamaagoziwin,"oj, ojw",2,ltr,Digital Humanities,TRANSMOGRIFICATION,True
መዝግ ሓላቢት,"ti, tig",2,ltr,Digital Humanities,TRANSMOGRIFICATION,True
mmara digital,"ada, tw",2,ltr,Digital Humanities,STRUCTURAL_ABSENCE,True
数字人文學,"lzh, wuu",2,ltr,Digital Humanities,TRANSMOGRIFICATION,True
диджиталдик хуманитарлар,"kaa, tyv",2,ltr,Digital Humanities,TRANSMOGRIFICATION,True
ციფრული ჰუმანიტარული მეცნიერებეფი,"lzz, xmf",2,ltr,Digital Humanities,TRANSMOGRIFICATION,True
dijitaal adesua,"ak, tw",2,ltr,Digital Humanities,STRUCTURAL_ABSENCE,True
デジタルヒューマニティズ,"ain, tdh",2,ltr,Digital Humanities,TRANSMOGRIFICATION,True
цифрова гуманитария,"mdf, tab",2,ltr,Digital Humanities,TRANSMOGRIFICATION,True
tlahtolli digitāl,"maz, nhw",2,ltr,Digital Humanities,STRUCTURAL_ABSENCE,True
數碼人文學,"yue, zh-yue",2,ltr,Digital Humanities,"MEASUREMENT_ARTEFACT, PRODUCTIVE_DISAGREEMENT",True
ܕܝܓܝܛܠ ܐܢܫܝܘܬܐ,"aii, tru",2,ltr,Digital Humanities,"STRUCTURAL_ABSENCE, TRANSMOGRIFICATION",True
ມະນຸດສາດດິຈິຕອນ,"lo, lwl",2,ltr,Digital Humanities,STRUCTURAL_ABSENCE,True
humanitiz digitali,"agq, maf",2,ltr,Digital Humanities,STRUCTURAL_ABSENCE,True
teknolohiya ng panitikan at tula,"tl, tsg",2,ltr,Digital Humanities,STRUCTURAL_ABSENCE,True
ციფრული ჰუმანიტარული მეცნიერებები,"ka, xmf",2,ltr,Digital Humanities,TRANSMOGRIFICATION,True
umanitât digitâl,"frp, fur",2,ltr,Digital Humanities,STRUCTURAL_ABSENCE,True
humanitè digitale,"frp, rcf",2,ltr,Digital Humanities,STRUCTURAL_ABSENCE,True
ऑनलाइन मानवीयता,"mag, mtr",2,ltr,Digital Humanities,STRUCTURAL_ABSENCE,True
digitaal minskwessens,"frr, stq",2,ltr,Digital Humanities,TRANSMOGRIFICATION,True
digitaalihumanitaaria,"izh, vot",2,ltr,Digital Humanities,TRANSMOGRIFICATION,True
بومناسخه دیجیتالی,"lrc, luz",2,rtl,Digital Humanities,TRANSMOGRIFICATION,True
umanidades digitales,"sc, sdc",2,ltr,Digital Humanities,"STRUCTURAL_ABSENCE, TRANSMOGRIFICATION",True
საინფორმაციო ხელოვნება,"lzz, xmf",2,ltr,Digital Humanities,TRANSMOGRIFICATION,True
dijital insanlar,"tk, tr",2,ltr,Digital Humanities,"PRODUCTIVE_DISAGREEMENT, STRUCTURAL_ABSENCE",True
limanite dizital,"crs, mfe",2,ltr,Digital Humanities,"STRUCTURAL_ABSENCE, TRANSMOGRIFICATION",True
dijital insaniyet,"diq, lzz",2,ltr,Digital Humanities,TRANSMOGRIFICATION,True
ufundi wa kidijitali na binadamu,"mgy, rof",2,ltr,Digital Humanities,STRUCTURAL_ABSENCE,True
رقمی علوم انسانی,"ota, uz_AF",2,rtl,Digital Humanities,"STRUCTURAL_ABSENCE, TRANSMOGRIFICATION",True
digitaalhumanitaaria,"et, fiu-vro",2,ltr,Digital Humanities,"PRODUCTIVE_DISAGREEMENT, TRANSMOGRIFICATION",True
დიჯიტალური ხელოვნება,"av, ka",2,ltr,Digital Humanities,TRANSMOGRIFICATION,True
دیجیٹل انسانیتیز,"skr, ur",2,rtl,Digital Humanities,TRANSMOGRIFICATION,True
ਡਿਜ਼ਿਟਲ ਹਿਊਮੈਨਿਟੀਜ਼,"lah, pa",2,rtl,Digital Humanities,"STRUCTURAL_ABSENCE, TRANSMOGRIFICATION",True
dijital insanbilimleri,"ota, tr",2,ltr,Digital Humanities,"PRODUCTIVE_DISAGREEMENT, TRANSMOGRIFICATION",True
дигиталне хуманистичке науке,"sh, sr",2,ltr,Digital Humanities,PRODUCTIVE_DISAGREEMENT,True
zvidzidzo zvedigital,"kck, ndc",2,ltr,Digital Humanities,STRUCTURAL_ABSENCE,True
dijigitalne umetnosti,"sh, sr",2,ltr,Digital Humanities,PRODUCTIVE_DISAGREEMENT,True
tekwaro me dijita,"laj, lan",2,ltr,Digital Humanities,"STRUCTURAL_ABSENCE, TRANSMOGRIFICATION",True
диджитал хумантизми,"tab, tkr",2,ltr,Digital Humanities,TRANSMOGRIFICATION,True
jan sona pi ilo,"tok, tokipona",2,ltr,Digital Humanities,STRUCTURAL_ABSENCE,True
рақамдин гуманитар илимар,"lez, tab",2,ltr,Digital Humanities,TRANSMOGRIFICATION,True
ડિજિટલ માનવિકી,"gu, saz",2,ltr,Digital Humanities,TRANSMOGRIFICATION,True
nasin sona pi ilo nanpa,"tok, tokipona",2,ltr,Digital Humanities,STRUCTURAL_ABSENCE,True
digitální humanitní vědy,"cs, prg",2,ltr,Digital Humanities,"PRODUCTIVE_DISAGREEMENT, TRANSMOGRIFICATION",True
ડિજિટલ માનવશાસ્ત્ર,"gu, saz",2,ltr,Digital Humanities,TRANSMOGRIFICATION,True
ડિજિટલ હ્યુમેનિટીઝ,"gu, kfr",2,ltr,Digital Humanities,TRANSMOGRIFICATION,True
ডিজিটাল ম্যানস,"rjs, rkt",2,ltr,Digital Humanities,TRANSMOGRIFICATION,True
ilmu humaniora digital,"min, nij",2,ltr,Digital Humanities,STRUCTURAL_ABSENCE,True
dygitálne humanistyka,"csb, sli",2,ltr,Digital Humanities,TRANSMOGRIFICATION,True
teknolojik insanlar bilimleri,"cgg, lan",2,ltr,Digital Humanities,"STRUCTURAL_ABSENCE, TRANSMOGRIFICATION",True
cyfrowa humanistyka,"csb, szl",2,ltr,Digital Humanities,TRANSMOGRIFICATION,True
humanitates digitales,"la, see",2,ltr,Digital Humanities,"PRODUCTIVE_DISAGREEMENT, STRUCTURAL_ABSENCE",True
informatik nan litiatur,"crs, mfe",2,ltr,Digital Humanities,"STRUCTURAL_ABSENCE, TRANSMOGRIFICATION",True
digitalno manušikano žanipe,"rmo, rmu",2,ltr,Digital Humanities,STRUCTURAL_ABSENCE,True
ܝܘܠܦܢܐ ܕܐܢܫܘܬܐ ܕܝܓܝܛܠ,"arc, syc",2,rtl,Digital Humanities,TRANSMOGRIFICATION,True
ᖃᕆᑕᐅᔭᒃᑯᑦ ᐃᓄᓕᕆᓂᕐᒧᑦ,"ike, iu",2,ltr,Digital Humanities,"STRUCTURAL_ABSENCE, TRANSMOGRIFICATION",True
digitale geesteswetenschoppen,"gos, nds-nl",2,ltr,Digital Humanities,TRANSMOGRIFICATION,True
الانجاز الرقمي للعلوم الإنسانية,"apc, ary",2,rtl,Digital Humanities,TRANSMOGRIFICATION,True
ܡܕܥܢܘܬܐ ܪ̈ܩܡܝܬܐ,"arc, syc",2,rtl,Digital Humanities,TRANSMOGRIFICATION,True
digitalne humanistika,"rmo, rmu",2,ltr,Digital Humanities,STRUCTURAL_ABSENCE,True
digitalne humanističke znanosti,"hr, sh",2,ltr,Digital Humanities,"PRODUCTIVE_DISAGREEMENT, TRANSMOGRIFICATION",True
ܝܘܠܦܢ̈ܐ ܐܢܫܝ̈ܐ ܕܝܓܝܛܠܝ̈ܐ,"arc, syr",2,rtl,Digital Humanities,TRANSMOGRIFICATION,True
цифран гуманитарий,"ce, inh",2,ltr,Digital Humanities,TRANSMOGRIFICATION,True
digitali humanitete,"rmo, rmy",2,ltr,Digital Humanities,STRUCTURAL_ABSENCE,True
ܐܢܬܪܣܘܦܝܐ ܕܝܓܝܛܠܝܬܐ,"arc, syc",2,rtl,Digital Humanities,TRANSMOGRIFICATION,True
ditales humanites,osc,1,ltr,Digital Humanities,TRANSMOGRIFICATION,True
ᑎᒋᑕᓪ ᐊᔨᒥᐎᓂᐤ,ojs,1,ltr,Digital Humanities,TRANSMOGRIFICATION,True
dyukalum numisumthum,osc,1,ltr,Digital Humanities,TRANSMOGRIFICATION,True
dānišnīhāyā dīgital,peo,1,ltr,Digital Humanities,STRUCTURAL_ABSENCE,True
ᑲᑎᒪᐠ ᐃᓂᑯᐃᐧᐣ,ojs,1,ltr,Digital Humanities,TRANSMOGRIFICATION,True
ziibi-minis-bimaadiziwin,ojg,1,ltr,Digital Humanities,TRANSMOGRIFICATION,True
gigisigewaabikweziwinidih,ojg,1,ltr,Digital Humanities,TRANSMOGRIFICATION,True
ਡਿਜੀਟਲ ਮਾਨਵਤਾ,pa,1,rtl,Digital Humanities,TRANSMOGRIFICATION,True
digitaal määnschlichkiet,pdt,1,ltr,Digital Humanities,TRANSMOGRIFICATION,True
gaa-bi-zhiinig miinawaa gegoog,ojg,1,ltr,Digital Humanities,TRANSMOGRIFICATION,True
ਡਿਜੀਟਲ ਮਨੋਵਿਗਿਆਨ,pa,1,rtl,Digital Humanities,TRANSMOGRIFICATION,True
ᑎᐱᐦᐁᐧᐃᓂᓂᐧᐃᐦᑖᒧᐧᐃᓐ ᐊᓂᐦᔑᓇᐯᒧᐧᐃᓐ,ojs,1,ltr,Digital Humanities,TRANSMOGRIFICATION,True
giiwedin waasaadegiing,ojb,1,ltr,Digital Humanities,TRANSMOGRIFICATION,True
mazinatigwaatig anishinaabemowin,ojs,1,ltr,Digital Humanities,TRANSMOGRIFICATION,True
mazina'iganing ikidowinan miinawaa akeyaa-wiidookodiiwinan,ojg,1,ltr,Digital Humanities,TRANSMOGRIFICATION,True
nikamowin itwisiwin,ojs,1,ltr,Digital Humanities,TRANSMOGRIFICATION,True
digtjaula minschheet,pdt,1,ltr,Digital Humanities,TRANSMOGRIFICATION,True
humaneis digitalas,osc,1,ltr,Digital Humanities,TRANSMOGRIFICATION,True
ਡਿਜੀਟਲ ਮਨੁੱਖਤਾ ਵਿਗਿਆਨ,pa,1,rtl,Digital Humanities,TRANSMOGRIFICATION,True
gidakiiminaan ziigwan,ojs,1,ltr,Digital Humanities,TRANSMOGRIFICATION,True
dijitole menschheitsweete,pdt,1,ltr,Digital Humanities,TRANSMOGRIFICATION,True
dizjital menschlichkeit,pdc,1,ltr,Digital Humanities,TRANSMOGRIFICATION,True
gidakiimenaa gegaawenimin,ojb,1,ltr,Digital Humanities,TRANSMOGRIFICATION,True
nikamakonibidewinigamiwininiwakwadendeh,ojs,1,ltr,Digital Humanities,TRANSMOGRIFICATION,True
doğal bilimsel uygulamalar,otk,1,ltr,Digital Humanities,TRANSMOGRIFICATION,True
ਡਿਜੈਟਲ ਮਨੁਸ਼ਯਾਂ ਵിਗਿਆਨ,pa,1,rtl,Digital Humanities,TRANSMOGRIFICATION,True
kisimâkanaw ikwewak mîna-akiwîwak,ojs,1,ltr,Digital Humanities,TRANSMOGRIFICATION,True
bimaadiziwin gidigaa,ojg,1,ltr,Digital Humanities,TRANSMOGRIFICATION,True
diwital menschlichkeit,pdt,1,ltr,Digital Humanities,TRANSMOGRIFICATION,True
san'at-i dîjîtâlî insânî,otk,1,ltr,Digital Humanities,TRANSMOGRIFICATION,True
رقمی علوم انسانیه,ota,1,ltr,Digital Humanities,TRANSMOGRIFICATION,True
𐰋𐰃𐰠𐰏𐰀 𐰉𐰆𐰑𐰣,otk,1,ltr,Digital Humanities,TRANSMOGRIFICATION,True
ਡਿਜੀਟਲ ਹਿਊਮੈਨਿਟੀਜ਼,pa,1,rtl,Digital Humanities,TRANSMOGRIFICATION,True
sayısal beşerî bilimler,otk,1,ltr,Digital Humanities,TRANSMOGRIFICATION,True
sayı bitig biligi,otk,1,ltr,Digital Humanities,TRANSMOGRIFICATION,True
dijital insanlar tarihçiliği,ota,1,ltr,Digital Humanities,TRANSMOGRIFICATION,True
doğal bilimler,ota,1,ltr,Digital Humanities,TRANSMOGRIFICATION,True
kitapçılık bilimleri,otk,1,ltr,Digital Humanities,TRANSMOGRIFICATION,True
mazina’iganing gikinoo’amaagewin,ojc,1,ltr,Digital Humanities,TRANSMOGRIFICATION,True
wiinibamadizijig wiinibamawiziwag,ojc,1,ltr,Digital Humanities,TRANSMOGRIFICATION,True
dīnhāg-ē xwaršnu-ē dād-ē dāxtar,peo,1,ltr,Digital Humanities,STRUCTURAL_ABSENCE,True
dibaajimowinan mazinaabikiwebinigewin,ojc,1,ltr,Digital Humanities,TRANSMOGRIFICATION,True
dijital beşerî bilimler,ota,1,ltr,Digital Humanities,TRANSMOGRIFICATION,True
biiwaawaanong gida’awenaning,ojc,1,ltr,Digital Humanities,TRANSMOGRIFICATION,True
𐎭𐎡𐎲𐎡𐎼𐎠𐎴𐎠𐎶𐏐𐎭𐎠𐎫𐎠𐎼𐎶,peo,1,ltr,Digital Humanities,STRUCTURAL_ABSENCE,True
binesiikwe-minis-ayaa-ki-ziibi-naadmaagan,ojc,1,ltr,Digital Humanities,TRANSMOGRIFICATION,True
dijitaal anishinaabe-inwewin,ojw,1,ltr,Digital Humanities,TRANSMOGRIFICATION,True
دیجیتال هاینرومنز,peo,1,ltr,Digital Humanities,STRUCTURAL_ABSENCE,True
ziibi-minis-aazooke-quay,ojb,1,ltr,Digital Humanities,TRANSMOGRIFICATION,True
nequid digitale humanitates,osc,1,ltr,Digital Humanities,TRANSMOGRIFICATION,True
𐎧𐏁𐎹𐎺𐎡𐎹𐎼𐎿𐎦𐎹𐎺𐎭,peo,1,ltr,Digital Humanities,STRUCTURAL_ABSENCE,True
framānakara-hyā-martiya-huvaca-dātu-,peo,1,ltr,Digital Humanities,STRUCTURAL_ABSENCE,True
digitali geisteswisseschafte,pfl,1,ltr,Digital Humanities,TRANSMOGRIFICATION,True
𐎭𐎠𐎫𐎠 𐎶𐎠𐎼𐎫𐎡𐎹,peo,1,ltr,Digital Humanities,STRUCTURAL_ABSENCE,True
𐎭𐎡𐎥𐎼𐎡𐎹 𐎢𐎴𐎠𐎼𐎹𐎠𐎹,peo,1,ltr,Digital Humanities,STRUCTURAL_ABSENCE,True
ਡਿਜੀਟਲ ਮਨੁੱਖਤਾ,pa,1,rtl,Digital Humanities,TRANSMOGRIFICATION,True
mazina'igan gikino'amaadiwin miinawaa anishinaabemowin gikino'amaadiwin,ojc,1,ltr,Digital Humanities,TRANSMOGRIFICATION,True
gigisakiiweniing kiizhikendishkeng,ojc,1,ltr,Digital Humanities,TRANSMOGRIFICATION,True
ਡਿਜੀਟਲ ਮਾਨਵਿਕੀ,pa,1,rtl,Digital Humanities,TRANSMOGRIFICATION,True
saray manangiyabawag na too,pag,1,ltr,Digital Humanities,STRUCTURAL_ABSENCE,True
numeriai húmanitátis,osc,1,ltr,Digital Humanities,TRANSMOGRIFICATION,True
digital ya humanidades,pag,1,ltr,Digital Humanities,STRUCTURAL_ABSENCE,True
wébaxthi wachíshka wakóⁿda,osa,1,ltr,Digital Humanities,TRANSMOGRIFICATION,True
ଡିଜିଟାଲ ମାନବିକୀ,or,1,ltr,Digital Humanities,TRANSMOGRIFICATION,True
salamatan digital,pam,1,ltr,Digital Humanities,STRUCTURAL_ABSENCE,True
digital haanaahiyootiic,om,1,ltr,Digital Humanities,STRUCTURAL_ABSENCE,True
digital a kabiasnan,pam,1,ltr,Digital Humanities,STRUCTURAL_ABSENCE,True
𐓷𐓘𐓻𐓘𐓻𐓟 𐓷𐓘𐓻𐓟𐓤𐓘𐓻𐓟,osa,1,ltr,Digital Humanities,TRANSMOGRIFICATION,True
hirmaata dijitala,om,1,ltr,Digital Humanities,STRUCTURAL_ABSENCE,True
𐭯𐭫𐭬𐭪𐭮𐭩,pal,1,ltr,Digital Humanities,STRUCTURAL_ABSENCE,True
dagmamaa bilbila,om,1,ltr,Digital Humanities,STRUCTURAL_ABSENCE,True
dibaajimowinan-naanaagadawendamowin,ojw,1,ltr,Digital Humanities,TRANSMOGRIFICATION,True
wazhazhe ie wazhazhe,osa,1,ltr,Digital Humanities,TRANSMOGRIFICATION,True
saayinsii hawaasummaa dijitaalaa,om,1,ltr,Digital Humanities,STRUCTURAL_ABSENCE,True
namummaa dijitaalaa,om,1,ltr,Digital Humanities,STRUCTURAL_ABSENCE,True
aadaa dijitaalaa,om,1,ltr,Digital Humanities,STRUCTURAL_ABSENCE,True
umaine numérique,pcd,1,ltr,Digital Humanities,STRUCTURAL_ABSENCE,True
dēn-gēh rēz-wēh,pal,1,ltr,Digital Humanities,STRUCTURAL_ABSENCE,True
tchumma tchumma,pcd,1,ltr,Digital Humanities,STRUCTURAL_ABSENCE,True
talahnahen it,pau,1,ltr,Digital Humanities,STRUCTURAL_ABSENCE,True
ଡିଜିଟାଲ୍ ମାନବିକୀ,or,1,ltr,Digital Humanities,TRANSMOGRIFICATION,True
ଡିଜିଟାଲ ମାନବିକ ବିଜ୍ଞାନ,or,1,ltr,Digital Humanities,TRANSMOGRIFICATION,True
humanidatnan digital,pap,1,ltr,Digital Humanities,STRUCTURAL_ABSENCE,True
цифрон гуманитарон зонæдтæ,os,1,ltr,Digital Humanities,TRANSMOGRIFICATION,True
дигиталон гуманитарон наукӕтӕ,os,1,ltr,Digital Humanities,TRANSMOGRIFICATION,True
teknologia el belau,pau,1,ltr,Digital Humanities,STRUCTURAL_ABSENCE,True
цифрон адæймагадон зонæдтæ,os,1,ltr,Digital Humanities,TRANSMOGRIFICATION,True
цифрон гуманитарон,os,1,ltr,Digital Humanities,TRANSMOGRIFICATION,True
tekoi er a digital me a rechad,pau,1,ltr,Digital Humanities,STRUCTURAL_ABSENCE,True
нымæцон гуманитарон зонæдтæ,os,1,ltr,Digital Humanities,TRANSMOGRIFICATION,True
ଡୀ୍ୱୈଟେଲ ମୁ୧୦୨୦ୋୱ୍ୱ,or,1,ltr,Digital Humanities,TRANSMOGRIFICATION,True
humanidadnan digital,pap,1,ltr,Digital Humanities,STRUCTURAL_ABSENCE,True
ଡିଜାଲ୍ ମନୁଷ୍ୟଶାସ୍ତ୍ର,or,1,ltr,Digital Humanities,TRANSMOGRIFICATION,True
дигиталон æмбæлтæ,os,1,ltr,Digital Humanities,TRANSMOGRIFICATION,True
dijital a klengar,pau,1,ltr,Digital Humanities,STRUCTURAL_ABSENCE,True
kleisel tekinai,pau,1,ltr,Digital Humanities,STRUCTURAL_ABSENCE,True
цифронæй иртакъæд,os,1,ltr,Digital Humanities,TRANSMOGRIFICATION,True
bil digital ng humanitas,pau,1,ltr,Digital Humanities,STRUCTURAL_ABSENCE,True
dastan-e digital,pal,1,ltr,Digital Humanities,STRUCTURAL_ABSENCE,True
𐭣𐭩𐭢𐭩𐭲𐭠𐭫 𐭧𐭥𐭬𐭠𐭭𐭩𐭲𐭩𐭫𐭩,pal,1,ltr,Digital Humanities,STRUCTURAL_ABSENCE,True
ghu'tahmey digital,pcd,1,ltr,Digital Humanities,STRUCTURAL_ABSENCE,True
nk'pʷiłməxw tən̓sɬtən,oka,1,ltr,Digital Humanities,STRUCTURAL_ABSENCE,True
𐭣𐭩𐭢𐭫𐭥𐭣𐭩𐭠𐭭 𐭧𐭥𐭬𐭭𐭩𐭠𐭭𐭩𐭪,pal,1,ltr,Digital Humanities,STRUCTURAL_ABSENCE,True
digitális humánitátis,osc,1,ltr,Digital Humanities,TRANSMOGRIFICATION,True
n̓x̌ʷx̌ʷʕaʔx̌ʷtət iʔ sk̓ʷlk̓ʷlʕalt iʔ k̓ʷlʕalt,oka,1,ltr,Digital Humanities,STRUCTURAL_ABSENCE,True
digitali menschewisseschafte,pdc,1,ltr,Digital Humanities,TRANSMOGRIFICATION,True
numerales humanitates,osc,1,ltr,Digital Humanities,TRANSMOGRIFICATION,True
tmixʷúlaʔxʷ i siwɬkʷ kʷu l captikʷɬ,oka,1,ltr,Digital Humanities,STRUCTURAL_ABSENCE,True
talasem bantayen kompyutador,pag,1,ltr,Digital Humanities,STRUCTURAL_ABSENCE,True
nigiziibiwaadiminikaaniwin,ojw,1,ltr,Digital Humanities,TRANSMOGRIFICATION,True
digitale humanitá,pap,1,ltr,Digital Humanities,STRUCTURAL_ABSENCE,True
bemaadiziwin gadawenimin,ojw,1,ltr,Digital Humanities,TRANSMOGRIFICATION,True
aghimatang digital,pag,1,ltr,Digital Humanities,STRUCTURAL_ABSENCE,True
bimaadiziwin gidigaa biinjigeeng,ojw,1,ltr,Digital Humanities,TRANSMOGRIFICATION,True
dīgitālēs hūmānitātēs,osc,1,ltr,Digital Humanities,TRANSMOGRIFICATION,True
zdigitali männitlichkeitswissenschaft,pdc,1,ltr,Digital Humanities,TRANSMOGRIFICATION,True
mazina'igan gikino'amaadiwin gaye anishinaabemowin gikendaasowin,ojw,1,ltr,Digital Humanities,TRANSMOGRIFICATION,True
digitəl hiumənətiz,oka,1,ltr,Digital Humanities,STRUCTURAL_ABSENCE,True
digitali humaniora,pdc,1,ltr,Digital Humanities,TRANSMOGRIFICATION,True
dijital humanistik,pcd,1,ltr,Digital Humanities,STRUCTURAL_ABSENCE,True
n̓xʷm̓xʷiʔ ɬəxʷiʔ,oka,1,ltr,Digital Humanities,STRUCTURAL_ABSENCE,True
wanta irratti hundaaʼe,om,1,ltr,Digital Humanities,STRUCTURAL_ABSENCE,True
saayinsii namoomaa dijiitaalaa,om,1,ltr,Digital Humanities,STRUCTURAL_ABSENCE,True
sələqw'el p'ilh'o,oka,1,ltr,Digital Humanities,STRUCTURAL_ABSENCE,True
دینیک فرزانگی,pal,1,ltr,Digital Humanities,STRUCTURAL_ABSENCE,True
wakíŋhnaŋ wázhigapi,osa,1,ltr,Digital Humanities,TRANSMOGRIFICATION,True
informatik keltikez,pcd,1,ltr,Digital Humanities,STRUCTURAL_ABSENCE,True
thungiⁿgwa nde thada,osa,1,ltr,Digital Humanities,TRANSMOGRIFICATION,True
هنرهای دیجیتالی,pal,1,ltr,Digital Humanities,STRUCTURAL_ABSENCE,True
díligchi háwnýútnis,osa,1,ltr,Digital Humanities,TRANSMOGRIFICATION,True
dijitał humaniti,pcm,1,ltr,Digital Humanities,STRUCTURAL_ABSENCE,True
ni-wah-kon patsi-pitsi,osa,1,ltr,Digital Humanities,TRANSMOGRIFICATION,True
digital humanitees,pcm,1,ltr,Digital Humanities,STRUCTURAL_ABSENCE,True
digitale gelehrsamkeit,pdc,1,ltr,Digital Humanities,TRANSMOGRIFICATION,True
ʔəlqʷəmxʷ ʔənəmikʷ,oka,1,ltr,Digital Humanities,STRUCTURAL_ABSENCE,True
digitaali gschtudierschtuff,pdc,1,ltr,Digital Humanities,TRANSMOGRIFICATION,True
dijitaalii namoomaa,om,1,ltr,Digital Humanities,STRUCTURAL_ABSENCE,True
xiyitaal sehdaytiino,aa,1,ltr,Digital Humanities,TRANSMOGRIFICATION,True
digitali humanwisseschafde,pfl,1,ltr,Digital Humanities,TRANSMOGRIFICATION,True
ubumenyi bw’ikoranabuhanga mu bintu vy’abantu,rn,1,ltr,Digital Humanities,STRUCTURAL_ABSENCE,True
al-ḥawla al-dijitāliyya li-l-adab,rmt,1,rtl,Digital Humanities,STRUCTURAL_ABSENCE,True
ḍigital ḳaṭa,rmt,1,rtl,Digital Humanities,STRUCTURAL_ABSENCE,True
دیجیټل هانومنووژی,rmt,1,rtl,Digital Humanities,STRUCTURAL_ABSENCE,True
digital humanitiko,rmu,1,ltr,Digital Humanities,STRUCTURAL_ABSENCE,True
dhajalungaravni,rmu,1,ltr,Digital Humanities,STRUCTURAL_ABSENCE,True
ḍigitala xaladitka,rmu,1,ltr,Digital Humanities,STRUCTURAL_ABSENCE,True
digitalno manušikane sikljovipena,rmy,1,ltr,Digital Humanities,STRUCTURAL_ABSENCE,True
digitalno manušikano siklipe,rmy,1,ltr,Digital Humanities,STRUCTURAL_ABSENCE,True
ubumuntu bwa digitale,rn,1,ltr,Digital Humanities,STRUCTURAL_ABSENCE,True
abantu b’intagondwa,rn,1,ltr,Digital Humanities,STRUCTURAL_ABSENCE,True
ubuhinga bwa none mu vy'inyigisho z'ikiremwa muntu,rn,1,ltr,Digital Humanities,STRUCTURAL_ABSENCE,True
ubumenyi bw'ikoranabuhanga bw'umubare,rn,1,ltr,Digital Humanities,STRUCTURAL_ABSENCE,True
ubumenyi bw'ikoranabuhanga mu bantu,rn,1,ltr,Digital Humanities,STRUCTURAL_ABSENCE,True
ubumenyi wa digital,rn,1,ltr,Digital Humanities,STRUCTURAL_ABSENCE,True
tebiŋa ya sanaa za kielektroniki,rof,1,ltr,Digital Humanities,STRUCTURAL_ABSENCE,True
umuhumeni y'ikomputu,rn,1,ltr,Digital Humanities,STRUCTURAL_ABSENCE,True
inginyo y'amajina digitale,rn,1,ltr,Digital Humanities,STRUCTURAL_ABSENCE,True
vutivi bya dijitali,rng,1,ltr,Digital Humanities,STRUCTURAL_ABSENCE,True
vutivi bya rixaka ra dijitali,rng,1,ltr,Digital Humanities,STRUCTURAL_ABSENCE,True
mhòndl'a-dígítál,rng,1,ltr,Digital Humanities,STRUCTURAL_ABSENCE,True
xitshonshi yofikisho digitali,rng,1,ltr,Digital Humanities,STRUCTURAL_ABSENCE,True
inkosi enkululeko yasentombi-ekhulu,rng,1,ltr,Digital Humanities,STRUCTURAL_ABSENCE,True
umanități digitale,ro,1,ltr,Digital Humanities,TRANSMOGRIFICATION,True
umanioare digitale,ro,1,ltr,Digital Humanities,TRANSMOGRIFICATION,True
humanitatea digitală,ro,1,ltr,Digital Humanities,TRANSMOGRIFICATION,True
nda'a nwi'i nda'a nwi'i,rob,1,ltr,Digital Humanities,STRUCTURAL_ABSENCE,True
kha'thilak,rob,1,ltr,Digital Humanities,STRUCTURAL_ABSENCE,True
dilitil hu'ministis,rob,1,ltr,Digital Humanities,STRUCTURAL_ABSENCE,True
дигиталн шуманистика,rmo,1,ltr,Digital Humanities,STRUCTURAL_ABSENCE,True
ḍigitala umanisté,rmo,1,ltr,Digital Humanities,STRUCTURAL_ABSENCE,True
dijitali umanisti,rmo,1,ltr,Digital Humanities,STRUCTURAL_ABSENCE,True
digitalno manušikano džaniben,rmo,1,ltr,Digital Humanities,STRUCTURAL_ABSENCE,True
ডিজিটাল হিউম্যানিটিস,rhg,1,rtl,Digital Humanities,STRUCTURAL_ABSENCE,True
khaṭaṅ khaṇḍi,ria,1,ltr,Digital Humanities,STRUCTURAL_ABSENCE,True
humanitites digitaal,ria,1,ltr,Digital Humanities,STRUCTURAL_ABSENCE,True
tayri n tqerqabin,rif,1,ltr,Digital Humanities,TRANSMOGRIFICATION,True
tinussniwin tudigitalin,rif,1,ltr,Digital Humanities,TRANSMOGRIFICATION,True
timanit tadigital,rif,1,ltr,Digital Humanities,TRANSMOGRIFICATION,True
tigertin n umussu adijital,rif,1,ltr,Digital Humanities,TRANSMOGRIFICATION,True
tasnhajit n tadawin,rif,1,ltr,Digital Humanities,TRANSMOGRIFICATION,True
tafugent ṛṛaḥumana,rif,1,ltr,Digital Humanities,TRANSMOGRIFICATION,True
الهنسايات الرقمية,rif,1,ltr,Digital Humanities,TRANSMOGRIFICATION,True
ডিজিটাল মানৱিকতা,rjs,1,ltr,Digital Humanities,TRANSMOGRIFICATION,True
ডিজিটাল মানুয়াল,rjs,1,ltr,Digital Humanities,TRANSMOGRIFICATION,True
ডিজিটাল মানবিক বিজ্ঞান,rkt,1,ltr,Digital Humanities,TRANSMOGRIFICATION,True
dijitil manav vigyan,rkt,1,ltr,Digital Humanities,TRANSMOGRIFICATION,True
ডিজিটাল মানুয়াল্যাস্টিকস্,rkt,1,ltr,Digital Humanities,TRANSMOGRIFICATION,True
humanitads digitalas,rm,1,ltr,Digital Humanities,STRUCTURAL_ABSENCE,True
umanistitga digitala,rm,1,ltr,Digital Humanities,STRUCTURAL_ABSENCE,True
umanitads digitalas,rm,1,ltr,Digital Humanities,STRUCTURAL_ABSENCE,True
umanistica digitala,rm,1,ltr,Digital Humanities,STRUCTURAL_ABSENCE,True
digitala humanistikka,rmf,1,ltr,Digital Humanities,STRUCTURAL_ABSENCE,True
digitaaliko manušikano siklǒvipe,rmf,1,ltr,Digital Humanities,STRUCTURAL_ABSENCE,True
digitaalno manušikano tiede,rmf,1,ltr,Digital Humanities,STRUCTURAL_ABSENCE,True
digitaalno humanitiko,rmf,1,ltr,Digital Humanities,STRUCTURAL_ABSENCE,True
dijitala umanista,rmf,1,ltr,Digital Humanities,STRUCTURAL_ABSENCE,True
digitaalárustá,rmf,1,ltr,Digital Humanities,STRUCTURAL_ABSENCE,True
dyjitalni gjuhtitomjini,rmf,1,ltr,Digital Humanities,STRUCTURAL_ABSENCE,True
digital humanitets,rmf,1,ltr,Digital Humanities,STRUCTURAL_ABSENCE,True
dīgitali humanitāte,rob,1,ltr,Digital Humanities,STRUCTURAL_ABSENCE,True
kūmāndū rūmbō,rof,1,ltr,Digital Humanities,STRUCTURAL_ABSENCE,True
umanitê digitêl,rgn,1,ltr,Digital Humanities,STRUCTURAL_ABSENCE,True
अन्वेषणम् डिजिटलम्,sa,1,ltr,Digital Humanities,TRANSMOGRIFICATION,True
ingabo cy'inka y'amahoro,rw,1,ltr,Digital Humanities,STRUCTURAL_ABSENCE,True
obuhumaniti bwa kidijitali,rwk,1,ltr,Digital Humanities,STRUCTURAL_ABSENCE,True
mabanga ya dijitali,rwk,1,ltr,Digital Humanities,STRUCTURAL_ABSENCE,True
digiitali dimuonimi,rwk,1,ltr,Digital Humanities,STRUCTURAL_ABSENCE,True
ingabo y'ibirunga cy'intarahamwe,rwk,1,ltr,Digital Humanities,STRUCTURAL_ABSENCE,True
ryūjin bungaku,ryu,1,ltr,Digital Humanities,TRANSMOGRIFICATION,True
デジタルの人道学,ryu,1,ltr,Digital Humanities,TRANSMOGRIFICATION,True
デジタルヒューマニティ,ryu,1,ltr,Digital Humanities,TRANSMOGRIFICATION,True
सङ्गणकमानविकी,sa,1,ltr,Digital Humanities,TRANSMOGRIFICATION,True
अङ्कीयमानविद्या,sa,1,ltr,Digital Humanities,TRANSMOGRIFICATION,True
अङ्कीयमानविकी,sa,1,ltr,Digital Humanities,TRANSMOGRIFICATION,True
डिजिटलमानविकी,sa,1,ltr,Digital Humanities,TRANSMOGRIFICATION,True
dīgitaḥ saṃskṛtāvān,sa,1,ltr,Digital Humanities,TRANSMOGRIFICATION,True
विज्ञानप्रवेश को डिजिटल,sa,1,ltr,Digital Humanities,TRANSMOGRIFICATION,True
ditali ḥumaniliyetti,rof,1,ltr,Digital Humanities,STRUCTURAL_ABSENCE,True
ǂnū-khoe-di ǂkhommi,sad,1,ltr,Digital Humanities,STRUCTURAL_ABSENCE,True
tivu la kibayiti,sad,1,ltr,Digital Humanities,STRUCTURAL_ABSENCE,True
kijijini cha dijitali,sad,1,ltr,Digital Humanities,STRUCTURAL_ABSENCE,True
digiitali humaaniyti,sad,1,ltr,Digital Humanities,STRUCTURAL_ABSENCE,True
tasifika ya digitale,sad,1,ltr,Digital Humanities,STRUCTURAL_ABSENCE,True
kɔmputa niŋkpaaŋ,saf,1,ltr,Digital Humanities,STRUCTURAL_ABSENCE,True
diŋitaal humaanities,saf,1,ltr,Digital Humanities,STRUCTURAL_ABSENCE,True
dijitali ninsaala baŋsim,saf,1,ltr,Digital Humanities,STRUCTURAL_ABSENCE,True
téyòlòjì ìmọ̀lẹ̀,saf,1,ltr,Digital Humanities,STRUCTURAL_ABSENCE,True
dijitali humaaniyali,saf,1,ltr,Digital Humanities,STRUCTURAL_ABSENCE,True
ingisilisi digitali,saf,1,ltr,Digital Humanities,STRUCTURAL_ABSENCE,True
цифровой гуманитарнай наукалар,sah,1,ltr,Digital Humanities,TRANSMOGRIFICATION,True
саннык гуманитарнай наука,sah,1,ltr,Digital Humanities,TRANSMOGRIFICATION,True
umuhumeni y'igihinsho digitale,rw,1,ltr,Digital Humanities,STRUCTURAL_ABSENCE,True
ubushakashatsi bw'umuvugizi w'isaha,rw,1,ltr,Digital Humanities,STRUCTURAL_ABSENCE,True
ubumenyi bw’ikoranabuhanga mu by’abantu,rw,1,ltr,Digital Humanities,STRUCTURAL_ABSENCE,True
ubumuntu bwo mu ikoranabuhanga,rw,1,ltr,Digital Humanities,STRUCTURAL_ABSENCE,True
digitalne manušikane znanosti,rom,1,ltr,Digital Humanities,STRUCTURAL_ABSENCE,True
digitalno manušikane goďa,rom,1,ltr,Digital Humanities,STRUCTURAL_ABSENCE,True
digitalno manushikane,rom,1,ltr,Digital Humanities,STRUCTURAL_ABSENCE,True
дигиталн шумантичес,rom,1,ltr,Digital Humanities,STRUCTURAL_ABSENCE,True
hạnisi digitạl,rtm,1,ltr,Digital Humanities,STRUCTURAL_ABSENCE,True
fai fakamauri faka-digital,rtm,1,ltr,Digital Humanities,STRUCTURAL_ABSENCE,True
kakai vakalawa,rtm,1,ltr,Digital Humanities,STRUCTURAL_ABSENCE,True
numefu digitale,rtm,1,ltr,Digital Humanities,STRUCTURAL_ABSENCE,True
faatahi mo e fakamalumotofa digitale,rtm,1,ltr,Digital Humanities,STRUCTURAL_ABSENCE,True
дигитальная гуманитарная наука,ru,1,ltr,Digital Humanities,PRODUCTIVE_DISAGREEMENT,True
цифровы гуманітарны науки,rue,1,ltr,Digital Humanities,TRANSMOGRIFICATION,True
ціфрови гуманітарны науки,rue,1,ltr,Digital Humanities,TRANSMOGRIFICATION,True
діджітална гуманітарістіка,rue,1,ltr,Digital Humanities,TRANSMOGRIFICATION,True
діґіталны гуманітны наукы,rue,1,ltr,Digital Humanities,TRANSMOGRIFICATION,True
дігітална гуманітарія,rue,1,ltr,Digital Humanities,TRANSMOGRIFICATION,True
цифро́ва гумані́стика,rue,1,ltr,Digital Humanities,TRANSMOGRIFICATION,True
дыжиталнае гуманітарство,rue,1,ltr,Digital Humanities,TRANSMOGRIFICATION,True
дигитална људска наука,rue,1,ltr,Digital Humanities,TRANSMOGRIFICATION,True
kokoraqe dijitolo,rug,1,ltr,Digital Humanities,STRUCTURAL_ABSENCE,True
minatei rorana,rug,1,ltr,Digital Humanities,STRUCTURAL_ABSENCE,True
kastom bilong kompyuta,rug,1,ltr,Digital Humanities,STRUCTURAL_ABSENCE,True
humani digital,rug,1,ltr,Digital Humanities,STRUCTURAL_ABSENCE,True
takapu talava digitale,rug,1,ltr,Digital Humanities,STRUCTURAL_ABSENCE,True
umanitate digitalã,rup,1,ltr,Digital Humanities,STRUCTURAL_ABSENCE,True
ubwoko bw'abantu,rw,1,ltr,Digital Humanities,STRUCTURAL_ABSENCE,True
ubumenyi bw'ikoranabuhanga mu mico n'umuco,rw,1,ltr,Digital Humanities,STRUCTURAL_ABSENCE,True
ubumenyi bwa digitale,rw,1,ltr,Digital Humanities,STRUCTURAL_ABSENCE,True
umanitê digitala,rgn,1,ltr,Digital Humanities,STRUCTURAL_ABSENCE,True
umanitê digitèli,rgn,1,ltr,Digital Humanities,STRUCTURAL_ABSENCE,True
digitali humanischafte,pfl,1,ltr,Digital Humanities,TRANSMOGRIFICATION,True
elektronikewey kisi-wolahsultimok,pqm,1,ltr,Digital Humanities,STRUCTURAL_ABSENCE,True
nauki cyfrowe,pl,1,ltr,Digital Humanities,PRODUCTIVE_DISAGREEMENT,True
umanìstica digital,pms,1,ltr,Digital Humanities,STRUCTURAL_ABSENCE,True
umanità digitaj,pms,1,ltr,Digital Humanities,STRUCTURAL_ABSENCE,True
διγίταλες ανθρωπολογίες,pnt,1,ltr,Digital Humanities,TRANSMOGRIFICATION,True
dijiṭal insānīyatlar,pnt,1,ltr,Digital Humanities,TRANSMOGRIFICATION,True
διαδυτική χρηματολογία,pnt,1,ltr,Digital Humanities,TRANSMOGRIFICATION,True
διαδίκτυο ανθρωπινές επιστήμες,pnt,1,ltr,Digital Humanities,TRANSMOGRIFICATION,True
iren onop kan,pon,1,ltr,Digital Humanities,STRUCTURAL_ABSENCE,True
tekinolohi en lokolok,pon,1,ltr,Digital Humanities,STRUCTURAL_ABSENCE,True
humanities ko me digital,pon,1,ltr,Digital Humanities,STRUCTURAL_ABSENCE,True
kamalen kai mwahweh,pon,1,ltr,Digital Humanities,STRUCTURAL_ABSENCE,True
mahuw sahl en rihng,pon,1,ltr,Digital Humanities,STRUCTURAL_ABSENCE,True
tep ketaidibwilek,pon,1,ltr,Digital Humanities,STRUCTURAL_ABSENCE,True
wapapi-skicinuwatuwakon,pqm,1,ltr,Digital Humanities,STRUCTURAL_ABSENCE,True
humanitas digitala,pro,1,ltr,Digital Humanities,TRANSMOGRIFICATION,True
kisokehkimaltinuhkewakon,pqm,1,ltr,Digital Humanities,STRUCTURAL_ABSENCE,True
kikinamitkewiwin,pqm,1,ltr,Digital Humanities,STRUCTURAL_ABSENCE,True
kespek wolastapkiw kwekesk,pqm,1,ltr,Digital Humanities,STRUCTURAL_ABSENCE,True
taqanotkukwesikwewikwesiwiyikwesikwewikwesikwesiwi,pqm,1,ltr,Digital Humanities,STRUCTURAL_ABSENCE,True
انسانیات دیجیتال,prd,1,rtl,Digital Humanities,TRANSMOGRIFICATION,True
dastane digitaali,prd,1,rtl,Digital Humanities,TRANSMOGRIFICATION,True
رېشېز انسانياد,prd,1,rtl,Digital Humanities,TRANSMOGRIFICATION,True
دیجیټل هانومنوئیات,prd,1,rtl,Digital Humanities,TRANSMOGRIFICATION,True
digitalūs humanitās,prg,1,ltr,Digital Humanities,TRANSMOGRIFICATION,True
digitālai māniskai zinātnes,prg,1,ltr,Digital Humanities,TRANSMOGRIFICATION,True
skaitlinės humanistikos,prg,1,ltr,Digital Humanities,TRANSMOGRIFICATION,True
digitale humanae litterae,prg,1,ltr,Digital Humanities,TRANSMOGRIFICATION,True
sciensas digitalas de l'ome,pro,1,ltr,Digital Humanities,TRANSMOGRIFICATION,True
komputerilisi inimaanit,pko,1,ltr,Digital Humanities,STRUCTURAL_ABSENCE,True
digitaal humaanitüs,pko,1,ltr,Digital Humanities,STRUCTURAL_ABSENCE,True
kamara ya kifasihi,pko,1,ltr,Digital Humanities,STRUCTURAL_ABSENCE,True
kipkenda cheechek,pko,1,ltr,Digital Humanities,STRUCTURAL_ABSENCE,True
ziffrischi menschlichkait,pfl,1,ltr,Digital Humanities,TRANSMOGRIFICATION,True
digitale humànitäts,pfl,1,ltr,Digital Humanities,TRANSMOGRIFICATION,True
𐤃𐤉𐤂𐤉𐤕𐤋 𐤇𐤌𐤍𐤉𐤌,phn,1,rtl,Digital Humanities,TRANSMOGRIFICATION,True
חכמת מספרים,phn,1,rtl,Digital Humanities,TRANSMOGRIFICATION,True
𐤀𐤍𐤔𐤉𐤌 𐤒𐤓𐤉𐤕𐤉𐤌,phn,1,rtl,Digital Humanities,TRANSMOGRIFICATION,True
𐤃𐤉𐤂𐤉𐤕𐤋 𐤄𐤅𐤌𐤍𐤉𐤕𐤉𐤏𐤎,phn,1,rtl,Digital Humanities,TRANSMOGRIFICATION,True
𐤔𐤀𐤌𐤍𐤀𐤔𐤏𐤉,phn,1,rtl,Digital Humanities,TRANSMOGRIFICATION,True
𐤃𐤋िट+,phn,1,rtl,Digital Humanities,TRANSMOGRIFICATION,True
डिजिटल मानुसिकता,pi,1,ltr,Digital Humanities,TRANSMOGRIFICATION,True
aṅkasaṅkhyā-mānava-vijjā,pi,1,ltr,Digital Humanities,TRANSMOGRIFICATION,True
ankika manussatta,pi,1,ltr,Digital Humanities,TRANSMOGRIFICATION,True
dīgha mānusa vijjā,pi,1,ltr,Digital Humanities,TRANSMOGRIFICATION,True
dhōmītika mahābhāṣyavāda,pi,1,ltr,Digital Humanities,TRANSMOGRIFICATION,True
विज्ञानपथपालिक,pi,1,ltr,Digital Humanities,TRANSMOGRIFICATION,True
diijital huumaniities,pih,1,ltr,Digital Humanities,STRUCTURAL_ABSENCE,True
hümanitarie digitale,pih,1,ltr,Digital Humanities,STRUCTURAL_ABSENCE,True
digitaal humaniitee,pih,1,ltr,Digital Humanities,STRUCTURAL_ABSENCE,True
tidjix digiitti,pih,1,ltr,Digital Humanities,STRUCTURAL_ABSENCE,True
dijital hjumaniitizm,pih,1,ltr,Digital Humanities,STRUCTURAL_ABSENCE,True
protectim olketa man,pis,1,ltr,Digital Humanities,STRUCTURAL_ABSENCE,True
digital hiumanis,pis,1,ltr,Digital Humanities,STRUCTURAL_ABSENCE,True
humani bilong digital,pis,1,ltr,Digital Humanities,STRUCTURAL_ABSENCE,True
digit-huminitri,pis,1,ltr,Digital Humanities,STRUCTURAL_ABSENCE,True
ditali huumanaitis,pis,1,ltr,Digital Humanities,STRUCTURAL_ABSENCE,True
degital hesifika,pis,1,ltr,Digital Humanities,STRUCTURAL_ABSENCE,True
tukuk che kɨtɨlɨɨnɨk che pokot,pko,1,ltr,Digital Humanities,STRUCTURAL_ABSENCE,True
kipkonyo che kiptoik,pko,1,ltr,Digital Humanities,STRUCTURAL_ABSENCE,True
scièntias humanas digitals,pro,1,ltr,Digital Humanities,TRANSMOGRIFICATION,True
sciéncias numericlas,pro,1,ltr,Digital Humanities,TRANSMOGRIFICATION,True
umanitè digitali,rgn,1,ltr,Digital Humanities,STRUCTURAL_ABSENCE,True
māhua teki,rap,1,ltr,Digital Humanities,TRANSMOGRIFICATION,True
ruraq yachaykuna rikcha yachaywan,qug,1,ltr,Digital Humanities,TRANSMOGRIFICATION,True
runakunapak yachay kamay,qug,1,ltr,Digital Humanities,TRANSMOGRIFICATION,True
kamay kawsay p'unchay,qug,1,ltr,Digital Humanities,TRANSMOGRIFICATION,True
runasimi yachay kawsaypa,qug,1,ltr,Digital Humanities,TRANSMOGRIFICATION,True
qunllaw suyyma simpiq,qug,1,ltr,Digital Humanities,TRANSMOGRIFICATION,True
tinkashamatik inkanakutik,qug,1,ltr,Digital Humanities,TRANSMOGRIFICATION,True
dhārmik digital,raj,1,ltr,Digital Humanities,STRUCTURAL_ABSENCE,True
humanidades numéricas,rap,1,ltr,Digital Humanities,TRANSMOGRIFICATION,True
haka'ite tangata tūhā tūhā,rap,1,ltr,Digital Humanities,TRANSMOGRIFICATION,True
humanita rorohiko,rap,1,ltr,Digital Humanities,TRANSMOGRIFICATION,True
tuhituhi matihiko,rap,1,ltr,Digital Humanities,TRANSMOGRIFICATION,True
tahitenga o te reo matihiko,rap,1,ltr,Digital Humanities,TRANSMOGRIFICATION,True
huna'a numeraa,rap,1,ltr,Digital Humanities,TRANSMOGRIFICATION,True
te tangata matihiko i te reo pūmanawa,rap,1,ltr,Digital Humanities,TRANSMOGRIFICATION,True
dinètikà umanistica,pro,1,ltr,Digital Humanities,TRANSMOGRIFICATION,True
pūtaiao tāngata rorohiko,rar,1,ltr,Digital Humanities,TRANSMOGRIFICATION,True
mātauranga tātāite,rar,1,ltr,Digital Humanities,TRANSMOGRIFICATION,True
tātai rorohiko tangata,rar,1,ltr,Digital Humanities,TRANSMOGRIFICATION,True
tūtūmau tītī,rar,1,ltr,Digital Humanities,TRANSMOGRIFICATION,True
tātou o le vaitau motu,rar,1,ltr,Digital Humanities,TRANSMOGRIFICATION,True
ngā mahi numera tangata,rar,1,ltr,Digital Humanities,TRANSMOGRIFICATION,True
tautoga o te reo tātai digitālī,rar,1,ltr,Digital Humanities,TRANSMOGRIFICATION,True
tēnā te tūhono ē-pūtaiao,rar,1,ltr,Digital Humanities,TRANSMOGRIFICATION,True
zistwar nimerik,rcf,1,ltr,Digital Humanities,STRUCTURAL_ABSENCE,True
limounèr digitale,rcf,1,ltr,Digital Humanities,STRUCTURAL_ABSENCE,True
lètèrès digitâl,rcf,1,ltr,Digital Humanities,STRUCTURAL_ABSENCE,True
limiriter digital,rcf,1,ltr,Digital Humanities,STRUCTURAL_ABSENCE,True
bhuaji digital,rej,1,ltr,Digital Humanities,STRUCTURAL_ABSENCE,True
yupay yachay,qug,1,ltr,Digital Humanities,TRANSMOGRIFICATION,True
dijital runa yachay,qug,1,ltr,Digital Humanities,TRANSMOGRIFICATION,True
xʼaj kʼoq chʼokwaj,quc,1,ltr,Digital Humanities,STRUCTURAL_ABSENCE,True
manajerament jun humani digital,quc,1,ltr,Digital Humanities,STRUCTURAL_ABSENCE,True
estudi de las humanitats digitals,pro,1,ltr,Digital Humanities,TRANSMOGRIFICATION,True
ډیجیټل انسانیتونه,ps,1,rtl,Digital Humanities,TRANSMOGRIFICATION,True
ډیجیټل بشري علوم,ps,1,rtl,Digital Humanities,TRANSMOGRIFICATION,True
ډیجیټل بشری علوم,ps,1,rtl,Digital Humanities,TRANSMOGRIFICATION,True
دجیتالی انسایکلوپیډیا,ps,1,rtl,Digital Humanities,TRANSMOGRIFICATION,True
ډیجیټل انسانيت,ps,1,rtl,Digital Humanities,TRANSMOGRIFICATION,True
دیجیتال بشرونکی,ps,1,rtl,Digital Humanities,TRANSMOGRIFICATION,True
dibuma di mitutu mi batu,puu,1,ltr,Digital Humanities,STRUCTURAL_ABSENCE,True
mbañga ya bitanda,puu,1,ltr,Digital Humanities,STRUCTURAL_ABSENCE,True
mambu ma nzambi ma nkanda,puu,1,ltr,Digital Humanities,STRUCTURAL_ABSENCE,True
tiwitikala wa digital,puu,1,ltr,Digital Humanities,STRUCTURAL_ABSENCE,True
liswēlē dījitālē,puu,1,ltr,Digital Humanities,STRUCTURAL_ABSENCE,True
digiitali kultuuriteadus,puu,1,ltr,Digital Humanities,STRUCTURAL_ABSENCE,True
humanidades digitales nisqa,qu,1,ltr,Digital Humanities,TRANSMOGRIFICATION,True
dijital runasimi yachay,qu,1,ltr,Digital Humanities,TRANSMOGRIFICATION,True
yachay ruraykuna digitales,qu,1,ltr,Digital Humanities,TRANSMOGRIFICATION,True
ruraq yachay suntur,qu,1,ltr,Digital Humanities,TRANSMOGRIFICATION,True
yachayñan digitalkuna,qu,1,ltr,Digital Humanities,TRANSMOGRIFICATION,True
kamaykuykuna yachaqunapakuy,qu,1,ltr,Digital Humanities,TRANSMOGRIFICATION,True
yachay puktin ñan,qu,1,ltr,Digital Humanities,TRANSMOGRIFICATION,True
qamay kusikuy,qu,1,ltr,Digital Humanities,TRANSMOGRIFICATION,True
tinkay pichqa yachaykuna,qu,1,ltr,Digital Humanities,TRANSMOGRIFICATION,True
tz'ib'anel ruwachulew,quc,1,ltr,Digital Humanities,STRUCTURAL_ABSENCE,True
ajilal rech tijonïk pa ruwi' nimaläj na'oj,quc,1,ltr,Digital Humanities,STRUCTURAL_ABSENCE,True
naʼojil tzijonem rech kaxlan tzij,quc,1,ltr,Digital Humanities,STRUCTURAL_ABSENCE,True
choltzijibʼal chomanik,quc,1,ltr,Digital Humanities,STRUCTURAL_ABSENCE,True
q'umark'a wachaq,quc,1,ltr,Digital Humanities,STRUCTURAL_ABSENCE,True
skaitāntai cilvēkiskai,prg,1,ltr,Digital Humanities,TRANSMOGRIFICATION,True
deilugr menntun,non,1,ltr,Digital Humanities,TRANSMOGRIFICATION,True
bimaadiziwin digitale,ojb,1,ltr,Digital Humanities,TRANSMOGRIFICATION,True
дижитал хүмүүнлэг ухаан,mn,1,ltr,Digital Humanities,TRANSMOGRIFICATION,True
ഡിജിറ്റൽ ഹ്യുമാനിറ്റീസ്,ml,1,ltr,Digital Humanities,TRANSMOGRIFICATION,True
മാനവരാശി,ml,1,ltr,Digital Humanities,TRANSMOGRIFICATION,True
ഡിജിറ്റൽ മാനവിക ശാസ്ത്രം,ml,1,ltr,Digital Humanities,TRANSMOGRIFICATION,True
ഡിജിറ്റൽ മാനവികശാസ്ത്രം,ml,1,ltr,Digital Humanities,TRANSMOGRIFICATION,True
ഡിജിറ്റൽ മാനുഷികത,ml,1,ltr,Digital Humanities,TRANSMOGRIFICATION,True
ഡിജിറ്റൽ മാനവികത,ml,1,ltr,Digital Humanities,TRANSMOGRIFICATION,True
डिजिटल मैनसिप्लेशियों,ml,1,ltr,Digital Humanities,TRANSMOGRIFICATION,True
رقمي علوم إنسانية,mls,1,ltr,Digital Humanities,STRUCTURAL_ABSENCE,True
دِجِتَل هِيُومَنِتِيز,mls,1,ltr,Digital Humanities,STRUCTURAL_ABSENCE,True
bilma'a al-adab al-dijital,mls,1,ltr,Digital Humanities,STRUCTURAL_ABSENCE,True
digitaal ŋumanities,mls,1,ltr,Digital Humanities,STRUCTURAL_ABSENCE,True
harambee ya diguitali na insani,mls,1,ltr,Digital Humanities,STRUCTURAL_ABSENCE,True
дижитал хүмүүнлэгийн ухаан,mn,1,ltr,Digital Humanities,TRANSMOGRIFICATION,True
дижитал хүмүүнлэг,mn,1,ltr,Digital Humanities,TRANSMOGRIFICATION,True
дигитал хүмүүснэгт,mn,1,ltr,Digital Humanities,TRANSMOGRIFICATION,True
дигитални гуманитарски науки,mk,1,ltr,Digital Humanities,TRANSMOGRIFICATION,True
дигитал умтлалын зохиоллуу,mn,1,ltr,Digital Humanities,TRANSMOGRIFICATION,True
ᡩᡳᠵᡳᠶᠠᡳ ᡥᡠᠮᠪᡳᠨ,mnc,1,ltr,Digital Humanities,TRANSMOGRIFICATION,True
bithe tacikū hergen i ubaliyambure kooli,mnc,1,ltr,Digital Humanities,TRANSMOGRIFICATION,True
bit-i tacin-i gisun,mnc,1,ltr,Digital Humanities,TRANSMOGRIFICATION,True
ᡩᡳᡤᡳᡨᠠᠯ ᠨᡳᠶᠠᠯᠮᠠ ᡳ ᠪᠠᡵᡤᡳᠶᠠᠨ,mnc,1,ltr,Digital Humanities,TRANSMOGRIFICATION,True
ᠪᡳᠶᠣᠰᡳ ᡥᡝᠯᡝᠮᡝᠨ ᡩᡝᠵᡝ,mnc,1,ltr,Digital Humanities,TRANSMOGRIFICATION,True
ᡠᠡᠴᡠᠨ_ᡳᠯᡠ᠉ᡠᠨ_ᡠᠡᠰᡠᡳ,mnc,1,ltr,Digital Humanities,TRANSMOGRIFICATION,True
digitalsciensunxumanistisun,mnc,1,ltr,Digital Humanities,TRANSMOGRIFICATION,True
ᠰᠢᠶᠣᠯᠤᠨ ᠪᠣᠷᠮᠦᠨ ᠰᠢᠶᠠᠭ᠎ᠠ,mnc,1,ltr,Digital Humanities,TRANSMOGRIFICATION,True
ডিজিটেল হিউমেনিটিজ,mni,1,ltr,Digital Humanities,STRUCTURAL_ABSENCE,True
ডিজিটেল মানৱতা,mni,1,ltr,Digital Humanities,STRUCTURAL_ABSENCE,True
デিআলাটিন হায়ুমেন্টস,mni,1,ltr,Digital Humanities,STRUCTURAL_ABSENCE,True
ডিজিটাল ম্যানপুরী সাহিত্য,mni,1,ltr,Digital Humanities,STRUCTURAL_ABSENCE,True
цифровой гуманитарной наукаяс,mns,1,ltr,Digital Humanities,TRANSMOGRIFICATION,True
дигитални хуманитиземи,mk,1,ltr,Digital Humanities,TRANSMOGRIFICATION,True
дигитални хуманиористики,mk,1,ltr,Digital Humanities,TRANSMOGRIFICATION,True
digitale ᠪ hüyānūtai,mns,1,ltr,Digital Humanities,TRANSMOGRIFICATION,True
ahorangi matihiko,mi,1,ltr,Digital Humanities,TRANSMOGRIFICATION,True
mvúndú lúmú ndúndú,mgy,1,ltr,Digital Humanities,STRUCTURAL_ABSENCE,True
mib digitali,mgy,1,ltr,Digital Humanities,STRUCTURAL_ABSENCE,True
teknoloji ya insanu wa digitali,mgy,1,ltr,Digital Humanities,STRUCTURAL_ABSENCE,True
ta ko rej wal̦o̦k ñan armej?,mh,1,ltr,Digital Humanities,STRUCTURAL_ABSENCE,True
humaniōn dījital,mh,1,ltr,Digital Humanities,STRUCTURAL_ABSENCE,True
jikin kapeel eo an digital,mh,1,ltr,Digital Humanities,STRUCTURAL_ABSENCE,True
kajin ailuk aoleipun,mh,1,ltr,Digital Humanities,STRUCTURAL_ABSENCE,True
dijital manne,mh,1,ltr,Digital Humanities,STRUCTURAL_ABSENCE,True
ebil kusijirin mihimuk,mh,1,ltr,Digital Humanities,STRUCTURAL_ABSENCE,True
ngā tikanga mamati,mi,1,ltr,Digital Humanities,TRANSMOGRIFICATION,True
mamati tangata,mi,1,ltr,Digital Humanities,TRANSMOGRIFICATION,True
hangarau tangata,mi,1,ltr,Digital Humanities,TRANSMOGRIFICATION,True
aronui matihiko,mi,1,ltr,Digital Humanities,TRANSMOGRIFICATION,True
mātauranga matihiko tangata,mi,1,ltr,Digital Humanities,TRANSMOGRIFICATION,True
ngā toi matihiko,mi,1,ltr,Digital Humanities,TRANSMOGRIFICATION,True
дигитални умствени науки,mk,1,ltr,Digital Humanities,TRANSMOGRIFICATION,True
ngā toahanga numera,mi,1,ltr,Digital Humanities,TRANSMOGRIFICATION,True
mātai tātou kupu pātaka kōrero,mi,1,ltr,Digital Humanities,TRANSMOGRIFICATION,True
whakahau hangarau tangata,mi,1,ltr,Digital Humanities,TRANSMOGRIFICATION,True
ewli'kiknmuetewey aq welta'setewey,mic,1,ltr,Digital Humanities,TRANSMOGRIFICATION,True
kina'muokuom ta'n telui-kiskukewey,mic,1,ltr,Digital Humanities,TRANSMOGRIFICATION,True
pjila'si e'pitewey l'nuwey,mic,1,ltr,Digital Humanities,TRANSMOGRIFICATION,True
kisu’lukuti’skwewey tepkikewey,mic,1,ltr,Digital Humanities,TRANSMOGRIFICATION,True
kji-kejimujin kji-skol,mic,1,ltr,Digital Humanities,TRANSMOGRIFICATION,True
niskamij telituk,mic,1,ltr,Digital Humanities,TRANSMOGRIFICATION,True
ligisewk ligiwskalik,mic,1,ltr,Digital Humanities,TRANSMOGRIFICATION,True
sains digital budaya,min,1,ltr,Digital Humanities,STRUCTURAL_ABSENCE,True
pengubayan elektronik,min,1,ltr,Digital Humanities,STRUCTURAL_ABSENCE,True
дигитални хуманистички науки,mk,1,ltr,Digital Humanities,TRANSMOGRIFICATION,True
дигитални хуманости,mk,1,ltr,Digital Humanities,TRANSMOGRIFICATION,True
kuɣaʔaŋa tɛːrɛ,mns,1,ltr,Digital Humanities,TRANSMOGRIFICATION,True
нигэн ӈылмалык,mns,1,ltr,Digital Humanities,TRANSMOGRIFICATION,True
mazina'iganing gikinoo'amaagewin,ojb,1,ltr,Digital Humanities,TRANSMOGRIFICATION,True
l-istudji umanistiċi diġitali,mt,1,ltr,Digital Humanities,TRANSMOGRIFICATION,True
digita manushya sanga,mrd,1,ltr,Digital Humanities,STRUCTURAL_ABSENCE,True
mārā khaṭīnā digital,mrh,1,ltr,Digital Humanities,STRUCTURAL_ABSENCE,True
humanitats digilisi,mrh,1,ltr,Digital Humanities,STRUCTURAL_ABSENCE,True
цифровой гуманитар наукывлӓ,mrj,1,ltr,Digital Humanities,TRANSMOGRIFICATION,True
цифровой гуманитарный наукы,mrj,1,ltr,Digital Humanities,TRANSMOGRIFICATION,True
цифр гуманитарный шӹмлӹмӓш,mrj,1,ltr,Digital Humanities,TRANSMOGRIFICATION,True
марий кылештымашын эрыкан технологий,mrj,1,ltr,Digital Humanities,TRANSMOGRIFICATION,True
цифр кодиштяк,mrj,1,ltr,Digital Humanities,TRANSMOGRIFICATION,True
диджитальны хуманитарылык,mrj,1,ltr,Digital Humanities,TRANSMOGRIFICATION,True
дигиталны хуманитарий,mrj,1,ltr,Digital Humanities,TRANSMOGRIFICATION,True
khaṭiṭa digital,mro,1,ltr,Digital Humanities,STRUCTURAL_ABSENCE,True
digiitali numanistiki,mro,1,ltr,Digital Humanities,STRUCTURAL_ABSENCE,True
বিজ্ঞান সংযুক্ত মানব শিল্প,mro,1,ltr,Digital Humanities,STRUCTURAL_ABSENCE,True
umanistika diġitali,mt,1,ltr,Digital Humanities,TRANSMOGRIFICATION,True
umanitajiet diġitali,mt,1,ltr,Digital Humanities,TRANSMOGRIFICATION,True
दिलीजरल हंटम्यूनाइज़ड विज्ञान,mr,1,ltr,Digital Humanities,TRANSMOGRIFICATION,True
xjenzi diġitali umanistiċi,mt,1,ltr,Digital Humanities,TRANSMOGRIFICATION,True
umanistiċi diġitali,mt,1,ltr,Digital Humanities,TRANSMOGRIFICATION,True
umanità diġitali,mt,1,ltr,Digital Humanities,TRANSMOGRIFICATION,True
ġejtuar digitali,mt,1,ltr,Digital Humanities,TRANSMOGRIFICATION,True
jummal-dati,mt,1,ltr,Digital Humanities,TRANSMOGRIFICATION,True
ડિજિટલ મેવરીયાનો વિદ્યાર્થી,mtr,1,ltr,Digital Humanities,STRUCTURAL_ABSENCE,True
njɨ́ɨ́ nə́ɨ́ digital,mua,1,ltr,Digital Humanities,STRUCTURAL_ABSENCE,True
hàgàlì kà-ndàw-ndàw kà-wúl-wúl,mua,1,ltr,Digital Humanities,STRUCTURAL_ABSENCE,True
tɛmɛtɛrɛkɔlɔjɪ kɛ ɗumɛnɛ,mua,1,ltr,Digital Humanities,STRUCTURAL_ABSENCE,True
humaniti digitale,mua,1,ltr,Digital Humanities,STRUCTURAL_ABSENCE,True
ekvnv hvlwewv,mus,1,ltr,Digital Humanities,TRANSMOGRIFICATION,True
kompiutv estemvlke,mus,1,ltr,Digital Humanities,TRANSMOGRIFICATION,True
fvcvkv tvlokv vhakv,mus,1,ltr,Digital Humanities,TRANSMOGRIFICATION,True
cokv etvlwv mvhayv,mus,1,ltr,Digital Humanities,TRANSMOGRIFICATION,True
dhigal digital,mrd,1,ltr,Digital Humanities,STRUCTURAL_ABSENCE,True
डिजिटल मानवविज्ञान,mr,1,ltr,Digital Humanities,TRANSMOGRIFICATION,True
ဒိဂျိတယ်လ် မနုဿဗေဒ,mnw,1,ltr,Digital Humanities,TRANSMOGRIFICATION,True
tekarihwakwenhtshera ne ionkwa'nikonhrayen,moh,1,ltr,Digital Humanities,TRANSMOGRIFICATION,True
ditgít hümanités,mnw,1,ltr,Digital Humanities,TRANSMOGRIFICATION,True
дижитал хүмүүнэжүгэй,mnw,1,ltr,Digital Humanities,TRANSMOGRIFICATION,True
umanistici digitale,mo,1,ltr,Digital Humanities,TRANSMOGRIFICATION,True
akaneshau-tshissenitamuakanit,moe,1,ltr,Digital Humanities,TRANSMOGRIFICATION,True
tipatshimuna-aitun,moe,1,ltr,Digital Humanities,TRANSMOGRIFICATION,True
tipatshimun kanatshishat,moe,1,ltr,Digital Humanities,TRANSMOGRIFICATION,True
masinahikanishkueu atusseun,moe,1,ltr,Digital Humanities,TRANSMOGRIFICATION,True
tshakapeshkutikushi,moe,1,ltr,Digital Humanities,TRANSMOGRIFICATION,True
nipamat pisimun mushkueu,moe,1,ltr,Digital Humanities,TRANSMOGRIFICATION,True
tshishkuakmi tuhtusiktujuqutit,moe,1,ltr,Digital Humanities,TRANSMOGRIFICATION,True
tasiujaq-innutit tassiatsiaup sivunittut,moe,1,ltr,Digital Humanities,TRANSMOGRIFICATION,True
tsi niionkwarihò:ten tsi niionkwarihò:ten,moh,1,ltr,Digital Humanities,TRANSMOGRIFICATION,True
tewaterihwaienstáhkhwa tsi nikarihò:ten,moh,1,ltr,Digital Humanities,TRANSMOGRIFICATION,True
tsi niiónt ne ohwéntsya tsi niiohóntsa tsi niiónt ne rati'nikonhráhkwa,moh,1,ltr,Digital Humanities,TRANSMOGRIFICATION,True
kahnonhònha dehgéne,moh,1,ltr,Digital Humanities,TRANSMOGRIFICATION,True
डिजिटल मानव्यविद्या,mr,1,ltr,Digital Humanities,TRANSMOGRIFICATION,True
ken'ókwa se iawé:ken,moh,1,ltr,Digital Humanities,TRANSMOGRIFICATION,True
kion:tóhska tekwi:wennonh,moh,1,ltr,Digital Humanities,TRANSMOGRIFICATION,True
karihwátiwanisáksowin,moh,1,ltr,Digital Humanities,TRANSMOGRIFICATION,True
sẽn be sebrã pʋgẽ me,mos,1,ltr,Digital Humanities,STRUCTURAL_ABSENCE,True
zanga yelemanba,mos,1,ltr,Digital Humanities,STRUCTURAL_ABSENCE,True
noog-kãsem ne sẽn be ɛntɛrnɛt ne kɔmpyuutir,mos,1,ltr,Digital Humanities,STRUCTURAL_ABSENCE,True
tãmbã-yɛlɛma-kãsem-n-tãmbã-yɛlɛma-kãsem,mos,1,ltr,Digital Humanities,STRUCTURAL_ABSENCE,True
digitaal yĩnse,mos,1,ltr,Digital Humanities,STRUCTURAL_ABSENCE,True
tɛmpani ya digital,mos,1,ltr,Digital Humanities,STRUCTURAL_ABSENCE,True
bɛnɛŋ tɛŋsiirɛŋ tɔɔbɔŋ,mos,1,ltr,Digital Humanities,STRUCTURAL_ABSENCE,True
digiitali dimilimi,mos,1,ltr,Digital Humanities,STRUCTURAL_ABSENCE,True
sénéfou n-diawara,mos,1,ltr,Digital Humanities,STRUCTURAL_ABSENCE,True
मानवी क्षमता,mr,1,ltr,Digital Humanities,TRANSMOGRIFICATION,True
डिजिटल मानवशास्त्र,mr,1,ltr,Digital Humanities,TRANSMOGRIFICATION,True
mbunga ya digital,mgy,1,ltr,Digital Humanities,STRUCTURAL_ABSENCE,True
mabunga ya dijitali,mgy,1,ltr,Digital Humanities,STRUCTURAL_ABSENCE,True
ḍigital manṣa,mgp,1,ltr,Digital Humanities,STRUCTURAL_ABSENCE,True
ŋgu ŋgwaa ŋgwaa ŋgwaa,maf,1,ltr,Digital Humanities,STRUCTURAL_ABSENCE,True
digitālā humanitārīka,lv,1,ltr,Digital Humanities,TRANSMOGRIFICATION,True
dizainātiskie umanitātes,lv,1,ltr,Digital Humanities,TRANSMOGRIFICATION,True
ดิจิทัลฮิวแมนนิตี้,lwl,1,ltr,Digital Humanities,STRUCTURAL_ABSENCE,True
kawm khwamkhit khrangkhai,lwl,1,ltr,Digital Humanities,STRUCTURAL_ABSENCE,True
digitl hmnltns,lwl,1,ltr,Digital Humanities,STRUCTURAL_ABSENCE,True
平组樹公困,lzh,1,ltr,Digital Humanities,TRANSMOGRIFICATION,True
digitaluri humaniteebi,lzz,1,ltr,Digital Humanities,TRANSMOGRIFICATION,True
dilital humaanital,lzz,1,ltr,Digital Humanities,TRANSMOGRIFICATION,True
kabudhan digital,mad,1,ltr,Digital Humanities,STRUCTURAL_ABSENCE,True
humaenita digital,mad,1,ltr,Digital Humanities,STRUCTURAL_ABSENCE,True
tsara a ndzəɗa a digital,maf,1,ltr,Digital Humanities,STRUCTURAL_ABSENCE,True
hàgàràmà kà m̀fàràmà kà dìzìtál,maf,1,ltr,Digital Humanities,STRUCTURAL_ABSENCE,True
dijital yà'aslá,maf,1,ltr,Digital Humanities,STRUCTURAL_ABSENCE,True
tɔmɛnɛ ɗɛmɛ,maf,1,ltr,Digital Humanities,STRUCTURAL_ABSENCE,True
ditigiitori huwentiini,maf,1,ltr,Digital Humanities,STRUCTURAL_ABSENCE,True
datorzinātnes humanitārisms,lv,1,ltr,Digital Humanities,TRANSMOGRIFICATION,True
karumanan digital,mak,1,ltr,Digital Humanities,STRUCTURAL_ABSENCE,True
nizɛri kunnafoniw,man,1,ltr,Digital Humanities,STRUCTURAL_ABSENCE,True
kalanfɛnɛn ni jɛgɛnfɛnɛn,man,1,ltr,Digital Humanities,STRUCTURAL_ABSENCE,True
tama jara,man,1,ltr,Digital Humanities,STRUCTURAL_ABSENCE,True
dijital ŋumanita,man,1,ltr,Digital Humanities,STRUCTURAL_ABSENCE,True
dijitalu dimuuni,man,1,ltr,Digital Humanities,STRUCTURAL_ABSENCE,True
manunggal digital budaya,map-bms,1,ltr,Digital Humanities,STRUCTURAL_ABSENCE,True
enkitoria e teknoloji,mas,1,ltr,Digital Humanities,STRUCTURAL_ABSENCE,True
enkiguran o loirien,mas,1,ltr,Digital Humanities,STRUCTURAL_ABSENCE,True
enotoisho oo nkaji e nkitoria,mas,1,ltr,Digital Humanities,STRUCTURAL_ABSENCE,True
oleng'ata za kielektroniki,mas,1,ltr,Digital Humanities,STRUCTURAL_ABSENCE,True
esaayõ oolumbe olokíba,mas,1,ltr,Digital Humanities,STRUCTURAL_ABSENCE,True
nyimbitisho ya simu,mas,1,ltr,Digital Humanities,STRUCTURAL_ABSENCE,True
jñatjo ts'ite̱ñe̱ ne̱ o̱jo̱ digital,maz,1,ltr,Digital Humanities,STRUCTURAL_ABSENCE,True
digitālā humanitāte,lv,1,ltr,Digital Humanities,TRANSMOGRIFICATION,True
digitālās humanitārās zinātnes,lv,1,ltr,Digital Humanities,TRANSMOGRIFICATION,True
tehnologia digitala ny tantara,mgp,1,ltr,Digital Humanities,STRUCTURAL_ABSENCE,True
dkawm hawnthinawngla,lus,1,ltr,Digital Humanities,STRUCTURAL_ABSENCE,True
mukwita ya digital,lun,1,ltr,Digital Humanities,STRUCTURAL_ABSENCE,True
digitaa humaan,lun,1,ltr,Digital Humanities,STRUCTURAL_ABSENCE,True
mufundisenso digitale,lun,1,ltr,Digital Humanities,STRUCTURAL_ABSENCE,True
humanitäsida digitiälä,lun,1,ltr,Digital Humanities,STRUCTURAL_ABSENCE,True
dijital mar dhano,luo,1,ltr,Digital Humanities,STRUCTURAL_ABSENCE,True
gik manyiso ni nyasaye ok en ng'at machalo nade?,luo,1,ltr,Digital Humanities,STRUCTURAL_ABSENCE,True
yore mag komputa gi kit ng'eyo,luo,1,ltr,Digital Humanities,STRUCTURAL_ABSENCE,True
puonj mar dijito,luo,1,ltr,Digital Humanities,STRUCTURAL_ABSENCE,True
ng'ato gi kompyuta e puonjruok,luo,1,ltr,Digital Humanities,STRUCTURAL_ABSENCE,True
teknologia mara ng'eyo ji,luo,1,ltr,Digital Humanities,STRUCTURAL_ABSENCE,True
omwana wa kitaalamu cha digital,luo,1,ltr,Digital Humanities,STRUCTURAL_ABSENCE,True
digito otieno,luo,1,ltr,Digital Humanities,STRUCTURAL_ABSENCE,True
dhukutu ya ajira digital,luo,1,ltr,Digital Humanities,STRUCTURAL_ABSENCE,True
mihringte thil siama langtute,lus,1,ltr,Digital Humanities,STRUCTURAL_ABSENCE,True
ʔəs-ʔibəš ti syəyəhub,lut,1,ltr,Digital Humanities,STRUCTURAL_ABSENCE,True
مجسمات دیجیتالی بشور,luz,1,rtl,Digital Humanities,TRANSMOGRIFICATION,True
sʔəbəčəd čəxʷ kʷi gugʷadəd,lut,1,ltr,Digital Humanities,STRUCTURAL_ABSENCE,True
ʔəy̓aləxʷ sʔəɬədəb,lut,1,ltr,Digital Humanities,STRUCTURAL_ABSENCE,True
sdixalb təxwús,lut,1,ltr,Digital Humanities,STRUCTURAL_ABSENCE,True
łəxʷədiƛəxʷ ʔəɬ,lut,1,ltr,Digital Humanities,STRUCTURAL_ABSENCE,True
xʷilqʷtis təmxʷsšuʔən,lut,1,ltr,Digital Humanities,STRUCTURAL_ABSENCE,True
xʷsəliʔ xʷs-qwel-bexw t'əl'əb-at,lut,1,ltr,Digital Humanities,STRUCTURAL_ABSENCE,True
obumenyi bwa dijitali,luy,1,ltr,Digital Humanities,STRUCTURAL_ABSENCE,True
obumanyi bwa kidijitali bwa abandu,luy,1,ltr,Digital Humanities,STRUCTURAL_ABSENCE,True
obumanyi bwa mibala,luy,1,ltr,Digital Humanities,STRUCTURAL_ABSENCE,True
enyekha ya digitali,luy,1,ltr,Digital Humanities,STRUCTURAL_ABSENCE,True
digiitali huumanitiyaa,luy,1,ltr,Digital Humanities,STRUCTURAL_ABSENCE,True
okusanya digitali,luy,1,ltr,Digital Humanities,STRUCTURAL_ABSENCE,True
رۊستاييۊ ديجيتالي,luz,1,rtl,Digital Humanities,TRANSMOGRIFICATION,True
دیجیټل هانومنوتوژکس,luz,1,rtl,Digital Humanities,TRANSMOGRIFICATION,True
jñatr'o̱ jñatr'o̱ jñatr'o̱,maz,1,ltr,Digital Humanities,STRUCTURAL_ABSENCE,True
tecnohumanidades digitales,maz,1,ltr,Digital Humanities,STRUCTURAL_ABSENCE,True
tlahcuilōlli-tlācatl-yoliliztli,maz,1,ltr,Digital Humanities,STRUCTURAL_ABSENCE,True
daonnaíocht dhigiteach,mga,1,ltr,Digital Humanities,TRANSMOGRIFICATION,True
limanite nizimerik,mfe,1,ltr,Digital Humanities,STRUCTURAL_ABSENCE,True
l’umanité numerik,mfe,1,ltr,Digital Humanities,STRUCTURAL_ABSENCE,True
santiman ki digital,mfe,1,ltr,Digital Humanities,STRUCTURAL_ABSENCE,True
limirab digital,mfe,1,ltr,Digital Humanities,STRUCTURAL_ABSENCE,True
humanitey digitil,mfe,1,ltr,Digital Humanities,STRUCTURAL_ABSENCE,True
siansa momba ny maha-olona nomerika,mg,1,ltr,Digital Humanities,STRUCTURAL_ABSENCE,True
maha-olombelona nomerika,mg,1,ltr,Digital Humanities,STRUCTURAL_ABSENCE,True
siansa maha-olona nomerika,mg,1,ltr,Digital Humanities,STRUCTURAL_ABSENCE,True
fahaizana nomerika momba ny olombelona,mg,1,ltr,Digital Humanities,STRUCTURAL_ABSENCE,True
fahaiza-manao nomerika momba ny maha-olona,mg,1,ltr,Digital Humanities,STRUCTURAL_ABSENCE,True
tehnologia fasana,mg,1,ltr,Digital Humanities,STRUCTURAL_ABSENCE,True
zava-manasao mavitrika,mg,1,ltr,Digital Humanities,STRUCTURAL_ABSENCE,True
fanatanteraka ny internet,mg,1,ltr,Digital Humanities,STRUCTURAL_ABSENCE,True
teknolojia digitale fanomana,mg,1,ltr,Digital Humanities,STRUCTURAL_ABSENCE,True
ealaíona digiteacha,mga,1,ltr,Digital Humanities,TRANSMOGRIFICATION,True
tlakauhqui tlazohualli ñudziliztli digitatl,maz,1,ltr,Digital Humanities,STRUCTURAL_ABSENCE,True
digitech daonnachta,mga,1,ltr,Digital Humanities,TRANSMOGRIFICATION,True
digiotaltaí na daonnachta,mga,1,ltr,Digital Humanities,TRANSMOGRIFICATION,True
dinnseanchóis digeadail,mga,1,ltr,Digital Humanities,TRANSMOGRIFICATION,True
saothar meastála tionóltaíochta,mga,1,ltr,Digital Humanities,TRANSMOGRIFICATION,True
téacs daoineachta díigeil,mga,1,ltr,Digital Humanities,TRANSMOGRIFICATION,True
sayansi ya vaathu va dijitali,mgh,1,ltr,Digital Humanities,STRUCTURAL_ABSENCE,True
ikhuwana yo wiiliwiili ya makhalelo,mgh,1,ltr,Digital Humanities,STRUCTURAL_ABSENCE,True
tivumbu la digital,mgh,1,ltr,Digital Humanities,STRUCTURAL_ABSENCE,True
mhakamwo wa dijitari wa ubuntumwini,mgh,1,ltr,Digital Humanities,STRUCTURAL_ABSENCE,True
teknoloji ya dini na insanu,mgh,1,ltr,Digital Humanities,STRUCTURAL_ABSENCE,True
ndzɨ a nkɨŋ a digital,mgo,1,ltr,Digital Humanities,STRUCTURAL_ABSENCE,True
ndzə̀ŋga nkwèʼè nkwèʼè,mgo,1,ltr,Digital Humanities,STRUCTURAL_ABSENCE,True
mɛtɛ ɔmɛnɛ,mgo,1,ltr,Digital Humanities,STRUCTURAL_ABSENCE,True
meta’-tilin',mgo,1,ltr,Digital Humanities,STRUCTURAL_ABSENCE,True
imin dizan,mfe,1,ltr,Digital Humanities,STRUCTURAL_ABSENCE,True
ilim manusia digital,mfa,1,rtl,Digital Humanities,STRUCTURAL_ABSENCE,True
dīgitali huumārshinology,mer,1,ltr,Digital Humanities,STRUCTURAL_ABSENCE,True
digitaal ŋurū,mer,1,ltr,Digital Humanities,STRUCTURAL_ABSENCE,True
dizital humaniti,mde,1,ltr,Digital Humanities,STRUCTURAL_ABSENCE,True
ḍiżital ĩumanitii,mde,1,ltr,Digital Humanities,STRUCTURAL_ABSENCE,True
tetemi digiitim,mde,1,ltr,Digital Humanities,STRUCTURAL_ABSENCE,True
цифрань гуманитарнай наукат,mdf,1,ltr,Digital Humanities,TRANSMOGRIFICATION,True
цифравай гуманитаристикась,mdf,1,ltr,Digital Humanities,TRANSMOGRIFICATION,True
цифронь гуманитариянь тонафнемат,mdf,1,ltr,Digital Humanities,TRANSMOGRIFICATION,True
mokša digitalnaja gumanitarnaja nauka,mdf,1,ltr,Digital Humanities,TRANSMOGRIFICATION,True
дигиталный гуманитарий,mdf,1,ltr,Digital Humanities,TRANSMOGRIFICATION,True
ஜிடிடல் மனவர்கள்,mdf,1,ltr,Digital Humanities,TRANSMOGRIFICATION,True
digital a keilmuan sa katawhan,mdh,1,ltr,Digital Humanities,STRUCTURAL_ABSENCE,True
digmaan sa kapanulatan,mdh,1,ltr,Digital Humanities,STRUCTURAL_ABSENCE,True
pangadalan na paghamili,mdh,1,ltr,Digital Humanities,STRUCTURAL_ABSENCE,True
digitawen hunaynun,mdh,1,ltr,Digital Humanities,STRUCTURAL_ABSENCE,True
téknolojia o manuwe,mdr,1,ltr,Digital Humanities,STRUCTURAL_ABSENCE,True
ឌីជីថលវិទ្យាសាស្ត្រ,mdr,1,ltr,Digital Humanities,STRUCTURAL_ABSENCE,True
mabuku ma kompyuta,mdt,1,ltr,Digital Humanities,STRUCTURAL_ABSENCE,True
bantu ya dijitaali,mdt,1,ltr,Digital Humanities,STRUCTURAL_ABSENCE,True
mbere,mdt,1,ltr,Digital Humanities,STRUCTURAL_ABSENCE,False
tikinjina ya digital,mdt,1,ltr,Digital Humanities,STRUCTURAL_ABSENCE,True
ديجيتال هانومناتشيس,mdt,1,ltr,Digital Humanities,STRUCTURAL_ABSENCE,True
humanitizis digitali,mdt,1,ltr,Digital Humanities,STRUCTURAL_ABSENCE,True
dìjítàl hùmánítì,men,1,ltr,Digital Humanities,TRANSMOGRIFICATION,True
kɔmpita faleŋgɔɔ huumaŋ,men,1,ltr,Digital Humanities,TRANSMOGRIFICATION,True
dijitaal humaaniitiis,men,1,ltr,Digital Humanities,TRANSMOGRIFICATION,True
kɔmputa sosay,men,1,ltr,Digital Humanities,TRANSMOGRIFICATION,True
kondɔ́ŋ fɔɔyɛlɛ,men,1,ltr,Digital Humanities,TRANSMOGRIFICATION,True
dilitig holinmenseh,men,1,ltr,Digital Humanities,TRANSMOGRIFICATION,True
sikuku nimina,men,1,ltr,Digital Humanities,TRANSMOGRIFICATION,True
ũtuĩria wa kĩmeru na kĩũmbu,mer,1,ltr,Digital Humanities,STRUCTURAL_ABSENCE,True
ꮧꮎꮣ ꭴꮥꮆꮒꭿ ꭶꮪꭲ,mus,1,ltr,Digital Humanities,TRANSMOGRIFICATION,True
vnv hvskv hvsi ayv hvskv,mus,1,ltr,Digital Humanities,TRANSMOGRIFICATION,True
gvlikihvlvli tsvsihlvi,mus,1,ltr,Digital Humanities,TRANSMOGRIFICATION,True
izidigitali zolunwesinayo,nr,1,ltr,Digital Humanities,STRUCTURAL_ABSENCE,True
digrá skaldskapur,non,1,ltr,Digital Humanities,TRANSMOGRIFICATION,True
digital humanistikas,nov,1,ltr,Digital Humanities,STRUCTURAL_ABSENCE,True
digital homaneso,nov,1,ltr,Digital Humanities,STRUCTURAL_ABSENCE,True
digital homanes,nov,1,ltr,Digital Humanities,STRUCTURAL_ABSENCE,True
digitala humanitates,nov,1,ltr,Digital Humanities,STRUCTURAL_ABSENCE,True
ߘߌߜߊ߬ߕߌߟߊ߬ ߞߎߡߊ߬ߞߊ߬ߟߌ߫,nqo,1,rtl,Digital Humanities,TRANSMOGRIFICATION,True
ߞߟߏߜߍߟߌ ߟߎ߬ ߟߊ߫ ߘߎ߲߬ߘߎ߬ߡߊ߬ ߞߝߊ߬ߘߌ,nqo,1,rtl,Digital Humanities,TRANSMOGRIFICATION,True
ߘߌߖߌߕߊߟ ߤߎߡߊߣߌߕߌߛ,nqo,1,rtl,Digital Humanities,TRANSMOGRIFICATION,True
sigiwana t'ɛnɛ,nqo,1,rtl,Digital Humanities,TRANSMOGRIFICATION,True
ߦߊ߬ߙߎ߬ ߛߎ߬ߡߊ߬ߙߎ߬,nqo,1,rtl,Digital Humanities,TRANSMOGRIFICATION,True
диджитали вааюмінзі,nqo,1,rtl,Digital Humanities,TRANSMOGRIFICATION,True
diguilim digitaali,nqo,1,rtl,Digital Humanities,TRANSMOGRIFICATION,True
ihlabathi ledijithali,nr,1,ltr,Digital Humanities,STRUCTURAL_ABSENCE,True
izwi la digital,nr,1,ltr,Digital Humanities,STRUCTURAL_ABSENCE,True
les huchies numériques,nrm,1,ltr,Digital Humanities,TRANSMOGRIFICATION,True
stafrtíðarfræði,non,1,ltr,Digital Humanities,TRANSMOGRIFICATION,True
les humanités numériques,nrm,1,ltr,Digital Humanities,TRANSMOGRIFICATION,True
humànitês dègitâles,nrm,1,ltr,Digital Humanities,TRANSMOGRIFICATION,True
dyddiau hyfforddiad cyfryngol,nrm,1,ltr,Digital Humanities,TRANSMOGRIFICATION,True
ᒫᔅᑯᒡ ᐃᔅᐱᔥ ᑭᔅᑫᓕᒫᑲᓂᐎᒡ,nsk,1,ltr,Digital Humanities,STRUCTURAL_ABSENCE,True
māwātāskamihk naskapi-ācimowin,nsk,1,ltr,Digital Humanities,STRUCTURAL_ABSENCE,True
ᑎᒋᑕᓪ ᐊᓂᔥᒋᓐ ᑲᐃᔥᐱᓯᓐ,nsk,1,ltr,Digital Humanities,STRUCTURAL_ABSENCE,True
akwepiskamow akwepiskamowin,nsk,1,ltr,Digital Humanities,STRUCTURAL_ABSENCE,True
tishumalik tikinuqqamut,nsk,1,ltr,Digital Humanities,STRUCTURAL_ABSENCE,True
tshishitchi-ininiwak ikino'amahtawin,nsk,1,ltr,Digital Humanities,STRUCTURAL_ABSENCE,True
thuto ya botho ya dijithale,nso,1,ltr,Digital Humanities,STRUCTURAL_ABSENCE,True
ditekanyo tša batho,nso,1,ltr,Digital Humanities,STRUCTURAL_ABSENCE,True
ditšhomi tša dijithale,nso,1,ltr,Digital Humanities,STRUCTURAL_ABSENCE,True
bohlale bja ditšitale,nso,1,ltr,Digital Humanities,STRUCTURAL_ABSENCE,True
botho bja ditala,nso,1,ltr,Digital Humanities,STRUCTURAL_ABSENCE,True
цифрoвoй гуманитарнай билии,sah,1,ltr,Digital Humanities,TRANSMOGRIFICATION,True
dökkir fræði,non,1,ltr,Digital Humanities,TRANSMOGRIFICATION,True
dijiitaa humaanitii,njo,1,ltr,Digital Humanities,STRUCTURAL_ABSENCE,True
ดิจิทัลมานุษยวิทยา,nod,1,ltr,Digital Humanities,TRANSMOGRIFICATION,True
digitale mensenwetenschappen,nl,1,ltr,Digital Humanities,PRODUCTIVE_DISAGREEMENT,True
bǐkpɛ́ bɛ́ bǐtɔ́ŋɔ́ bɛ́ digital,nmg,1,ltr,Digital Humanities,STRUCTURAL_ABSENCE,True
bisoŋgɛlɛ bya ntsimi,nmg,1,ltr,Digital Humanities,STRUCTURAL_ABSENCE,True
mvus mba ye nlôk,nmg,1,ltr,Digital Humanities,STRUCTURAL_ABSENCE,True
bɔ́kɛ́tɛlɛ mbumu,nmg,1,ltr,Digital Humanities,STRUCTURAL_ABSENCE,True
ŋwaa-kwaa-ŋgwaa,nmg,1,ltr,Digital Humanities,STRUCTURAL_ABSENCE,True
nkwenkwa ndinso,nmg,1,ltr,Digital Humanities,STRUCTURAL_ABSENCE,True
digital humanistikk,nn,1,ltr,Digital Humanities,STRUCTURAL_ABSENCE,True
digital menneskekunnskap,nn,1,ltr,Digital Humanities,STRUCTURAL_ABSENCE,True
mbɨ̀ njɨ̀ŋ nùmnwɛ̀,nnh,1,ltr,Digital Humanities,STRUCTURAL_ABSENCE,True
ndzɔŋwɛ̀ɛ̀-m̀bɔ̀ɔ̀ŋwɛ̀ɛ̀-m̀fɔ̀ɔ̀ŋwɛ̀ɛ̀,nnh,1,ltr,Digital Humanities,STRUCTURAL_ABSENCE,True
mɛ́dʉ́ʉ́ mɛ́ ntshʉ́ʉ́ mɛ́ ntshʉ́ʉ́ mɛ́ ntshʉ́ʉ́,nnh,1,ltr,Digital Humanities,STRUCTURAL_ABSENCE,True
nkongi ya digital,nnh,1,ltr,Digital Humanities,STRUCTURAL_ABSENCE,True
teknoloji ya insanit wa digitali,nnh,1,ltr,Digital Humanities,STRUCTURAL_ABSENCE,True
khwôm khwàm díjî tôn,nod,1,ltr,Digital Humanities,TRANSMOGRIFICATION,True
tölvugreindar mannfræði,non,1,ltr,Digital Humanities,TRANSMOGRIFICATION,True
ၵႂၢမ်းၵႃႈၶၢၵ်ႈဢၼ်ၵႂၢႆႈၶၢႆႈဢၼ်ၵျူဝ်းၵျႅဝ်ႈ,nod,1,ltr,Digital Humanities,TRANSMOGRIFICATION,True
ดิจิทัลฮูมันนิวตัน,nod,1,ltr,Digital Humanities,TRANSMOGRIFICATION,True
dhajjaliyati adabiyati,noe,1,ltr,Digital Humanities,TRANSMOGRIFICATION,True
ḍijiṭal manavādar,noe,1,ltr,Digital Humanities,TRANSMOGRIFICATION,True
digiitali huumānītāzii,noe,1,ltr,Digital Humanities,TRANSMOGRIFICATION,True
digitali humanistikk,noe,1,ltr,Digital Humanities,TRANSMOGRIFICATION,True
санлы гуманитар ылымлар,nog,1,ltr,Digital Humanities,TRANSMOGRIFICATION,True
санлы адамлык билимлери,nog,1,ltr,Digital Humanities,TRANSMOGRIFICATION,True
санлы гуманитарлык,nog,1,ltr,Digital Humanities,TRANSMOGRIFICATION,True
täŋğarlıq bilimliq,nog,1,ltr,Digital Humanities,TRANSMOGRIFICATION,True
цифрлик инсанлик,nog,1,ltr,Digital Humanities,TRANSMOGRIFICATION,True
диджиталдик гуманитарлык,nog,1,ltr,Digital Humanities,TRANSMOGRIFICATION,True
хәл һақикетлар акадэмиясы,nog,1,ltr,Digital Humanities,TRANSMOGRIFICATION,True
talnafræði mannlegra lista,non,1,ltr,Digital Humanities,TRANSMOGRIFICATION,True
thutamahlale ya dikhomphutha,nso,1,ltr,Digital Humanities,STRUCTURAL_ABSENCE,True
tsheko ya digital,nso,1,ltr,Digital Humanities,STRUCTURAL_ABSENCE,True
ditirelo tsa dijital,nso,1,ltr,Digital Humanities,STRUCTURAL_ABSENCE,True
ingoma ya diguwali,nyo,1,ltr,Digital Humanities,STRUCTURAL_ABSENCE,True
umkulu wa humaniki digitali,nym,1,ltr,Digital Humanities,TRANSMOGRIFICATION,True
umwana wa diguitali na insanitya,nym,1,ltr,Digital Humanities,TRANSMOGRIFICATION,True
eby'obuhangwa eby'ekitara,nyn,1,ltr,Digital Humanities,STRUCTURAL_ABSENCE,True
ebyobugezi bya dijito,nyn,1,ltr,Digital Humanities,STRUCTURAL_ABSENCE,True
obuhumanisti bw'eby'okwerinda,nyn,1,ltr,Digital Humanities,STRUCTURAL_ABSENCE,True
obuhanga bw’eby’omukono n’eby’omuntu,nyn,1,ltr,Digital Humanities,STRUCTURAL_ABSENCE,True
obunyangwe bwa kompyuta,nyn,1,ltr,Digital Humanities,STRUCTURAL_ABSENCE,True
eby'obuhangwa eby'omutimbagano,nyo,1,ltr,Digital Humanities,STRUCTURAL_ABSENCE,True
ebyobugezi bya tekinologiya,nyo,1,ltr,Digital Humanities,STRUCTURAL_ABSENCE,True
obuntu bw'eby'okumanya obw'omutindo gw'ebyuma,nyo,1,ltr,Digital Humanities,STRUCTURAL_ABSENCE,True
obuhangwa bwa digital,nyo,1,ltr,Digital Humanities,STRUCTURAL_ABSENCE,True
bunifasiri za kielektroniki,nyo,1,ltr,Digital Humanities,STRUCTURAL_ABSENCE,True
digitaa nsúurú,nyo,1,ltr,Digital Humanities,STRUCTURAL_ABSENCE,True
idigitaali kibunywa,nyo,1,ltr,Digital Humanities,STRUCTURAL_ABSENCE,True
nzɛlɛ kɔmputa,nzi,1,ltr,Digital Humanities,STRUCTURAL_ABSENCE,True
tsholetla teknolojiki,nso,1,ltr,Digital Humanities,STRUCTURAL_ABSENCE,True
nziyɛlɛlɛ kɛ azɛlɛlɛ kɛ nyamenle adwenle,nzi,1,ltr,Digital Humanities,STRUCTURAL_ABSENCE,True
nwoma kasadwini a ɛfa nsɛm ho,nzi,1,ltr,Digital Humanities,STRUCTURAL_ABSENCE,True
ɛ̃-ɔkyerɛkyerɛɛ diɛnkyerɛn,nzi,1,ltr,Digital Humanities,STRUCTURAL_ABSENCE,True
mufundisiya dimashikuti,nzi,1,ltr,Digital Humanities,STRUCTURAL_ABSENCE,True
ingqulo e-dhlamini,nzi,1,ltr,Digital Humanities,STRUCTURAL_ABSENCE,True
umanitats numericas,oc,1,ltr,Digital Humanities,TRANSMOGRIFICATION,True
umanitats digitals,oc,1,ltr,Digital Humanities,TRANSMOGRIFICATION,True
humanitats numericas,oc,1,ltr,Digital Humanities,TRANSMOGRIFICATION,True
mazina'iganing gikinoo'amaadiwin,oj,1,ltr,Digital Humanities,TRANSMOGRIFICATION,True
bimaadiziwin gidigaa biinjiwag,oj,1,ltr,Digital Humanities,TRANSMOGRIFICATION,True
gidakiiminaan gizhigawenimin,oj,1,ltr,Digital Humanities,TRANSMOGRIFICATION,True
giiwedin waabanikaan,oj,1,ltr,Digital Humanities,TRANSMOGRIFICATION,True
mazinaatesijiganan gikendaasowin,ojb,1,ltr,Digital Humanities,TRANSMOGRIFICATION,True
mazina'iganing gikino'amaadiwin,ojb,1,ltr,Digital Humanities,TRANSMOGRIFICATION,True
ubuhabari bwa dijitali,nym,1,ltr,Digital Humanities,TRANSMOGRIFICATION,True
uhandisi wa digitali,nym,1,ltr,Digital Humanities,TRANSMOGRIFICATION,True
ubumanyi bwa dijitali,nym,1,ltr,Digital Humanities,TRANSMOGRIFICATION,True
buhumani wa kidijitali,nym,1,ltr,Digital Humanities,TRANSMOGRIFICATION,True
ditsonga digitale,nso,1,ltr,Digital Humanities,STRUCTURAL_ABSENCE,True
di̱ji̱tal yumani̱ti̱thni̱,nus,1,ltr,Digital Humanities,STRUCTURAL_ABSENCE,True
cɔl ke kompiutär,nus,1,ltr,Digital Humanities,STRUCTURAL_ABSENCE,True
thok-diit ke cï-diit,nus,1,ltr,Digital Humanities,STRUCTURAL_ABSENCE,True
cäth thɛɛr kɛ jɛn,nus,1,ltr,Digital Humanities,STRUCTURAL_ABSENCE,True
ku mabak kɔl,nus,1,ltr,Digital Humanities,STRUCTURAL_ABSENCE,True
dut-ɣin ŋuɔŋ,nus,1,ltr,Digital Humanities,STRUCTURAL_ABSENCE,True
ditigiatho thawriek,nus,1,ltr,Digital Humanities,STRUCTURAL_ABSENCE,True
dījitāl hjuwamani,nus,1,ltr,Digital Humanities,STRUCTURAL_ABSENCE,True
diné bizaad nitsáhákees bee na'nitin,nv,1,ltr,Digital Humanities,TRANSMOGRIFICATION,True
béésh bee akʼeʼelchíhí yátiʼ,nv,1,ltr,Digital Humanities,TRANSMOGRIFICATION,True
naaltsoos soolagi dóó bilagáana bizaad bitséedi,nv,1,ltr,Digital Humanities,TRANSMOGRIFICATION,True
béésh nitsáhákees dóó diné bizaad,nv,1,ltr,Digital Humanities,TRANSMOGRIFICATION,True
diné bikéyah diné bizaad,nv,1,ltr,Digital Humanities,TRANSMOGRIFICATION,True
dííłįįʼ biyiʼ dahdííłʼígił béégahígií,nv,1,ltr,Digital Humanities,TRANSMOGRIFICATION,True
tsą́áídíł bildiheshtsoh,nv,1,ltr,Digital Humanities,TRANSMOGRIFICATION,True
t'áá bitáá dah dah yinishyé,nv,1,ltr,Digital Humanities,TRANSMOGRIFICATION,True
अङ्कीय मानविकी,nwc,1,ltr,Digital Humanities,STRUCTURAL_ABSENCE,True
क्षेत्रज्ञान विज्ञान,nwc,1,ltr,Digital Humanities,STRUCTURAL_ABSENCE,True
书面语数字化,nxq,1,ltr,Digital Humanities,TRANSMOGRIFICATION,True
ၸႃႇ ၶိၵႅၼ်ႇ ၽႄႉ,nxq,1,ltr,Digital Humanities,TRANSMOGRIFICATION,True
ꉠꉳꇭꉳꉬꉳꇭꉳꉬ ꉠꉳꇭꉳꉬꉳꇭꉳꉬ ꉠꉳꇭꉳꉬꉳꇭꉳꉬ,nxq,1,ltr,Digital Humanities,TRANSMOGRIFICATION,True
zaumunthu za digito,ny,1,ltr,Digital Humanities,STRUCTURAL_ABSENCE,True
sayansi ya digito ya anthu,ny,1,ltr,Digital Humanities,STRUCTURAL_ABSENCE,True
ma humanities a digito,ny,1,ltr,Digital Humanities,STRUCTURAL_ABSENCE,True
mamayenda ya digital,ny,1,ltr,Digital Humanities,STRUCTURAL_ABSENCE,True
ufundi wa dijitali wa ubantu,ny,1,ltr,Digital Humanities,STRUCTURAL_ABSENCE,True
mukhankhwanya yamutengo chiyayicheteza,ny,1,ltr,Digital Humanities,STRUCTURAL_ABSENCE,True
ingoma ya dizidi,ny,1,ltr,Digital Humanities,STRUCTURAL_ABSENCE,True
digiitali naga,njo,1,ltr,Digital Humanities,STRUCTURAL_ABSENCE,True
ngaangkhu digital khaang,njo,1,ltr,Digital Humanities,STRUCTURAL_ABSENCE,True
tsiyu tsitseskwa digitali,mus,1,ltr,Digital Humanities,TRANSMOGRIFICATION,True
ܕܝܓܝܛܠ ܐܢܫܘܬܐ,myz,1,ltr,Digital Humanities,TRANSMOGRIFICATION,True
sistem digitale humaniti,mye,1,ltr,Digital Humanities,STRUCTURAL_ABSENCE,True
цифрань гуманитарной наукат,myv,1,ltr,Digital Humanities,TRANSMOGRIFICATION,True
цифрань гуманитаристика,myv,1,ltr,Digital Humanities,TRANSMOGRIFICATION,True
digitalnoe iskusstvo,myv,1,ltr,Digital Humanities,TRANSMOGRIFICATION,True
цифровай кодиньгедись малатканть ёнть,myv,1,ltr,Digital Humanities,TRANSMOGRIFICATION,True
дигитальне гуманітайтес,myv,1,ltr,Digital Humanities,TRANSMOGRIFICATION,True
obukugu bwa dijitaali,myx,1,ltr,Digital Humanities,STRUCTURAL_ABSENCE,True
obusobozi bwa digital mu bantu,myx,1,ltr,Digital Humanities,STRUCTURAL_ABSENCE,True
maha-zirí-dá-má,myx,1,ltr,Digital Humanities,STRUCTURAL_ABSENCE,True
diliti kwinisensaw,myx,1,ltr,Digital Humanities,STRUCTURAL_ABSENCE,True
sistemika naburitik,myx,1,ltr,Digital Humanities,STRUCTURAL_ABSENCE,True
ܡܕܒܪܢܝܘܬܐ ܕܐܢܫܐ,myz,1,ltr,Digital Humanities,TRANSMOGRIFICATION,True
ܡܢܕܥܬܐ ܕܨܘܪܬܐ,myz,1,ltr,Digital Humanities,TRANSMOGRIFICATION,True
ܢܫܡܬܐ ܕܦܪܙܠܐ,myz,1,ltr,Digital Humanities,TRANSMOGRIFICATION,True
ܗܘܿܢܰܪܐ ܕܡܶܢܝܘܼܬܰܐ ܩܰܕܡܝܼܬܰܝܼ,myz,1,ltr,Digital Humanities,TRANSMOGRIFICATION,True
mikanda ya mbañe,mye,1,ltr,Digital Humanities,STRUCTURAL_ABSENCE,True
دیجیتال هومانیتیز,mzn,1,rtl,Digital Humanities,TRANSMOGRIFICATION,True
رۊدیجۊمۊنسۊنی,mzn,1,rtl,Digital Humanities,TRANSMOGRIFICATION,True
nauru bwenin,na,1,ltr,Digital Humanities,STRUCTURAL_ABSENCE,True
dijital manusi,na,1,ltr,Digital Humanities,STRUCTURAL_ABSENCE,True
tehnikalulu humauni,na,1,ltr,Digital Humanities,STRUCTURAL_ABSENCE,True
tōltēcayōtl īxiptlayōtl,nah,1,ltr,Digital Humanities,TRANSMOGRIFICATION,True
tlahtolmatiliztli ipan computadorhuan,nah,1,ltr,Digital Humanities,TRANSMOGRIFICATION,True
tlācatiyān tlahtōlmatiliztli,nah,1,ltr,Digital Humanities,TRANSMOGRIFICATION,True
tlilli tlapalli,nah,1,ltr,Digital Humanities,TRANSMOGRIFICATION,True
tlahtōlli ītechpactli yōlcātl,nah,1,ltr,Digital Humanities,TRANSMOGRIFICATION,True
tecpatlhuipilli ñudzauatiliztli,nah,1,ltr,Digital Humanities,TRANSMOGRIFICATION,True
tlacuilolli in digitali,nah,1,ltr,Digital Humanities,TRANSMOGRIFICATION,True
umanistiche digitali,nap,1,ltr,Digital Humanities,TRANSMOGRIFICATION,True
scienze umanistiche digitale,nap,1,ltr,Digital Humanities,TRANSMOGRIFICATION,True
téyéwó tɛkɔnɔ,mye,1,ltr,Digital Humanities,STRUCTURAL_ABSENCE,True
mvett di'angôndê,mye,1,ltr,Digital Humanities,STRUCTURAL_ABSENCE,True
humanitine digita,niu,1,ltr,Digital Humanities,TRANSMOGRIFICATION,True
sikerei budaya digital,mwv,1,ltr,Digital Humanities,STRUCTURAL_ABSENCE,True
ḍigital insānīt,mvy,1,rtl,Digital Humanities,STRUCTURAL_ABSENCE,True
dijitalu karamɔgɔya,mwk,1,ltr,Digital Humanities,TRANSMOGRIFICATION,True
nizɛri kɛnɛya sɛbɛnni,mwk,1,ltr,Digital Humanities,TRANSMOGRIFICATION,True
kɔrɔnɛ kalan ni hakiliya,mwk,1,ltr,Digital Humanities,TRANSMOGRIFICATION,True
kɔnɔŋɛ̀ kɛ́ kʊlɪ́,mwk,1,ltr,Digital Humanities,TRANSMOGRIFICATION,True
dijital ɲumanités,mwk,1,ltr,Digital Humanities,TRANSMOGRIFICATION,True
dilitigal yumaniitik,mwk,1,ltr,Digital Humanities,TRANSMOGRIFICATION,True
humanitias digitas,mwk,1,ltr,Digital Humanities,TRANSMOGRIFICATION,True
houmanidades digitales,mwl,1,ltr,Digital Humanities,TRANSMOGRIFICATION,True
digitales houmanidades,mwl,1,ltr,Digital Humanities,TRANSMOGRIFICATION,True
humanidades diátal,mwl,1,ltr,Digital Humanities,TRANSMOGRIFICATION,True
dhākṭīk sāhitya,mwr,1,ltr,Digital Humanities,TRANSMOGRIFICATION,True
ડિજિટલ મેન્યુવારી,mwr,1,ltr,Digital Humanities,TRANSMOGRIFICATION,True
kaleleu simagere digital,mwv,1,ltr,Digital Humanities,STRUCTURAL_ABSENCE,True
tahadatu kainditan,mwv,1,ltr,Digital Humanities,STRUCTURAL_ABSENCE,True
dibuga dya nzila ya kompyuta,mye,1,ltr,Digital Humanities,STRUCTURAL_ABSENCE,True
sikerei data'u saina',mwv,1,ltr,Digital Humanities,STRUCTURAL_ABSENCE,True
purawalas digital,mwv,1,ltr,Digital Humanities,STRUCTURAL_ABSENCE,True
zvekunyora necomputer,mxc,1,ltr,Digital Humanities,STRUCTURAL_ABSENCE,True
unhu hwedhijitari,mxc,1,ltr,Digital Humanities,STRUCTURAL_ABSENCE,True
makala ya kudumu ya sayansi,mxc,1,ltr,Digital Humanities,STRUCTURAL_ABSENCE,True
hunyanzvi hekufamba nezvigadziridzwa zvekodzero,mxc,1,ltr,Digital Humanities,STRUCTURAL_ABSENCE,True
mudhanda irumu dzadza,mxc,1,ltr,Digital Humanities,STRUCTURAL_ABSENCE,True
hwina yachirikwa,mxc,1,ltr,Digital Humanities,STRUCTURAL_ABSENCE,True
ဒစ်ဂျစ်တယ် လူသားပညာ,my,1,ltr,Digital Humanities,TRANSMOGRIFICATION,True
ဒစ်ဂျစ်တယ်လူ့ပညာ,my,1,ltr,Digital Humanities,TRANSMOGRIFICATION,True
ဒစ်ဂျစ်တယ်လူသားပညာ,my,1,ltr,Digital Humanities,TRANSMOGRIFICATION,True
ᲀမဇဃဂငကဋဏဈညစဆဍဎ,my,1,ltr,Digital Humanities,TRANSMOGRIFICATION,True
ဒီဇိုင်းအမျိုးသားဘေ့စရာ,my,1,ltr,Digital Humanities,TRANSMOGRIFICATION,True
ဓိတ်ဖြစ် မနောက်သား,my,1,ltr,Digital Humanities,TRANSMOGRIFICATION,True
umanistiche ddigitali,nap,1,ltr,Digital Humanities,TRANSMOGRIFICATION,True
ǂnûǁnâ ǁîb ǂîb,naq,1,ltr,Digital Humanities,TRANSMOGRIFICATION,True
ǂkhāǂkhā ǁkhomani ǁnūsib,naq,1,ltr,Digital Humanities,TRANSMOGRIFICATION,True
tlācayotl ātlahtōlēhuanitlāhuacāni,nhw,1,ltr,Digital Humanities,STRUCTURAL_ABSENCE,True
ikhumi ya malepa a digital,ngl,1,ltr,Digital Humanities,STRUCTURAL_ABSENCE,True
malamulo a ukhalidwe wa makina,ngl,1,ltr,Digital Humanities,STRUCTURAL_ABSENCE,True
mabuku ya digital,ngl,1,ltr,Digital Humanities,STRUCTURAL_ABSENCE,True
mufundishwitsa digitali,ngl,1,ltr,Digital Humanities,STRUCTURAL_ABSENCE,True
teknoloji ya bashara digitali,ngl,1,ltr,Digital Humanities,STRUCTURAL_ABSENCE,True
tlapohualistli amoxtli,nhe,1,ltr,Digital Humanities,TRANSMOGRIFICATION,True
tlācatlācuilōltechcopa tepōhualli,nhe,1,ltr,Digital Humanities,TRANSMOGRIFICATION,True
tlatequitl-tlalhuapilli,nhe,1,ltr,Digital Humanities,TRANSMOGRIFICATION,True
tlakuahtle ñoalmatico,nhe,1,ltr,Digital Humanities,TRANSMOGRIFICATION,True
informatika huehuetlatolli,nhe,1,ltr,Digital Humanities,TRANSMOGRIFICATION,True
tlamatiliztli ipan tlapohualmachiyotl,nhw,1,ltr,Digital Humanities,STRUCTURAL_ABSENCE,True
digital tlacamatiliztli,nhw,1,ltr,Digital Humanities,STRUCTURAL_ABSENCE,True
tlilli tlapalli tlamatiliztli,nhw,1,ltr,Digital Humanities,STRUCTURAL_ABSENCE,True
tlatequitl ipan tlachinehuilli,nhw,1,ltr,Digital Humanities,STRUCTURAL_ABSENCE,True
faoma niha ba teknologi digital,nia,1,ltr,Digital Humanities,STRUCTURAL_ABSENCE,True
diigital hoomaniiti,naq,1,ltr,Digital Humanities,TRANSMOGRIFICATION,True
fangi'ila digital,nia,1,ltr,Digital Humanities,STRUCTURAL_ABSENCE,True
teknologi halua,nia,1,ltr,Digital Humanities,STRUCTURAL_ABSENCE,True
purawigi digital,nia,1,ltr,Digital Humanities,STRUCTURAL_ABSENCE,True
humanitas digitale,nia,1,ltr,Digital Humanities,STRUCTURAL_ABSENCE,True
kaharati digital,nij,1,ltr,Digital Humanities,STRUCTURAL_ABSENCE,True
bantang data ulam,nij,1,ltr,Digital Humanities,STRUCTURAL_ABSENCE,True
puranmanu elektronik,nij,1,ltr,Digital Humanities,STRUCTURAL_ABSENCE,True
tiaki e tau mena he tagata,niu,1,ltr,Digital Humanities,TRANSMOGRIFICATION,True
fakaliliuaga fakatekonolosi mo e tau aga fakamotu,niu,1,ltr,Digital Humanities,TRANSMOGRIFICATION,True
fakaako fakatekinolosia,niu,1,ltr,Digital Humanities,TRANSMOGRIFICATION,True
fakaakoaga faka-numela mo e tagata,niu,1,ltr,Digital Humanities,TRANSMOGRIFICATION,True
tau ako he vahā tohi,niu,1,ltr,Digital Humanities,TRANSMOGRIFICATION,True
tama'a o le fale o le vā,niu,1,ltr,Digital Humanities,TRANSMOGRIFICATION,True
hūmānitō numera,niu,1,ltr,Digital Humanities,TRANSMOGRIFICATION,True
ehumanitasi ya dhijitali,ngl,1,ltr,Digital Humanities,STRUCTURAL_ABSENCE,True
teknoloji ya insia,ng,1,ltr,Digital Humanities,STRUCTURAL_ABSENCE,True
tshimbi andandu digitali,ng,1,ltr,Digital Humanities,STRUCTURAL_ABSENCE,True
digitaalwina humbu,ng,1,ltr,Digital Humanities,STRUCTURAL_ABSENCE,True
ǀhuiǃgâb ǁkhāǁkhāsib,naq,1,ltr,Digital Humanities,TRANSMOGRIFICATION,True
khaxa-ǂaen ≠gaib,naq,1,ltr,Digital Humanities,TRANSMOGRIFICATION,True
hààlì-thààndì-dèè,naq,1,ltr,Digital Humanities,TRANSMOGRIFICATION,True
tswantšwego tšona,naq,1,ltr,Digital Humanities,TRANSMOGRIFICATION,True
digitalhumanistikk,nb,1,ltr,Digital Humanities,STRUCTURAL_ABSENCE,True
tlamatiliztli ipan tlapōhualli,nch,1,ltr,Digital Humanities,TRANSMOGRIFICATION,True
tlācatlahtōltecpānaliztli,nch,1,ltr,Digital Humanities,TRANSMOGRIFICATION,True
tlatequitlitechpactlalli,nch,1,ltr,Digital Humanities,TRANSMOGRIFICATION,True
tlakuahtli ñudahilpantlekuikatl,nch,1,ltr,Digital Humanities,TRANSMOGRIFICATION,True
tlacuilolli ixkolli in tlahuitoltica,nch,1,ltr,Digital Humanities,TRANSMOGRIFICATION,True
ubulungiswa bedijithali,nd,1,ltr,Digital Humanities,TRANSMOGRIFICATION,True
ithongo lemaholo,nd,1,ltr,Digital Humanities,TRANSMOGRIFICATION,True
dhijitari yevanhu,ndc,1,ltr,Digital Humanities,STRUCTURAL_ABSENCE,True
unyanzvi hwerudhivhiti hwevandhu,ndc,1,ltr,Digital Humanities,STRUCTURAL_ABSENCE,True
makala ya digital,ndc,1,ltr,Digital Humanities,STRUCTURAL_ABSENCE,True
hunyana yedijitari,ndc,1,ltr,Digital Humanities,STRUCTURAL_ABSENCE,True
muhumanistike digitali,ndc,1,ltr,Digital Humanities,STRUCTURAL_ABSENCE,True
vhumbe vasenyika,ndc,1,ltr,Digital Humanities,STRUCTURAL_ABSENCE,True
digitale humanwetenschoppen,nds,1,ltr,Digital Humanities,STRUCTURAL_ABSENCE,True
digitale humanisten,nds,1,ltr,Digital Humanities,STRUCTURAL_ABSENCE,True
digitaal wetenschap,nds,1,ltr,Digital Humanities,STRUCTURAL_ABSENCE,True
digitale jantliesch,nds,1,ltr,Digital Humanities,STRUCTURAL_ABSENCE,True
digitaal lehraunsduun,nds-nl,1,ltr,Digital Humanities,TRANSMOGRIFICATION,True
न्यायिक डिजिटल वाङ्मय,new,1,ltr,Digital Humanities,TRANSMOGRIFICATION,True
omahulumenta goshiwambo,ng,1,ltr,Digital Humanities,STRUCTURAL_ABSENCE,True
omalongo gomakomputa,ng,1,ltr,Digital Humanities,STRUCTURAL_ABSENCE,True
omalelo gopaungulungu gopadigitali,ng,1,ltr,Digital Humanities,STRUCTURAL_ABSENCE,True
ondjokonona yomapulo,ng,1,ltr,Digital Humanities,STRUCTURAL_ABSENCE,True
ondolondolozi ya digital,ng,1,ltr,Digital Humanities,STRUCTURAL_ABSENCE,True
санаарый гуманитар үөрэхтэр,sah,1,ltr,Digital Humanities,TRANSMOGRIFICATION,True
sen-nin yiri-yiri,ses,1,ltr,Digital Humanities,STRUCTURAL_ABSENCE,True
санаатын гуманитарнай үөрэхтэрэ,sah,1,ltr,Digital Humanities,TRANSMOGRIFICATION,True
ovihanda-olondinga vyokupangela ovina vyalua,umb,1,ltr,Digital Humanities,STRUCTURAL_ABSENCE,True
deng-ngwal-gai-ngwal-tɨl,unr,1,ltr,Digital Humanities,STRUCTURAL_ABSENCE,True
digitel manabikota,unr,1,ltr,Digital Humanities,STRUCTURAL_ABSENCE,True
kulunda kusukundika nyaswadigitale,umb,1,ltr,Digital Humanities,STRUCTURAL_ABSENCE,True
ndhitala ya ndongo,umb,1,ltr,Digital Humanities,STRUCTURAL_ABSENCE,True
omba kati ya teknolojia ya digital,umb,1,ltr,Digital Humanities,STRUCTURAL_ABSENCE,True
omanu vokuenda kombelela,umb,1,ltr,Digital Humanities,STRUCTURAL_ABSENCE,True
ovilonga vya dijitali,umb,1,ltr,Digital Humanities,STRUCTURAL_ABSENCE,True
teknolojia humanitario,vun,1,ltr,Digital Humanities,STRUCTURAL_ABSENCE,True
o afendeli va yehova va siata oku teyuila omanu,umb,1,ltr,Digital Humanities,STRUCTURAL_ABSENCE,True
digiital huumanitiy,uli,1,ltr,Digital Humanities,STRUCTURAL_ABSENCE,True
k'al-thir'a'an-tor'a,uli,1,ltr,Digital Humanities,STRUCTURAL_ABSENCE,True
kamalen te faka,uli,1,ltr,Digital Humanities,STRUCTURAL_ABSENCE,True
haggan faluw i digitals,uli,1,ltr,Digital Humanities,STRUCTURAL_ABSENCE,True
fáánúw ye taropwe ye computer,uli,1,ltr,Digital Humanities,STRUCTURAL_ABSENCE,True
digitāl humānītāz,unr,1,ltr,Digital Humanities,STRUCTURAL_ABSENCE,True
dharmatār digital,unx,1,ltr,Digital Humanities,STRUCTURAL_ABSENCE,True
ḍigital manō-khel,unx,1,ltr,Digital Humanities,STRUCTURAL_ABSENCE,True
انسانی کمزوریوں کی وجہ سے,ur,1,rtl,Digital Humanities,TRANSMOGRIFICATION,True
ڈیجیٹل علوم انسانی,ur,1,rtl,Digital Humanities,TRANSMOGRIFICATION,True
دیجیٹل انسانیات,ur,1,rtl,Digital Humanities,TRANSMOGRIFICATION,True
digital ilm-fan,uz,1,ltr,Digital Humanities,STRUCTURAL_ABSENCE,True
elektron ig'ohli ilmiy-kulturniyojotlik aralashuvlar,uz,1,ltr,Digital Humanities,STRUCTURAL_ABSENCE,True
digital xumaniyat,uz,1,ltr,Digital Humanities,STRUCTURAL_ABSENCE,True
рақамли инсоният,uz_AF,1,rtl,Digital Humanities,STRUCTURAL_ABSENCE,True
elektron milliyatlik,uz_AF,1,rtl,Digital Humanities,STRUCTURAL_ABSENCE,True
digital inglizlik,uz_AF,1,rtl,Digital Humanities,STRUCTURAL_ABSENCE,True
𞤣𞤢𞤤𞤢 𞤸𞤢𞤲𞤢𞤤𞤢𞥄𞤲 𞤣𞤢𞤤𞤢,vai,1,ltr,Digital Humanities,STRUCTURAL_ABSENCE,True
ꕉꔤꕩꕌ ꕪꕮ ꔳꕩꘋ ꗏꔤ,vai,1,ltr,Digital Humanities,STRUCTURAL_ABSENCE,True
ꕪꘋ ꕉꕜꕮ ꕉꕡꕌꔵ,vai,1,ltr,Digital Humanities,STRUCTURAL_ABSENCE,True
digi-taali kulumansi,vai,1,ltr,Digital Humanities,STRUCTURAL_ABSENCE,True
digitaa ŋɔɔŋɔɔ,vai,1,ltr,Digital Humanities,STRUCTURAL_ABSENCE,True
дійснозначна гуманітарія,uk,1,ltr,Digital Humanities,PRODUCTIVE_DISAGREEMENT,True
дигітальні гуманітарії,uk,1,ltr,Digital Humanities,PRODUCTIVE_DISAGREEMENT,True
цифрові гуманітарні,uk,1,ltr,Digital Humanities,PRODUCTIVE_DISAGREEMENT,True
дигитал әлмәнт,udm,1,ltr,Digital Humanities,TRANSMOGRIFICATION,True
timusiyut n tignatin,tzm,1,ltr,Digital Humanities,STRUCTURAL_ABSENCE,True
tawssut al-kiluwar digital,tzm,1,ltr,Digital Humanities,STRUCTURAL_ABSENCE,True
ⵜⴰⵎⵔⴰⵏ ⴷⵉⵖಿⵍⴰⵣ ⵜⵕⵇⵣⵜ,tzm,1,ltr,Digital Humanities,STRUCTURAL_ABSENCE,True
цифровой гуманитарной наукаса,ude,1,ltr,Digital Humanities,TRANSMOGRIFICATION,True
цифровой гуманитар,ude,1,ltr,Digital Humanities,TRANSMOGRIFICATION,True
kʉlʉŋi kʉlʉŋi čaŋgi,ude,1,ltr,Digital Humanities,TRANSMOGRIFICATION,True
дигитал хадамаан,ude,1,ltr,Digital Humanities,TRANSMOGRIFICATION,True
хөдөлгөн хүмэнээс,ude,1,ltr,Digital Humanities,TRANSMOGRIFICATION,True
цифровой гуманитарной наукаос,udm,1,ltr,Digital Humanities,TRANSMOGRIFICATION,True
цифр гуманитар тодослыкъёс,udm,1,ltr,Digital Humanities,TRANSMOGRIFICATION,True
цифровой адямиослэн тодоссы,udm,1,ltr,Digital Humanities,TRANSMOGRIFICATION,True
digital'noe gumanitarnoe issledovanie,udm,1,ltr,Digital Humanities,TRANSMOGRIFICATION,True
цифр гуманитаръёс,udm,1,ltr,Digital Humanities,TRANSMOGRIFICATION,True
дигиталнә түшкөмлөгү,udm,1,ltr,Digital Humanities,TRANSMOGRIFICATION,True
رەقەملىك ئىنسانىيەت,ug,1,rtl,Digital Humanities,TRANSMOGRIFICATION,True
цифрові гуманітарні дані,uk,1,ltr,Digital Humanities,PRODUCTIVE_DISAGREEMENT,True
رەقەملىك ئادىمىيەت,ug,1,rtl,Digital Humanities,TRANSMOGRIFICATION,True
سانائەت گۇمانىيەت پەنلىرى,ug,1,rtl,Digital Humanities,TRANSMOGRIFICATION,True
رەقەملىك ئىنسانىيەت ئىلىملىرى,ug,1,rtl,Digital Humanities,TRANSMOGRIFICATION,True
رەقەملىك ئىنسانشۇناسلىق,ug,1,rtl,Digital Humanities,TRANSMOGRIFICATION,True
رەقەملىك ئىنسانىي پەنلەر,ug,1,rtl,Digital Humanities,TRANSMOGRIFICATION,True
ئەڭكىيە ھۇماتىيەت,ug,1,rtl,Digital Humanities,TRANSMOGRIFICATION,True
𐎄𐎂𐎊𐎍 𐎈𐎐𐎎𐎊𐎚𐎛𐎍𐎎𐎚,uga,1,ltr,Digital Humanities,TRANSMOGRIFICATION,True
𐎈𐎋𐎎𐎚 𐎀𐎕𐎁𐎓𐎚,uga,1,ltr,Digital Humanities,TRANSMOGRIFICATION,True
𐎄𐎂𐎚𐎍 𐎈𐎖𐎎𐎖𐎚,uga,1,ltr,Digital Humanities,TRANSMOGRIFICATION,True
𐎄𐎊𐎇𐎛𐎚𐎍 𐎈𐎎𐎐𐎊𐎚𐎊𐎒,uga,1,ltr,Digital Humanities,TRANSMOGRIFICATION,True
ktb šapru,uga,1,ltr,Digital Humanities,TRANSMOGRIFICATION,True
ḏīmta ḫummaṯī,uga,1,ltr,Digital Humanities,TRANSMOGRIFICATION,True
𐎢𐎪𐎫𐎩 ḏ;';,uga,1,ltr,Digital Humanities,TRANSMOGRIFICATION,True
цифрові гуманітарні науки,uk,1,ltr,Digital Humanities,PRODUCTIVE_DISAGREEMENT,True
dmi ṱwára ñúŋgún,vai,1,ltr,Digital Humanities,STRUCTURAL_ABSENCE,True
siyon digitäl,vai,1,ltr,Digital Humanities,STRUCTURAL_ABSENCE,True
vhuthu ha didzhithala,ve,1,ltr,Digital Humanities,STRUCTURAL_ABSENCE,True
humanitäl digital,vo,1,ltr,Digital Humanities,STRUCTURAL_ABSENCE,True
zendliichi humanität,vmf,1,ltr,Digital Humanities,TRANSMOGRIFICATION,True
digitale humantwissasekunde,vmf,1,ltr,Digital Humanities,TRANSMOGRIFICATION,True
digitale menschlickeit,vmf,1,ltr,Digital Humanities,TRANSMOGRIFICATION,True
uphiyamwene wa dijitali,vmw,1,ltr,Digital Humanities,STRUCTURAL_ABSENCE,True
sayansi ya dhijitali,vmw,1,ltr,Digital Humanities,STRUCTURAL_ABSENCE,True
makhuwa ya digital,vmw,1,ltr,Digital Humanities,STRUCTURAL_ABSENCE,True
makhungu ya dijitale,vmw,1,ltr,Digital Humanities,STRUCTURAL_ABSENCE,True
mvuto ya komputa,vmw,1,ltr,Digital Humanities,STRUCTURAL_ABSENCE,True
teknoloji ya mtsogolo wa afya digitale,vmw,1,ltr,Digital Humanities,STRUCTURAL_ABSENCE,True
digitäl-humanitets,vo,1,ltr,Digital Humanities,STRUCTURAL_ABSENCE,True
digitik menadanäv,vo,1,ltr,Digital Humanities,STRUCTURAL_ABSENCE,True
numedavik volapükav,vo,1,ltr,Digital Humanities,STRUCTURAL_ABSENCE,True
dijital menäds,vo,1,ltr,Digital Humanities,STRUCTURAL_ABSENCE,True
digitaletikadumanas,vo,1,ltr,Digital Humanities,STRUCTURAL_ABSENCE,True
digitale hoomanistio,vo,1,ltr,Digital Humanities,STRUCTURAL_ABSENCE,True
digidale humanitätn,vmf,1,ltr,Digital Humanities,TRANSMOGRIFICATION,True
dīgitala menschliches wissens,vo,1,ltr,Digital Humanities,STRUCTURAL_ABSENCE,True
digitaalizet humanitaarat,vot,1,ltr,Digital Humanities,TRANSMOGRIFICATION,True
digitaalsõt humanitaaratietot,vot,1,ltr,Digital Humanities,TRANSMOGRIFICATION,True
digitaali humanitaaria,vot,1,ltr,Digital Humanities,TRANSMOGRIFICATION,True
digitaalõ humanõtõ,vot,1,ltr,Digital Humanities,TRANSMOGRIFICATION,True
digitseteenus,vot,1,ltr,Digital Humanities,TRANSMOGRIFICATION,True
digitaal humanitäs,vot,1,ltr,Digital Humanities,TRANSMOGRIFICATION,True
digitaalsõt humanitaartiedüs,vro,1,ltr,Digital Humanities,TRANSMOGRIFICATION,True
digitaalsõ humanitaartiidüs,vro,1,ltr,Digital Humanities,TRANSMOGRIFICATION,True
digitaalne inimkond,vro,1,ltr,Digital Humanities,TRANSMOGRIFICATION,True
digitale huunarfoos,vro,1,ltr,Digital Humanities,TRANSMOGRIFICATION,True
kihumania cha kidijitali,vun,1,ltr,Digital Humanities,STRUCTURAL_ABSENCE,True
tatizo la kielektroniki,vun,1,ltr,Digital Humanities,STRUCTURAL_ABSENCE,True
digi-manna-wīsa,vun,1,ltr,Digital Humanities,STRUCTURAL_ABSENCE,True
digitale geisteswissenschafdn,vmf,1,ltr,Digital Humanities,TRANSMOGRIFICATION,True
digitale geisteswissenschaftn,vmf,1,ltr,Digital Humanities,TRANSMOGRIFICATION,True
vhuthogwa ha vhutsila ha tshikhaladzi,ve,1,ltr,Digital Humanities,STRUCTURAL_ABSENCE,True
digitaližed humanitarižed tedod,vep,1,ltr,Digital Humanities,TRANSMOGRIFICATION,True
vhutshili ha didzhithala,ve,1,ltr,Digital Humanities,STRUCTURAL_ABSENCE,True
vhutshila ha vhupfa ha didzhithali,ve,1,ltr,Digital Humanities,STRUCTURAL_ABSENCE,True
tivumbu le digital,ve,1,ltr,Digital Humanities,STRUCTURAL_ABSENCE,True
hudzulutani d విధital,ve,1,ltr,Digital Humanities,STRUCTURAL_ABSENCE,True
phikisa teknisi,ve,1,ltr,Digital Humanities,STRUCTURAL_ABSENCE,True
tshidzivhelo edigitali,ve,1,ltr,Digital Humanities,STRUCTURAL_ABSENCE,True
siense umane digitałi,vec,1,ltr,Digital Humanities,TRANSMOGRIFICATION,True
umanisteghe digitałi,vec,1,ltr,Digital Humanities,TRANSMOGRIFICATION,True
umanità digitałi,vec,1,ltr,Digital Humanities,TRANSMOGRIFICATION,True
umanità dixitałi,vec,1,ltr,Digital Humanities,TRANSMOGRIFICATION,True
umane dìgitali,vec,1,ltr,Digital Humanities,TRANSMOGRIFICATION,True
digitaaline humanitaarad,vep,1,ltr,Digital Humanities,TRANSMOGRIFICATION,True
cifrine humanitarižed tedod,vep,1,ltr,Digital Humanities,TRANSMOGRIFICATION,True
cifrine gumanitarine tedod,vep,1,ltr,Digital Humanities,TRANSMOGRIFICATION,True
digitaalõ humanistika,vep,1,ltr,Digital Humanities,TRANSMOGRIFICATION,True
digitale ierdschap,vls,1,ltr,Digital Humanities,TRANSMOGRIFICATION,True
дигитальне гуманітарство,vep,1,ltr,Digital Humanities,TRANSMOGRIFICATION,True
tüümik-informatika,vep,1,ltr,Digital Humanities,TRANSMOGRIFICATION,True
nhân văn số,vi,1,ltr,Digital Humanities,PRODUCTIVE_DISAGREEMENT,True
nhân văn kỹ thuật số,vi,1,ltr,Digital Humanities,PRODUCTIVE_DISAGREEMENT,True
khoa học nhân văn kỹ thuật số,vi,1,ltr,Digital Humanities,PRODUCTIVE_DISAGREEMENT,True
nghiên cứu nhân văn số,vi,1,ltr,Digital Humanities,PRODUCTIVE_DISAGREEMENT,True
khoa học số nhân văn,vi,1,ltr,Digital Humanities,PRODUCTIVE_DISAGREEMENT,True
khoa học mạng điệt biểu,vi,1,ltr,Digital Humanities,PRODUCTIVE_DISAGREEMENT,True
dijital hyumanitis,vic,1,ltr,Digital Humanities,STRUCTURAL_ABSENCE,True
digitaal hamanities,vic,1,ltr,Digital Humanities,STRUCTURAL_ABSENCE,True
digitil huniman,vic,1,ltr,Digital Humanities,STRUCTURAL_ABSENCE,True
digital humanitiz,vic,1,ltr,Digital Humanities,STRUCTURAL_ABSENCE,True
digitale menswetenschappn,vls,1,ltr,Digital Humanities,TRANSMOGRIFICATION,True
digitoale geestesweetnschappn,vls,1,ltr,Digital Humanities,TRANSMOGRIFICATION,True
tamazirt n tadawin tɣawsa,tzm,1,ltr,Digital Humanities,STRUCTURAL_ABSENCE,True
ⵜⵉⴽⵏⵓⵍⵓⵊⵉⵜ ⵜⴰⵎⴰⵙⵙⴰⵏⵜ,tzm,1,ltr,Digital Humanities,STRUCTURAL_ABSENCE,True
ⵜⴰⵎⵙⵙⵓⴷⵙⵜ ⵜⵓⵎⵣⵉⵏⵜ ⵜⴰⵎⴰⵜⴰⵢⵜ,tzm,1,ltr,Digital Humanities,STRUCTURAL_ABSENCE,True
sm ła̱xha̱,tsi,1,ltr,Digital Humanities,STRUCTURAL_ABSENCE,True
vutshila bya xidijitali,ts,1,ltr,Digital Humanities,STRUCTURAL_ABSENCE,True
tivumbalamu ya digital,ts,1,ltr,Digital Humanities,STRUCTURAL_ABSENCE,True
mahlahlahlahlana ya dijitale,ts,1,ltr,Digital Humanities,STRUCTURAL_ABSENCE,True
muhumani digitali,ts,1,ltr,Digital Humanities,STRUCTURAL_ABSENCE,True
ingwane lomakhosikazi edhla-ntoni,ts,1,ltr,Digital Humanities,STRUCTURAL_ABSENCE,True
ψηφιακέ ανθρωπιστικέ επιστήμε,tsd,1,ltr,Digital Humanities,TRANSMOGRIFICATION,True
διγίταλες ανθρωπολογικές επιστήμες,tsd,1,ltr,Digital Humanities,TRANSMOGRIFICATION,True
διαδυτική τέχνη,tsd,1,ltr,Digital Humanities,TRANSMOGRIFICATION,True
διγιταλ ανθρωποσεις,tsd,1,ltr,Digital Humanities,TRANSMOGRIFICATION,True
digital nga pagtuon ha katawohan,tsg,1,ltr,Digital Humanities,STRUCTURAL_ABSENCE,True
kagawasan sa digital,tsg,1,ltr,Digital Humanities,STRUCTURAL_ABSENCE,True
pagduma sa teknolohiya ug kasaysayan,tsg,1,ltr,Digital Humanities,STRUCTURAL_ABSENCE,True
talata sa teknolohiya sa kultura,tsg,1,ltr,Digital Humanities,STRUCTURAL_ABSENCE,True
digital dm gyik'ałk,tsi,1,ltr,Digital Humanities,STRUCTURAL_ABSENCE,True
sm'algyax g̱a̱n da 'nüüsm,tsi,1,ltr,Digital Humanities,STRUCTURAL_ABSENCE,True
vutivi bya tidijithali,ts,1,ltr,Digital Humanities,STRUCTURAL_ABSENCE,True
g̱aʔidíi g̱alax̱t'a,tsi,1,ltr,Digital Humanities,STRUCTURAL_ABSENCE,True
lingit ʼaay haa tləkwaan gwaay ʼa7aasinux,tsi,1,ltr,Digital Humanities,STRUCTURAL_ABSENCE,True
gitxsan-hlgya'xw sxwxwulh k'isdzaaw,tsi,1,ltr,Digital Humanities,STRUCTURAL_ABSENCE,True
གནས་ཚུལ་གཞི་བཟོ་དང་འབྲེལ་བའི་དངོས་གྲུབ།,tsj,1,ltr,Digital Humanities,STRUCTURAL_ABSENCE,True
དིཇིཊལ་མི་རིགས་རིག་གནས།,tsj,1,ltr,Digital Humanities,STRUCTURAL_ABSENCE,True
གློག་རིག་མི་ཆོས་རིག་པ།,tsj,1,ltr,Digital Humanities,STRUCTURAL_ABSENCE,True
དྲ་བའི་མིའི་རིག་གནས།,tsj,1,ltr,Digital Humanities,STRUCTURAL_ABSENCE,True
dzongkha digital gzhug-lag,tsj,1,ltr,Digital Humanities,STRUCTURAL_ABSENCE,True
цифрлы гуманитар фәннәр,tt,1,ltr,Digital Humanities,TRANSMOGRIFICATION,True
санлы гуманитар,tt,1,ltr,Digital Humanities,TRANSMOGRIFICATION,True
санлы гуманитар фәннәр,tt,1,ltr,Digital Humanities,TRANSMOGRIFICATION,True
dijital insaniyyät,tt,1,ltr,Digital Humanities,TRANSMOGRIFICATION,True
цифролы инсаният,tt,1,ltr,Digital Humanities,TRANSMOGRIFICATION,True
диджиталлар үндәсі,tt,1,ltr,Digital Humanities,TRANSMOGRIFICATION,True
vumunhu bya dijitali,ts,1,ltr,Digital Humanities,STRUCTURAL_ABSENCE,True
vutshila bya digitali,ts,1,ltr,Digital Humanities,STRUCTURAL_ABSENCE,True
obuhangwa bw'ekitara,ttj,1,ltr,Digital Humanities,TRANSMOGRIFICATION,True
digital hausmanit bilong mi,tpi,1,ltr,Digital Humanities,STRUCTURAL_ABSENCE,True
ijo sona li kama jo e ilo,tokipona,1,ltr,Digital Humanities,STRUCTURAL_ABSENCE,True
sona pi ilo nanpa pi jan,tokipona,1,ltr,Digital Humanities,STRUCTURAL_ABSENCE,True
toki pana lape,tokipona,1,ltr,Digital Humanities,STRUCTURAL_ABSENCE,True
umanisin digital,tokipona,1,ltr,Digital Humanities,STRUCTURAL_ABSENCE,True
ponoponoma,tokipona,1,ltr,Digital Humanities,STRUCTURAL_ABSENCE,True
digitalo humana,tokipona,1,ltr,Digital Humanities,STRUCTURAL_ABSENCE,True
dijitel humanitis,tpi,1,ltr,Digital Humanities,STRUCTURAL_ABSENCE,True
ol samting ol man i mekim,tpi,1,ltr,Digital Humanities,STRUCTURAL_ABSENCE,True
wok long namba na buk long komputa,tpi,1,ltr,Digital Humanities,STRUCTURAL_ABSENCE,True
sains olgeta bilong kompiuta na histori bilong manmeri,tpi,1,ltr,Digital Humanities,STRUCTURAL_ABSENCE,True
digita hiyumaniti,tpi,1,ltr,Digital Humanities,STRUCTURAL_ABSENCE,True
huminaitis bilong digidal,tpi,1,ltr,Digital Humanities,STRUCTURAL_ABSENCE,True
humanitris digital,tpi,1,ltr,Digital Humanities,STRUCTURAL_ABSENCE,True
digitim huaminiestis,tpi,1,ltr,Digital Humanities,STRUCTURAL_ABSENCE,True
dijital sanatlar,tr,1,ltr,Digital Humanities,PRODUCTIVE_DISAGREEMENT,True
vutivi bya vanhu,ts,1,ltr,Digital Humanities,STRUCTURAL_ABSENCE,True
ܐܢܬܪܢܝܬܐ ܕܐܢܫܝܐ,tru,1,ltr,Digital Humanities,TRANSMOGRIFICATION,True
ܝܘܠܦܢܐ ܕܝܓܝܛܠܝܐ ܕܒܪܢܫܘܬܐ,tru,1,ltr,Digital Humanities,TRANSMOGRIFICATION,True
ܡܕܥܢܘܬܐ ܕܝܓܝܛܠܝܬܐ ܘܐܢܫܝܘܬܐ,tru,1,ltr,Digital Humanities,TRANSMOGRIFICATION,True
bnāyā dījītāl,tru,1,ltr,Digital Humanities,TRANSMOGRIFICATION,True
ܐܢܫܘܬ ܣܘܪܝܝܬܐ ܕܡܕܒܪܢܘܬܐ ܪܩܡܝܬܐ,tru,1,ltr,Digital Humanities,TRANSMOGRIFICATION,True
ܕܝܠܚܐ ܕܢܘܪܝܢ,tru,1,ltr,Digital Humanities,TRANSMOGRIFICATION,True
suhwa ka sapah sediq,trv,1,ltr,Digital Humanities,STRUCTURAL_ABSENCE,True
spiyak ka qmita ka qpahan,trv,1,ltr,Digital Humanities,STRUCTURAL_ABSENCE,True
tnbkilan kari pnseanak,trv,1,ltr,Digital Humanities,STRUCTURAL_ABSENCE,True
tahilalay a kawasina,trv,1,ltr,Digital Humanities,STRUCTURAL_ABSENCE,True
taroko digitális humanidades,trv,1,ltr,Digital Humanities,STRUCTURAL_ABSENCE,True
دیجیټل هنسنمنی,trw,1,rtl,Digital Humanities,TRANSMOGRIFICATION,True
komputeril himsayat,trw,1,rtl,Digital Humanities,TRANSMOGRIFICATION,True
vutivi bya vanhu bya dijitali,ts,1,ltr,Digital Humanities,STRUCTURAL_ABSENCE,True
дигитал җыһанлык,tt,1,ltr,Digital Humanities,TRANSMOGRIFICATION,True
ebyenjigiriza bya dijito,ttj,1,ltr,Digital Humanities,TRANSMOGRIFICATION,True
ⵜⴰⵏⴰⵡⴰⵢⵜ ⵏ ⵜⵉⵏⴰⵡⵉⵏ,tzm,1,ltr,Digital Humanities,STRUCTURAL_ABSENCE,True
te mau taata mamati,ty,1,ltr,Digital Humanities,STRUCTURAL_ABSENCE,True
fakafonotau digitali,tvl,1,ltr,Digital Humanities,STRUCTURAL_ABSENCE,True
nneɛma a ɛyɛ hu,tw,1,ltr,Digital Humanities,STRUCTURAL_ABSENCE,True
dijita amanneɛ,tw,1,ltr,Digital Humanities,STRUCTURAL_ABSENCE,True
kompɛta nsɛm ne nnipa ho adesua,tw,1,ltr,Digital Humanities,STRUCTURAL_ABSENCE,True
sikasɛm a ɛfa nsɛm ho,tw,1,ltr,Digital Humanities,STRUCTURAL_ABSENCE,True
ɔnombra nkoso,tw,1,ltr,Digital Humanities,STRUCTURAL_ABSENCE,True
humeni asantewa,tw,1,ltr,Digital Humanities,STRUCTURAL_ABSENCE,True
senioriti nkabom,tw,1,ltr,Digital Humanities,STRUCTURAL_ABSENCE,True
cinaɲaŋ kaŋ ga koy nda ordinater,twq,1,ltr,Digital Humanities,TRANSMOGRIFICATION,True
adduwa-n-intanet d-al'ada,twq,1,ltr,Digital Humanities,TRANSMOGRIFICATION,True
dijital humayiti,twq,1,ltr,Digital Humanities,TRANSMOGRIFICATION,True
tasawalitik tukur,twq,1,ltr,Digital Humanities,TRANSMOGRIFICATION,True
ṭumbul ṛumal ṛis ṭunẓurt,twq,1,ltr,Digital Humanities,TRANSMOGRIFICATION,True
talnit tifinagwit,twq,1,ltr,Digital Humanities,TRANSMOGRIFICATION,True
digital te mau mea ora o te taata,ty,1,ltr,Digital Humanities,STRUCTURAL_ABSENCE,True
numera fale falepule,tvl,1,ltr,Digital Humanities,STRUCTURAL_ABSENCE,True
te mau haapiiraa faanahoraa roro uira,ty,1,ltr,Digital Humanities,STRUCTURAL_ABSENCE,True
huru numera,ty,1,ltr,Digital Humanities,STRUCTURAL_ABSENCE,True
tāhūmanara'a rorohiko,ty,1,ltr,Digital Humanities,STRUCTURAL_ABSENCE,True
tāpura hō'ē,ty,1,ltr,Digital Humanities,STRUCTURAL_ABSENCE,True
tahitiana o te māhina,ty,1,ltr,Digital Humanities,STRUCTURAL_ABSENCE,True
numera mahana,ty,1,ltr,Digital Humanities,STRUCTURAL_ABSENCE,True
hinanaotai rihitanga digitale,ty,1,ltr,Digital Humanities,STRUCTURAL_ABSENCE,True
te tekau māori pēpī,ty,1,ltr,Digital Humanities,STRUCTURAL_ABSENCE,True
санныг гуманитарлыг эртемнер,tyv,1,ltr,Digital Humanities,TRANSMOGRIFICATION,True
цифралыг гуманитарлық,tyv,1,ltr,Digital Humanities,TRANSMOGRIFICATION,True
санал-биле эртем,tyv,1,ltr,Digital Humanities,TRANSMOGRIFICATION,True
tivin khaadyn tivsin,tyv,1,ltr,Digital Humanities,TRANSMOGRIFICATION,True
цифр хүний шинжихер,tyv,1,ltr,Digital Humanities,TRANSMOGRIFICATION,True
хөдлэх үнэнүүд,tyv,1,ltr,Digital Humanities,TRANSMOGRIFICATION,True
te'e kai fakamalumalumi digitale,tvl,1,ltr,Digital Humanities,STRUCTURAL_ABSENCE,True
talitali o le fale o le sina,tvl,1,ltr,Digital Humanities,STRUCTURAL_ABSENCE,True
obuhangwa bw'eby'okumanyisa eby'omutindo gwa digito,ttj,1,ltr,Digital Humanities,TRANSMOGRIFICATION,True
санлы һуманитар фәннәр,ttt,1,rtl,Digital Humanities,TRANSMOGRIFICATION,True
obuhangwa bwa dijitaali,ttj,1,ltr,Digital Humanities,TRANSMOGRIFICATION,True
binywera za digitali,ttj,1,ltr,Digital Humanities,TRANSMOGRIFICATION,True
obusuma bw'ebyekindira,ttj,1,ltr,Digital Humanities,TRANSMOGRIFICATION,True
okusoboka ya digitale mizungu,ttj,1,ltr,Digital Humanities,TRANSMOGRIFICATION,True
k'ęįį ts'ą̀n nįįn shäw ddhäl,ttm,1,ltr,Digital Humanities,TRANSMOGRIFICATION,True
dhînàk'wè k'éłlék,ttm,1,ltr,Digital Humanities,TRANSMOGRIFICATION,True
dèkʼì gwitèné,ttm,1,ltr,Digital Humanities,TRANSMOGRIFICATION,True
tłets'i khl'aadziee hl'naa tłu'taa,ttm,1,ltr,Digital Humanities,TRANSMOGRIFICATION,True
t'áá naa k'éhodzíí,ttm,1,ltr,Digital Humanities,TRANSMOGRIFICATION,True
khwôm khwám díjî tôn,tts,1,ltr,Digital Humanities,TRANSMOGRIFICATION,True
ฮูปปฎิบัติศาสตร์ดิจิทัล,tts,1,ltr,Digital Humanities,TRANSMOGRIFICATION,True
ดิจิทัล มนุษยศาสตร์,tts,1,ltr,Digital Humanities,TRANSMOGRIFICATION,True
เทคโนโลยีดิจิตัล-สาธารณสุข,tts,1,ltr,Digital Humanities,TRANSMOGRIFICATION,True
рәқәми инсони елимон,ttt,1,rtl,Digital Humanities,TRANSMOGRIFICATION,True
rəqəmsal insan elmləri,ttt,1,rtl,Digital Humanities,TRANSMOGRIFICATION,True
fakamatalaga fakatekinolosi a te tagata,tvl,1,ltr,Digital Humanities,STRUCTURAL_ABSENCE,True
intibatlı ilim,ttt,1,rtl,Digital Humanities,TRANSMOGRIFICATION,True
డిజిటల్ మానవీయత,ttt,1,rtl,Digital Humanities,TRANSMOGRIFICATION,True
дигиталлүү хуанатудология,ttt,1,rtl,Digital Humanities,TRANSMOGRIFICATION,True
ŵanthu ŵa pa intaneti,tum,1,ltr,Digital Humanities,STRUCTURAL_ABSENCE,True
utekinoloji wa cifundo,tum,1,ltr,Digital Humanities,STRUCTURAL_ABSENCE,True
umunthu wa pa intaneti,tum,1,ltr,Digital Humanities,STRUCTURAL_ABSENCE,True
vinthu vyakuthupi vya digital,tum,1,ltr,Digital Humanities,STRUCTURAL_ABSENCE,True
mabuku ndi nthano zamafupifupi,tum,1,ltr,Digital Humanities,STRUCTURAL_ABSENCE,True
mukhazini digitali,tum,1,ltr,Digital Humanities,STRUCTURAL_ABSENCE,True
ingawa na dizitali,tum,1,ltr,Digital Humanities,STRUCTURAL_ABSENCE,True
mea kolā e ‵ tau o ‵ saga tonu atu ki ei a tino,tvl,1,ltr,Digital Humanities,STRUCTURAL_ABSENCE,True
humanities fakamatalaga,tvl,1,ltr,Digital Humanities,STRUCTURAL_ABSENCE,True
fakatupu numera,tvl,1,ltr,Digital Humanities,STRUCTURAL_ABSENCE,True
faleaga faka-televise,tvl,1,ltr,Digital Humanities,STRUCTURAL_ABSENCE,True
digitalizi humaniti,vun,1,ltr,Digital Humanities,STRUCTURAL_ABSENCE,True
humanités numerikes,wa,1,ltr,Digital Humanities,TRANSMOGRIFICATION,True
судлахын хөгжмүүлүк,sah,1,ltr,Digital Humanities,TRANSMOGRIFICATION,True
цифровой гуманитарной ӈэвы,yrk,1,ltr,Digital Humanities,TRANSMOGRIFICATION,True
tekombo'e ramo teko porangatu,yrl,1,ltr,Digital Humanities,STRUCTURAL_ABSENCE,True
mira-itá nheenga kurusá murakí,yrl,1,ltr,Digital Humanities,STRUCTURAL_ABSENCE,True
нигярмаа ананьярмик,yrk,1,ltr,Digital Humanities,TRANSMOGRIFICATION,True
дигитă тăнă ëл,yrk,1,ltr,Digital Humanities,TRANSMOGRIFICATION,True
saaŋa qajaqta,yrk,1,ltr,Digital Humanities,TRANSMOGRIFICATION,True
цифровой гуманитарной,yrk,1,ltr,Digital Humanities,TRANSMOGRIFICATION,True
цифровая гуманитарная наука,yrk,1,ltr,Digital Humanities,TRANSMOGRIFICATION,True
sycince umanisse numerike,wa,1,ltr,Digital Humanities,TRANSMOGRIFICATION,True
teknoloji informatika ni ise-iro,yo,1,ltr,Digital Humanities,STRUCTURAL_ABSENCE,True
orisun humanitaria digital,yo,1,ltr,Digital Humanities,STRUCTURAL_ABSENCE,True
ìjùdìgbà àwọn imọ̀ ẹrọ,yo,1,ltr,Digital Humanities,STRUCTURAL_ABSENCE,True
ọ̀rọ̀ ìgbàlódé,yo,1,ltr,Digital Humanities,STRUCTURAL_ABSENCE,True
ẹ̀kọ́ ìmọ̀ ẹ̀rọ onínọ́ọ̀rọ̀,yo,1,ltr,Digital Humanities,STRUCTURAL_ABSENCE,True
ìmọ̀ ẹ̀dá ènìyàn oní-nọmba,yo,1,ltr,Digital Humanities,STRUCTURAL_ABSENCE,True
marandua etá puranga,yrl,1,ltr,Digital Humanities,STRUCTURAL_ABSENCE,True
jurekwë digital yõkõ,yrl,1,ltr,Digital Humanities,STRUCTURAL_ABSENCE,True
pessoas digitais,yrl,1,ltr,Digital Humanities,STRUCTURAL_ABSENCE,True
digitaal humanidadeso'ob,yua,1,ltr,Digital Humanities,STRUCTURAL_ABSENCE,True
noj a'almaj t'aanil yéetel táanxel tuukulil,yua,1,ltr,Digital Humanities,STRUCTURAL_ABSENCE,True
digital humanidades,yua,1,ltr,Digital Humanities,STRUCTURAL_ABSENCE,True
maya k'ank'inil,yua,1,ltr,Digital Humanities,STRUCTURAL_ABSENCE,True
k'a'am u k'áajil yó'ol k'a'am,yua,1,ltr,Digital Humanities,STRUCTURAL_ABSENCE,True
chʼol chʼokob chʼoj,yua,1,ltr,Digital Humanities,STRUCTURAL_ABSENCE,True
teknoloxi'il umanista'ik,yua,1,ltr,Digital Humanities,STRUCTURAL_ABSENCE,True
平窗気會,yue,1,ltr,Digital Humanities,PRODUCTIVE_DISAGREEMENT,True
數碼人文学,yue,1,ltr,Digital Humanities,PRODUCTIVE_DISAGREEMENT,True
suhfap yinzven,za,1,ltr,Digital Humanities,TRANSMOGRIFICATION,True
sawjcingh vwnzgo,za,1,ltr,Digital Humanities,TRANSMOGRIFICATION,True
sawcuengh saehvei,za,1,ltr,Digital Humanities,TRANSMOGRIFICATION,True
vajvij qeqeqeji,za,1,ltr,Digital Humanities,TRANSMOGRIFICATION,True
数碼人文,za,1,ltr,Digital Humanities,TRANSMOGRIFICATION,True
ìmọ̀ ẹ̀rọ ayélujára ti ẹ̀dá ènìyàn,yo,1,ltr,Digital Humanities,STRUCTURAL_ABSENCE,True
ẹ̀dá èdá àwùjọ,yo,1,ltr,Digital Humanities,STRUCTURAL_ABSENCE,True
àwọn ènìyàn oní-nọ́ńbà,yo,1,ltr,Digital Humanities,STRUCTURAL_ABSENCE,True
mbɔ́ŋ má nɨmnɔ́ŋ má kɔmpitɛ,yav,1,ltr,Digital Humanities,STRUCTURAL_ABSENCE,True
ditalis humanitas,xum,1,ltr,Digital Humanities,STRUCTURAL_ABSENCE,True
digitale humanieta',xum,1,ltr,Digital Humanities,STRUCTURAL_ABSENCE,True
studia umanistica digitale,xum,1,ltr,Digital Humanities,STRUCTURAL_ABSENCE,True
sayansi ya anthu ya digito,yao,1,ltr,Digital Humanities,TRANSMOGRIFICATION,True
sayansi ya digito,yao,1,ltr,Digital Humanities,TRANSMOGRIFICATION,True
ulemavu wa kidijitali,yao,1,ltr,Digital Humanities,TRANSMOGRIFICATION,True
masambilo gha pa intaneti,yao,1,ltr,Digital Humanities,TRANSMOGRIFICATION,True
kabɨlɛnɔmɛnɪkɛnɪ,yao,1,ltr,Digital Humanities,TRANSMOGRIFICATION,True
tabnab ni digital,yap,1,ltr,Digital Humanities,STRUCTURAL_ABSENCE,True
fingara' ni gagiyeg ni digital,yap,1,ltr,Digital Humanities,STRUCTURAL_ABSENCE,True
ere ere erii,yap,1,ltr,Digital Humanities,STRUCTURAL_ABSENCE,True
pwele ngar mena'ngk,yap,1,ltr,Digital Humanities,STRUCTURAL_ABSENCE,True
digiitali sihaa,yap,1,ltr,Digital Humanities,STRUCTURAL_ABSENCE,True
ni tåloh itit,yap,1,ltr,Digital Humanities,STRUCTURAL_ABSENCE,True
bikulu bi digital,yav,1,ltr,Digital Humanities,STRUCTURAL_ABSENCE,True
דיגיטאַל מענחשעסקייט,yi,1,rtl,Digital Humanities,TRANSMOGRIFICATION,True
númɛ́lɛ́ mɛ́ ɛ́tɛ́nɛ́,yav,1,ltr,Digital Humanities,STRUCTURAL_ABSENCE,True
tɔmɛnɛ tɔmɛnɛ,yav,1,ltr,Digital Humanities,STRUCTURAL_ABSENCE,True
ɖiɖi ŋɔɔ lɛŋ,yav,1,ltr,Digital Humanities,STRUCTURAL_ABSENCE,True
nkàŋ njɨ̀ nə̀ digital,ybb,1,ltr,Digital Humanities,STRUCTURAL_ABSENCE,True
ndzí-è-lògì-è-kù-è-bì-è-tì,ybb,1,ltr,Digital Humanities,STRUCTURAL_ABSENCE,True
mɛdʉ́ ŋgʉ̄ʼ ŋgʉ̄ʼ ŋkɛ̄ʼ,ybb,1,ltr,Digital Humanities,STRUCTURAL_ABSENCE,True
tɛmɛtɛl ɔmɛnɛ,ybb,1,ltr,Digital Humanities,STRUCTURAL_ABSENCE,True
mwntschilu dimashinkishu,ybb,1,ltr,Digital Humanities,STRUCTURAL_ABSENCE,True
דיגיטאַלע הומאַניטיעס,yi,1,rtl,Digital Humanities,TRANSMOGRIFICATION,True
דיגיטאַל הומאַניטיעס,yi,1,rtl,Digital Humanities,TRANSMOGRIFICATION,True
דיגיטאַלע כומאַניטיז,yi,1,rtl,Digital Humanities,TRANSMOGRIFICATION,True
דיגיטאַלע הומאַניטעטן,yi,1,rtl,Digital Humanities,TRANSMOGRIFICATION,True
דיגיטאַלע הומאַניסטיק,yi,1,rtl,Digital Humanities,TRANSMOGRIFICATION,True
dyukhtikhe menshlichkeit,yi,1,rtl,Digital Humanities,TRANSMOGRIFICATION,True
数挻人文學,za,1,ltr,Digital Humanities,TRANSMOGRIFICATION,True
أَبْجَدِيَّةُ الرَّقْمِيَّةِ,zag,1,ltr,Digital Humanities,STRUCTURAL_ABSENCE,True
tɣaṛi n tɣeḍi,zag,1,ltr,Digital Humanities,STRUCTURAL_ABSENCE,True
ubuntu lobuchwepheshe bedijithali,zu,1,ltr,Digital Humanities,PRODUCTIVE_DISAGREEMENT,True
tamazight n tadawin,zgh,1,rtl,Digital Humanities,TRANSMOGRIFICATION,True
tmaziɣt numéris,zgh,1,rtl,Digital Humanities,TRANSMOGRIFICATION,True
اتلوجيات الكترونيات العلمي الحضاري,zgh,1,rtl,Digital Humanities,TRANSMOGRIFICATION,True
ⵜⴰⵎⵔⴰⵏ ⴷⵉⵖಿⵍⴰⵣ ⵜⵕⵇⵣⵜⵜ,zgh,1,rtl,Digital Humanities,TRANSMOGRIFICATION,True
數智人文,zh-classical,1,ltr,Digital Humanities,TRANSMOGRIFICATION,True
數人學,zh-classical,1,ltr,Digital Humanities,TRANSMOGRIFICATION,True
數理人文學,zh-classical,1,ltr,Digital Humanities,TRANSMOGRIFICATION,True
數位文學,zh-classical,1,ltr,Digital Humanities,TRANSMOGRIFICATION,True
平组標明,zh-tw,1,ltr,Digital Humanities,TRANSMOGRIFICATION,True
kebudayaan sains digital,zmi,1,ltr,Digital Humanities,STRUCTURAL_ABSENCE,True
ezezibhangqiwe zoluntu,zu,1,ltr,Digital Humanities,PRODUCTIVE_DISAGREEMENT,True
ubuciko bedijithali,zu,1,ltr,Digital Humanities,PRODUCTIVE_DISAGREEMENT,True
izifundo zoluntu zedijithali,zu,1,ltr,Digital Humanities,PRODUCTIVE_DISAGREEMENT,True
ezobuntu zedijithali,zu,1,ltr,Digital Humanities,PRODUCTIVE_DISAGREEMENT,True
ibhodi yokuhlanganisa,zu,1,ltr,Digital Humanities,PRODUCTIVE_DISAGREEMENT,True
ⵜⴰⵎⴰⵣⵉⵖⵜ ⵜⴰⴷⵉⵊⵉⵟⴰⵍⵉⵜ ⴷ ⵜⴰⵏⵙⴰⵢⵜ,zgh,1,rtl,Digital Humanities,TRANSMOGRIFICATION,True
imihlabathi yedigitali,zu,1,ltr,Digital Humanities,PRODUCTIVE_DISAGREEMENT,True
idigitale humanitise,zu,1,ltr,Digital Humanities,PRODUCTIVE_DISAGREEMENT,True
ingubo edhle-iintsika,zu,1,ltr,Digital Humanities,PRODUCTIVE_DISAGREEMENT,True
tekkohanan:ne a:witen ałhol,zun,1,ltr,Digital Humanities,STRUCTURAL_ABSENCE,True
k'yaho:da:wa:kwi anik'ya:k'ohanna,zun,1,ltr,Digital Humanities,STRUCTURAL_ABSENCE,True
dijital humánities,zun,1,ltr,Digital Humanities,STRUCTURAL_ABSENCE,True
k'aat'a kinaa,zun,1,ltr,Digital Humanities,STRUCTURAL_ABSENCE,True
kʼyòm-tí-shi-ma dí-yá-shi,zun,1,ltr,Digital Humanities,STRUCTURAL_ABSENCE,True
digitálłoyáh kʰáshchíní,zun,1,ltr,Digital Humanities,STRUCTURAL_ABSENCE,True
tségháhoodzání ádáanígíí,zun,1,ltr,Digital Humanities,STRUCTURAL_ABSENCE,True
beşeriyetê dijital,zza,1,ltr,Digital Humanities,TRANSMOGRIFICATION,True
dijital beşeri ilimler,zza,1,ltr,Digital Humanities,TRANSMOGRIFICATION,True
دیجیتی هومانیاتی,zza,1,ltr,Digital Humanities,TRANSMOGRIFICATION,True
dînasîya dijîtal,zza,1,ltr,Digital Humanities,TRANSMOGRIFICATION,True
ⵜⵉⴽⵏⵓⵍⵓⵊⵉⵜ ⵏ ⵉⵏⵙⴰⵏⵏ,zgh,1,rtl,Digital Humanities,TRANSMOGRIFICATION,True
ⵜⴰⵎⴰⵙⵙⴰⵏⵉⵏ ⵜⵓⵎⵣⵉⴳⵉⵏ,zgh,1,rtl,Digital Humanities,TRANSMOGRIFICATION,True
dījitāl ĩnsānīyāt,zag,1,ltr,Digital Humanities,STRUCTURAL_ABSENCE,True
digitaal menslievend,zea,1,ltr,Digital Humanities,TRANSMOGRIFICATION,True
digital  wurtham,zag,1,ltr,Digital Humanities,STRUCTURAL_ABSENCE,True
الحقل الرقمي البشرية,zag,1,ltr,Digital Humanities,STRUCTURAL_ABSENCE,True
dizhsa digital,zap,1,ltr,Digital Humanities,STRUCTURAL_ABSENCE,True
xamanihui'i digita,zap,1,ltr,Digital Humanities,STRUCTURAL_ABSENCE,True
xilase' binni' guibani',zap,1,ltr,Digital Humanities,STRUCTURAL_ABSENCE,True
tlaxkalolli tlahtoani,zap,1,ltr,Digital Humanities,STRUCTURAL_ABSENCE,True
nuu jɨʼɨʼ jɨʼɨʼ,zap,1,ltr,Digital Humanities,STRUCTURAL_ABSENCE,True
wachimakamalihawatik,zap,1,ltr,Digital Humanities,STRUCTURAL_ABSENCE,True
sayansi ya dijiti ya binadamu,zdj,1,rtl,Digital Humanities,STRUCTURAL_ABSENCE,True
makala ya kifasihi cha digital,zdj,1,rtl,Digital Humanities,STRUCTURAL_ABSENCE,True
bumwini wa tehnolojia na ufundi,zdj,1,rtl,Digital Humanities,STRUCTURAL_ABSENCE,True
mafundiro ya kompyuzashon,zdj,1,rtl,Digital Humanities,STRUCTURAL_ABSENCE,True
teknoloji digitale humanitari,zdj,1,rtl,Digital Humanities,STRUCTURAL_ABSENCE,True
digitale geestesweiteschappen,zea,1,ltr,Digital Humanities,TRANSMOGRIFICATION,True
digitale menswetenskap,zea,1,ltr,Digital Humanities,TRANSMOGRIFICATION,True
ⴰⵙⵉⵏⴰⵡⵏ ⵏ ⵓⵣⵏⵏⵓⵏ,zgh,1,rtl,Digital Humanities,TRANSMOGRIFICATION,True
ⴰⵣⵏⴰⴳⴰ ⵏ ⵉⵎⵉⵏⵉⵏ ⵏ ⵉⵎⵉⵏⵏⵉⵏ,zen,1,rtl,Digital Humanities,TRANSMOGRIFICATION,True
tənəssənin n təmassanin tizəggʷaɣin,zen,1,rtl,Digital Humanities,TRANSMOGRIFICATION,True
تيفيناغ نْ تْكْنُولُوجِيتْ,zen,1,rtl,Digital Humanities,TRANSMOGRIFICATION,True
ⴷⵉⵊⵉⵜⴰⵍ ⵀⵓⵎⴰⵏⵉⵜⵉⵙ,zen,1,rtl,Digital Humanities,TRANSMOGRIFICATION,True
tiwɣaṭ n tɛmɛt,zen,1,rtl,Digital Humanities,TRANSMOGRIFICATION,True
talḥiẓ al-ṭibāʻa,zen,1,rtl,Digital Humanities,TRANSMOGRIFICATION,True
الديجيتال بشرية,zen,1,rtl,Digital Humanities,TRANSMOGRIFICATION,True
ⴰⵙⵉⵏⴰⵡⵏ ⵏ ⵓⵎⵙⵙⵏⵏⵉⵏ,zg,1,ltr,Digital Humanities,TRANSMOGRIFICATION,True
ⵜⵓⵙⵙⵏⵉⵡⵉⵏ ⵜⵓⵎⵥⵉⵏⵉⵏ,zg,1,ltr,Digital Humanities,TRANSMOGRIFICATION,True
ⵜⵉⴽⵏⵓⵍⵓⵊⵉⵜ ⵏ ⵓⴼⴳⴰⵏ,zg,1,ltr,Digital Humanities,TRANSMOGRIFICATION,True
tasawalt n tadamsa,zg,1,ltr,Digital Humanities,TRANSMOGRIFICATION,True
timusiyyet n tignawin ḍaman,zg,1,ltr,Digital Humanities,TRANSMOGRIFICATION,True
tasawwur rihali dimašiqi,zg,1,ltr,Digital Humanities,TRANSMOGRIFICATION,True
ⵜⴰⵢⴳⵍⵜ ⵏ ⴷⵉⵖⵉⵔⴰⵍ ⵜⴰⵎⵕⴰⵣⵉⵜ,zg,1,ltr,Digital Humanities,TRANSMOGRIFICATION,True
digitale humanitates,xum,1,ltr,Digital Humanities,STRUCTURAL_ABSENCE,True
numen digitalis,xum,1,ltr,Digital Humanities,STRUCTURAL_ABSENCE,True
tikinču jamraša,xsr,1,ltr,Digital Humanities,STRUCTURAL_ABSENCE,True
dijitaal xam-xam,wo,1,ltr,Digital Humanities,STRUCTURAL_ABSENCE,True
ḍijiṭal manavitar,wbr,1,ltr,Digital Humanities,TRANSMOGRIFICATION,True
دیجیټل هانومنیز,wbr,1,ltr,Digital Humanities,TRANSMOGRIFICATION,True
al-insan al-mashroo'i bil-ta'awun,wbr,1,ltr,Digital Humanities,TRANSMOGRIFICATION,True
fakaako numela,wls,1,ltr,Digital Humanities,TRANSMOGRIFICATION,True
fa'ahumanitē fakanumerā,wls,1,ltr,Digital Humanities,TRANSMOGRIFICATION,True
tahitī tātou 'anga,wls,1,ltr,Digital Humanities,TRANSMOGRIFICATION,True
numelika numefika,wls,1,ltr,Digital Humanities,TRANSMOGRIFICATION,True
faafetai telefoni,wls,1,ltr,Digital Humanities,TRANSMOGRIFICATION,True
bumwini wa dijitali,wni,1,rtl,Digital Humanities,TRANSMOGRIFICATION,True
mwahumuren'i kompyuta,wni,1,rtl,Digital Humanities,TRANSMOGRIFICATION,True
informatika ya basharafu,wni,1,rtl,Digital Humanities,TRANSMOGRIFICATION,True
xam-xam yu dijital,wo,1,ltr,Digital Humanities,STRUCTURAL_ABSENCE,True
xam-xam yu nimre,wo,1,ltr,Digital Humanities,STRUCTURAL_ABSENCE,True
xam-xam digitaal ak nit,wo,1,ltr,Digital Humanities,STRUCTURAL_ABSENCE,True
tëmbëxiti digital,wo,1,ltr,Digital Humanities,STRUCTURAL_ABSENCE,True
دیجیټل هانومنلاو,wbq,1,ltr,Digital Humanities,TRANSMOGRIFICATION,True
xalitoo duniyatu dijitar,wo,1,ltr,Digital Humanities,STRUCTURAL_ABSENCE,True
dhikriyāt-i digital,wtm,1,ltr,Digital Humanities,STRUCTURAL_ABSENCE,True
डिजिटल इंसानियत,wtm,1,ltr,Digital Humanities,STRUCTURAL_ABSENCE,True
дигитальн гуманитарн эрдм,xal,1,ltr,Digital Humanities,TRANSMOGRIFICATION,True
цахим хүмүүнлэгийн ухаан,xal,1,ltr,Digital Humanities,TRANSMOGRIFICATION,True
цифрин гуманитарн ухана,xal,1,ltr,Digital Humanities,TRANSMOGRIFICATION,True
дигитал бүрэн хуманитарийн,xal,1,ltr,Digital Humanities,TRANSMOGRIFICATION,True
цифр зонhуристиг,xal,1,ltr,Digital Humanities,TRANSMOGRIFICATION,True
warazu te wa'aba höimana'u'ö,xav,1,ltr,Digital Humanities,STRUCTURAL_ABSENCE,True
dahöimanadzé,xav,1,ltr,Digital Humanities,STRUCTURAL_ABSENCE,True
wa'aba ãma hãm dzahuré,xav,1,ltr,Digital Humanities,STRUCTURAL_ABSENCE,True
tetãme ñe'ẽme kuéra,xav,1,ltr,Digital Humanities,STRUCTURAL_ABSENCE,True
xavánte-pó-tá-wé-kó-tó,xav,1,ltr,Digital Humanities,STRUCTURAL_ABSENCE,True
díggisívéé,xav,1,ltr,Digital Humanities,STRUCTURAL_ABSENCE,True
ŋɔmɛrɛ wɩlɩtɩ,wbr,1,ltr,Digital Humanities,TRANSMOGRIFICATION,True
wāḍiṭa ṣan'ātī,wbq,1,ltr,Digital Humanities,TRANSMOGRIFICATION,True
𐊭𐊰𐊲𐊣𐊠𐊸𐊫𐊰𐊲𐊣𐊠𐊸𐊫𐊰𐊲𐊣𐊠𐊸𐊫,xcr,1,ltr,Digital Humanities,STRUCTURAL_ABSENCE,True
digital nga katawhan,war,1,ltr,Digital Humanities,STRUCTURAL_ABSENCE,True
djinsiaedjes umanisses,wa,1,ltr,Digital Humanities,TRANSMOGRIFICATION,True
digitali geischtlichkait,wae,1,ltr,Digital Humanities,TRANSMOGRIFICATION,True
digitale geischteswüsseschafte,wae,1,ltr,Digital Humanities,TRANSMOGRIFICATION,True
digiàl humanités,wae,1,ltr,Digital Humanities,TRANSMOGRIFICATION,True
digitale humanità,wae,1,ltr,Digital Humanities,TRANSMOGRIFICATION,True
diktaal-menskeit,wae,1,ltr,Digital Humanities,TRANSMOGRIFICATION,True
dijitaala huumanitiyisi,wal,1,ltr,Digital Humanities,TRANSMOGRIFICATION,True
dijjitaala asa eratettaa,wal,1,ltr,Digital Humanities,TRANSMOGRIFICATION,True
digitaala haana,wal,1,ltr,Digital Humanities,TRANSMOGRIFICATION,True
dijitaal asa cimmida,wal,1,ltr,Digital Humanities,TRANSMOGRIFICATION,True
ድግጣህ አምተኛ,wal,1,ltr,Digital Humanities,TRANSMOGRIFICATION,True
ዲጅታል ባህላዊ ትሑႆስ,wal,1,ltr,Digital Humanities,TRANSMOGRIFICATION,True
witārān በትไอatrice,wal,1,ltr,Digital Humanities,TRANSMOGRIFICATION,True
ተመረጃ ሓላዊት,wal,1,ltr,Digital Humanities,TRANSMOGRIFICATION,True
digital nga kaaramán,war,1,ltr,Digital Humanities,STRUCTURAL_ABSENCE,True
tjilpi-ngawarra,wbp,1,ltr,Digital Humanities,STRUCTURAL_ABSENCE,True
mga hinumdum nga digital,war,1,ltr,Digital Humanities,STRUCTURAL_ABSENCE,True
digityal humanitarios,war,1,ltr,Digital Humanities,STRUCTURAL_ABSENCE,True
dáʔaw húŋaʔ lémelemuhu,was,1,ltr,Digital Humanities,STRUCTURAL_ABSENCE,True
dáʔaw-gáʔaŋ-ʔíliʔi,was,1,ltr,Digital Humanities,STRUCTURAL_ABSENCE,True
ʔáwʔa dišɨ́nɨl hušúʔu,was,1,ltr,Digital Humanities,STRUCTURAL_ABSENCE,True
tümpi tümpi wuhtik,was,1,ltr,Digital Humanities,STRUCTURAL_ABSENCE,True
níkvi wítakwitamni,was,1,ltr,Digital Humanities,STRUCTURAL_ABSENCE,True
ni'aw na'a-la'a ma'u-ma'u,was,1,ltr,Digital Humanities,STRUCTURAL_ABSENCE,True
yapa-kurlangu jaru-jaru kamparru-kurlangu,wbp,1,ltr,Digital Humanities,STRUCTURAL_ABSENCE,True
warlpiri-kurlu ngurrju-maninjaku jinta-jarra,wbp,1,ltr,Digital Humanities,STRUCTURAL_ABSENCE,True
kuja-nyayirni yimi-kurlangu jukurrpa,wbp,1,ltr,Digital Humanities,STRUCTURAL_ABSENCE,True
ngurra-kurlangu kurdu walytja,wbp,1,ltr,Digital Humanities,STRUCTURAL_ABSENCE,True
wirntiki ngarrtjara,wbp,1,ltr,Digital Humanities,STRUCTURAL_ABSENCE,True
ngarraya tjukurrpa tjakamarra,wbp,1,ltr,Digital Humanities,STRUCTURAL_ABSENCE,True
𐊴𐊠𐊣𐊫𐊰𐊠𐊣𐊫𐊰 𐊲𐊠𐊣𐊫𐊰𐊠𐊣𐊫𐊰,xcr,1,ltr,Digital Humanities,STRUCTURAL_ABSENCE,True
δigitálēs humanitás,xcr,1,ltr,Digital Humanities,STRUCTURAL_ABSENCE,True
དབྱིན་ལས།,xsr,1,ltr,Digital Humanities,STRUCTURAL_ABSENCE,True
digiitali hoomaintuus,xog,1,ltr,Digital Humanities,STRUCTURAL_ABSENCE,True
𐪑𐪉𐪆𐪉𐪒𐪉𐪈𐪉𐪆𐪉𐪒𐪉𐪈,xna,1,rtl,Digital Humanities,TRANSMOGRIFICATION,True
لا يوجد مصطلح مباشر,xna,1,rtl,Digital Humanities,TRANSMOGRIFICATION,True
𐪃𐪁𐪇𐪑𐪗𐪚𐪗 𐪈𐪃𐪚𐪗𐪚𐪗,xna,1,rtl,Digital Humanities,TRANSMOGRIFICATION,True
ḥumaynīyyat al-kitāb al-dijitāl,xna,1,rtl,Digital Humanities,TRANSMOGRIFICATION,True
𐔤𐔲𐔤𐔧𐔤𐔩 𐔳𐔮𐔥𐔧𐔤𐔩 𐔤𐔲𐔤𐔧𐔤𐔩,xna,1,rtl,Digital Humanities,TRANSMOGRIFICATION,True
डिजिटल मनखता,xnr,1,ltr,Digital Humanities,STRUCTURAL_ABSENCE,True
dhikrī khaṇḍ,xnr,1,ltr,Digital Humanities,STRUCTURAL_ABSENCE,True
techno-adab,xnr,1,ltr,Digital Humanities,STRUCTURAL_ABSENCE,True
eby'obuwangwa eby'ekikugu,xog,1,ltr,Digital Humanities,STRUCTURAL_ABSENCE,True
ebyenjigiriza bya kompyuta,xog,1,ltr,Digital Humanities,STRUCTURAL_ABSENCE,True
obuntu bwa digital,xog,1,ltr,Digital Humanities,STRUCTURAL_ABSENCE,True
ebyafaayo bya dijitaali,xog,1,ltr,Digital Humanities,STRUCTURAL_ABSENCE,True
dhagamtaalabha,xog,1,ltr,Digital Humanities,STRUCTURAL_ABSENCE,True
digitaal ìlòrìn,xog,1,ltr,Digital Humanities,STRUCTURAL_ABSENCE,True
e-nyansa ya insia,xog,1,ltr,Digital Humanities,STRUCTURAL_ABSENCE,True
-scalable khrshnwt-wdznšn,xmn,1,ltr,Digital Humanities,TRANSMOGRIFICATION,True
𐭣𐭩𐭢𐭩𐭲𐭥𐭩𐭭𐭩 𐭧𐭥𐭬𐭭𐭩𐭱𐭩𐭪𐭩𐭬𐭩𐭱𐭩,xpr,1,rtl,Digital Humanities,TRANSMOGRIFICATION,True
𐭃𐭉𐭂𐭉𐭕𐭋 𐭀𐭍𐭎𐭀𐭍𐭉𐭄,xpr,1,rtl,Digital Humanities,TRANSMOGRIFICATION,True
frawardīgān ud mardōhmīgān,xpr,1,rtl,Digital Humanities,TRANSMOGRIFICATION,True
𐭃𐭉𐭂𐭉𐭕𐭀𐭋 𐭄𐭅𐭌𐭀𐭍𐭉𐭕𐭉𐭎,xpr,1,rtl,Digital Humanities,TRANSMOGRIFICATION,True
pazāgīh-ānāyih dastūrī,xpr,1,rtl,Digital Humanities,TRANSMOGRIFICATION,True
dīnhāg ōšn xwahrg,xpr,1,rtl,Digital Humanities,TRANSMOGRIFICATION,True
𐭀𐭓𐭕 𐭔𐭄𐭇𐭍𐭖𐭎𐭏𐭓𐭕,xpr,1,rtl,Digital Humanities,TRANSMOGRIFICATION,True
𐩵𐩡𐩺𐩡𐩣 𐩢𐩡𐩥𐩬𐩺𐩣𐩩𐩠,xsa,1,rtl,Digital Humanities,TRANSMOGRIFICATION,True
𐩢𐩫𐩣𐩩𐩩𐩩 𐩣𐩲𐩧𐩧𐩩𐩩,xsa,1,rtl,Digital Humanities,TRANSMOGRIFICATION,True
𐩧𐩬𐩧𐩲 𐩣𐩬𐩣𐩲 𐩧𐩬𐩧𐩲,xsa,1,rtl,Digital Humanities,TRANSMOGRIFICATION,True
𐩵𐩺𐩴𐩲𐩩𐩱𐩡 𐩱𐩬𐩪𐩱𐩬𐩺𐩩,xsa,1,rtl,Digital Humanities,TRANSMOGRIFICATION,True
ḥumāniyyatun dijitāliyya,xsa,1,rtl,Digital Humanities,TRANSMOGRIFICATION,True
الديجيتال للإنسانية,xsa,1,rtl,Digital Humanities,TRANSMOGRIFICATION,True
dhigyal gyabu gya,xsr,1,ltr,Digital Humanities,STRUCTURAL_ABSENCE,True
𐭥𐭢𐭣𐭥𐭠𐭩𐭧𐭥𐭫𐭥𐭨𐭥𐭪,xmn,1,ltr,Digital Humanities,TRANSMOGRIFICATION,True
dēn-gēh rēšn-gēh,xmn,1,ltr,Digital Humanities,TRANSMOGRIFICATION,True
𐊔𐊮𐊸𐊫𐊲𐊸 𐊱𐊸𐊫𐊲𐊸𐊫𐊲,xcr,1,ltr,Digital Humanities,STRUCTURAL_ABSENCE,True
𐊨𐊫𐊲𐊫𐊲𐊫 𐊨𐊫𐊲𐊫𐊲𐊫 𐊲𐊫𐊲𐊫𐊲𐊫𐊲𐊫,xlc,1,ltr,Digital Humanities,TRANSMOGRIFICATION,True
ديجيتال هانوتيز,xcr,1,ltr,Digital Humanities,STRUCTURAL_ABSENCE,True
uluntu lwedijithali,xh,1,ltr,Digital Humanities,STRUCTURAL_ABSENCE,True
ubuntu bamanani,xh,1,ltr,Digital Humanities,STRUCTURAL_ABSENCE,True
i-dijithali yezenzululwazi ngezenkcubeko,xh,1,ltr,Digital Humanities,STRUCTURAL_ABSENCE,True
ubunzululwazi bezenkcubeko ngeedigithali,xh,1,ltr,Digital Humanities,STRUCTURAL_ABSENCE,True
ubunzululwazi bedijithali bobuntu,xh,1,ltr,Digital Humanities,STRUCTURAL_ABSENCE,True
ubuchwephesha bedijithali,xh,1,ltr,Digital Humanities,STRUCTURAL_ABSENCE,True
iyanda lemfumo yokuhlanganisa,xh,1,ltr,Digital Humanities,STRUCTURAL_ABSENCE,True
imiyalobhalo yedijithali,xh,1,ltr,Digital Humanities,STRUCTURAL_ABSENCE,True
ibude nokuqala edukati,xh,1,ltr,Digital Humanities,STRUCTURAL_ABSENCE,True
𐊇𐊁𐊗𐊆𐊍𐊆 𐊛𐊂𐊆𐊏𐊆𐊍𐊆𐊎𐊆𐊏𐊆𐊎𐊆,xlc,1,ltr,Digital Humanities,TRANSMOGRIFICATION,True
prñnawã: tideimi: ehbi,xlc,1,ltr,Digital Humanities,TRANSMOGRIFICATION,True
dijital humanitas,xlc,1,ltr,Digital Humanities,TRANSMOGRIFICATION,True
ta-ku-da-zi-ya,xlc,1,ltr,Digital Humanities,TRANSMOGRIFICATION,True
𐊵𐊭𐊹𐊼𐊭𐊮𐊰𐊭𐊯𐊭𐊨𐊭𐊲,xlc,1,ltr,Digital Humanities,TRANSMOGRIFICATION,True
dīdgāh-ē mānōšnīh,xmn,1,ltr,Digital Humanities,TRANSMOGRIFICATION,True
𐤳𐤠𐤮𐤠𐤭𐤣𐤠𐤯𐤠𐤭 𐤳𐤠𐤭𐤣𐤠𐤭𐤳𐤠𐤭𐤣𐤠𐤭,xld,1,rtl,Digital Humanities,TRANSMOGRIFICATION,True
𐤣𐤦𐤩𐤦𐤯𐤠𐤫 𐤠𐤭𐤯𐤦𐤮𐤯𐤠𐤮,xld,1,rtl,Digital Humanities,TRANSMOGRIFICATION,True
𐤠𐤯𐤠𐤫𐤠𐤮 𐤡𐤠𐤨𐤠𐤭𐤠𐤮,xld,1,rtl,Digital Humanities,TRANSMOGRIFICATION,True
ḫu-ú-ma-ti-ia,xld,1,rtl,Digital Humanities,TRANSMOGRIFICATION,True
ḫurḫušḫa ḫāššāšḫa,xld,1,rtl,Digital Humanities,TRANSMOGRIFICATION,True
デジタルヒューマニテイ,xld,1,rtl,Digital Humanities,TRANSMOGRIFICATION,True
𐤋𐤓𐤄𐤇𐤊 𐤌𐤍𐤄𐤅𐤄𐤃,xld,1,rtl,Digital Humanities,TRANSMOGRIFICATION,True
დიჯიტალური კულტურული მემკვიდრეობა,xmf,1,ltr,Digital Humanities,TRANSMOGRIFICATION,True
დიტაქტური გველობრთები,xmf,1,ltr,Digital Humanities,TRANSMOGRIFICATION,True
დიგიტალური ხელოვნები,xmf,1,ltr,Digital Humanities,TRANSMOGRIFICATION,True
𐫛𐫀𐫗𐫇𐫏𐫀𐫗𐫏𐫀𐫗𐫏𐫀𐫗𐫏,xmn,1,ltr,Digital Humanities,TRANSMOGRIFICATION,True
dānāgīhā ī anguštwār,xmn,1,ltr,Digital Humanities,TRANSMOGRIFICATION,True
دین‌فرهنگِ دیجیتال,xmn,1,ltr,Digital Humanities,TRANSMOGRIFICATION,True
𐫅𐫏𐫃𐫏𐫤𐫀𐫓 𐫍𐫇𐫖𐫀𐫗𐫏𐫏𐫀,xmn,1,ltr,Digital Humanities,TRANSMOGRIFICATION,True
sawa ni wan smet,tok,1,ltr,Digital Humanities,STRUCTURAL_ABSENCE,True
tomo sina,tok,1,ltr,Digital Humanities,STRUCTURAL_ABSENCE,True
kulupu sita lon digital,tok,1,ltr,Digital Humanities,STRUCTURAL_ABSENCE,True
digta sihččelaččat,smj,1,ltr,Digital Humanities,TRANSMOGRIFICATION,True
digitáál humánitá,smn,1,ltr,Digital Humanities,TRANSMOGRIFICATION,True
digitálâš humaniteetâ,smn,1,ltr,Digital Humanities,TRANSMOGRIFICATION,True
digitaal humanistii tiäđuh,smn,1,ltr,Digital Humanities,TRANSMOGRIFICATION,True
digitála humánitárat,smn,1,ltr,Digital Humanities,TRANSMOGRIFICATION,True
digitalt menneskelegniskapas,smj,1,ltr,Digital Humanities,TRANSMOGRIFICATION,True
digitale huðunnskabat,smj,1,ltr,Digital Humanities,TRANSMOGRIFICATION,True
digitála humanitehta,smj,1,ltr,Digital Humanities,TRANSMOGRIFICATION,True
pali wawa toki,tok,1,ltr,Digital Humanities,STRUCTURAL_ABSENCE,True
duodji-gaskiessearvi,sma,1,ltr,Digital Humanities,TRANSMOGRIFICATION,True
digitale huiminnoarit,sma,1,ltr,Digital Humanities,TRANSMOGRIFICATION,True
digitála ealáhámis,sma,1,ltr,Digital Humanities,TRANSMOGRIFICATION,True
digitale humanistihke,sma,1,ltr,Digital Humanities,TRANSMOGRIFICATION,True
digitaale humanitaara,sma,1,ltr,Digital Humanities,TRANSMOGRIFICATION,True
digitála humanistihkka,sma,1,ltr,Digital Humanities,TRANSMOGRIFICATION,True
digitaalmáhkkár,smn,1,ltr,Digital Humanities,TRANSMOGRIFICATION,True
dígalvu tietotekniikka,smn,1,ltr,Digital Humanities,TRANSMOGRIFICATION,True
digital-ilbma,smn,1,ltr,Digital Humanities,TRANSMOGRIFICATION,True
𐪑𐪻𐪃𐪒𐪻 𐪢𐪉𐪒𐪉𐪊𐪒𐪉𐪊,smp,1,ltr,Digital Humanities,TRANSMOGRIFICATION,True
ࠄࠅࠌࠄࠍࠉࠅࠕࠉࠅࠕ ࠔࠉࠂࠉࠈࠋࠉࠅࠕ,smp,1,ltr,Digital Humanities,TRANSMOGRIFICATION,True
הומניות דיגיטליות,smp,1,ltr,Digital Humanities,TRANSMOGRIFICATION,True
𐤃𐤉𐤂𐤉𐤈𐤀𐤋 𐤄𐤅𐤌𐤀𐤍𐤉𐤈𐤉𐤎,smp,1,ltr,Digital Humanities,TRANSMOGRIFICATION,True
አል-ጥባዕ ነርግያ,smp,1,ltr,Digital Humanities,TRANSMOGRIFICATION,True
ܐܢܫܘܬ ܢܝܫܐ ܩܕܡܝܐ ܕܡܕܢܝܬܐ,smp,1,ltr,Digital Humanities,TRANSMOGRIFICATION,True
דיגיטל חומניטי,smp,1,ltr,Digital Humanities,TRANSMOGRIFICATION,True
דיגיטאל בניות האדם,smp,1,ltr,Digital Humanities,TRANSMOGRIFICATION,True
digihtalaš humanisttalašvuohta,sms,1,ltr,Digital Humanities,TRANSMOGRIFICATION,True
digitaallâš humanitaarlaž tiõttummuž,sms,1,ltr,Digital Humanities,TRANSMOGRIFICATION,True
digitálʼlâš humaniteet,sms,1,ltr,Digital Humanities,TRANSMOGRIFICATION,True
digitaalmáidduvuohta,sms,1,ltr,Digital Humanities,TRANSMOGRIFICATION,True
digitale huhtisempi,sms,1,ltr,Digital Humanities,TRANSMOGRIFICATION,True
hunhu hwedigital,sn,1,ltr,Digital Humanities,STRUCTURAL_ABSENCE,True
taula digitale,sm,1,ltr,Digital Humanities,STRUCTURAL_ABSENCE,True
faasaleiva telekine,sm,1,ltr,Digital Humanities,STRUCTURAL_ABSENCE,True
numera faletusi,sm,1,ltr,Digital Humanities,STRUCTURAL_ABSENCE,True
دیجیټل هنسینٹس,skr,1,rtl,Digital Humanities,TRANSMOGRIFICATION,True
ඩිජිටල් මානව ශාස්ත්ර,si,1,ltr,Digital Humanities,TRANSMOGRIFICATION,True
දිගිතල මනසෝපිකය,si,1,ltr,Digital Humanities,TRANSMOGRIFICATION,True
dijitaala namusa,sid,1,ltr,Digital Humanities,STRUCTURAL_ABSENCE,True
dijjixxaala seena-aadaa,sid,1,ltr,Digital Humanities,STRUCTURAL_ABSENCE,True
dajitaali haammanite,sid,1,ltr,Digital Humanities,STRUCTURAL_ABSENCE,True
dijitaala humaaniitii,sid,1,ltr,Digital Humanities,STRUCTURAL_ABSENCE,True
dagimtaa giddiga,sid,1,ltr,Digital Humanities,STRUCTURAL_ABSENCE,True
digitaal itiyyoowwani,sid,1,ltr,Digital Humanities,STRUCTURAL_ABSENCE,True
digital haamayinta,sid,1,ltr,Digital Humanities,STRUCTURAL_ABSENCE,True
ባህል ኤፕሮጎራዊ,sid,1,ltr,Digital Humanities,STRUCTURAL_ABSENCE,True
digitálne humanitné vedy,sk,1,ltr,Digital Humanities,TRANSMOGRIFICATION,True
digitálne humanitné štúdium,sk,1,ltr,Digital Humanities,TRANSMOGRIFICATION,True
digitálne umenia,sk,1,ltr,Digital Humanities,TRANSMOGRIFICATION,True
digitálne humanitné viedy,sk,1,ltr,Digital Humanities,TRANSMOGRIFICATION,True
digitalne umanjske vede,sl,1,ltr,Digital Humanities,PRODUCTIVE_DISAGREEMENT,True
fa'aaloaga fa'amata'ita,sm,1,ltr,Digital Humanities,STRUCTURAL_ABSENCE,True
ʔiʔ ti syəyəhub ʔə ti dxʷʔal ti kʷi ʔəsčalikʷtxʷ,slh,1,ltr,Digital Humanities,STRUCTURAL_ABSENCE,True
sʔəq̓əb ti swatixʷtəd,slh,1,ltr,Digital Humanities,STRUCTURAL_ABSENCE,True
ʔaʔkʷəɬəb ʔə tiʔiɬ sʔəɬəb,slh,1,ltr,Digital Humanities,STRUCTURAL_ABSENCE,True
sdixalíp təxwús,slh,1,ltr,Digital Humanities,STRUCTURAL_ABSENCE,True
łəxʷədiƛ̕əxʷ ʔuɬ,slh,1,ltr,Digital Humanities,STRUCTURAL_ABSENCE,True
xʷilšxʷm cənsemc,slh,1,ltr,Digital Humanities,STRUCTURAL_ABSENCE,True
q'uqw'elis t'ixʷəl,slh,1,ltr,Digital Humanities,STRUCTURAL_ABSENCE,True
digitale humanistyk,sli,1,ltr,Digital Humanities,TRANSMOGRIFICATION,True
dyjitalnë humanistyka,sli,1,ltr,Digital Humanities,TRANSMOGRIFICATION,True
ditali huaminiti,sly,1,ltr,Digital Humanities,STRUCTURAL_ABSENCE,True
humanities numera,sm,1,ltr,Digital Humanities,STRUCTURAL_ABSENCE,True
faʻatekinolosi aganuʻu,sm,1,ltr,Digital Humanities,STRUCTURAL_ABSENCE,True
aganu'u fa'atekinolosi numera,sm,1,ltr,Digital Humanities,STRUCTURAL_ABSENCE,True
fa'afaletui fa'atekinolosi,sm,1,ltr,Digital Humanities,STRUCTURAL_ABSENCE,True
vanhu vanogutsikana,sn,1,ltr,Digital Humanities,STRUCTURAL_ABSENCE,True
dzidzo yedhijitari yevanhu,sn,1,ltr,Digital Humanities,STRUCTURAL_ABSENCE,True
dhijitari dzidziso dzevanhu,sn,1,ltr,Digital Humanities,STRUCTURAL_ABSENCE,True
xam-xam bu digitaal ak nit,srr,1,ltr,Digital Humanities,STRUCTURAL_ABSENCE,True
humanitët digjital,sq,1,ltr,Digital Humanities,TRANSMOGRIFICATION,True
дигитална хуманистика,sr,1,ltr,Digital Humanities,PRODUCTIVE_DISAGREEMENT,True
дигиталне хуманистичке,sr,1,ltr,Digital Humanities,PRODUCTIVE_DISAGREEMENT,True
dijital hiyumānitīs,srb,1,ltr,Digital Humanities,TRANSMOGRIFICATION,True
dijital umanistiçka,srb,1,ltr,Digital Humanities,TRANSMOGRIFICATION,True
digitilauanu amāsia,srb,1,ltr,Digital Humanities,TRANSMOGRIFICATION,True
digitalne humanitete,srb,1,ltr,Digital Humanities,TRANSMOGRIFICATION,True
dijitow leri,srn,1,ltr,Digital Humanities,STRUCTURAL_ABSENCE,True
digitaal manspipel-sabi,srn,1,ltr,Digital Humanities,STRUCTURAL_ABSENCE,True
dijitali fasi fu sabi,srn,1,ltr,Digital Humanities,STRUCTURAL_ABSENCE,True
digidal humaniti,srn,1,ltr,Digital Humanities,STRUCTURAL_ABSENCE,True
digitale menslike wetenschap,srn,1,ltr,Digital Humanities,STRUCTURAL_ABSENCE,True
digtal huumanaitis,srn,1,ltr,Digital Humanities,STRUCTURAL_ABSENCE,True
xam-xam yu njëkk ci noméro,srr,1,ltr,Digital Humanities,STRUCTURAL_ABSENCE,True
dijitaal aadamiya,srr,1,ltr,Digital Humanities,STRUCTURAL_ABSENCE,True
humanitete dixhitale,sq,1,ltr,Digital Humanities,TRANSMOGRIFICATION,True
ngalu digiital,srr,1,ltr,Digital Humanities,STRUCTURAL_ABSENCE,True
teknologii ndëggal,srr,1,ltr,Digital Humanities,STRUCTURAL_ABSENCE,True
xamxanduvi digital,srr,1,ltr,Digital Humanities,STRUCTURAL_ABSENCE,True
ਡੀਜੀਟਲ ਮਾਨਵਿਕਤਾ,srx,1,ltr,Digital Humanities,STRUCTURAL_ABSENCE,True
ḍigital manav-śastr,srx,1,ltr,Digital Humanities,STRUCTURAL_ABSENCE,True
tifundvo tebantfu tedijithali,ss,1,ltr,Digital Humanities,STRUCTURAL_ABSENCE,True
imibono lemayelana nendzawo tabantfu,ss,1,ltr,Digital Humanities,STRUCTURAL_ABSENCE,True
ibulukhuni yekutfutfukisa,ss,1,ltr,Digital Humanities,STRUCTURAL_ABSENCE,True
buhlakani be-dijithali,ss,1,ltr,Digital Humanities,STRUCTURAL_ABSENCE,True
buntfu betfu bedijithali,ss,1,ltr,Digital Humanities,STRUCTURAL_ABSENCE,True
iswazi yokuhlanganisa,ss,1,ltr,Digital Humanities,STRUCTURAL_ABSENCE,True
imihlabelelo yedijithali,ss,1,ltr,Digital Humanities,STRUCTURAL_ABSENCE,True
dzidzini hwenuyukutse,ss,1,ltr,Digital Humanities,STRUCTURAL_ABSENCE,True
dijital insaaniyya,ssy,1,ltr,Digital Humanities,STRUCTURAL_ABSENCE,True
njësi të shkencave digitale,sq,1,ltr,Digital Humanities,TRANSMOGRIFICATION,True
shkencat humane digjitale,sq,1,ltr,Digital Humanities,TRANSMOGRIFICATION,True
unyanzvi hwerudhivhiti,sn,1,ltr,Digital Humanities,STRUCTURAL_ABSENCE,True
cilmiga dhaqanka dijitaalka,so,1,ltr,Digital Humanities,TRANSMOGRIFICATION,True
dhijitari hunhu,sn,1,ltr,Digital Humanities,STRUCTURAL_ABSENCE,True
makorokoza echishana,sn,1,ltr,Digital Humanities,STRUCTURAL_ABSENCE,True
hunhu hemitero,sn,1,ltr,Digital Humanities,STRUCTURAL_ABSENCE,True
mutungamiriro yachipfupifuni,sn,1,ltr,Digital Humanities,STRUCTURAL_ABSENCE,True
numu xamɛ,snk,1,ltr,Digital Humanities,TRANSMOGRIFICATION,True
kaŋa-ɲaxankanye,snk,1,ltr,Digital Humanities,TRANSMOGRIFICATION,True
dijitaali humaaniiti,snk,1,ltr,Digital Humanities,TRANSMOGRIFICATION,True
dijitali naxamɛnnu,snk,1,ltr,Digital Humanities,TRANSMOGRIFICATION,True
tamaarɛmɔnɔ,snk,1,ltr,Digital Humanities,TRANSMOGRIFICATION,True
dijital ǝluman,snk,1,ltr,Digital Humanities,TRANSMOGRIFICATION,True
dijitalu dimuuniisens,snk,1,ltr,Digital Humanities,TRANSMOGRIFICATION,True
informatici yiminka,snk,1,ltr,Digital Humanities,TRANSMOGRIFICATION,True
bani'aadamnimada dijital ah,so,1,ltr,Digital Humanities,TRANSMOGRIFICATION,True
cilmiga aadanaha ee dijital ah,so,1,ltr,Digital Humanities,TRANSMOGRIFICATION,True
cilmiga bani'aadamnimada dijitaalka ah,so,1,ltr,Digital Humanities,TRANSMOGRIFICATION,True
shkenca humane dixhitale,sq,1,ltr,Digital Humanities,TRANSMOGRIFICATION,True
dijital aadamiga,so,1,ltr,Digital Humanities,TRANSMOGRIFICATION,True
dhaqaalaha dijitaalka,so,1,ltr,Digital Humanities,TRANSMOGRIFICATION,True
aadmiyaraha dijital,so,1,ltr,Digital Humanities,TRANSMOGRIFICATION,True
xilmiyada digiriga,so,1,ltr,Digital Humanities,TRANSMOGRIFICATION,True
dhaqan-e-digital,so,1,ltr,Digital Humanities,TRANSMOGRIFICATION,True
𐼷𐼰𐼴𐼷𐼰𐼴 𐼷𐼰𐼴𐼷𐼰𐼴,sog,1,ltr,Digital Humanities,TRANSMOGRIFICATION,True
δywtʾkyn ʾnšwty znʾkh,sog,1,ltr,Digital Humanities,TRANSMOGRIFICATION,True
ψηφιακή ανθρωπιστική,sog,1,ltr,Digital Humanities,TRANSMOGRIFICATION,True
šagāyīšnām āvistāk,sog,1,ltr,Digital Humanities,TRANSMOGRIFICATION,True
dēn-wahrxšn ārāyēš,sog,1,ltr,Digital Humanities,TRANSMOGRIFICATION,True
khwam khwamsuk khrang thi,sou,1,ltr,Digital Humanities,TRANSMOGRIFICATION,True
ฮักษาศาสตร์ดิจิทัล,sou,1,ltr,Digital Humanities,TRANSMOGRIFICATION,True
ดิจิทัลฮูมันนิสต์,sou,1,ltr,Digital Humanities,TRANSMOGRIFICATION,True
humanitetet dixhitale,sq,1,ltr,Digital Humanities,TRANSMOGRIFICATION,True
ඩිජිටල් මානව ශාස්ත්‍ර,si,1,ltr,Digital Humanities,TRANSMOGRIFICATION,True
الدراسات الرقمية الإنسانية,shu,1,ltr,Digital Humanities,TRANSMOGRIFICATION,True
ၼႃႉၵႂၢမ်းၵႂၢႆးၵႃႉၶၢႆႈၼႃႉၵႂၢမ်းဢၼ်ၵႂၢႆးၶၢႆႈ,shn,1,ltr,Digital Humanities,TRANSMOGRIFICATION,True
díligchàwàt dèntìlùnà,scs,1,ltr,Digital Humanities,STRUCTURAL_ABSENCE,True
ḍigital manavitar,sck,1,ltr,Digital Humanities,STRUCTURAL_ABSENCE,True
دانش پیمانکارانه دیجیتال,sck,1,ltr,Digital Humanities,STRUCTURAL_ABSENCE,True
scienzi umanistichi diggitali,scn,1,ltr,Digital Humanities,TRANSMOGRIFICATION,True
umanitati digitali,scn,1,ltr,Digital Humanities,TRANSMOGRIFICATION,True
umanistichi digitali,scn,1,ltr,Digital Humanities,TRANSMOGRIFICATION,True
umanitàti digitali,scn,1,ltr,Digital Humanities,TRANSMOGRIFICATION,True
ceum-gnàth digitalach,sco,1,ltr,Digital Humanities,STRUCTURAL_ABSENCE,True
digitil hearmanesics,sco,1,ltr,Digital Humanities,STRUCTURAL_ABSENCE,True
digtal humaenitites,sco,1,ltr,Digital Humanities,STRUCTURAL_ABSENCE,True
digital ts'ǫ̀ dǫ nįłį́,scs,1,ltr,Digital Humanities,STRUCTURAL_ABSENCE,True
ɂehda t’á húle t’á,scs,1,ltr,Digital Humanities,STRUCTURAL_ABSENCE,True
k’èhdı̀ nı̨́dèè k’èàgǫ́ǫ̀,scs,1,ltr,Digital Humanities,STRUCTURAL_ABSENCE,True
tłı̨chǫ káàga,scs,1,ltr,Digital Humanities,STRUCTURAL_ABSENCE,True
dı̀dhı̀ gowı̀k’ehtseh,scs,1,ltr,Digital Humanities,STRUCTURAL_ABSENCE,True
ингуаларкыт ананьякта,scs,1,ltr,Digital Humanities,STRUCTURAL_ABSENCE,True
umanitatis digitales,sc,1,ltr,Digital Humanities,TRANSMOGRIFICATION,True
ڊجيٽل هيومنٽيز,sd,1,rtl,Digital Humanities,TRANSMOGRIFICATION,True
ڊجيٽل هيومينيٽيز,sd,1,rtl,Digital Humanities,TRANSMOGRIFICATION,True
دیجیټل هنسنمنډس,sd,1,rtl,Digital Humanities,TRANSMOGRIFICATION,True
umanidadi digitali,sdc,1,ltr,Digital Humanities,STRUCTURAL_ABSENCE,True
umanìstica digitale,sdc,1,ltr,Digital Humanities,STRUCTURAL_ABSENCE,True
iscultura digitale,sdc,1,ltr,Digital Humanities,STRUCTURAL_ABSENCE,True
umanità dìgitale,sdc,1,ltr,Digital Humanities,STRUCTURAL_ABSENCE,True
dittiruni digitali,sdc,1,ltr,Digital Humanities,STRUCTURAL_ABSENCE,True
bêhtareta dîjîtî,sdh,1,rtl,Digital Humanities,TRANSMOGRIFICATION,True
rêjînara dijîtal,sdh,1,rtl,Digital Humanities,TRANSMOGRIFICATION,True
هۆکمنیاسیاتی دیجیتال,sdh,1,rtl,Digital Humanities,TRANSMOGRIFICATION,True
هەمووی دیجیتال,sdh,1,rtl,Digital Humanities,TRANSMOGRIFICATION,True
digitála humanisttalaš dieđat,se,1,ltr,Digital Humanities,TRANSMOGRIFICATION,True
digitála humanitehtat,se,1,ltr,Digital Humanities,TRANSMOGRIFICATION,True
umanitàtì digitali,sc,1,ltr,Digital Humanities,TRANSMOGRIFICATION,True
дигиталні хуманітарныя,sbp,1,ltr,Digital Humanities,TRANSMOGRIFICATION,True
digitale huhtismedjat,se,1,ltr,Digital Humanities,TRANSMOGRIFICATION,True
seni digital masyarakat,sas,1,ltr,Digital Humanities,STRUCTURAL_ABSENCE,True
дигитал өлкөнүлүк,sah,1,ltr,Digital Humanities,TRANSMOGRIFICATION,True
ܚܟܡܬܐ ܕܡܢܝܢܐ,sam,1,rtl,Digital Humanities,TRANSMOGRIFICATION,True
ܐܢܫܘܬܐ ܕܝܓܝܛܠ,sam,1,rtl,Digital Humanities,TRANSMOGRIFICATION,True
d-g-l-t-ʾ-h-m-n-w-t,sam,1,rtl,Digital Humanities,TRANSMOGRIFICATION,True
ܕְהוܿܘܬܳ ܩܳܕܡܝܼܬܳܐ ܕܡܼܢܝܘܼܬܳܐ,sam,1,rtl,Digital Humanities,TRANSMOGRIFICATION,True
"ܕܝ '""ܘܬܐ ܕܢܗܘܠܝܬܐ",sam,1,rtl,Digital Humanities,TRANSMOGRIFICATION,True
דיגיטל אנשיות,sam,1,rtl,Digital Humanities,TRANSMOGRIFICATION,True
ltung'ana le dijitol,saq,1,ltr,Digital Humanities,STRUCTURAL_ABSENCE,True
ngerenoi e-digital,saq,1,ltr,Digital Humanities,STRUCTURAL_ABSENCE,True
nkaji e nkishon e nkishon,saq,1,ltr,Digital Humanities,STRUCTURAL_ABSENCE,True
aduka ya digital,saq,1,ltr,Digital Humanities,STRUCTURAL_ABSENCE,True
ndakilimo telefofyu,saq,1,ltr,Digital Humanities,STRUCTURAL_ABSENCE,True
husika na ujuzi weka,saq,1,ltr,Digital Humanities,STRUCTURAL_ABSENCE,True
kabudayaan digital,sas,1,ltr,Digital Humanities,STRUCTURAL_ABSENCE,True
ᱰᱤᱡᱤᱴᱟᱞ ᱦᱭᱩᱢᱮᱱᱤᱴᱤᱡᱽ,sat,1,ltr,Digital Humanities,STRUCTURAL_ABSENCE,True
savoirs numériques,sbp,1,ltr,Digital Humanities,TRANSMOGRIFICATION,True
ᱫᱤᱡᱤᱛᱟᱞ ᱦᱩᱢᱟᱱᱤᱛᱤᱥ,sat,1,ltr,Digital Humanities,STRUCTURAL_ABSENCE,True
ᱰᱤᱡᱤᱴᱟᱞ ᱦᱤᱭᱩᱢᱟᱱᱤᱴᱤᱡ,sat,1,ltr,Digital Humanities,STRUCTURAL_ABSENCE,True
ᱰᱤᱡᱤᱴᱟᱞ ᱢᱟᱱᱣᱟ ᱥᱟᱬᱮᱥ,sat,1,ltr,Digital Humanities,STRUCTURAL_ABSENCE,True
ডিজিটাল হায়ুমেন্টস,sat,1,ltr,Digital Humanities,STRUCTURAL_ABSENCE,True
ধিজিটাল ম্যানুস্কিপশন,sat,1,ltr,Digital Humanities,STRUCTURAL_ABSENCE,True
ડીજિટલ મનસ્કૃતિ,saz,1,ltr,Digital Humanities,TRANSMOGRIFICATION,True
mbɛ́tɛ́ njiɓe na ordinatɛr,sba,1,ltr,Digital Humanities,STRUCTURAL_ABSENCE,True
dijital humainiti,sba,1,ltr,Digital Humanities,STRUCTURAL_ABSENCE,True
ŋgambay kɛyɔmɛtɛ,sba,1,ltr,Digital Humanities,STRUCTURAL_ABSENCE,True
ŋgabay ŋdiŋgai ŋgai,sba,1,ltr,Digital Humanities,STRUCTURAL_ABSENCE,True
digiitali yumantjilwara,sba,1,ltr,Digital Humanities,STRUCTURAL_ABSENCE,True
teknoloji digitale humanitas,sba,1,ltr,Digital Humanities,STRUCTURAL_ABSENCE,True
bɨ́ndɨ́ bɨ́ kɨ́ndɨ́ bɨ́ kɨ́ndɨ́,sbp,1,ltr,Digital Humanities,TRANSMOGRIFICATION,True
uhusu wa kidijiti,sbp,1,ltr,Digital Humanities,TRANSMOGRIFICATION,True
digitálaid ektuvválašvuohta,se,1,ltr,Digital Humanities,TRANSMOGRIFICATION,True
digital-gumanit,se,1,ltr,Digital Humanities,TRANSMOGRIFICATION,True
ၾကီးေလ်ာ့သိပ္တိ,shn,1,ltr,Digital Humanities,TRANSMOGRIFICATION,True
skaitmenė̄nė̄ žmuogėškėjė muoksla,sgs,1,ltr,Digital Humanities,TRANSMOGRIFICATION,True
sêndâkodë tî nëngö-mbëtï na wärängö-mbëtï,sg,1,ltr,Digital Humanities,STRUCTURAL_ABSENCE,True
kɔmputa fasitó,sg,1,ltr,Digital Humanities,STRUCTURAL_ABSENCE,True
lisema ya dijitalé,sg,1,ltr,Digital Humanities,STRUCTURAL_ABSENCE,True
mwntamunyamunyi ya ndazabu digital,sg,1,ltr,Digital Humanities,STRUCTURAL_ABSENCE,True
daingen na ndaonnachtaí,sga,1,ltr,Digital Humanities,TRANSMOGRIFICATION,True
eolais digitacha,sga,1,ltr,Digital Humanities,TRANSMOGRIFICATION,True
digitáil daonnachta,sga,1,ltr,Digital Humanities,TRANSMOGRIFICATION,True
daingeanachtaí dhiagair,sga,1,ltr,Digital Humanities,TRANSMOGRIFICATION,True
réamhair na heolaíochta digiteach,sga,1,ltr,Digital Humanities,TRANSMOGRIFICATION,True
díthiblís,sga,1,ltr,Digital Humanities,TRANSMOGRIFICATION,True
techno-léinn éireannach,sga,1,ltr,Digital Humanities,TRANSMOGRIFICATION,True
dėgtalė žmuogėškuma,sgs,1,ltr,Digital Humanities,TRANSMOGRIFICATION,True
skaitmenė žmuonėjė,sgs,1,ltr,Digital Humanities,TRANSMOGRIFICATION,True
dėgėtalė mokslėnēs,sgs,1,ltr,Digital Humanities,TRANSMOGRIFICATION,True
дзіжытраваіна,sgs,1,ltr,Digital Humanities,TRANSMOGRIFICATION,True
zia na komputere na nzoni,sg,1,ltr,Digital Humanities,STRUCTURAL_ABSENCE,True
tinktinės humanitarijos,sgs,1,ltr,Digital Humanities,TRANSMOGRIFICATION,True
digitalni umjetništvo,sh,1,ltr,Digital Humanities,PRODUCTIVE_DISAGREEMENT,True
ⴰⵙⵉⵏⴰⵡⵏ ⵏ ⵓⵎⵙⵙⵏⵏ,shi,1,rtl,Digital Humanities,TRANSMOGRIFICATION,True
ⵜⴰⵎⴰⵙⵙⴰⵏⵉⵏ ⵜⵓⵏⵚⵉⴱⵉⵏ,shi,1,rtl,Digital Humanities,TRANSMOGRIFICATION,True
ⵜⴰⵎⴰⵣⵉⵖⵜ ⵜⴰⴷⵉⵊⵉⵟⴰⵍⵉⵜ ⴷ ⵜⴰⵏⴼⴳⴰⵏⵜ,shi,1,rtl,Digital Humanities,TRANSMOGRIFICATION,True
ⵜⵉⵣⵔⴰⵡⵉⵏ ⵜⵉⵏⵎⵍⴰⵍⵉⵏ,shi,1,rtl,Digital Humanities,TRANSMOGRIFICATION,True
tasawalt n ugdal,shi,1,rtl,Digital Humanities,TRANSMOGRIFICATION,True
timusawt taẓṛiɣt,shi,1,rtl,Digital Humanities,TRANSMOGRIFICATION,True
أديتال هومانستيس,shi,1,rtl,Digital Humanities,TRANSMOGRIFICATION,True
လွင်ႈၵူၼ်း တီႇၸီႇတႄႇ,shn,1,ltr,Digital Humanities,TRANSMOGRIFICATION,True
သုတေသနနည်းပညာ,shn,1,ltr,Digital Humanities,TRANSMOGRIFICATION,True
မၢၼ်ႇသုၼ်ႇတီႇၸိတ်ႉတေႃႇ,shn,1,ltr,Digital Humanities,TRANSMOGRIFICATION,True
ပၢႆးသၢႆးမၢႆမီႈ ဢၼ်ၵဵဝ်ႇလူၺ်ႈပၢႆးပၺ်ၺႃႇ,shn,1,ltr,Digital Humanities,TRANSMOGRIFICATION,True
ၶူင်သၢင်ႈၵၢၼ်မိုဝ်းလၢႆးၶူင်သၢင်ႈ,shn,1,ltr,Digital Humanities,TRANSMOGRIFICATION,True
sängö tî mbênî-terê na numêrö,sg,1,ltr,Digital Humanities,STRUCTURAL_ABSENCE,True
gi ti duti na aye mingi ape na yâ ti fini ti mo,sg,1,ltr,Digital Humanities,STRUCTURAL_ABSENCE,True
onöhsahkwa'shö:'a kayę̈hsa',see,1,ltr,Digital Humanities,STRUCTURAL_ABSENCE,True
digitaal ŋɔɔŋɔɔ,seh,1,ltr,Digital Humanities,STRUCTURAL_ABSENCE,True
gë:nyö:h ne' gë:nyö:h,see,1,ltr,Digital Humanities,STRUCTURAL_ABSENCE,True
litterarum digitalium ars,see,1,ltr,Digital Humanities,STRUCTURAL_ABSENCE,True
technologia humana digital,see,1,ltr,Digital Humanities,STRUCTURAL_ABSENCE,True
numérique kɛ̀ mìi-kànnàfòlò,sef,1,ltr,Digital Humanities,STRUCTURAL_ABSENCE,True
kafilaŋa ni kɔrɔbɔlaŋa,sef,1,ltr,Digital Humanities,STRUCTURAL_ABSENCE,True
sɛbɛn kɛlɛ yirɛn,sef,1,ltr,Digital Humanities,STRUCTURAL_ABSENCE,True
tamaɲi tereɖo,sef,1,ltr,Digital Humanities,STRUCTURAL_ABSENCE,True
gbolo digitel gba ɲin,sef,1,ltr,Digital Humanities,STRUCTURAL_ABSENCE,True
digiitali sunufo,sef,1,ltr,Digital Humanities,STRUCTURAL_ABSENCE,True
senoufo digitál,sef,1,ltr,Digital Humanities,STRUCTURAL_ABSENCE,True
sayansi ya dijitali ya ubinadamu,seh,1,ltr,Digital Humanities,STRUCTURAL_ABSENCE,True
vutivi bwa chidijitali bwa vanhu,seh,1,ltr,Digital Humanities,STRUCTURAL_ABSENCE,True
umunthu wa digitali,seh,1,ltr,Digital Humanities,STRUCTURAL_ABSENCE,True
tiwala ya sayansi ya digital,seh,1,ltr,Digital Humanities,STRUCTURAL_ABSENCE,True
dihitali himnainy,seh,1,ltr,Digital Humanities,STRUCTURAL_ABSENCE,True
undongeshi wa digital ni humanities,lun,1,ltr,Digital Humanities,STRUCTURAL_ABSENCE,True
ziix quih iiqui cöihaaco quih hapaspoj,sei,1,ltr,Digital Humanities,STRUCTURAL_ABSENCE,True
cmiique itom coozaaj quih cmiique itom quih,sei,1,ltr,Digital Humanities,STRUCTURAL_ABSENCE,True
cmiique iitom hapahot,sei,1,ltr,Digital Humanities,STRUCTURAL_ABSENCE,True
kuɣaŋɛrɛ,sei,1,ltr,Digital Humanities,STRUCTURAL_ABSENCE,True
húuk baa hám ha'a xonít,sei,1,ltr,Digital Humanities,STRUCTURAL_ABSENCE,True
цифровой гуманитарной науки,sel,1,ltr,Digital Humanities,TRANSMOGRIFICATION,True
kuŋaŋiŋaŋ käyäk,sel,1,ltr,Digital Humanities,TRANSMOGRIFICATION,True
тӹптӹрӹк кибер-илӹм,sel,1,ltr,Digital Humanities,TRANSMOGRIFICATION,True
нигэн ывваараалар,sel,1,ltr,Digital Humanities,TRANSMOGRIFICATION,True
interneti laada goy-izey,ses,1,ltr,Digital Humanities,STRUCTURAL_ABSENCE,True
kala goobandiyaŋo,ses,1,ltr,Digital Humanities,STRUCTURAL_ABSENCE,True
dijitali adamizey,ses,1,ltr,Digital Humanities,STRUCTURAL_ABSENCE,True
tɔmori ɗe digital,ses,1,ltr,Digital Humanities,STRUCTURAL_ABSENCE,True
dijitalu ḥūnāyimmi,ses,1,ltr,Digital Humanities,STRUCTURAL_ABSENCE,True
dijitali humanities,ssy,1,ltr,Digital Humanities,STRUCTURAL_ABSENCE,True
digiitali kulummati,ssy,1,ltr,Digital Humanities,STRUCTURAL_ABSENCE,True
dijital insaanit,ssy,1,ltr,Digital Humanities,STRUCTURAL_ABSENCE,True
ishima sha iyol u digital,tiv,1,ltr,Digital Humanities,STRUCTURAL_ABSENCE,True
ሰብኣዊ ባህርያት,ti,1,ltr,Digital Humanities,TRANSMOGRIFICATION,True
ዲጂታላዊ ሰብኣዊ ጥንቃቐታት,ti,1,ltr,Digital Humanities,TRANSMOGRIFICATION,True
ዲጂታል ሰብኣዊ ምርምር,ti,1,ltr,Digital Humanities,TRANSMOGRIFICATION,True
ᴫᴣᴌ ᴕᴖᴗᴘᴙᴚᴛᴜ,ti,1,ltr,Digital Humanities,TRANSMOGRIFICATION,True
ሃሳባዊ ባህላዊ ምዕራፍ,ti,1,ltr,Digital Humanities,TRANSMOGRIFICATION,True
ልዕሊ ሰብ ስነ መልእኽቲ,tig,1,ltr,Digital Humanities,TRANSMOGRIFICATION,True
ዲጂታል ሰብዓዊ ፍልጠት,tig,1,ltr,Digital Humanities,TRANSMOGRIFICATION,True
ሰብአዊነት ዲጂታል,tig,1,ltr,Digital Humanities,TRANSMOGRIFICATION,True
ዲጂታል ሰብኣዊ ምሁርነት,tig,1,ltr,Digital Humanities,TRANSMOGRIFICATION,True
ሰይን ጽሐፍ,tig,1,ltr,Digital Humanities,TRANSMOGRIFICATION,True
ምልክት,tig,1,ltr,Digital Humanities,TRANSMOGRIFICATION,True
uumace mba sha ahumbe,tiv,1,ltr,Digital Humanities,STRUCTURAL_ABSENCE,True
akaa a uumace ve eren yô,tiv,1,ltr,Digital Humanities,STRUCTURAL_ABSENCE,True
mbakombo u ityôkômbul,tiv,1,ltr,Digital Humanities,STRUCTURAL_ABSENCE,True
numan uityo maner,tiv,1,ltr,Digital Humanities,STRUCTURAL_ABSENCE,True
t'ahtl'aanáay díigit'aal,tht,1,ltr,Digital Humanities,STRUCTURAL_ABSENCE,True
dijitali u tiv,tiv,1,ltr,Digital Humanities,STRUCTURAL_ABSENCE,True
mmɛn kpaŋkpaa,tiv,1,ltr,Digital Humanities,STRUCTURAL_ABSENCE,True
i-ḍigital ŋwe-humani,tiv,1,ltr,Digital Humanities,STRUCTURAL_ABSENCE,True
idan yi ẹsẹ digitil,tiv,1,ltr,Digital Humanities,STRUCTURAL_ABSENCE,True
techim n'akwa,tiv,1,ltr,Digital Humanities,STRUCTURAL_ABSENCE,True
sanly ynsanperwerlik,tk,1,ltr,Digital Humanities,STRUCTURAL_ABSENCE,True
sanly gumanitar ylymlar,tk,1,ltr,Digital Humanities,STRUCTURAL_ABSENCE,True
sanly ynsanperwer ylymlary,tk,1,ltr,Digital Humanities,STRUCTURAL_ABSENCE,True
sanly ynsanperwer ylymlar,tk,1,ltr,Digital Humanities,STRUCTURAL_ABSENCE,True
sanly ynsanperwerlik ylymlary,tk,1,ltr,Digital Humanities,STRUCTURAL_ABSENCE,True
digital ýnsanitarhan,tk,1,ltr,Digital Humanities,STRUCTURAL_ABSENCE,True
elektron sosialvagti,tk,1,ltr,Digital Humanities,STRUCTURAL_ABSENCE,True
humanities fakamānumālō,tkl,1,ltr,Digital Humanities,STRUCTURAL_ABSENCE,True
aganuku numera,tkl,1,ltr,Digital Humanities,STRUCTURAL_ABSENCE,True
ዲጂታል ሰብኣዊ ስነፍልጠት,ti,1,ltr,Digital Humanities,TRANSMOGRIFICATION,True
tal'diitl kwáax,tht,1,ltr,Digital Humanities,STRUCTURAL_ABSENCE,True
fakamatala fakatekinolosi a tagata,tkl,1,ltr,Digital Humanities,STRUCTURAL_ABSENCE,True
худрои фалохият,tg,1,rtl,Digital Humanities,TRANSMOGRIFICATION,True
tebiŋaŋa tivuŋa,ter,1,ltr,Digital Humanities,STRUCTURAL_ABSENCE,True
tidáliw ñiwekwa,ter,1,ltr,Digital Humanities,STRUCTURAL_ABSENCE,True
umanidade dijitál,tet,1,ltr,Digital Humanities,STRUCTURAL_ABSENCE,True
humanidades dijitál,tet,1,ltr,Digital Humanities,STRUCTURAL_ABSENCE,True
humanidade digitál,tet,1,ltr,Digital Humanities,STRUCTURAL_ABSENCE,True
humanidades diítal,tet,1,ltr,Digital Humanities,STRUCTURAL_ABSENCE,True
humanitáis digitál,tet,1,ltr,Digital Humanities,STRUCTURAL_ABSENCE,True
гуманитаризми рақамӣ,tg,1,rtl,Digital Humanities,TRANSMOGRIFICATION,True
гуманитарии рақамӣ,tg,1,rtl,Digital Humanities,TRANSMOGRIFICATION,True
гуманитарияи рақамӣ,tg,1,rtl,Digital Humanities,TRANSMOGRIFICATION,True
рақамии гуманитарӣ,tg,1,rtl,Digital Humanities,TRANSMOGRIFICATION,True
технологияҳои адабӣ,tg,1,rtl,Digital Humanities,TRANSMOGRIFICATION,True
идиҷати рақамӣ,tg,1,rtl,Digital Humanities,TRANSMOGRIFICATION,True
дигиталӣ муҳимматаҳои мадани,tg,1,rtl,Digital Humanities,TRANSMOGRIFICATION,True
kʼáa kʼe kʼáa kʼe kʼáa kʼe,tgx,1,ltr,Digital Humanities,STRUCTURAL_ABSENCE,True
ḵʌx̱wáɬaɬ dax̱wál,tht,1,ltr,Digital Humanities,STRUCTURAL_ABSENCE,True
ch'iidaa k'aahgwaan,tgx,1,ltr,Digital Humanities,STRUCTURAL_ABSENCE,True
dèkʼwè tì dàkʼw,tgx,1,ltr,Digital Humanities,STRUCTURAL_ABSENCE,True
gwaay llnaa gwaay әlaa,tgx,1,ltr,Digital Humanities,STRUCTURAL_ABSENCE,True
ta'anu q'itxaan dhaakl'aaw,tgx,1,ltr,Digital Humanities,STRUCTURAL_ABSENCE,True
มานุษยวิทยาดิจิทัล,th,1,ltr,Digital Humanities,PRODUCTIVE_DISAGREEMENT,True
วิทยาศาสตร์ดิจิทัลในมนุษยศาสตร์,th,1,ltr,Digital Humanities,PRODUCTIVE_DISAGREEMENT,True
ความสัมพันธ์ดิจิทัล,th,1,ltr,Digital Humanities,PRODUCTIVE_DISAGREEMENT,True
dhigitaal maanav vigyaan,thl,1,ltr,Digital Humanities,TRANSMOGRIFICATION,True
dhigitaalaa manav vignan,thq,1,ltr,Digital Humanities,TRANSMOGRIFICATION,True
घरेलू विज्ञान,thq,1,ltr,Digital Humanities,TRANSMOGRIFICATION,True
dhāyālīk sāhitya,thr,1,ltr,Digital Humanities,TRANSMOGRIFICATION,True
ḍigirāl ḥumānītāṭs,thr,1,ltr,Digital Humanities,TRANSMOGRIFICATION,True
dene k'e hozdli ts'in dene k'e hozdli,tht,1,ltr,Digital Humanities,STRUCTURAL_ABSENCE,True
dijital hiyumanitiz,tht,1,ltr,Digital Humanities,STRUCTURAL_ABSENCE,True
vasa faka-te-numeha,tkl,1,ltr,Digital Humanities,STRUCTURAL_ABSENCE,True
faamatalaga fa'amata'a,tkl,1,ltr,Digital Humanities,STRUCTURAL_ABSENCE,True
tecnologia digital humanidades,ter,1,ltr,Digital Humanities,STRUCTURAL_ABSENCE,True
dikobe ya ditsala,tn,1,ltr,Digital Humanities,STRUCTURAL_ABSENCE,True
ⴰⵎⵓⵏⴰⵏ ⵏ ⵜⵉⵏⵉⵔⵉ,tmh,1,ltr,Digital Humanities,TRANSMOGRIFICATION,True
tawtɣaṭ n tadlisit,tmh,1,ltr,Digital Humanities,TRANSMOGRIFICATION,True
ṭurufa ṭinṭama,tmh,1,ltr,Digital Humanities,TRANSMOGRIFICATION,True
tid al-fihrist al-dawitāl,tmh,1,ltr,Digital Humanities,TRANSMOGRIFICATION,True
innin ar dagnet,tmh,1,ltr,Digital Humanities,TRANSMOGRIFICATION,True
dithuto tsa botho tsa dijithale,tn,1,ltr,Digital Humanities,STRUCTURAL_ABSENCE,True
batho ba ba itshekileng,tn,1,ltr,Digital Humanities,STRUCTURAL_ABSENCE,True
dijithale botho,tn,1,ltr,Digital Humanities,STRUCTURAL_ABSENCE,True
thuto ya ditšhupetšo tša sedijithale,tn,1,ltr,Digital Humanities,STRUCTURAL_ABSENCE,True
botho jwa dijithale,tn,1,ltr,Digital Humanities,STRUCTURAL_ABSENCE,True
dijithale humanities,tn,1,ltr,Digital Humanities,STRUCTURAL_ABSENCE,True
mmopi wa digital,tn,1,ltr,Digital Humanities,STRUCTURAL_ABSENCE,True
ditlhophiso tsa dijitaleng,tn,1,ltr,Digital Humanities,STRUCTURAL_ABSENCE,True
fihloki le fihlebogisisi digitlalwi,tn,1,ltr,Digital Humanities,STRUCTURAL_ABSENCE,True
ngaahi ngaue fakaetangata fakakomipiuta,to,1,ltr,Digital Humanities,TRANSMOGRIFICATION,True
tassanawen n iddanen,tmh,1,ltr,Digital Humanities,TRANSMOGRIFICATION,True
"ngaahi anga'itangata "" o e fa'ahinga "" o e tangatá",to,1,ltr,Digital Humanities,TRANSMOGRIFICATION,True
saienisi fakatekinolosia,to,1,ltr,Digital Humanities,TRANSMOGRIFICATION,True
fakaʻatamai tikitale,to,1,ltr,Digital Humanities,TRANSMOGRIFICATION,True
faleʻi fakakomipiuta mo e tangata,to,1,ltr,Digital Humanities,TRANSMOGRIFICATION,True
fakalakalaka ʻo e ʻatamai fakaʻeleʻele,to,1,ltr,Digital Humanities,TRANSMOGRIFICATION,True
talanoa fakataha 'aho,to,1,ltr,Digital Humanities,TRANSMOGRIFICATION,True
numu ʻutaʻanga numera,to,1,ltr,Digital Humanities,TRANSMOGRIFICATION,True
fakamotu 'elektronika,to,1,ltr,Digital Humanities,TRANSMOGRIFICATION,True
sayansi ya anthu ya pa intaneti,tog,1,ltr,Digital Humanities,STRUCTURAL_ABSENCE,True
zinthu za makompyuta mu chikhalidwe cha bantu,tog,1,ltr,Digital Humanities,STRUCTURAL_ABSENCE,True
mufundishani digital,tog,1,ltr,Digital Humanities,STRUCTURAL_ABSENCE,True
inikazi ya dhigitali,tog,1,ltr,Digital Humanities,STRUCTURAL_ABSENCE,True
ilo sona pi jan,tok,1,ltr,Digital Humanities,STRUCTURAL_ABSENCE,True
sona ilo pi jan,tok,1,ltr,Digital Humanities,STRUCTURAL_ABSENCE,True
ⵜⴰⵎⴰⵣⵉⵖⵜ ⵜⴰⴷⵉⵊⵉⵜⴰⵍⵜ,tmh,1,ltr,Digital Humanities,TRANSMOGRIFICATION,True
tagnit n tamasna,tmh,1,ltr,Digital Humanities,TRANSMOGRIFICATION,True
hautau numera,tkl,1,ltr,Digital Humanities,STRUCTURAL_ABSENCE,True
dajatlh'a',tlh,1,ltr,Digital Humanities,TRANSMOGRIFICATION,False
te'e toitūtai digitāliva,tkl,1,ltr,Digital Humanities,STRUCTURAL_ABSENCE,True
fakaaoga digita,tkl,1,ltr,Digital Humanities,STRUCTURAL_ABSENCE,True
рақамвал гуманитарвал илимар,tkr,1,ltr,Digital Humanities,TRANSMOGRIFICATION,True
цифрал гуманитар,tkr,1,ltr,Digital Humanities,TRANSMOGRIFICATION,True
цифрал хьумият,tkr,1,ltr,Digital Humanities,TRANSMOGRIFICATION,True
կիրառային համասպարակություն,tkr,1,ltr,Digital Humanities,TRANSMOGRIFICATION,True
ढागिटल मानवाधिकार,tkt,1,ltr,Digital Humanities,TRANSMOGRIFICATION,True
digital na mga tao,tl,1,ltr,Digital Humanities,STRUCTURAL_ABSENCE,True
digital na panitikang pandaigdig,tl,1,ltr,Digital Humanities,STRUCTURAL_ABSENCE,True
digitasyongumanika,tl,1,ltr,Digital Humanities,STRUCTURAL_ABSENCE,True
potlh mi' sep,tlh,1,ltr,Digital Humanities,TRANSMOGRIFICATION,True
de' habli' qed,tlh,1,ltr,Digital Humanities,TRANSMOGRIFICATION,True
ghom'a' qan law' hoch qan,tlh,1,ltr,Digital Humanities,TRANSMOGRIFICATION,True
qinobwi' qonos,tlh,1,ltr,Digital Humanities,TRANSMOGRIFICATION,True
qatlh 'ej dah tlhab,tlh,1,ltr,Digital Humanities,TRANSMOGRIFICATION,True
räsmi elmiyyat,tly,1,rtl,Digital Humanities,TRANSMOGRIFICATION,True
daqqu'soy'tlh,tlh,1,ltr,Digital Humanities,TRANSMOGRIFICATION,True
dheq jiyaj,tlh,1,ltr,Digital Humanities,TRANSMOGRIFICATION,True
ḵaax̱ ḵwáan ḵu.oo,tli,1,ltr,Digital Humanities,TRANSMOGRIFICATION,True
dikée yéi yateeyi x̱'éináx̱ yoo x̱'atángi,tli,1,ltr,Digital Humanities,TRANSMOGRIFICATION,True
g̱ooch aaní yaa ḵaa yís,tli,1,ltr,Digital Humanities,TRANSMOGRIFICATION,True
k̲’wát’i yáa aaní yéi jiyís,tli,1,ltr,Digital Humanities,TRANSMOGRIFICATION,True
ḵaas x̱ʼatángi,tli,1,ltr,Digital Humanities,TRANSMOGRIFICATION,True
góóx̱ yóo x̱ʼwáatʼi,tli,1,ltr,Digital Humanities,TRANSMOGRIFICATION,True
tłı̨ch łéx łéttłu dáa tłı̨ch łéx łéttł géeyátł,tli,1,ltr,Digital Humanities,TRANSMOGRIFICATION,True
x̱'unei x̱'áat,tli,1,ltr,Digital Humanities,TRANSMOGRIFICATION,True
rəqəmi insaniyyətşünaslıq,tly,1,rtl,Digital Humanities,TRANSMOGRIFICATION,True
rəqəmi humanitar elmlər,tly,1,rtl,Digital Humanities,TRANSMOGRIFICATION,True
rəqəmi insan elmləri,tly,1,rtl,Digital Humanities,TRANSMOGRIFICATION,True
intibadi insaniyyat,tly,1,rtl,Digital Humanities,TRANSMOGRIFICATION,True
hana'a hupavõ'õ,ter,1,ltr,Digital Humanities,STRUCTURAL_ABSENCE,True
okwet digitali,teo,1,ltr,Digital Humanities,STRUCTURAL_ABSENCE,True
digiitali hūmanītāz,ssy,1,ltr,Digital Humanities,STRUCTURAL_ABSENCE,True
uhandisi wa kielektroniki,sw,1,ltr,Digital Humanities,STRUCTURAL_ABSENCE,True
𒁹𒄭𒈨𒌍𒌨𒌍𒁺𒀀𒀀𒀀,sux,1,ltr,Digital Humanities,TRANSMOGRIFICATION,True
nam-lú-ulu₃ diĝir-re-e-ne,sux,1,ltr,Digital Humanities,TRANSMOGRIFICATION,True
dub-sar-gi-na-an-ki,sux,1,ltr,Digital Humanities,TRANSMOGRIFICATION,True
𒁾𒁀𒀀𒉌𒅗𒀜𒋰𒀀,sux,1,ltr,Digital Humanities,TRANSMOGRIFICATION,True
šumma la ṭuppi,sux,1,ltr,Digital Humanities,TRANSMOGRIFICATION,True
ĝiš-ĝiš-gal₂-zu-mu-ĝiš-hur-ra,sux,1,ltr,Digital Humanities,TRANSMOGRIFICATION,True
𒈹𒂵ensi𒅗𒆠,sux,1,ltr,Digital Humanities,TRANSMOGRIFICATION,True
dnam.ki.a.zi.a.bi.da,sux,1,ltr,Digital Humanities,TRANSMOGRIFICATION,True
digitala humaniora,sv,1,ltr,Digital Humanities,PRODUCTIVE_DISAGREEMENT,True
binadamu dijitali,sw,1,ltr,Digital Humanities,STRUCTURAL_ABSENCE,True
viasili vya kielektroni,sw,1,ltr,Digital Humanities,STRUCTURAL_ABSENCE,True
binadamu dijiti,sw,1,ltr,Digital Humanities,STRUCTURAL_ABSENCE,True
sayansi za kidijitali za ubinadamu,sw,1,ltr,Digital Humanities,STRUCTURAL_ABSENCE,True
ubinadamu dijitali,sw,1,ltr,Digital Humanities,STRUCTURAL_ABSENCE,True
ufanisi digital,sw,1,ltr,Digital Humanities,STRUCTURAL_ABSENCE,True
dijital yulubuluma,sus,1,rtl,Digital Humanities,STRUCTURAL_ABSENCE,True
teknoloji wa umani wa digitali,sw,1,ltr,Digital Humanities,STRUCTURAL_ABSENCE,True
sayansi za kidijitali za binadamu,swb,1,rtl,Digital Humanities,STRUCTURAL_ABSENCE,True
maktabi ya digital,swb,1,rtl,Digital Humanities,STRUCTURAL_ABSENCE,True
umnuji mafundishili digitali,swb,1,rtl,Digital Humanities,STRUCTURAL_ABSENCE,True
al-insan al-digitali,swb,1,rtl,Digital Humanities,STRUCTURAL_ABSENCE,True
digitale geisteswissenschafta,swg,1,ltr,Digital Humanities,TRANSMOGRIFICATION,True
digidale humanischdafach,swg,1,ltr,Digital Humanities,TRANSMOGRIFICATION,True
digitali menschlichkeitsforsching,swg,1,ltr,Digital Humanities,TRANSMOGRIFICATION,True
dyjitali mänschawissenskaps,swg,1,ltr,Digital Humanities,TRANSMOGRIFICATION,True
દીજિટાલ હમ્યુમેનિટીસ,swv,1,ltr,Digital Humanities,STRUCTURAL_ABSENCE,True
tebu' hukumang digital,sxn,1,ltr,Digital Humanities,STRUCTURAL_ABSENCE,True
humas digital,sxn,1,ltr,Digital Humanities,STRUCTURAL_ABSENCE,True
talise digitale,sxn,1,ltr,Digital Humanities,STRUCTURAL_ABSENCE,True
humanitias digitalis,sxn,1,ltr,Digital Humanities,STRUCTURAL_ABSENCE,True
kankari fulanii digitaalaa,sus,1,rtl,Digital Humanities,STRUCTURAL_ABSENCE,True
digita manini,sus,1,rtl,Digital Humanities,STRUCTURAL_ABSENCE,True
ܠܘܚܢܐ ܕܡܟܬܒܐ ܕܫܪܝܥܐ,syc,1,ltr,Digital Humanities,TRANSMOGRIFICATION,True
sⱦáⱦel sen tŧe sḱál,str,1,ltr,Digital Humanities,TRANSMOGRIFICATION,True
humanitii digitaalay,ssy,1,ltr,Digital Humanities,STRUCTURAL_ABSENCE,True
botho ba dijithale,st,1,ltr,Digital Humanities,STRUCTURAL_ABSENCE,True
lik'hemik'hale tseo batho ba li hlokang,st,1,ltr,Digital Humanities,STRUCTURAL_ABSENCE,True
bohlale ba dijithale,st,1,ltr,Digital Humanities,STRUCTURAL_ABSENCE,True
mokwetlo wa digital,st,1,ltr,Digital Humanities,STRUCTURAL_ABSENCE,True
mabola ea dijithale,st,1,ltr,Digital Humanities,STRUCTURAL_ABSENCE,True
motsoaledi oa digitale,st,1,ltr,Digital Humanities,STRUCTURAL_ABSENCE,True
digitoale gäistesweetenskuppen,stq,1,ltr,Digital Humanities,TRANSMOGRIFICATION,True
digitale humanitäten,stq,1,ltr,Digital Humanities,TRANSMOGRIFICATION,True
digitale humanistieke,stq,1,ltr,Digital Humanities,TRANSMOGRIFICATION,True
dätalike kultuurwittenskip,stq,1,ltr,Digital Humanities,TRANSMOGRIFICATION,True
digitale jantlegjengen,stq,1,ltr,Digital Humanities,TRANSMOGRIFICATION,True
sx̌ʷəlməxʷ ti syəyəɬ ti kʷi čəd,str,1,ltr,Digital Humanities,TRANSMOGRIFICATION,True
sq'əmayəxʷ təməxʷ,str,1,ltr,Digital Humanities,TRANSMOGRIFICATION,True
sxʷqʷeləc̓iwen,str,1,ltr,Digital Humanities,TRANSMOGRIFICATION,True
tɔmɛnɛ tɛŋɛlɛtɩkɩ,sus,1,rtl,Digital Humanities,STRUCTURAL_ABSENCE,True
łəxʷəŋiƛəƛ ʔəyəwəƛ,str,1,ltr,Digital Humanities,TRANSMOGRIFICATION,True
ʔənqʷxʷtəm ʔələkʷcəmxʷ,str,1,ltr,Digital Humanities,TRANSMOGRIFICATION,True
səmiqw'el sxʷələshən,str,1,ltr,Digital Humanities,TRANSMOGRIFICATION,True
élmu kamanusaan digital,su,1,ltr,Digital Humanities,STRUCTURAL_ABSENCE,True
kamanusaan digital,su,1,ltr,Digital Humanities,STRUCTURAL_ABSENCE,True
manusa digital,su,1,ltr,Digital Humanities,STRUCTURAL_ABSENCE,True
humaesiko digital,su,1,ltr,Digital Humanities,STRUCTURAL_ABSENCE,True
buhumaniti bwa kidijitali,suk,1,ltr,Digital Humanities,TRANSMOGRIFICATION,True
dijitali humaneiti,suk,1,ltr,Digital Humanities,TRANSMOGRIFICATION,True
kifungu cha digitaji,suk,1,ltr,Digital Humanities,TRANSMOGRIFICATION,True
umami ya diguwali,suk,1,ltr,Digital Humanities,TRANSMOGRIFICATION,True
karamɔgɔya nɔmɛriki,sus,1,rtl,Digital Humanities,STRUCTURAL_ABSENCE,True
kɔmpita fɔlɔnɛnɛ ni hadamɔ fɔlɔnɛnɛ,sus,1,rtl,Digital Humanities,STRUCTURAL_ABSENCE,True
dijitali yunkɛɛnɛ,sus,1,rtl,Digital Humanities,STRUCTURAL_ABSENCE,True
ܝܘܠܦܢ̈ܐ ܕܝܓܝܛܠܝ̈ܐ,syc,1,ltr,Digital Humanities,TRANSMOGRIFICATION,True
ܗܘܼܢܳܢ ܡܶܢ ܕܣܶܝܡܳܐ ܕܡܶܬܶܐ,syc,1,ltr,Digital Humanities,TRANSMOGRIFICATION,True
idhumi digitaa,teo,1,ltr,Digital Humanities,STRUCTURAL_ABSENCE,True
teknoloogia-inimõistus,tdh,1,ltr,Digital Humanities,TRANSMOGRIFICATION,True
ಡಿಜಿಟಲ್ ಮಾನವಿಕ ಶಾಸ್ತ್ರ,tcy,1,ltr,Digital Humanities,TRANSMOGRIFICATION,True
ಡಾಜಿಟಲ್ ಮಾನವಿಕ,tcy,1,ltr,Digital Humanities,TRANSMOGRIFICATION,True
digitali humanitiyadi,tcy,1,ltr,Digital Humanities,TRANSMOGRIFICATION,True
ಡಿಜಿಟಲ್ ಮನಸ್ಕರ್ತವಾದರು,tcy,1,ltr,Digital Humanities,TRANSMOGRIFICATION,True
ᥖᥭᥰ ᥛᥫᥒᥰᥘᥫᥴᥑᥥᥒᥴ,tdd,1,ltr,Digital Humanities,TRANSMOGRIFICATION,True
ᥝᥤᥴᥖᥣᥲ ᥘᥤᥒᥰ ᥖᥤᥒᥰᥘᥣᥢᥲ,tdd,1,ltr,Digital Humanities,TRANSMOGRIFICATION,True
ပိဋကတ် ၵူႈလူင်,tdd,1,ltr,Digital Humanities,TRANSMOGRIFICATION,True
ᥖᥨᥭᥰ ᥘᥣᥱ ᥛᥣᥰ ᥑᥩᥢᥴ ᥖᥣᥱ ᥘᥤᥐ,tdd,1,ltr,Digital Humanities,TRANSMOGRIFICATION,True
ၾကီး ႏွံေလ်ာင္စန္ဒိတ္,tdd,1,ltr,Digital Humanities,TRANSMOGRIFICATION,True
ឌីជីថលមនុស្សជាតិ,tdd,1,ltr,Digital Humanities,TRANSMOGRIFICATION,True
ផ្សារដីបន្ទេស,tdd,1,ltr,Digital Humanities,TRANSMOGRIFICATION,True
dhigitaal humaniyata,tdg,1,ltr,Digital Humanities,STRUCTURAL_ABSENCE,True
ḍigital manṣa-lā,tdg,1,ltr,Digital Humanities,STRUCTURAL_ABSENCE,True
dhigalai kala sahitya,tdh,1,ltr,Digital Humanities,TRANSMOGRIFICATION,True
డిజిటల్ మానవీయ శాస్త్రాలు,te,1,ltr,Digital Humanities,TRANSMOGRIFICATION,True
tłı̨ch łı̨k dène ghlą́a,tce,1,ltr,Digital Humanities,STRUCTURAL_ABSENCE,True
డిజిటల్ మానవ శాస్త్రం,te,1,ltr,Digital Humanities,TRANSMOGRIFICATION,True
డిజిటల్ మానవీయ శాస్త్రం,te,1,ltr,Digital Humanities,TRANSMOGRIFICATION,True
డిజిల్ హెయూమైన్స్,te,1,ltr,Digital Humanities,TRANSMOGRIFICATION,True
kɛ-fɔrɔŋ kɛ-tɛŋkɛ kɛ-pɔrɔŋ,tem,1,ltr,Digital Humanities,STRUCTURAL_ABSENCE,True
dijital hùmánítìs,tem,1,ltr,Digital Humanities,STRUCTURAL_ABSENCE,True
tinɣa n iɣerbil,tem,1,ltr,Digital Humanities,STRUCTURAL_ABSENCE,True
digitaal ŋam,tem,1,ltr,Digital Humanities,STRUCTURAL_ABSENCE,True
tetemétetetemi,tem,1,ltr,Digital Humanities,STRUCTURAL_ABSENCE,True
temdigitaliilta,tem,1,ltr,Digital Humanities,STRUCTURAL_ABSENCE,True
ejokanut ka itunganan ka kompyuta,teo,1,ltr,Digital Humanities,STRUCTURAL_ABSENCE,True
ebeba lokasuban,teo,1,ltr,Digital Humanities,STRUCTURAL_ABSENCE,True
aiyaiyakineta a ikiaparitai,teo,1,ltr,Digital Humanities,STRUCTURAL_ABSENCE,True
omweso wa digital,teo,1,ltr,Digital Humanities,STRUCTURAL_ABSENCE,True
eŋiŋ-ekɔlɔɔ-ekɛn,teo,1,ltr,Digital Humanities,STRUCTURAL_ABSENCE,True
t'ąįhgáa nunangyuha,tce,1,ltr,Digital Humanities,STRUCTURAL_ABSENCE,True
dèkʼù gwitʼàa gùw ḵʼù,tce,1,ltr,Digital Humanities,STRUCTURAL_ABSENCE,True
tukana ya kielektroniki,syi,1,ltr,Digital Humanities,STRUCTURAL_ABSENCE,True
dygitálne łumanistyka,szl,1,ltr,Digital Humanities,TRANSMOGRIFICATION,True
sekirakai tivu,syi,1,ltr,Digital Humanities,STRUCTURAL_ABSENCE,True
digitaal humānitaa,syi,1,ltr,Digital Humanities,STRUCTURAL_ABSENCE,True
ジデタルヒューマニティズ,syi,1,ltr,Digital Humanities,STRUCTURAL_ABSENCE,True
ꠒꠤꠎꠤꠐꠣꠟ ꠝꠣꠘꠛꠤꠇ꠆ꠇꠣ,syl,1,ltr,Digital Humanities,TRANSMOGRIFICATION,True
ডিজিটাল মানুয়াল্যাস্টি,syl,1,ltr,Digital Humanities,TRANSMOGRIFICATION,True
ডিজিটাল ম্যানসপ্রফেকশন,syl,1,ltr,Digital Humanities,TRANSMOGRIFICATION,True
ܐܢܬܪܣܘܦܝܐ ܕܒܢܝ ܐܢܫܐ,syr,1,rtl,Digital Humanities,TRANSMOGRIFICATION,True
ܡܕ̈ܥܐ ܪ̈ܩܝܡܐ ܘܐܢܫܝܘܬܐ,syr,1,rtl,Digital Humanities,TRANSMOGRIFICATION,True
ܝܘܠܦܢܐ ܕܐܢܫܘܬܐ ܕܝܓܝܛܠܝܐ,syr,1,rtl,Digital Humanities,TRANSMOGRIFICATION,True
دکالـبانية حومةية,syr,1,rtl,Digital Humanities,TRANSMOGRIFICATION,True
ܡܕܢܝܘܬܐ ܩܘܠܝܬܐ,syr,1,rtl,Digital Humanities,TRANSMOGRIFICATION,True
ܕܐܘܢܝܪ ܚܕܝܬܐ,syr,1,rtl,Digital Humanities,TRANSMOGRIFICATION,True
cyfrowe nauki humanistyczne,szl,1,ltr,Digital Humanities,TRANSMOGRIFICATION,True
humanistyka cyfrowŏ,szl,1,ltr,Digital Humanities,TRANSMOGRIFICATION,True
எண்ணிம மனிதவியல்,ta,1,ltr,Digital Humanities,PRODUCTIVE_DISAGREEMENT,True
dän k'e nuhts'i ghäy ghäy ts'än,tce,1,ltr,Digital Humanities,STRUCTURAL_ABSENCE,True
டிஜிட்டல் மானுடவியல்,ta,1,ltr,Digital Humanities,PRODUCTIVE_DISAGREEMENT,True
டிஜிட்டல் மனிதநேயம்,ta,1,ltr,Digital Humanities,PRODUCTIVE_DISAGREEMENT,True
மின்னணு மனிதவியல்,ta,1,ltr,Digital Humanities,PRODUCTIVE_DISAGREEMENT,True
மின்னிவியல் மனிதநேயம்,ta,1,ltr,Digital Humanities,PRODUCTIVE_DISAGREEMENT,True
திசையன் மக்நியுஸ்திஸ்,ta,1,ltr,Digital Humanities,PRODUCTIVE_DISAGREEMENT,True
ஜிடிடல் மனவியக்கு,ta,1,ltr,Digital Humanities,PRODUCTIVE_DISAGREEMENT,True
dijital insaniyyatlar,tab,1,ltr,Digital Humanities,TRANSMOGRIFICATION,True
معلومات دیجیتالی بشهری,tab,1,ltr,Digital Humanities,TRANSMOGRIFICATION,True
dhagyalai gyanapariyog,taj,1,ltr,Digital Humanities,STRUCTURAL_ABSENCE,True
ḍigitaj humānitik,taj,1,ltr,Digital Humanities,STRUCTURAL_ABSENCE,True
agham-tao sa digital,tbw,1,ltr,Digital Humanities,STRUCTURAL_ABSENCE,True
talikid na kapanibalan,tbw,1,ltr,Digital Humanities,STRUCTURAL_ABSENCE,True
pang-digital na kasaysayan at kultura,tbw,1,ltr,Digital Humanities,STRUCTURAL_ABSENCE,True
k'ę́ ts'ą̀n yé nakhwatthän,tce,1,ltr,Digital Humanities,STRUCTURAL_ABSENCE,True
mukanda wa kufwila,lun,1,ltr,Digital Humanities,STRUCTURAL_ABSENCE,True
umanidades dijital,lfn,1,ltr,Digital Humanities,STRUCTURAL_ABSENCE,True
cisambililu cha dijitali,lun,1,ltr,Digital Humanities,STRUCTURAL_ABSENCE,True
makwa-kiwenzikwek,crm,1,ltr,Digital Humanities,TRANSMOGRIFICATION,True
mātisiw ē-nēhiwākēwin,crk,1,ltr,Digital Humanities,TRANSMOGRIFICATION,True
mistêhtêkihkwêwak miskotanitâkiwiyiniwak,crk,1,ltr,Digital Humanities,TRANSMOGRIFICATION,True
kisiskāciwaw iyiniw wahkotowin,crk,1,ltr,Digital Humanities,TRANSMOGRIFICATION,True
ᑎᒥᔅᑯᓯᐤ ᐃᔨᔨᐤᐦᑖᐃᓐ,crl,1,ltr,Digital Humanities,TRANSMOGRIFICATION,True
ᑎᔨᑕᓪ ᐊᔨᒧᐎᓐ,crl,1,ltr,Digital Humanities,TRANSMOGRIFICATION,True
ᓀᐦᐃᔭᐦᐃᑐᐦᐃᑯᐦᐃᐠ ᐦᐃᑐᐦᐃᑯᐦᐃᐠ,crl,1,ltr,Digital Humanities,TRANSMOGRIFICATION,True
ᑎᒋᑕᓪ ᐃᔨᒋᑲᓐ,crl,1,ltr,Digital Humanities,TRANSMOGRIFICATION,True
ᓀᐦᑕᒥ ᐊᐃᔨᓂᐊᐤ,crl,1,ltr,Digital Humanities,TRANSMOGRIFICATION,True
nepinatamikamikamikw miskwatisiwini,crl,1,ltr,Digital Humanities,TRANSMOGRIFICATION,True
nawakwakmiwikiniwki tâskwewikamik,crl,1,ltr,Digital Humanities,TRANSMOGRIFICATION,True
misipaw-iskwewiniyinniwak kikinowak,crl,1,ltr,Digital Humanities,TRANSMOGRIFICATION,True
ᑲᓇᑕᐠ ᐃᔨᔨᐤᐦᑖᐃᐧᐣ,crm,1,ltr,Digital Humanities,TRANSMOGRIFICATION,True
moshkakahikewin,crm,1,ltr,Digital Humanities,TRANSMOGRIFICATION,True
masinahikanihk kâ-isi-âpacihâcik,crm,1,ltr,Digital Humanities,TRANSMOGRIFICATION,True
gidizhiwewin gizhawenimin,crm,1,ltr,Digital Humanities,TRANSMOGRIFICATION,True
ɂedehzhíéh k’éh,den,1,ltr,Digital Humanities,STRUCTURAL_ABSENCE,True
niskawewikamikw atimowinakon,crm,1,ltr,Digital Humanities,TRANSMOGRIFICATION,True
kisikaw-mikinaak minji'ikewag,crm,1,ltr,Digital Humanities,TRANSMOGRIFICATION,True
fer sir ki zot maryaz i ganny fer,crs,1,ltr,Digital Humanities,TRANSMOGRIFICATION,True
imin dital,crs,1,ltr,Digital Humanities,TRANSMOGRIFICATION,True
limanite nimerik,crs,1,ltr,Digital Humanities,TRANSMOGRIFICATION,True
limannite numerik,crs,1,ltr,Digital Humanities,TRANSMOGRIFICATION,True
lalang imen dijital,crs,1,ltr,Digital Humanities,TRANSMOGRIFICATION,True
liditèl ètudis,crs,1,ltr,Digital Humanities,TRANSMOGRIFICATION,True
limiriter lenmiz dijital,crs,1,ltr,Digital Humanities,TRANSMOGRIFICATION,True
dilitiyan hwanitimi,crs,1,ltr,Digital Humanities,TRANSMOGRIFICATION,True
digitální humanity,cs,1,ltr,Digital Humanities,PRODUCTIVE_DISAGREEMENT,True
digitální umění kultury,cs,1,ltr,Digital Humanities,PRODUCTIVE_DISAGREEMENT,True
cyfrowé humanistëka,csb,1,ltr,Digital Humanities,TRANSMOGRIFICATION,True
cyfrowi humanistika,csb,1,ltr,Digital Humanities,TRANSMOGRIFICATION,True
nēhiyawak pimatisiwin nāpewin,crk,1,ltr,Digital Humanities,TRANSMOGRIFICATION,True
kâ-isi-âpacihcikâtêki masinahikana,crk,1,ltr,Digital Humanities,TRANSMOGRIFICATION,True
pîkiskwêwin-mâmitonêhcikan êkwa askîwi-kiskêyihtamowin,crk,1,ltr,Digital Humanities,TRANSMOGRIFICATION,True
mamāhtāwisiwin isi-kiskēyihtamowin,crk,1,ltr,Digital Humanities,TRANSMOGRIFICATION,True
ᑎᒋᑕᓪ ᐊᔪᒥᕐᓯᐅᑎᑦ,cr,1,ltr,Digital Humanities,TRANSMOGRIFICATION,True
ᓀᐦᐃᔭᐤ ᐊᐦᑭᐦᑖᓱᐏᐣ,cr,1,ltr,Digital Humanities,TRANSMOGRIFICATION,True
ᑎᒋᑕᓪ ᐊᑕᒫᑲᓇᐣ,cr,1,ltr,Digital Humanities,TRANSMOGRIFICATION,True
nikotinâtâwak,cr,1,ltr,Digital Humanities,TRANSMOGRIFICATION,True
ᐋᓐᓂᕽ ᓂᕽᐦᑭᒧᐦᑕᐦᐬᐬᐯᐯᐬ,cr,1,ltr,Digital Humanities,TRANSMOGRIFICATION,True
miskwewcihkwewin miyowina kiskinohamiyawikwa,cr,1,ltr,Digital Humanities,TRANSMOGRIFICATION,True
kisiskāciwaw iyiniw mīna-mīnawin,cr,1,ltr,Digital Humanities,TRANSMOGRIFICATION,True
lii zhaang dii lii numérik,crg,1,ltr,Digital Humanities,STRUCTURAL_ABSENCE,True
la digitaal l'humanité,crg,1,ltr,Digital Humanities,STRUCTURAL_ABSENCE,True
numérik anshin,crg,1,ltr,Digital Humanities,STRUCTURAL_ABSENCE,True
pisimwâtamowin iskwewak,crg,1,ltr,Digital Humanities,STRUCTURAL_ABSENCE,True
lumanités dijitales,crg,1,ltr,Digital Humanities,STRUCTURAL_ABSENCE,True
diyetik kwiinipimowin,crg,1,ltr,Digital Humanities,STRUCTURAL_ABSENCE,True
ракъамлы гуманитар фенлер,crh,1,ltr,Digital Humanities,TRANSMOGRIFICATION,True
dijital gumanitar bilimler,crh,1,ltr,Digital Humanities,TRANSMOGRIFICATION,True
raqamlı insaniyat,crh,1,ltr,Digital Humanities,TRANSMOGRIFICATION,True
sayısal beşeriyat,crh,1,ltr,Digital Humanities,TRANSMOGRIFICATION,True
raqamlı beşeriy ilimler,crh,1,ltr,Digital Humanities,TRANSMOGRIFICATION,True
räsmiy insanlıkler informatika,crh,1,ltr,Digital Humanities,TRANSMOGRIFICATION,True
dyjitali nüfusdarlıq,crh,1,ltr,Digital Humanities,TRANSMOGRIFICATION,True
ᑎᒥᔅᑭᓂᐦᐃᑲᓂᐦᐄᑭᓂᒃ ᐊᔨᒧᐎᓐ,crj,1,ltr,Digital Humanities,TRANSMOGRIFICATION,True
ᑎᔨᑕᓪ ᐄᔨᔫ ᑭᔅᑫᔨᐦᑕᒧᐎᓐ,crj,1,ltr,Digital Humanities,TRANSMOGRIFICATION,True
tapitawi-iskwapiwin,crj,1,ltr,Digital Humanities,TRANSMOGRIFICATION,True
ᑎᒋᑕᓪ ᐊᔭᒥᐦᐄᐧᐃᓐ,crj,1,ltr,Digital Humanities,TRANSMOGRIFICATION,True
nīhithapwīn ᒐᑳᓂᐦᐊᐧᐃᐤ,crj,1,ltr,Digital Humanities,TRANSMOGRIFICATION,True
mâci-nîhciwâcihk,crj,1,ltr,Digital Humanities,TRANSMOGRIFICATION,True
tshishułimkik tuhtisiwiniwin,crj,1,ltr,Digital Humanities,TRANSMOGRIFICATION,True
nihtawiyimisowin ikiniwak,crj,1,ltr,Digital Humanities,TRANSMOGRIFICATION,True
ᑲᐦᑭᐦᑖᐃᐧᐣ ᐊᐢᑭᓈᐦᐃᑲᐣ,crk,1,ltr,Digital Humanities,TRANSMOGRIFICATION,True
cyfrowô humanistika,csb,1,ltr,Digital Humanities,TRANSMOGRIFICATION,True
digitôlne humanistika,csb,1,ltr,Digital Humanities,TRANSMOGRIFICATION,True
humanistyka digitalna,csb,1,ltr,Digital Humanities,TRANSMOGRIFICATION,True
kikinahamaw iyiniw omaamawin,cwd,1,ltr,Digital Humanities,TRANSMOGRIFICATION,True
y dyniaethau digidol,cy,1,ltr,Digital Humanities,PRODUCTIVE_DISAGREEMENT,True
ddigiteithrwydd ddysgeidiaeth,cy,1,ltr,Digital Humanities,PRODUCTIVE_DISAGREEMENT,True
dyniaeth digidol,cy,1,ltr,Digital Humanities,PRODUCTIVE_DISAGREEMENT,True
cyfanswmau cyfathrebu digitol,cy,1,ltr,Digital Humanities,PRODUCTIVE_DISAGREEMENT,True
cyfrol data,cy,1,ltr,Digital Humanities,PRODUCTIVE_DISAGREEMENT,True
digital humanistik,da,1,ltr,Digital Humanities,STRUCTURAL_ABSENCE,True
wíyawa wóuŋspe,dak,1,ltr,Digital Humanities,TRANSMOGRIFICATION,True
wowapi okaȟnige wayawapi,dak,1,ltr,Digital Humanities,TRANSMOGRIFICATION,True
woapiye tȟawíčuwa na wówapi tȟawíčuwa,dak,1,ltr,Digital Humanities,TRANSMOGRIFICATION,True
wíyóta wacípe oyáte,dak,1,ltr,Digital Humanities,TRANSMOGRIFICATION,True
wakpaŋyéla iktómi,dak,1,ltr,Digital Humanities,TRANSMOGRIFICATION,True
mitakuye oyapi tekipapi,dak,1,ltr,Digital Humanities,TRANSMOGRIFICATION,True
wičhastęŋha ska oyate wakháŋižowin,dak,1,ltr,Digital Humanities,TRANSMOGRIFICATION,True
цифровой гуманитарный илмуби,dar,1,ltr,Digital Humanities,TRANSMOGRIFICATION,True
циферу дихiиналцӏа,dar,1,ltr,Digital Humanities,TRANSMOGRIFICATION,True
digitali za wanadamu,dav,1,ltr,Digital Humanities,STRUCTURAL_ABSENCE,True
tatumi ya kudijitali,dav,1,ltr,Digital Humanities,STRUCTURAL_ABSENCE,True
maji maji ya kisasa,dav,1,ltr,Digital Humanities,STRUCTURAL_ABSENCE,True
mvulana yasimba yautaifa,dav,1,ltr,Digital Humanities,STRUCTURAL_ABSENCE,True
dhāyikīya sahitya,dcc,1,rtl,Digital Humanities,TRANSMOGRIFICATION,True
ḍiஜitaḷa mānavaśāstra,dcc,1,rtl,Digital Humanities,TRANSMOGRIFICATION,True
ಡಿಜಿಟಲ್ ಮನಸ್ಕರ್ಷಿಕ,dcc,1,rtl,Digital Humanities,TRANSMOGRIFICATION,True
digitale philologie,de,1,ltr,Digital Humanities,PRODUCTIVE_DISAGREEMENT,True
ntèntèn ahkwi wìlawàn,del,1,ltr,Digital Humanities,STRUCTURAL_ABSENCE,True
wapalaahkwikan,del,1,ltr,Digital Humanities,STRUCTURAL_ABSENCE,True
lënape hëlihëleokàn,del,1,ltr,Digital Humanities,STRUCTURAL_ABSENCE,True
hwudlɛnɔmɛtɪkɛ hɑʊmɛrɪtɪs,del,1,ltr,Digital Humanities,STRUCTURAL_ABSENCE,True
nàwewàl wàwàsh,del,1,ltr,Digital Humanities,STRUCTURAL_ABSENCE,True
tsiluague nuatilimunekutik,del,1,ltr,Digital Humanities,STRUCTURAL_ABSENCE,True
dyniaethau digidol,cy,1,ltr,Digital Humanities,PRODUCTIVE_DISAGREEMENT,True
miskwewcihkwewininiwin,cwd,1,ltr,Digital Humanities,TRANSMOGRIFICATION,True
digitalné òdnowé,csb,1,ltr,Digital Humanities,TRANSMOGRIFICATION,True
wahkotâw-nêhihci-mâci-nîhci,cwd,1,ltr,Digital Humanities,TRANSMOGRIFICATION,True
ᑲᐦᑭᐦᑖᐏᐣ ᐊᐢᑭᐦᑕᐏᐣ,csw,1,ltr,Digital Humanities,TRANSMOGRIFICATION,True
ᓀᐦᐃᔭᐏᐣ ᑭᓀᐦᐃᑐᐏᐣ,csw,1,ltr,Digital Humanities,TRANSMOGRIFICATION,True
masinahikewin kiskinwahamakewin,csw,1,ltr,Digital Humanities,TRANSMOGRIFICATION,True
nīhithawak pimatisiwin,csw,1,ltr,Digital Humanities,TRANSMOGRIFICATION,True
ᐋᖙᖕᖗᖖᖘᖗᖖ ᖄᖕᖗᖖᖘᖗᖖ,csw,1,ltr,Digital Humanities,TRANSMOGRIFICATION,True
miskwewak kiskinowiniwin,csw,1,ltr,Digital Humanities,TRANSMOGRIFICATION,True
kistikawisimak creewininiyik,csw,1,ltr,Digital Humanities,TRANSMOGRIFICATION,True
hmanhnaing digital,ctd,1,ltr,Digital Humanities,STRUCTURAL_ABSENCE,True
di-gi-ta hman-lau,ctd,1,ltr,Digital Humanities,STRUCTURAL_ABSENCE,True
dkawp hlumathuaswnti,ctd,1,ltr,Digital Humanities,STRUCTURAL_ABSENCE,True
цифрьнаѧ человѣчьскаѧ наука,cu,1,ltr,Digital Humanities,TRANSMOGRIFICATION,True
цифрова мѫдрость,cu,1,ltr,Digital Humanities,TRANSMOGRIFICATION,True
цифрьна хумьнистика,cu,1,ltr,Digital Humanities,TRANSMOGRIFICATION,True
цифровьнаѧ чловѣчьскаѧ мѫдрость,cu,1,ltr,Digital Humanities,TRANSMOGRIFICATION,True
дигитална умень,cu,1,ltr,Digital Humanities,TRANSMOGRIFICATION,True
цифрьнꙑи ꙳ѹманꙑи,cu,1,ltr,Digital Humanities,TRANSMOGRIFICATION,True
дигитална хуманитарна наука,cu,1,ltr,Digital Humanities,TRANSMOGRIFICATION,True
цифра гуманитари,cv,1,ltr,Digital Humanities,TRANSMOGRIFICATION,True
цифрави гуманитарий,cv,1,ltr,Digital Humanities,TRANSMOGRIFICATION,True
цифрлă гуманитари ăслăлăхсем,cv,1,ltr,Digital Humanities,TRANSMOGRIFICATION,True
цифрăллă гуманитари ăслăхĕсем,cv,1,ltr,Digital Humanities,TRANSMOGRIFICATION,True
цифрăллă гуманитаристика,cv,1,ltr,Digital Humanities,TRANSMOGRIFICATION,True
цифрола ӳнер,cv,1,ltr,Digital Humanities,TRANSMOGRIFICATION,True
дигитал ҫылкын,cv,1,ltr,Digital Humanities,TRANSMOGRIFICATION,True
ᑲᐦᑭᐦᑕᐍᐏᐣ ᐊᐢᑭᓈᐦᐃᑲᐣ,cwd,1,ltr,Digital Humanities,TRANSMOGRIFICATION,True
ᒪᒪᐗᐤ ᑭᑭᓄᐊᒪᑫᐎᓐ,cwd,1,ltr,Digital Humanities,TRANSMOGRIFICATION,True
mīkisowin kīsikāw askiy-apihtawikosisān,cwd,1,ltr,Digital Humanities,TRANSMOGRIFICATION,True
ᑭᐢᑫᔨᐦᑕᒧᐏᓇ ᐅᒪᐢᑭᓯᐏᐣ,cwd,1,ltr,Digital Humanities,TRANSMOGRIFICATION,True
nîtîwâtakêwinôhk,cwd,1,ltr,Digital Humanities,TRANSMOGRIFICATION,True
ᑲᐦᑭᔭᐤ ᐊᐢᑭᓈᐦᐃᑲᐣ,cr,1,ltr,Digital Humanities,TRANSMOGRIFICATION,True
mga talambong digital,cps,1,ltr,Digital Humanities,STRUCTURAL_ABSENCE,True
digmahanon sa mga sining,cps,1,ltr,Digital Humanities,STRUCTURAL_ABSENCE,True
aramas mi digital,chk,1,ltr,Digital Humanities,STRUCTURAL_ABSENCE,True
tekinolojia me aninis,chk,1,ltr,Digital Humanities,STRUCTURAL_ABSENCE,True
mwichen kompyuter me aramas,chk,1,ltr,Digital Humanities,STRUCTURAL_ABSENCE,True
fouen fichu me fichu fichu,chk,1,ltr,Digital Humanities,STRUCTURAL_ABSENCE,True
rongorongon tekinik,chk,1,ltr,Digital Humanities,STRUCTURAL_ABSENCE,True
mwanei inetan,chk,1,ltr,Digital Humanities,STRUCTURAL_ABSENCE,True
manamwāni ĩlāp,chk,1,ltr,Digital Humanities,STRUCTURAL_ABSENCE,True
tetekuletele telekolese,chk,1,ltr,Digital Humanities,STRUCTURAL_ABSENCE,True
humanitåes digitål,chk,1,ltr,Digital Humanities,STRUCTURAL_ABSENCE,True
цифровой гуманитарный науко,chm,1,ltr,Digital Humanities,TRANSMOGRIFICATION,True
цифр гуманитар наукывлак,chm,1,ltr,Digital Humanities,TRANSMOGRIFICATION,True
цифр гуманитарлык шанче,chm,1,ltr,Digital Humanities,TRANSMOGRIFICATION,True
илеме пӱртӧвлымаш,chm,1,ltr,Digital Humanities,TRANSMOGRIFICATION,True
čiktə-həčə-čəktə-čəktə-həčə,chm,1,ltr,Digital Humanities,TRANSMOGRIFICATION,True
диджиталъ хуманитариялъ,chm,1,ltr,Digital Humanities,TRANSMOGRIFICATION,True
ikta kopa masi,chn,1,ltr,Digital Humanities,TRANSMOGRIFICATION,True
boston illahee mamook kopa ikta,chn,1,ltr,Digital Humanities,TRANSMOGRIFICATION,True
saghalie t'səmkum kəmt'səmkum,chn,1,ltr,Digital Humanities,TRANSMOGRIFICATION,True
tenas kopa skookum tzum,chn,1,ltr,Digital Humanities,TRANSMOGRIFICATION,True
kwixwitl kwixwitl,chn,1,ltr,Digital Humanities,TRANSMOGRIFICATION,True
klaska saχʷíkʷəɬ,chn,1,ltr,Digital Humanities,TRANSMOGRIFICATION,True
lək̓ʷətsemwəl șəxʷəyeš,chn,1,ltr,Digital Humanities,TRANSMOGRIFICATION,True
tek'-tin-maht-lek'-luk,chn,1,ltr,Digital Humanities,TRANSMOGRIFICATION,True
nashoba holissochi,cho,1,ltr,Digital Humanities,STRUCTURAL_ABSENCE,True
tisholi holisso aiimpa,cho,1,ltr,Digital Humanities,STRUCTURAL_ABSENCE,True
yukpa akucha,cho,1,ltr,Digital Humanities,STRUCTURAL_ABSENCE,True
anumpa apesa holisso,cho,1,ltr,Digital Humanities,STRUCTURAL_ABSENCE,True
okla pili moksha,cho,1,ltr,Digital Humanities,STRUCTURAL_ABSENCE,True
hokma chikasha apachapna,cho,1,ltr,Digital Humanities,STRUCTURAL_ABSENCE,True
tłakchko tłalātli oklokomahvlvli,cho,1,ltr,Digital Humanities,STRUCTURAL_ABSENCE,True
kopwe tongeni süföliti aramas,chk,1,ltr,Digital Humanities,STRUCTURAL_ABSENCE,True
технологиял-и әдәбият,chg,1,ltr,Digital Humanities,TRANSMOGRIFICATION,True
deneyu̜ bé nįdhé k'e̜ ts'ı̨́lı̨ nágháįdá,chp,1,ltr,Digital Humanities,STRUCTURAL_ABSENCE,True
دیجیتال هنسیم,chg,1,ltr,Digital Humanities,TRANSMOGRIFICATION,True
дигиталнә архитөмлөгү,ce,1,ltr,Digital Humanities,TRANSMOGRIFICATION,True
дигиталны ӏуманитарнӕх,ce,1,ltr,Digital Humanities,TRANSMOGRIFICATION,True
digital nga mga humanidad,ceb,1,ltr,Digital Humanities,STRUCTURAL_ABSENCE,True
digital nga mga tawhanon,ceb,1,ltr,Digital Humanities,STRUCTURAL_ABSENCE,True
diyital nga humanidades,ceb,1,ltr,Digital Humanities,STRUCTURAL_ABSENCE,True
digma nga kasayuran,ceb,1,ltr,Digital Humanities,STRUCTURAL_ABSENCE,True
huminidades digital,ceb,1,ltr,Digital Humanities,STRUCTURAL_ABSENCE,True
obuntu bwa digito,cgg,1,ltr,Digital Humanities,STRUCTURAL_ABSENCE,True
obuhangwa bwa dijito,cgg,1,ltr,Digital Humanities,STRUCTURAL_ABSENCE,True
ebyobugabe bya dijito,cgg,1,ltr,Digital Humanities,STRUCTURAL_ABSENCE,True
obuhumanisti bw'eby'okumanya obw'omutindo gwa digital,cgg,1,ltr,Digital Humanities,STRUCTURAL_ABSENCE,True
obuhanga bw’eby’omukono,cgg,1,ltr,Digital Humanities,STRUCTURAL_ABSENCE,True
bukoloni za digitali,cgg,1,ltr,Digital Humanities,STRUCTURAL_ABSENCE,True
digitaal ɛnɛmɛ,cgg,1,ltr,Digital Humanities,STRUCTURAL_ABSENCE,True
muhimiyasi digitali,cgg,1,ltr,Digital Humanities,STRUCTURAL_ABSENCE,True
humanidåt digitali,ch,1,ltr,Digital Humanities,STRUCTURAL_ABSENCE,True
humanidåt digitåt,ch,1,ltr,Digital Humanities,STRUCTURAL_ABSENCE,True
humanidådes dihetåt,ch,1,ltr,Digital Humanities,STRUCTURAL_ABSENCE,True
humantat na digital,ch,1,ltr,Digital Humanities,STRUCTURAL_ABSENCE,True
humañå-åddison digital,ch,1,ltr,Digital Humanities,STRUCTURAL_ABSENCE,True
tumahooluhu digital,ch,1,ltr,Digital Humanities,STRUCTURAL_ABSENCE,True
muysccubun quyhynuca suhusa,chb,1,ltr,Digital Humanities,STRUCTURAL_ABSENCE,True
muysca zaguaz hiuza,chb,1,ltr,Digital Humanities,STRUCTURAL_ABSENCE,True
kamësaka'waka,chb,1,ltr,Digital Humanities,STRUCTURAL_ABSENCE,True
ñut'a kawsí,chb,1,ltr,Digital Humanities,STRUCTURAL_ABSENCE,True
tecnohumanidades,chb,1,ltr,Digital Humanities,STRUCTURAL_ABSENCE,True
رقمی انسانییات,chg,1,ltr,Digital Humanities,TRANSMOGRIFICATION,True
رقملی علوم انسانیه,chg,1,ltr,Digital Humanities,TRANSMOGRIFICATION,True
رقملىق ئىنسانىيەت,chg,1,ltr,Digital Humanities,TRANSMOGRIFICATION,True
humanities okla-digitali,cho,1,ltr,Digital Humanities,STRUCTURAL_ABSENCE,True
ɂëłë́ghë́łë́ ts'ë́nk'ë́,chp,1,ltr,Digital Humanities,STRUCTURAL_ABSENCE,True
digital nga mga humanidades,cps,1,ltr,Digital Humanities,STRUCTURAL_ABSENCE,True
khaṇḍa pāṭhakaṃ digital,cjm,1,rtl,Digital Humanities,STRUCTURAL_ABSENCE,True
tworinhos digitals,cjm,1,rtl,Digital Humanities,STRUCTURAL_ABSENCE,True
санал кижи билиглери,cjs,1,ltr,Digital Humanities,TRANSMOGRIFICATION,True
цифрлыг гуманитарлыг,cjs,1,ltr,Digital Humanities,TRANSMOGRIFICATION,True
dhātīgītiyādharmikā,cjs,1,ltr,Digital Humanities,TRANSMOGRIFICATION,True
үлэмнэгдүүлэг үндэсний мэдээлэл,cjs,1,ltr,Digital Humanities,TRANSMOGRIFICATION,True
زانستە مرۆییە دیجیتاڵییەکان,ckb,1,rtl,Digital Humanities,STRUCTURAL_ABSENCE,True
زانستە دیجیتاڵییەکان,ckb,1,rtl,Digital Humanities,STRUCTURAL_ABSENCE,True
dîgîtâl hunerên însanî,ckb,1,rtl,Digital Humanities,STRUCTURAL_ABSENCE,True
ھونەرێ زانستێ دژفەلەكی,ckb,1,rtl,Digital Humanities,STRUCTURAL_ABSENCE,True
هاینټیلوری یدکی,ckb,1,rtl,Digital Humanities,STRUCTURAL_ABSENCE,True
مجالهای دیجیتالی بشوئی,ckb,1,rtl,Digital Humanities,STRUCTURAL_ABSENCE,True
рыръытӄыт ынӄэнэт,ckt,1,ltr,Digital Humanities,TRANSMOGRIFICATION,True
нүүрийн тэрилгэ,ckt,1,ltr,Digital Humanities,TRANSMOGRIFICATION,True
хукыт анаалык,ckt,1,ltr,Digital Humanities,TRANSMOGRIFICATION,True
ts'ilhqox computer nits'ilhtin,clc,1,ltr,Digital Humanities,STRUCTURAL_ABSENCE,True
duneh hwts'at'in yaghedi,clc,1,ltr,Digital Humanities,STRUCTURAL_ABSENCE,True
dijital huminities,clc,1,ltr,Digital Humanities,STRUCTURAL_ABSENCE,True
tłįkʷaɬtən,clc,1,ltr,Digital Humanities,STRUCTURAL_ABSENCE,True
dúgilis t̓íłt̓ín,clc,1,ltr,Digital Humanities,STRUCTURAL_ABSENCE,True
lxáat gwaay',clc,1,ltr,Digital Humanities,STRUCTURAL_ABSENCE,True
umanitàt digitali,co,1,ltr,Digital Humanities,TRANSMOGRIFICATION,True
ⲛⲉⲩⲉⲛⲧⲉⲣⲛⲉⲧ ⲛⲉⲩⲁⲛⲑⲣⲱⲡⲟⲥ,cop,1,rtl,Digital Humanities,TRANSMOGRIFICATION,True
ⲛⲓⲙⲁⲑⲏⲙⲁ ⲛ̀ⲇⲓⲅⲓⲧⲁⲗ,cop,1,rtl,Digital Humanities,TRANSMOGRIFICATION,True
ⲧⲉⲭⲛⲏ ⲛ̀ⲧⲉ ⲛⲓⲙⲉⲧⲣⲉⲙⲣⲁⲛ ⲛ̀ⲧⲉ ⲛⲓⲇⲓⲅⲓⲧⲁⲗ,cop,1,rtl,Digital Humanities,TRANSMOGRIFICATION,True
ⲛⲓⲭⲣⲏⲥⲓⲥ ⲛⲧⲉⲛⲣⲱⲙⲓ ⲛⲧⲉⲛⲥⲁϫⲓ,cop,1,rtl,Digital Humanities,TRANSMOGRIFICATION,True
الحوعة الديبية الدیبي,cop,1,rtl,Digital Humanities,TRANSMOGRIFICATION,True
ϩϫϭϫⲓⲥⲉⲟⲟⲓϩ ⲡⲉⲣⲓⲥⲧⲟⲥ,cop,1,rtl,Digital Humanities,TRANSMOGRIFICATION,True
ⲡⲓⲉⲧⲱⲛⲥⲁⲙⲉⲩⲕⲟⲧⲫⲓⲛ,cop,1,rtl,Digital Humanities,TRANSMOGRIFICATION,True
ⲧⲉⲓⲣⲏⲧ ⲛⲏⲧⲉⲓⲁⲛⲇⲣⲟⲥ,cop,1,rtl,Digital Humanities,TRANSMOGRIFICATION,True
kỹ thuật số ân sư,cjm,1,rtl,Digital Humanities,STRUCTURAL_ABSENCE,True
khoa học xã hội kỹ thuật số,cjm,1,rtl,Digital Humanities,STRUCTURAL_ABSENCE,True
dene kʼę́nį́nį́ nı̨́nı̨́,chp,1,ltr,Digital Humanities,STRUCTURAL_ABSENCE,True
kỹ thuật số nhân văn,cjm,1,rtl,Digital Humanities,STRUCTURAL_ABSENCE,True
ᓴᐃᑦ ᒥᕿᐊᔨᓂᐊᐧᐊᐠ,chp,1,ltr,Digital Humanities,STRUCTURAL_ABSENCE,True
dëgihtì n’dëné,chp,1,ltr,Digital Humanities,STRUCTURAL_ABSENCE,True
dziyàwà tínànìk kìtchìnà,chp,1,ltr,Digital Humanities,STRUCTURAL_ABSENCE,True
ꮧꭷꮓꭹ ꮪᏻꭺꮫ,chr,1,ltr,Digital Humanities,STRUCTURAL_ABSENCE,True
ꮧꮞꮝꮧ ꭴꮼꮃꮸꭿ ꮷꮼꮃꮸꭿ,chr,1,ltr,Digital Humanities,STRUCTURAL_ABSENCE,True
ꮧಜಿꮣꮅ ᏼꮻ,chr,1,ltr,Digital Humanities,STRUCTURAL_ABSENCE,True
ꮧꭶꮨꮿ ꭰꮒᏼꮻ ꭰꮄ ꭴꮼꮺꮃꮕꭿ ꭰꮣꮕꮦꮅꮩꮂ,chr,1,ltr,Digital Humanities,STRUCTURAL_ABSENCE,True
ꮧꮎꮣᏹ ꭴꮅꮝꮫꭲ,chr,1,ltr,Digital Humanities,STRUCTURAL_ABSENCE,True
ꭰꮣꮒꭷꮅꮝꮤꮑꮧ ꭴꮥꮅꮫ,chr,1,ltr,Digital Humanities,STRUCTURAL_ABSENCE,True
vé'ho'éome hoháéstse,chy,1,ltr,Digital Humanities,STRUCTURAL_ABSENCE,True
hestȯhevȯö'e hestȯhevȯö'e,chy,1,ltr,Digital Humanities,STRUCTURAL_ABSENCE,True
tséhéstáno'êstse ma'xemó'êstse,chy,1,ltr,Digital Humanities,STRUCTURAL_ABSENCE,True
wóótʼeełiŋaapi,chy,1,ltr,Digital Humanities,STRUCTURAL_ABSENCE,True
vóóhiniíse tsiínéé,chy,1,ltr,Digital Humanities,STRUCTURAL_ABSENCE,True
češké informatión,chy,1,ltr,Digital Humanities,STRUCTURAL_ABSENCE,True
tsétsahtsi bitóóhane',chy,1,ltr,Digital Humanities,STRUCTURAL_ABSENCE,True
holhchifo atoksvli,cic,1,ltr,Digital Humanities,TRANSMOGRIFICATION,True
talhípa' holisso isht anompoli,cic,1,ltr,Digital Humanities,TRANSMOGRIFICATION,True
holisso pīsa' chiho'li,cic,1,ltr,Digital Humanities,TRANSMOGRIFICATION,True
anumpa tosholi holisso,cic,1,ltr,Digital Humanities,TRANSMOGRIFICATION,True
ichihiyókta okchá,cic,1,ltr,Digital Humanities,TRANSMOGRIFICATION,True
apalahtachkila huchapokni,cic,1,ltr,Digital Humanities,TRANSMOGRIFICATION,True
tsalagi tsioggi vlohi mvna,cic,1,ltr,Digital Humanities,TRANSMOGRIFICATION,True
tsiyąłhili ha'aláŋna,cic,1,ltr,Digital Humanities,TRANSMOGRIFICATION,True
វិទ្យាសាស្ត្រ​មនុស្ស​ឌីជីថល,cja,1,rtl,Digital Humanities,STRUCTURAL_ABSENCE,True
kamurik digital,cja,1,rtl,Digital Humanities,STRUCTURAL_ABSENCE,True
ngữ hóa kỹ thuật số,cja,1,rtl,Digital Humanities,STRUCTURAL_ABSENCE,True
digitnal hūnintsi,cja,1,rtl,Digital Humanities,STRUCTURAL_ABSENCE,True
ខ្មែរប្រសិនធានី ដេសក្លាស់,cja,1,rtl,Digital Humanities,STRUCTURAL_ABSENCE,True
įłak'e ts'edi k'e nįdhį,den,1,ltr,Digital Humanities,STRUCTURAL_ABSENCE,True
dene kǝdǝnǝ yati,den,1,ltr,Digital Humanities,STRUCTURAL_ABSENCE,True
dýgidálsk menskurfrøði,fo,1,ltr,Digital Humanities,STRUCTURAL_ABSENCE,True
akumane ya nka'ane ya digital,ewo,1,ltr,Digital Humanities,STRUCTURAL_ABSENCE,True
𐌈𐌖𐌌𐌉𐌈𐌀𐌋 𐌈𐌀𐌍𐌀𐌔𐌂𐌄𐌍𐌕𐌉𐌀,ett,1,ltr,Digital Humanities,TRANSMOGRIFICATION,True
tlachleśa tivadun,ett,1,ltr,Digital Humanities,TRANSMOGRIFICATION,True
𐌱𐌹𐌳𐌹𐌽𐌹 𐌸𐌹𐌳𐌹𐌽𐌹𐌳𐌹𐌽𐌹,ett,1,ltr,Digital Humanities,TRANSMOGRIFICATION,True
humanitate digitalak,eu,1,ltr,Digital Humanities,PRODUCTIVE_DISAGREEMENT,True
gizatasun digitalak,eu,1,ltr,Digital Humanities,PRODUCTIVE_DISAGREEMENT,True
giza zientzien informatika,eu,1,ltr,Digital Humanities,PRODUCTIVE_DISAGREEMENT,True
giza zientzia digitalak,eu,1,ltr,Digital Humanities,PRODUCTIVE_DISAGREEMENT,True
arte digitalak,eu,1,ltr,Digital Humanities,PRODUCTIVE_DISAGREEMENT,True
hizkuntzarik digital humanitariak,eu,1,ltr,Digital Humanities,PRODUCTIVE_DISAGREEMENT,True
цифровой гуманитарной наукар,evn,1,ltr,Digital Humanities,TRANSMOGRIFICATION,True
kuɣaŋi kʊlʷɛn,evn,1,ltr,Digital Humanities,TRANSMOGRIFICATION,True
цифрĕн хумсалăх,evn,1,ltr,Digital Humanities,TRANSMOGRIFICATION,True
нигильэн халхаалар,evn,1,ltr,Digital Humanities,TRANSMOGRIFICATION,True
minkukuma mi nkɔbɔ ya ntangan,ewo,1,ltr,Digital Humanities,STRUCTURAL_ABSENCE,True
mvog mvog nlo'ó nlôm,ewo,1,ltr,Digital Humanities,STRUCTURAL_ABSENCE,True
digiðal humanitæs,den,1,ltr,Digital Humanities,STRUCTURAL_ABSENCE,True
bokamandji ya digitale,ewo,1,ltr,Digital Humanities,STRUCTURAL_ABSENCE,True
ŋsɛ́ɛm ŋsɔɔmɔɔ ŋkɛ́ɛm,ewo,1,ltr,Digital Humanities,STRUCTURAL_ABSENCE,True
munundu digital,ewo,1,ltr,Digital Humanities,STRUCTURAL_ABSENCE,True
humanidaes dixitalis,ext,1,ltr,Digital Humanities,TRANSMOGRIFICATION,True
humanidadis digitalis,ext,1,ltr,Digital Humanities,TRANSMOGRIFICATION,True
humaniais degitalis,ext,1,ltr,Digital Humanities,TRANSMOGRIFICATION,True
humanidaes digitalis,ext,1,ltr,Digital Humanities,TRANSMOGRIFICATION,True
humanidades digitaus,ext,1,ltr,Digital Humanities,TRANSMOGRIFICATION,True
انسان‌شناسی دیجیتال,fa,1,rtl,Digital Humanities,PRODUCTIVE_DISAGREEMENT,True
مطالعات دیجیتال بشری,fa,1,rtl,Digital Humanities,PRODUCTIVE_DISAGREEMENT,True
minkanda mi nkɔbɔ mi nternet,fan,1,ltr,Digital Humanities,TRANSMOGRIFICATION,True
bia'a ya nkañg ya nlô'ô,fan,1,ltr,Digital Humanities,TRANSMOGRIFICATION,True
mvôlô ma mfôk,fan,1,ltr,Digital Humanities,TRANSMOGRIFICATION,True
khaqalikhaqal,fan,1,ltr,Digital Humanities,TRANSMOGRIFICATION,True
𐌕𐌄𐌊𐌄𐌓𐌀𐌔 𐌄𐌕𐌓𐌖𐌔𐌊𐌀,ett,1,ltr,Digital Humanities,TRANSMOGRIFICATION,True
ziχ rasnal,ett,1,ltr,Digital Humanities,TRANSMOGRIFICATION,True
digiteelne humanistika,et,1,ltr,Digital Humanities,PRODUCTIVE_DISAGREEMENT,True
digitaalne humanistika,et,1,ltr,Digital Humanities,PRODUCTIVE_DISAGREEMENT,True
dkaw ḋawθanawmawng,eky,1,ltr,Digital Humanities,STRUCTURAL_ABSENCE,True
διγίτες ανθρωπιστικές επιστήμες,el,1,ltr,Digital Humanities,PRODUCTIVE_DISAGREEMENT,True
ψηφιακούς ανθρωπιστικές επιστήμες,el,1,ltr,Digital Humanities,PRODUCTIVE_DISAGREEMENT,True
διαδικτυακές χρηματοδότησες,el,1,ltr,Digital Humanities,PRODUCTIVE_DISAGREEMENT,True
numismatiki koinotita,el,1,ltr,Digital Humanities,PRODUCTIVE_DISAGREEMENT,True
digitale humanitees,enm,1,ltr,Digital Humanities,STRUCTURAL_ABSENCE,True
digitale humanytee,enm,1,ltr,Digital Humanities,STRUCTURAL_ABSENCE,True
lettre des sciences,enm,1,ltr,Digital Humanities,STRUCTURAL_ABSENCE,False
digital cunnyng of leters,enm,1,ltr,Digital Humanities,STRUCTURAL_ABSENCE,True
digitale homininité,enm,1,ltr,Digital Humanities,STRUCTURAL_ABSENCE,True
dijital humaunites,enm,1,ltr,Digital Humanities,STRUCTURAL_ABSENCE,True
ciferecaj homstudoj,eo,1,ltr,Digital Humanities,TRANSMOGRIFICATION,True
ciferecaj homoj,eo,1,ltr,Digital Humanities,TRANSMOGRIFICATION,True
ciferecaj homaroj,eo,1,ltr,Digital Humanities,TRANSMOGRIFICATION,True
ciferecaj homsciencoj,eo,1,ltr,Digital Humanities,TRANSMOGRIFICATION,True
ciferecaj humanaj sciencoj,eo,1,ltr,Digital Humanities,TRANSMOGRIFICATION,True
dokumenta humanismo,eo,1,ltr,Digital Humanities,TRANSMOGRIFICATION,True
cifraj humanitaroj,eo,1,ltr,Digital Humanities,TRANSMOGRIFICATION,True
dekonhumanitato,eo,1,ltr,Digital Humanities,TRANSMOGRIFICATION,True
tekitralallret ilakuyullrat,esu,1,ltr,Digital Humanities,TRANSMOGRIFICATION,True
ciuliamta ayuqucirtuutait,esu,1,ltr,Digital Humanities,TRANSMOGRIFICATION,True
nunani allrakuni ayagyuat ilisimatulit,esu,1,ltr,Digital Humanities,TRANSMOGRIFICATION,True
qaralit yupigcetun,esu,1,ltr,Digital Humanities,TRANSMOGRIFICATION,True
iŋgiqtaġiaqtuq,esu,1,ltr,Digital Humanities,TRANSMOGRIFICATION,True
iġnainyuaq qaaġneqtuq,esu,1,ltr,Digital Humanities,TRANSMOGRIFICATION,True
tusaarteqmiuteqmiunngi,esu,1,ltr,Digital Humanities,TRANSMOGRIFICATION,True
digihumanitaaria,et,1,ltr,Digital Humanities,PRODUCTIVE_DISAGREEMENT,True
digitaalsed humanitaarteadused,et,1,ltr,Digital Humanities,PRODUCTIVE_DISAGREEMENT,True
digitaalsed inimeteadused,et,1,ltr,Digital Humanities,PRODUCTIVE_DISAGREEMENT,True
ŋgabɛŋ ŋgɔŋgɔŋ,fan,1,ltr,Digital Humanities,TRANSMOGRIFICATION,True
fanshu jisuan kexue,fan,1,ltr,Digital Humanities,TRANSMOGRIFICATION,True
teknolojia yi yingyu wenxue,fan,1,ltr,Digital Humanities,TRANSMOGRIFICATION,True
tebɛt ɣarab,fia,1,rtl,Digital Humanities,TRANSMOGRIFICATION,True
taŋká-wíčhapi oyáte,fia,1,rtl,Digital Humanities,TRANSMOGRIFICATION,True
digital na kasaysayan,fil,1,ltr,Digital Humanities,STRUCTURAL_ABSENCE,True
digyital na humanidades,fil,1,ltr,Digital Humanities,STRUCTURAL_ABSENCE,True
teknolohiyang digital sa tinig ng panitikan at kultura,fil,1,ltr,Digital Humanities,STRUCTURAL_ABSENCE,True
digitaaliset humanistiset tietheet,fit,1,ltr,Digital Humanities,TRANSMOGRIFICATION,True
digitaalinen humanistii,fit,1,ltr,Digital Humanities,TRANSMOGRIFICATION,True
digitaalihumanistihkki,fit,1,ltr,Digital Humanities,TRANSMOGRIFICATION,True
digitaalaine humanistine toimi,fit,1,ltr,Digital Humanities,TRANSMOGRIFICATION,True
digitaalinen humanistika,fit,1,ltr,Digital Humanities,TRANSMOGRIFICATION,True
digitali humanitieteet,fit,1,ltr,Digital Humanities,TRANSMOGRIFICATION,True
digitaalsõt humanitaarteadõsõ,fiu-vro,1,ltr,Digital Humanities,TRANSMOGRIFICATION,True
digitaalsõ humanitaartiidüse,fiu-vro,1,ltr,Digital Humanities,TRANSMOGRIFICATION,True
digitaalõ inimistehõtüs,fiu-vro,1,ltr,Digital Humanities,TRANSMOGRIFICATION,True
digitaki ni tamata,fj,1,ltr,Digital Humanities,TRANSMOGRIFICATION,True
cata na itovo ni tamata,fj,1,ltr,Digital Humanities,TRANSMOGRIFICATION,True
vakaivola ni vakatamata ni kompiuta,fj,1,ltr,Digital Humanities,TRANSMOGRIFICATION,True
vakadidijitali na vuli vakayalo,fj,1,ltr,Digital Humanities,TRANSMOGRIFICATION,True
vuli digitale ni tamata,fj,1,ltr,Digital Humanities,TRANSMOGRIFICATION,True
vuku vakadigital ni tamata,fj,1,ltr,Digital Humanities,TRANSMOGRIFICATION,True
na digitale vakabula,fj,1,ltr,Digital Humanities,TRANSMOGRIFICATION,True
tavuivakamariti numeralivu,fj,1,ltr,Digital Humanities,TRANSMOGRIFICATION,True
tautokanikona ni digitimala,fj,1,ltr,Digital Humanities,TRANSMOGRIFICATION,True
viri vaka na tavuki digitale,fj,1,ltr,Digital Humanities,TRANSMOGRIFICATION,True
talgild hugvísindi,fo,1,ltr,Digital Humanities,STRUCTURAL_ABSENCE,True
støddfrøðiligar mentanir,fo,1,ltr,Digital Humanities,STRUCTURAL_ABSENCE,True
stafræn mannvísindi,fo,1,ltr,Digital Humanities,STRUCTURAL_ABSENCE,True
talfrøðilig humaniora,fo,1,ltr,Digital Humanities,STRUCTURAL_ABSENCE,True
døgumálfrøði,fo,1,ltr,Digital Humanities,STRUCTURAL_ABSENCE,True
digital humanistiska,fo,1,ltr,Digital Humanities,STRUCTURAL_ABSENCE,True
تْيِكْ تْيِكْ دِيجِيتَال,fia,1,rtl,Digital Humanities,TRANSMOGRIFICATION,True
العلوم الرقمية الإنسانية,fia,1,rtl,Digital Humanities,TRANSMOGRIFICATION,True
dijital nnyansa,fat,1,ltr,Digital Humanities,STRUCTURAL_ABSENCE,True
dijitaal ilmiin,fia,1,rtl,Digital Humanities,TRANSMOGRIFICATION,True
nkɔmmɔbɔ nimdeɛ,fat,1,ltr,Digital Humanities,STRUCTURAL_ABSENCE,True
nkyerɛkyerɛmu ne mfitiatwa a wɔde kɔmputa yɛ,fat,1,ltr,Digital Humanities,STRUCTURAL_ABSENCE,True
mmɔnini a wuware,fat,1,ltr,Digital Humanities,STRUCTURAL_ABSENCE,True
ɛnsan digital,fat,1,ltr,Digital Humanities,STRUCTURAL_ABSENCE,True
ditanilomu nuuman kasaarwa,fat,1,ltr,Digital Humanities,STRUCTURAL_ABSENCE,True
sikankyera digitale,fat,1,ltr,Digital Humanities,STRUCTURAL_ABSENCE,True
neɗɗaŋke dijital,ff,1,rtl,Digital Humanities,STRUCTURAL_ABSENCE,True
joomirde digital,ff,1,rtl,Digital Humanities,STRUCTURAL_ABSENCE,True
humpito noddito,ff,1,rtl,Digital Humanities,STRUCTURAL_ABSENCE,True
ganndal neɗɗaŋkeewal dijital,ff,1,rtl,Digital Humanities,STRUCTURAL_ABSENCE,True
jaaɓiɗe dijital,ff,1,rtl,Digital Humanities,STRUCTURAL_ABSENCE,True
tijanitaaɓeɗɛ,ff,1,rtl,Digital Humanities,STRUCTURAL_ABSENCE,True
hukuumii dijital,ff,1,rtl,Digital Humanities,STRUCTURAL_ABSENCE,True
dījitalen ḥunāthāmīsin,ff,1,rtl,Digital Humanities,STRUCTURAL_ABSENCE,True
humtorde dijital,ffm,1,ltr,Digital Humanities,STRUCTURAL_ABSENCE,True
humpito nokkuuji dijitaal,ffm,1,ltr,Digital Humanities,STRUCTURAL_ABSENCE,True
ganndal hakkilantaagal e faggudu,ffm,1,ltr,Digital Humanities,STRUCTURAL_ABSENCE,True
anndal dijitaal,ffm,1,ltr,Digital Humanities,STRUCTURAL_ABSENCE,True
tijjanaaɓe digital,ffm,1,ltr,Digital Humanities,STRUCTURAL_ABSENCE,True
hukuumital ɗiijanɗal,ffm,1,ltr,Digital Humanities,STRUCTURAL_ABSENCE,True
digiital haalimiinta,ffm,1,ltr,Digital Humanities,STRUCTURAL_ABSENCE,True
digitaaliset ihmistieteet,fi,1,ltr,Digital Humanities,PRODUCTIVE_DISAGREEMENT,True
digitaaliset humanistiset tieteet,fi,1,ltr,Digital Humanities,PRODUCTIVE_DISAGREEMENT,True
digitaalinen humanistiikka,fi,1,ltr,Digital Humanities,PRODUCTIVE_DISAGREEMENT,True
digitaalisen humanistikan,fi,1,ltr,Digital Humanities,PRODUCTIVE_DISAGREEMENT,True
digitaalinen humanistinen tutkimus,fi,1,ltr,Digital Humanities,PRODUCTIVE_DISAGREEMENT,True
digitaleihin liittyvä humanistinen tutkimus,fi,1,ltr,Digital Humanities,PRODUCTIVE_DISAGREEMENT,True
digitaalikulttuuritieteet,fi,1,ltr,Digital Humanities,PRODUCTIVE_DISAGREEMENT,True
ⲧⲉⲛⲧⲉⲛⲓⲛ ⲙⲁⲛⲧⲉⲛ,fia,1,rtl,Digital Humanities,TRANSMOGRIFICATION,True
hwa ree gaa gee kay gee,eky,1,ltr,Digital Humanities,STRUCTURAL_ABSENCE,True
ၾကႈ ၿိတႉႇႄႅ,eky,1,ltr,Digital Humanities,STRUCTURAL_ABSENCE,True
ဒီဂျီတယ် လူ့အတတ်ပညာ,eky,1,ltr,Digital Humanities,STRUCTURAL_ABSENCE,True
mɛn yɔ kpɔn wɔn,dnj,1,ltr,Digital Humanities,STRUCTURAL_ABSENCE,True
digitaal menneskvidenskab,dnj,1,ltr,Digital Humanities,STRUCTURAL_ABSENCE,True
humanistik med digital teknologi,dnj,1,ltr,Digital Humanities,STRUCTURAL_ABSENCE,True
digitalne humanistiske wědy,dsb,1,ltr,Digital Humanities,TRANSMOGRIFICATION,True
digitalne humanistiske wědomnosće,dsb,1,ltr,Digital Humanities,TRANSMOGRIFICATION,True
digitalnaja umonstwa,dsb,1,ltr,Digital Humanities,TRANSMOGRIFICATION,True
digitálne łužičanśke,dsb,1,ltr,Digital Humanities,TRANSMOGRIFICATION,True
ordinatɛrɛ ni mɔgɔ kalan,dtm,1,ltr,Digital Humanities,STRUCTURAL_ABSENCE,True
dìjìtáàlì húmàníìtì,dtm,1,ltr,Digital Humanities,STRUCTURAL_ABSENCE,True
tomo kanaa digiitali,dtm,1,ltr,Digital Humanities,STRUCTURAL_ABSENCE,True
диджитал хуманитизм,dtm,1,ltr,Digital Humanities,STRUCTURAL_ABSENCE,True
ta digital humanitizis,dtm,1,ltr,Digital Humanities,STRUCTURAL_ABSENCE,True
koinsanaan dijital,dtp,1,ltr,Digital Humanities,STRUCTURAL_ABSENCE,True
ponginsanatan digital,dtp,1,ltr,Digital Humanities,STRUCTURAL_ABSENCE,True
tadiri digital budaya,dtp,1,ltr,Digital Humanities,STRUCTURAL_ABSENCE,True
teknoloji kabataan,dtp,1,ltr,Digital Humanities,STRUCTURAL_ABSENCE,True
purawet digital,dtp,1,ltr,Digital Humanities,STRUCTURAL_ABSENCE,True
tiŋkɛlɛrɛ kʊmɔnɪkɛsɩ,dty,1,ltr,Digital Humanities,TRANSMOGRIFICATION,True
دټیلی مهناتک,dty,1,ltr,Digital Humanities,TRANSMOGRIFICATION,True
mambɛnɛ ma bɔtɔ ma numériki,dua,1,ltr,Digital Humanities,STRUCTURAL_ABSENCE,True
bia-boso ya nka-mbia,dua,1,ltr,Digital Humanities,STRUCTURAL_ABSENCE,True
mɛ́nɛ́ a bɛlɛ́dí,dua,1,ltr,Digital Humanities,STRUCTURAL_ABSENCE,True
mbumu ya dijitaal,dua,1,ltr,Digital Humanities,STRUCTURAL_ABSENCE,True
ewusi dijital,dua,1,ltr,Digital Humanities,STRUCTURAL_ABSENCE,True
mbindé bili bileng,dua,1,ltr,Digital Humanities,STRUCTURAL_ABSENCE,True
sciences numériques de l'humanité,dua,1,ltr,Digital Humanities,STRUCTURAL_ABSENCE,True
digitale consten,dum,1,ltr,Digital Humanities,TRANSMOGRIFICATION,True
digitale mineraelheyd,dum,1,ltr,Digital Humanities,TRANSMOGRIFICATION,True
ދިރާގު ހިއުމަނިޓީސް އެވެ,dv,1,rtl,Digital Humanities,STRUCTURAL_ABSENCE,True
ޑިޖިޓަލް ހިއުމަނިޓީ,dv,1,rtl,Digital Humanities,STRUCTURAL_ABSENCE,True
tiwɛndɩtɩ ɔmɛnɛ,dnj,1,ltr,Digital Humanities,STRUCTURAL_ABSENCE,True
дигитал әндирмети,dng,1,ltr,Digital Humanities,TRANSMOGRIFICATION,True
ޑިޖިޓަލް ހިއުމެނިޓީޒް,dv,1,rtl,Digital Humanities,STRUCTURAL_ABSENCE,True
дигиталлун хуманитарлук,dng,1,ltr,Digital Humanities,TRANSMOGRIFICATION,True
digital humanisme,den,1,ltr,Digital Humanities,STRUCTURAL_ABSENCE,True
djergalit denkunofin,den,1,ltr,Digital Humanities,STRUCTURAL_ABSENCE,True
dıı̨ɂą́ ts'ı̨ı̨lı̨ k'e bets'ǫ nıwǫ,dgr,1,ltr,Digital Humanities,TRANSMOGRIFICATION,True
ɂehda gots'ǫh k'e hogha,dgr,1,ltr,Digital Humanities,TRANSMOGRIFICATION,True
kǫ̀k’ehts’ı̨ı̨̀ dǫ yatıı̀,dgr,1,ltr,Digital Humanities,TRANSMOGRIFICATION,True
dèwí gowì dèwì,dgr,1,ltr,Digital Humanities,TRANSMOGRIFICATION,True
dekitahausa tuhtisinihiaiweni,dgr,1,ltr,Digital Humanities,TRANSMOGRIFICATION,True
nats'inee neye'deh gots'iní,dgr,1,ltr,Digital Humanities,TRANSMOGRIFICATION,True
käke raan ke dijital,din,1,ltr,Digital Humanities,STRUCTURAL_ABSENCE,True
thïn ye dijitaal,din,1,ltr,Digital Humanities,STRUCTURAL_ABSENCE,True
thok-dhiau ku thok-dhiau-dhiau,din,1,ltr,Digital Humanities,STRUCTURAL_ABSENCE,True
cïlëkë yïc ë thɛɛr,din,1,ltr,Digital Humanities,STRUCTURAL_ABSENCE,True
bäär ñääk,din,1,ltr,Digital Humanities,STRUCTURAL_ABSENCE,True
rök-mënh-duol,din,1,ltr,Digital Humanities,STRUCTURAL_ABSENCE,True
ditúk nyarolthi digital,din,1,ltr,Digital Humanities,STRUCTURAL_ABSENCE,True
dhukudu maa digitil,din,1,ltr,Digital Humanities,STRUCTURAL_ABSENCE,True
zagonê merduman ê dijîtalî,diq,1,ltr,Digital Humanities,TRANSMOGRIFICATION,True
dîjîtâl însanlûk,diq,1,ltr,Digital Humanities,TRANSMOGRIFICATION,True
dijital xumanistî,diq,1,ltr,Digital Humanities,TRANSMOGRIFICATION,True
humanitari digitali,diq,1,ltr,Digital Humanities,TRANSMOGRIFICATION,True
numu koyra,dje,1,ltr,Digital Humanities,STRUCTURAL_ABSENCE,True
cinaɲaŋ taagandiri,dje,1,ltr,Digital Humanities,STRUCTURAL_ABSENCE,True
dijitali hanuman,dje,1,ltr,Digital Humanities,STRUCTURAL_ABSENCE,True
téyéri déjitél,dje,1,ltr,Digital Humanities,STRUCTURAL_ABSENCE,True
ilmuu ɗin dijital,dje,1,ltr,Digital Humanities,STRUCTURAL_ABSENCE,True
dukkari ḍašẹtara digitale,dje,1,ltr,Digital Humanities,STRUCTURAL_ABSENCE,True
щүзы жынвын,dng,1,ltr,Digital Humanities,TRANSMOGRIFICATION,True
täŋgär qaraqalpaq tili,dng,1,ltr,Digital Humanities,TRANSMOGRIFICATION,True
цифрали инсанлик,dng,1,ltr,Digital Humanities,TRANSMOGRIFICATION,True
ޑިޖިޓަލް އިންސާނީ ޢިލްމުތައް,dv,1,rtl,Digital Humanities,STRUCTURAL_ABSENCE,True
ޑިޖިޓަލް ހިއުމަނިޓީޒް,dv,1,rtl,Digital Humanities,STRUCTURAL_ABSENCE,True
ဒစ်ဂျစ်တယ် လူ့ဘာသာရပ်များ,eky,1,ltr,Digital Humanities,STRUCTURAL_ABSENCE,True
internet dzi nu siwo gbɔ míaƒe ŋutete ŋu tsoe,ee,1,ltr,Digital Humanities,STRUCTURAL_ABSENCE,True
dijitɔl amegbetɔƒomenyawo,ee,1,ltr,Digital Humanities,STRUCTURAL_ABSENCE,True
numekɔnyawo ƒe mɔ̃ɖaŋununya,ee,1,ltr,Digital Humanities,STRUCTURAL_ABSENCE,True
dɣitɛl hʋmɛnɩtiz,ee,1,ltr,Digital Humanities,STRUCTURAL_ABSENCE,True
ɖeŋŋɔɔ digital,ee,1,ltr,Digital Humanities,STRUCTURAL_ABSENCE,True
humeni ti asɛwura komputaasemfa,ee,1,ltr,Digital Humanities,STRUCTURAL_ABSENCE,True
digital obio ubọn̄ owo,efi,1,ltr,Digital Humanities,STRUCTURAL_ABSENCE,True
ikọñọ ekpukpọ,efi,1,ltr,Digital Humanities,STRUCTURAL_ABSENCE,True
ñwed ufọk ke dijital,efi,1,ltr,Digital Humanities,STRUCTURAL_ABSENCE,True
nka ufọk-n̄wed enyịn̄-mbara ye nka ufọk-n̄wed ikọ,efi,1,ltr,Digital Humanities,STRUCTURAL_ABSENCE,True
akwaakọrọ akwaụkwọ ọkụkpụ,efi,1,ltr,Digital Humanities,STRUCTURAL_ABSENCE,True
imaha digitaj humanitas,efi,1,ltr,Digital Humanities,STRUCTURAL_ABSENCE,True
ndem ọkparakpuru otu,efi,1,ltr,Digital Humanities,STRUCTURAL_ABSENCE,True
umanìstica digitèla,egl,1,ltr,Digital Humanities,STRUCTURAL_ABSENCE,True
umanitê digitàli,egl,1,ltr,Digital Humanities,STRUCTURAL_ABSENCE,True
umanistici digitàli,egl,1,ltr,Digital Humanities,STRUCTURAL_ABSENCE,True
umanitê digitâl,egl,1,ltr,Digital Humanities,STRUCTURAL_ABSENCE,True
nḏswt ḥmwt,egy,1,ltr,Digital Humanities,TRANSMOGRIFICATION,True
sḫꜣw n ḏbꜥw n rmṯ,egy,1,ltr,Digital Humanities,TRANSMOGRIFICATION,True
ḥm.t n.t sbꜣ.w mdw.w,egy,1,ltr,Digital Humanities,TRANSMOGRIFICATION,True
ḏḥwtj-ḥsb-nfrw,egy,1,ltr,Digital Humanities,TRANSMOGRIFICATION,True
ḥm.t ṯr.wy ḏ.dj.t,egy,1,ltr,Digital Humanities,TRANSMOGRIFICATION,True
digitj w-hmtjtjyt,egy,1,ltr,Digital Humanities,TRANSMOGRIFICATION,True
jm33 ntrw dswt,egy,1,ltr,Digital Humanities,TRANSMOGRIFICATION,True
ɛkpanakọ ɛyọm dijital,eka,1,ltr,Digital Humanities,STRUCTURAL_ABSENCE,True
ufọk-nwọrọ-ikọ ye ufọk-nwọrọ-ikọ enyịn,eka,1,ltr,Digital Humanities,STRUCTURAL_ABSENCE,True
n̄kukọ n̄kpọ n̄kịrịka,eka,1,ltr,Digital Humanities,STRUCTURAL_ABSENCE,True
kamusi ya uhandisi wa kielektroniki,eka,1,ltr,Digital Humanities,STRUCTURAL_ABSENCE,True
numeralik atanĝi,eka,1,ltr,Digital Humanities,STRUCTURAL_ABSENCE,True
digiitali huumaniyolojisi,eka,1,ltr,Digital Humanities,STRUCTURAL_ABSENCE,True
dijita hɔmankɔkɔwo,ee,1,ltr,Digital Humanities,STRUCTURAL_ABSENCE,True
digitál amegbetɔŋutinunya,ee,1,ltr,Digital Humanities,STRUCTURAL_ABSENCE,True
dhivehi digital shaasthra,dv,1,rtl,Digital Humanities,STRUCTURAL_ABSENCE,True
mvulana yaugonyeza kifunika,ebu,1,ltr,Digital Humanities,STRUCTURAL_ABSENCE,True
ޑިޖިޓަލް މަދުނީއް,dv,1,rtl,Digital Humanities,STRUCTURAL_ABSENCE,True
ගියන ප්‍රකාශය,dv,1,rtl,Digital Humanities,STRUCTURAL_ABSENCE,True
kaɲalen bu nimeŋ,dyo,1,rtl,Digital Humanities,STRUCTURAL_ABSENCE,True
diisiitɛɛl huumaanitees,dyo,1,rtl,Digital Humanities,STRUCTURAL_ABSENCE,True
dijitaal xumaan,dyo,1,rtl,Digital Humanities,STRUCTURAL_ABSENCE,True
tèknoòmì djiyàl,dyo,1,rtl,Digital Humanities,STRUCTURAL_ABSENCE,True
digitaa ŋaaw,dyo,1,rtl,Digital Humanities,STRUCTURAL_ABSENCE,True
diyetik yulubafan,dyo,1,rtl,Digital Humanities,STRUCTURAL_ABSENCE,True
yeet digitaleelu,dyo,1,rtl,Digital Humanities,STRUCTURAL_ABSENCE,True
adamadenw ka lɔnniya,dyu,1,ltr,Digital Humanities,STRUCTURAL_ABSENCE,True
numɛriki kɛndɛya,dyu,1,ltr,Digital Humanities,STRUCTURAL_ABSENCE,True
nɔmɛrikan kalan,dyu,1,ltr,Digital Humanities,STRUCTURAL_ABSENCE,True
kɔmputa sɛnɛwɛ,dyu,1,ltr,Digital Humanities,STRUCTURAL_ABSENCE,True
dijital ƙungiyar ƙirƙira,dyu,1,ltr,Digital Humanities,STRUCTURAL_ABSENCE,True
dyulay tɛnɛlɛw filiyanfili,dyu,1,ltr,Digital Humanities,STRUCTURAL_ABSENCE,True
sénéfou nan dijitali,dyu,1,ltr,Digital Humanities,STRUCTURAL_ABSENCE,True
དྲ་རྒྱའི་མི་རིགས།,dz,1,ltr,Digital Humanities,TRANSMOGRIFICATION,True
གཟའ་རིགས་གཞུང་དང་མཐུན་རིགས་དང་འབྲེལ་བའི་རིག་གནས།,dz,1,ltr,Digital Humanities,TRANSMOGRIFICATION,True
ཨང་རྟགས་མི་རིགས་རིག་གནས།,dz,1,ltr,Digital Humanities,TRANSMOGRIFICATION,True
དྲ་རྒྱའི་མིའི་རིག་གནས།,dz,1,ltr,Digital Humanities,TRANSMOGRIFICATION,True
dzigugpa tshom zhing,dz,1,ltr,Digital Humanities,TRANSMOGRIFICATION,True
སླེབ་སྒྲིག་མི་འབྲས་བུས།,dz,1,ltr,Digital Humanities,TRANSMOGRIFICATION,True
ཡིག་སེམས་དངོས་པོ་ལྔ་ཕྱོགས,dz,1,ltr,Digital Humanities,TRANSMOGRIFICATION,True
tiwɛlɛtɔmɛnɛ,dzg,1,ltr,Digital Humanities,TRANSMOGRIFICATION,True
digitaa ŋgɔŋ,dzg,1,ltr,Digital Humanities,TRANSMOGRIFICATION,True
tsawtaw tawdawit tewtawit,dzg,1,ltr,Digital Humanities,TRANSMOGRIFICATION,True
ũtaaro wa kĩmũtaratara na kĩũmũndũ,ebu,1,ltr,Digital Humanities,STRUCTURAL_ABSENCE,True
ũgima wa ũthomi wa digitali,ebu,1,ltr,Digital Humanities,STRUCTURAL_ABSENCE,True
kĩthaka ĩrĩa nĩngĩrĩa gĩthomo na gĩthuthamaki,ebu,1,ltr,Digital Humanities,STRUCTURAL_ABSENCE,True
цифройн гуманитарш,ce,1,ltr,Digital Humanities,TRANSMOGRIFICATION,True
хьаьккхийн цӏерш,ce,1,ltr,Digital Humanities,TRANSMOGRIFICATION,True
цифран гуманитарийн ӏилманаш,ce,1,ltr,Digital Humanities,TRANSMOGRIFICATION,True
níkíhewíddéhtoh,arp,1,ltr,Digital Humanities,TRANSMOGRIFICATION,True
küllün kallampiwe,arn,1,ltr,Digital Humanities,STRUCTURAL_ABSENCE,True
rüngu newentu mayika,arn,1,ltr,Digital Humanities,STRUCTURAL_ABSENCE,True
huentekuwekenewen,arn,1,ltr,Digital Humanities,STRUCTURAL_ABSENCE,True
kümek jürmenkül,arn,1,ltr,Digital Humanities,STRUCTURAL_ABSENCE,True
computadora-dya ejepa,aro,1,ltr,Digital Humanities,STRUCTURAL_ABSENCE,True
araona teknología de humanidades,aro,1,ltr,Digital Humanities,STRUCTURAL_ABSENCE,True
digita' humānita',aro,1,ltr,Digital Humanities,STRUCTURAL_ABSENCE,True
tepewa tepetepiwepe,aro,1,ltr,Digital Humanities,STRUCTURAL_ABSENCE,True
nii'óó'owúú3i' héetíhiseet,arp,1,ltr,Digital Humanities,TRANSMOGRIFICATION,True
niiteheihii hoowuniitobeinoo,arp,1,ltr,Digital Humanities,TRANSMOGRIFICATION,True
niisíístoo'oowúú,arp,1,ltr,Digital Humanities,TRANSMOGRIFICATION,True
nih’oo3oo’ biiwo’oowu’,arp,1,ltr,Digital Humanities,TRANSMOGRIFICATION,True
witkóme'óó'e,arp,1,ltr,Digital Humanities,TRANSMOGRIFICATION,True
hóó'éíní'ííní'íí'í,arp,1,ltr,Digital Humanities,TRANSMOGRIFICATION,True
tséhootsooí bikáádahi,arp,1,ltr,Digital Humanities,TRANSMOGRIFICATION,True
цифрови гуманитарни ӏилмаӏаш,ce,1,ltr,Digital Humanities,TRANSMOGRIFICATION,True
العلوم الرقمية للحضارة,ars,1,rtl,Digital Humanities,TRANSMOGRIFICATION,True
amüna kürüüwa,arw,1,ltr,Digital Humanities,STRUCTURAL_ABSENCE,True
kamana kaiwa,arw,1,ltr,Digital Humanities,STRUCTURAL_ABSENCE,True
humana dibresal,arw,1,ltr,Digital Humanities,STRUCTURAL_ABSENCE,True
hunini digitali,arw,1,ltr,Digital Humanities,STRUCTURAL_ABSENCE,True
الإنسانيات الدقيقة,ary,1,rtl,Digital Humanities,TRANSMOGRIFICATION,True
الادب الالكتروني,arz,1,rtl,Digital Humanities,TRANSMOGRIFICATION,True
ডিজিটেল মানৱীয় বিজ্ঞান,as,1,ltr,Digital Humanities,TRANSMOGRIFICATION,True
ডিজিটেল মানৱবিদ্যা,as,1,ltr,Digital Humanities,TRANSMOGRIFICATION,True
ডিজিটাল মানৱিক বিজ্ঞান,as,1,ltr,Digital Humanities,TRANSMOGRIFICATION,True
ডিজিটাল মানৱিক বিদ্যা,as,1,ltr,Digital Humanities,TRANSMOGRIFICATION,True
ডাইজিট্যাল মানুয়ালিটি,as,1,ltr,Digital Humanities,TRANSMOGRIFICATION,True
ডিজিটাল ম্যানস্কিপ্তি,as,1,ltr,Digital Humanities,TRANSMOGRIFICATION,True
ufundishaji wa kiteknolojia wa binadamu,asa,1,ltr,Digital Humanities,STRUCTURAL_ABSENCE,True
kimeltuwün külkül,arn,1,ltr,Digital Humanities,STRUCTURAL_ABSENCE,True
kimün digital wenumapu,arn,1,ltr,Digital Humanities,STRUCTURAL_ABSENCE,True
taiñ kimün ka taiñ rakizuam ñi digital,arn,1,ltr,Digital Humanities,STRUCTURAL_ABSENCE,True
כתובות דיגיטליות,arc,1,rtl,Digital Humanities,TRANSMOGRIFICATION,True
humanidatz digitals,an,1,ltr,Digital Humanities,STRUCTURAL_ABSENCE,True
dīġitol mannlicnesse,ang,1,ltr,Digital Humanities,STRUCTURAL_ABSENCE,True
getællic cræft,ang,1,ltr,Digital Humanities,STRUCTURAL_ABSENCE,True
digisc manncynn,ang,1,ltr,Digital Humanities,STRUCTURAL_ABSENCE,True
seo dīgita līcmanna cræft,ang,1,ltr,Digital Humanities,STRUCTURAL_ABSENCE,True
denumisc humanities,ang,1,ltr,Digital Humanities,STRUCTURAL_ABSENCE,True
bēccræft sēo digitala,ang,1,ltr,Digital Humanities,STRUCTURAL_ABSENCE,True
dædalra giedanlicu,ang,1,ltr,Digital Humanities,STRUCTURAL_ABSENCE,True
digeolforde hwamniscype,ang,1,ltr,Digital Humanities,STRUCTURAL_ABSENCE,True
ọrụ dijitalụ na mmụta mmadụ,ann,1,ltr,Digital Humanities,STRUCTURAL_ABSENCE,True
ẹ̀kọ́ ìmọ̀-ẹ̀rọ̀ ọ̀gbọọ̀gbọ̀,ann,1,ltr,Digital Humanities,STRUCTURAL_ABSENCE,True
ọbọlọ ọkọrọ,ann,1,ltr,Digital Humanities,STRUCTURAL_ABSENCE,True
ogbara omenyị,ann,1,ltr,Digital Humanities,STRUCTURAL_ABSENCE,True
eke ọdịnala nsụgharị digital,ann,1,ltr,Digital Humanities,STRUCTURAL_ABSENCE,True
ndị digitigụrụ,ann,1,ltr,Digital Humanities,STRUCTURAL_ABSENCE,True
teknoloogiaal humanitaat,ann,1,ltr,Digital Humanities,STRUCTURAL_ABSENCE,True
ডিজাইট্যাল হুমেনিটিজ,anp,1,ltr,Digital Humanities,TRANSMOGRIFICATION,True
ধার্মিক ডিজিটাল,anp,1,ltr,Digital Humanities,TRANSMOGRIFICATION,True
atoni pah meto neno fanu digital,aoz,1,ltr,Digital Humanities,STRUCTURAL_ABSENCE,True
humanidade dijital,aoz,1,ltr,Digital Humanities,STRUCTURAL_ABSENCE,True
informatika manusian,aoz,1,ltr,Digital Humanities,STRUCTURAL_ABSENCE,True
kamoro digital humaniti,aoz,1,ltr,Digital Humanities,STRUCTURAL_ABSENCE,True
digitaal ìsàlòrò,aoz,1,ltr,Digital Humanities,STRUCTURAL_ABSENCE,True
digitale huamnitiy,aoz,1,ltr,Digital Humanities,STRUCTURAL_ABSENCE,True
إنسانيات رقمية,ar,1,rtl,Digital Humanities,PRODUCTIVE_DISAGREEMENT,True
العلوم البشرية,ar,1,rtl,Digital Humanities,PRODUCTIVE_DISAGREEMENT,True
العلوم الرقمية,ar,1,rtl,Digital Humanities,PRODUCTIVE_DISAGREEMENT,True
ܠܘܚܢܐ ܕܡܟܬܒܐ ܕܫܪܝܗ,arc,1,rtl,Digital Humanities,TRANSMOGRIFICATION,True
ܐܢܫܘܬ ܣܘܪܝܝܐ ܕܡܕܒܪܢܘܬܐ ܩܘܛܢܝܬܐ,arc,1,rtl,Digital Humanities,TRANSMOGRIFICATION,True
taswira za kiwanja,asa,1,ltr,Digital Humanities,STRUCTURAL_ABSENCE,True
dīgital ḥumnāyāt,asa,1,ltr,Digital Humanities,STRUCTURAL_ABSENCE,True
teknoloji ya dini ya umani,asa,1,ltr,Digital Humanities,STRUCTURAL_ABSENCE,True
tinka yachay wasi,ay,1,ltr,Digital Humanities,STRUCTURAL_ABSENCE,True
insaniyyətləri,az,1,ltr,Digital Humanities,PRODUCTIVE_DISAGREEMENT,True
dijital insani elmlər,az,1,ltr,Digital Humanities,PRODUCTIVE_DISAGREEMENT,True
dijital ilimler,az,1,ltr,Digital Humanities,PRODUCTIVE_DISAGREEMENT,True
dəyiq insanlar,az,1,ltr,Digital Humanities,PRODUCTIVE_DISAGREEMENT,True
һанлы гуманитар фәндәр,ba,1,ltr,Digital Humanities,TRANSMOGRIFICATION,True
цифрлы гуманитар фәндәр,ba,1,ltr,Digital Humanities,TRANSMOGRIFICATION,True
санлы гуманитар фәндәр,ba,1,ltr,Digital Humanities,TRANSMOGRIFICATION,True
дигитал әдәбетләр,ba,1,ltr,Digital Humanities,TRANSMOGRIFICATION,True
ڈیجیٹل انسانی زانت,bal,1,rtl,Digital Humanities,TRANSMOGRIFICATION,True
رێوشاناسۍ ديجيتال,bal,1,rtl,Digital Humanities,TRANSMOGRIFICATION,True
دیجیټل هنسنوم,bal,1,rtl,Digital Humanities,TRANSMOGRIFICATION,True
kaweruhan digital,ban,1,ltr,Digital Humanities,STRUCTURAL_ABSENCE,True
dhruji imanu,ban,1,ltr,Digital Humanities,STRUCTURAL_ABSENCE,True
kahayunan digital,ban,1,ltr,Digital Humanities,STRUCTURAL_ABSENCE,True
bhāsā digitala manusya vidyā,bap,1,ltr,Digital Humanities,STRUCTURAL_ABSENCE,True
डिजीटल मानविकी,bap,1,ltr,Digital Humanities,STRUCTURAL_ABSENCE,True
/dkawalawasawalawasa,bap,1,ltr,Digital Humanities,STRUCTURAL_ABSENCE,True
teknoloji digital humanitas,bap,1,ltr,Digital Humanities,STRUCTURAL_ABSENCE,True
digitale geisteswissnschaftn,bar,1,ltr,Digital Humanities,TRANSMOGRIFICATION,True
digitale geisteswissnschaft,bar,1,ltr,Digital Humanities,TRANSMOGRIFICATION,True
digitale mänschwiss,bar,1,ltr,Digital Humanities,TRANSMOGRIFICATION,True
bihɛk bi numɛrik,bas,1,ltr,Digital Humanities,STRUCTURAL_ABSENCE,True
njanga i mbog i ndigil,bas,1,ltr,Digital Humanities,STRUCTURAL_ABSENCE,True
bìkɔ́lɔ́ bì mɛ̀dɛ̀mɛ̀,bas,1,ltr,Digital Humanities,STRUCTURAL_ABSENCE,True
tiknɔmɛtɩkɛ ɖɛhɛmɛ,bas,1,ltr,Digital Humanities,STRUCTURAL_ABSENCE,True
ŋwɛŋŋ-dii-tɛɛl,bas,1,ltr,Digital Humanities,STRUCTURAL_ABSENCE,True
ditigi pwani,bas,1,ltr,Digital Humanities,STRUCTURAL_ABSENCE,True
skaitmenė humanistika,bat-smg,1,ltr,Digital Humanities,TRANSMOGRIFICATION,True
skaitmenė humanėstėka,bat-smg,1,ltr,Digital Humanities,TRANSMOGRIFICATION,True
rəqəmsal humanitar elmlər,az,1,ltr,Digital Humanities,PRODUCTIVE_DISAGREEMENT,True
qamay runa qhipaqta,ay,1,ltr,Digital Humanities,STRUCTURAL_ABSENCE,True
humanidaes dixitales,ast,1,ltr,Digital Humanities,TRANSMOGRIFICATION,True
yachachiq k'uyuy,ay,1,ltr,Digital Humanities,STRUCTURAL_ABSENCE,True
humanidaes digitales,ast,1,ltr,Digital Humanities,TRANSMOGRIFICATION,True
tipatcimo anicinape,atj,1,ltr,Digital Humanities,TRANSMOGRIFICATION,True
tipatcimowinikana kitci masinahikanik,atj,1,ltr,Digital Humanities,TRANSMOGRIFICATION,True
tipatshimowin ka-aya-pimatisitc ka-tipatshimotc,atj,1,ltr,Digital Humanities,TRANSMOGRIFICATION,True
masinahikanicikewin e ici kiskeritakositc,atj,1,ltr,Digital Humanities,TRANSMOGRIFICATION,True
pimatisiwin itekihwewin,atj,1,ltr,Digital Humanities,TRANSMOGRIFICATION,True
nēhēw-atēw ē-pēkēkwan,atj,1,ltr,Digital Humanities,TRANSMOGRIFICATION,True
kiskinuasamtuatutit kichumakwikwewihtit,atj,1,ltr,Digital Humanities,TRANSMOGRIFICATION,True
meskiki-ininihtsiyimawin-matshishiiyimowin,atj,1,ltr,Digital Humanities,TRANSMOGRIFICATION,True
цифралъулал гуманитариялин абулел,av,1,ltr,Digital Humanities,TRANSMOGRIFICATION,True
цифралъул гӏумру,av,1,ltr,Digital Humanities,TRANSMOGRIFICATION,True
цифраяб гуманитарлъи,av,1,ltr,Digital Humanities,TRANSMOGRIFICATION,True
цифердин мат,av,1,ltr,Digital Humanities,TRANSMOGRIFICATION,True
диджитал өнөрчлөгү,av,1,ltr,Digital Humanities,TRANSMOGRIFICATION,True
k'lis-telk'u-q'oyn-q'oyn,av,1,ltr,Digital Humanities,TRANSMOGRIFICATION,True
numérik humaniat,avk,1,ltr,Digital Humanities,TRANSMOGRIFICATION,True
xuyavasa divatcoba,avk,1,ltr,Digital Humanities,TRANSMOGRIFICATION,True
digitale suterot,avk,1,ltr,Digital Humanities,TRANSMOGRIFICATION,True
sumeeltavafa ayopa,avk,1,ltr,Digital Humanities,TRANSMOGRIFICATION,True
tecsevafa vif soulima,avk,1,ltr,Digital Humanities,TRANSMOGRIFICATION,True
digitaŭ humanistikaĵoj,avk,1,ltr,Digital Humanities,TRANSMOGRIFICATION,True
dixtal hvīnātānis,avk,1,ltr,Digital Humanities,TRANSMOGRIFICATION,True
डिजिटल इलानी,awa,1,ltr,Digital Humanities,TRANSMOGRIFICATION,True
डाटा विज्ञान,awa,1,ltr,Digital Humanities,TRANSMOGRIFICATION,True
humanidades digitales uka tuqit yatxataña,ay,1,ltr,Digital Humanities,STRUCTURAL_ABSENCE,True
digital yatiñanaka,ay,1,ltr,Digital Humanities,STRUCTURAL_ABSENCE,True
jach'a yatiñanaka uñakipawi,ay,1,ltr,Digital Humanities,STRUCTURAL_ABSENCE,True
yatiña uñt’awi,ay,1,ltr,Digital Humanities,STRUCTURAL_ABSENCE,True
wakcha pacha kawsay,ay,1,ltr,Digital Humanities,STRUCTURAL_ABSENCE,True
humanidatz dixitals,an,1,ltr,Digital Humanities,STRUCTURAL_ABSENCE,True
humanidatz dichitals,an,1,ltr,Digital Humanities,STRUCTURAL_ABSENCE,True
hūmānitā digitāl,amo,1,ltr,Digital Humanities,STRUCTURAL_ABSENCE,True
ngeyo me komputa,ach,1,ltr,Digital Humanities,STRUCTURAL_ABSENCE,True
tekwaro me dijitaal,ach,1,ltr,Digital Humanities,STRUCTURAL_ABSENCE,True
ŋɛtɔ́rɛnɛ tɛmɛtɛ,ach,1,ltr,Digital Humanities,STRUCTURAL_ABSENCE,True
digito mwanĩŋgĩ,ach,1,ltr,Digital Humanities,STRUCTURAL_ABSENCE,True
dital humaniti,ach,1,ltr,Digital Humanities,STRUCTURAL_ABSENCE,True
okur-kul ku-lukur,ach,1,ltr,Digital Humanities,STRUCTURAL_ABSENCE,True
dijitɛɛ nitsɔɔ kɛ ŋmɛɔyɔɔ,ada,1,ltr,Digital Humanities,STRUCTURAL_ABSENCE,True
mumɔ̃ nɔ́ nɛ́ a kɛ lɛ buaa,ada,1,ltr,Digital Humanities,STRUCTURAL_ABSENCE,True
nyesie ŋɔɔtɔŋŋa,ada,1,ltr,Digital Humanities,STRUCTURAL_ABSENCE,True
dzɛkrom nsorom digital,ada,1,ltr,Digital Humanities,STRUCTURAL_ABSENCE,True
цифровэ гуманитар iэщiагъэхэр,ady,1,ltr,Digital Humanities,TRANSMOGRIFICATION,True
цифрлы гуманитар щӏэныгъэхэр,ady,1,ltr,Digital Humanities,TRANSMOGRIFICATION,True
цифровэ гуманитарнэ наукэхэр,ady,1,ltr,Digital Humanities,TRANSMOGRIFICATION,True
адыгэбзэм илхьабзэ,ady,1,ltr,Digital Humanities,TRANSMOGRIFICATION,True
цифрæй истæгты æйюæттæ,ady,1,ltr,Digital Humanities,TRANSMOGRIFICATION,True
дигиталдзә һануматология,ady,1,ltr,Digital Humanities,TRANSMOGRIFICATION,True
дигиталны хуманитари,ady,1,ltr,Digital Humanities,TRANSMOGRIFICATION,True
𐬛𐬌𐬰𐬀𐬙𐬀𐬭𐬀𐬌 𐬵𐬎𐬨𐬀𐬥𐬌𐬙𐬌𐬱,ae,1,rtl,Digital Humanities,TRANSMOGRIFICATION,True
anguhīkā hūnara,ae,1,rtl,Digital Humanities,TRANSMOGRIFICATION,True
frašō-kərətiš aŋrahe mainyēuš,ae,1,rtl,Digital Humanities,TRANSMOGRIFICATION,True
𐬛𐬌𐬔𐬌𐬙𐬀𐬮 𐬵𐬎𐬨𐬀𐬥𐬌𐬌𐬀,ae,1,rtl,Digital Humanities,TRANSMOGRIFICATION,True
dātīkā vahistak,ae,1,rtl,Digital Humanities,TRANSMOGRIFICATION,True
diniš-xšaθra-gaōk-āčar,ae,1,rtl,Digital Humanities,TRANSMOGRIFICATION,True
daṇtāni maitiyanān,ae,1,rtl,Digital Humanities,TRANSMOGRIFICATION,True
zar-daxštra-digitālī,ae,1,rtl,Digital Humanities,TRANSMOGRIFICATION,True
digitale geesteswetenskappe,af,1,ltr,Digital Humanities,TRANSMOGRIFICATION,True
digitale menslikhede,af,1,ltr,Digital Humanities,TRANSMOGRIFICATION,True
digitale mensenwetenskappe,af,1,ltr,Digital Humanities,TRANSMOGRIFICATION,True
digitale menslike wetenskap,af,1,ltr,Digital Humanities,TRANSMOGRIFICATION,True
dijitali ubinadamu,afh,1,ltr,Digital Humanities,TRANSMOGRIFICATION,True
jamiro me komputer ki piny man,ach,1,ltr,Digital Humanities,STRUCTURAL_ABSENCE,True
teknologi me yore me dano,ach,1,ltr,Digital Humanities,STRUCTURAL_ABSENCE,True
digitaali humaaniti,afh,1,ltr,Digital Humanities,TRANSMOGRIFICATION,True
penginjini sinaunake digital,ace,1,ltr,Digital Humanities,STRUCTURAL_ABSENCE,True
dijital insaanummata,aa,1,ltr,Digital Humanities,TRANSMOGRIFICATION,True
diigital baaxaa,aa,1,ltr,Digital Humanities,TRANSMOGRIFICATION,True
dijitaal afeera,aa,1,ltr,Digital Humanities,TRANSMOGRIFICATION,True
dagmaga badiyaa,aa,1,ltr,Digital Humanities,TRANSMOGRIFICATION,True
dumaltala xisaab,aa,1,ltr,Digital Humanities,TRANSMOGRIFICATION,True
xaalada humaanigaanka,aa,1,ltr,Digital Humanities,TRANSMOGRIFICATION,True
ацифратә гуманитартә ҵарақәа,ab,1,ltr,Digital Humanities,TRANSMOGRIFICATION,True
ацифратә гуманитартә наукақәа,ab,1,ltr,Digital Humanities,TRANSMOGRIFICATION,True
цифрақәа хьыҧшқәа,ab,1,ltr,Digital Humanities,TRANSMOGRIFICATION,True
ацифра агуманитартә ҭҵарадырра,ab,1,ltr,Digital Humanities,TRANSMOGRIFICATION,True
ацифратә гуманитартә зҵаарақәа,ab,1,ltr,Digital Humanities,TRANSMOGRIFICATION,True
абжьырхьауцәа,ab,1,ltr,Digital Humanities,TRANSMOGRIFICATION,True
цифрхуманитардикæ,ab,1,ltr,Digital Humanities,TRANSMOGRIFICATION,True
диджитал ҳуманітариискы жөнлүк,ab,1,ltr,Digital Humanities,TRANSMOGRIFICATION,True
диджел-хуманитис,ab,1,ltr,Digital Humanities,TRANSMOGRIFICATION,True
цифрахь гуманитартә наукақәа,abq,1,ltr,Digital Humanities,TRANSMOGRIFICATION,True
цифрала гуманитарла елымқәа,abq,1,ltr,Digital Humanities,TRANSMOGRIFICATION,True
акъымчӏара-гуманитарлъа,abq,1,ltr,Digital Humanities,TRANSMOGRIFICATION,True
цифровой гуманитарлъы,abq,1,ltr,Digital Humanities,TRANSMOGRIFICATION,True
адыгэм ишъырхэр цӏыху,abq,1,ltr,Digital Humanities,TRANSMOGRIFICATION,True
цифрæй информæтæ,abq,1,ltr,Digital Humanities,TRANSMOGRIFICATION,True
дигитал хуманитаризм,abq,1,ltr,Digital Humanities,TRANSMOGRIFICATION,True
nɔmba ne adesua,abr,1,ltr,Digital Humanities,STRUCTURAL_ABSENCE,True
nwoma kasa ne abakɔsɛm a wɔde kɔmputa yɛ,abr,1,ltr,Digital Humanities,STRUCTURAL_ABSENCE,True
anwensɛm kɔmputa,abr,1,ltr,Digital Humanities,STRUCTURAL_ABSENCE,True
tɛmɛtɛnɩ tɔŋkɔ,abr,1,ltr,Digital Humanities,STRUCTURAL_ABSENCE,True
nkyerɛnyɛn a ɛyɛ dii amaneɛ bi,abr,1,ltr,Digital Humanities,STRUCTURAL_ABSENCE,True
sikoli nimasi,abr,1,ltr,Digital Humanities,STRUCTURAL_ABSENCE,True
informatika seuneubakta,ace,1,ltr,Digital Humanities,STRUCTURAL_ABSENCE,True
digitali humanitashe,afh,1,ltr,Digital Humanities,TRANSMOGRIFICATION,True
dīglitāl huaminitās,afh,1,ltr,Digital Humanities,TRANSMOGRIFICATION,True
ama humaani,amo,1,ltr,Digital Humanities,STRUCTURAL_ABSENCE,True
tuscaloosa-i-tuscaloosa,akz,1,ltr,Digital Humanities,STRUCTURAL_ABSENCE,True
hek'i istahóli,akz,1,ltr,Digital Humanities,STRUCTURAL_ABSENCE,True
dihital heiministis,akz,1,ltr,Digital Humanities,STRUCTURAL_ABSENCE,True
cimiĝanax̂ aĝaludax̂,ale,1,ltr,Digital Humanities,STRUCTURAL_ABSENCE,True
aanax̂tux̂tanax̂ qaganax̂,ale,1,ltr,Digital Humanities,STRUCTURAL_ABSENCE,True
unangam tunuu agitaadax̂,ale,1,ltr,Digital Humanities,STRUCTURAL_ABSENCE,True
igiktaqtaqtiq,ale,1,ltr,Digital Humanities,STRUCTURAL_ABSENCE,True
angiigx̂uq tuqux̂uq,ale,1,ltr,Digital Humanities,STRUCTURAL_ABSENCE,True
tunruunagayulun iggauqarviat,ale,1,ltr,Digital Humanities,STRUCTURAL_ABSENCE,True
shkencat njerëzore digjitale,aln,1,ltr,Digital Humanities,TRANSMOGRIFICATION,True
humanistika digjitale,aln,1,ltr,Digital Humanities,TRANSMOGRIFICATION,True
shkencat digjitale njerëzore,aln,1,ltr,Digital Humanities,TRANSMOGRIFICATION,True
njerzitë e digitale,aln,1,ltr,Digital Humanities,TRANSMOGRIFICATION,True
humanitët digjitale,aln,1,ltr,Digital Humanities,TRANSMOGRIFICATION,True
digitale humanitäärwidusschaft,als,1,ltr,Digital Humanities,TRANSMOGRIFICATION,True
digitale humantitätswiss.,als,1,ltr,Digital Humanities,TRANSMOGRIFICATION,True
цифралы гуманитарлық,alt,1,ltr,Digital Humanities,TRANSMOGRIFICATION,True
санарлу гуманитарлу билимдер,alt,1,ltr,Digital Humanities,TRANSMOGRIFICATION,True
сандык гуманитарлык билим,alt,1,ltr,Digital Humanities,TRANSMOGRIFICATION,True
цифрлӱ гуманитар билимдер,alt,1,ltr,Digital Humanities,TRANSMOGRIFICATION,True
köksüü khelkhiin sain,alt,1,ltr,Digital Humanities,TRANSMOGRIFICATION,True
цифр хаар-азы,alt,1,ltr,Digital Humanities,TRANSMOGRIFICATION,True
диджиталдун хуманитарлуулору,alt,1,ltr,Digital Humanities,TRANSMOGRIFICATION,True
дигиталны әдәмләр,alt,1,ltr,Digital Humanities,TRANSMOGRIFICATION,True
ዲጂታል ሂውማኒቲስ,am,1,ltr,Digital Humanities,STRUCTURAL_ABSENCE,True
ዲጂታል ሰብአዊ ጥናቶች,am,1,ltr,Digital Humanities,STRUCTURAL_ABSENCE,True
ᴯኸ ዩሐሥሌሳ,am,1,ltr,Digital Humanities,STRUCTURAL_ABSENCE,True
ዲጂታል ባህላዊ ጥናት,am,1,ltr,Digital Humanities,STRUCTURAL_ABSENCE,True
digital minigazawa,am,1,ltr,Digital Humanities,STRUCTURAL_ABSENCE,True
ዲግራል ሓላቢት,am,1,ltr,Digital Humanities,STRUCTURAL_ABSENCE,True
bachilka holissochi,akz,1,ltr,Digital Humanities,STRUCTURAL_ABSENCE,True
holisso imaiyachi atoklha,akz,1,ltr,Digital Humanities,STRUCTURAL_ABSENCE,True
dijitali humaniiti,afh,1,ltr,Digital Humanities,TRANSMOGRIFICATION,True
dumu-mab-be-ni-ia,akk,1,ltr,Digital Humanities,TRANSMOGRIFICATION,True
ndzɨ̀ nə̀ ǹtùmzɨ̀ digital,agq,1,ltr,Digital Humanities,STRUCTURAL_ABSENCE,True
dìgìtàl hùmànìtìès,agq,1,ltr,Digital Humanities,STRUCTURAL_ABSENCE,True
tiknɛt ɣwadum,agq,1,ltr,Digital Humanities,STRUCTURAL_ABSENCE,True
ŋwɛŋ-dɩm-tɔɔlɩ,agq,1,ltr,Digital Humanities,STRUCTURAL_ABSENCE,True
dzidzwaniadasa epezidigitali,agq,1,ltr,Digital Humanities,STRUCTURAL_ABSENCE,True
ܐܢܬܪܢܝܬܐ ܕܐܢܫܐܝܬܐ,aii,1,ltr,Digital Humanities,STRUCTURAL_ABSENCE,True
ܝܘܼܠܦܵܢܹ̈ܐ ܐ̱ܢܵܫܵܝܹ̈ܐ ܕܸܓ݂ܝܼܛܵܠܵܝܹ̈ܐ,aii,1,ltr,Digital Humanities,STRUCTURAL_ABSENCE,True
ܡܕܥܢܘܬܐ ܓܢܒܪܬܐ,aii,1,ltr,Digital Humanities,STRUCTURAL_ABSENCE,True
dîgîtâl hûmânîtîs,aii,1,ltr,Digital Humanities,STRUCTURAL_ABSENCE,True
ܣܒܝܒܐ ܕܡܕܒܪܢܘܬܐ ܩܘܛܢܝܐ,aii,1,ltr,Digital Humanities,STRUCTURAL_ABSENCE,True
ܕܝܡܐܢܠܝܚܬܘܣ ܕܐܪܝܝ,aii,1,ltr,Digital Humanities,STRUCTURAL_ABSENCE,True
デジタル・フマニティーズ,ain,1,ltr,Digital Humanities,TRANSMOGRIFICATION,True
イタㇰ イコロアイヌイタㇰ,ain,1,ltr,Digital Humanities,TRANSMOGRIFICATION,True
カンピソシェ イワンケ ウコサンケ,ain,1,ltr,Digital Humanities,TRANSMOGRIFICATION,True
kunukay iyay,ain,1,ltr,Digital Humanities,TRANSMOGRIFICATION,True
ap-ru-pun-ne-si-re-pun-ne-usi-re,ain,1,ltr,Digital Humanities,TRANSMOGRIFICATION,True
dijital nnwomakorabea,ak,1,ltr,Digital Humanities,STRUCTURAL_ABSENCE,True
adesua a ɛfa nnwuma ne kɔmputa ho,ak,1,ltr,Digital Humanities,STRUCTURAL_ABSENCE,True
nsɛm a ɛfa nkɔsoɔ a ɛfa nsɛm ho,ak,1,ltr,Digital Humanities,STRUCTURAL_ABSENCE,True
mmɔnini nkɔdo,ak,1,ltr,Digital Humanities,STRUCTURAL_ABSENCE,True
akoma sɛwaa digital,ak,1,ltr,Digital Humanities,STRUCTURAL_ABSENCE,True
nkabom nsromafo nyansapo,ak,1,ltr,Digital Humanities,STRUCTURAL_ABSENCE,True
𒁹𒄭𒈾𒄭𒅔𒀀𒀀𒀀,akk,1,ltr,Digital Humanities,TRANSMOGRIFICATION,True
ḫisbu ša ṭuppi u nēmeqi,akk,1,ltr,Digital Humanities,TRANSMOGRIFICATION,True
ṭupšarrūtu ša piqittim u mīšartim,akk,1,ltr,Digital Humanities,TRANSMOGRIFICATION,True
ṭuppi ṣalmūti ša amēlūti,akk,1,ltr,Digital Humanities,TRANSMOGRIFICATION,True
šumma laḫmu,akk,1,ltr,Digital Humanities,TRANSMOGRIFICATION,True
dīnum šarrum ḫullū rabītum,akk,1,ltr,Digital Humanities,TRANSMOGRIFICATION,True
diyūtikal huwanitētim,akk,1,ltr,Digital Humanities,TRANSMOGRIFICATION,True
dėjaluomėnės mokslā,bat-smg,1,ltr,Digital Humanities,TRANSMOGRIFICATION,True
skaitmenė̄nė̄ žmuogėška,bat-smg,1,ltr,Digital Humanities,TRANSMOGRIFICATION,True
dyginė humanistika,bat-smg,1,ltr,Digital Humanities,TRANSMOGRIFICATION,True
lennegiezh niverel,br,1,ltr,Digital Humanities,TRANSMOGRIFICATION,True
dreuzenn digitel,br,1,ltr,Digital Humanities,TRANSMOGRIFICATION,True
mammennoù degemerel,br,1,ltr,Digital Humanities,TRANSMOGRIFICATION,True
himinwesioù digitále,br,1,ltr,Digital Humanities,TRANSMOGRIFICATION,True
kenteleg ar digidig,br,1,ltr,Digital Humanities,TRANSMOGRIFICATION,True
dharmik digital sanskriti,bra,1,ltr,Digital Humanities,STRUCTURAL_ABSENCE,True
ریجِٹەڵ دَستوٗر,brh,1,rtl,Digital Humanities,TRANSMOGRIFICATION,True
دیجیټل هنسینس,brh,1,rtl,Digital Humanities,TRANSMOGRIFICATION,True
دیجیتل انسانیتی,brh,1,rtl,Digital Humanities,TRANSMOGRIFICATION,True
डिजिटेल मानबि बिद्या,brx,1,ltr,Digital Humanities,STRUCTURAL_ABSENCE,True
दखिनाय बिजाब,brx,1,ltr,Digital Humanities,STRUCTURAL_ABSENCE,True
digitalne humanisitike,bs,1,ltr,Digital Humanities,STRUCTURAL_ABSENCE,True
bǝsɔ́ bɛ nkɔ́ŋ ɛ ndǎp,bss,1,ltr,Digital Humanities,STRUCTURAL_ABSENCE,True
ndzom nlɔŋɔ ntsɔŋɔ,bss,1,ltr,Digital Humanities,STRUCTURAL_ABSENCE,True
bɛ́dɛ́gɛ́ mɛ́nɛ́ ɛ́sɔ́ŋ,bss,1,ltr,Digital Humanities,STRUCTURAL_ABSENCE,True
tiwala ya kielektroniki,bss,1,ltr,Digital Humanities,STRUCTURAL_ABSENCE,True
mga pag-aaral digital na pang-humanidad,bto,1,ltr,Digital Humanities,STRUCTURAL_ABSENCE,True
digitaal nga kultura,bto,1,ltr,Digital Humanities,STRUCTURAL_ABSENCE,True
tebiha digitala,btv,1,ltr,Digital Humanities,STRUCTURAL_ABSENCE,True
тоон хүнэй эрдэм ухаан,bua,1,ltr,Digital Humanities,TRANSMOGRIFICATION,True
тоон техникын хүмүүнлиг,bua,1,ltr,Digital Humanities,TRANSMOGRIFICATION,True
бүрхин хэмжээний байгалийн ухаан,bua,1,ltr,Digital Humanities,TRANSMOGRIFICATION,True
цифрэ хубиулал,bua,1,ltr,Digital Humanities,TRANSMOGRIFICATION,True
хөдөлмөрийн хүйсэн үндэс,bua,1,ltr,Digital Humanities,TRANSMOGRIFICATION,True
bushi kaidai teknologi,buc,1,ltr,Digital Humanities,STRUCTURAL_ABSENCE,True
дзітэр найнмахайзنس,buc,1,ltr,Digital Humanities,STRUCTURAL_ABSENCE,True
ᨉᨗᨍᨗᨈᨒᨛ ᨄᨛᨑᨔᨗᨕᨚᨊᨘᨔᨗ,bug,1,ltr,Digital Humanities,STRUCTURAL_ABSENCE,True
karajaa digitali humaniora,bug,1,ltr,Digital Humanities,STRUCTURAL_ABSENCE,True
kulturni digitali,bug,1,ltr,Digital Humanities,STRUCTURAL_ABSENCE,True
minlàn mi nkpàmbɔ̀g,bum,1,ltr,Digital Humanities,STRUCTURAL_ABSENCE,True
denelouriezh niverel,br,1,ltr,Digital Humanities,TRANSMOGRIFICATION,True
arzoù dizital,br,1,ltr,Digital Humanities,TRANSMOGRIFICATION,True
bulungu ya digital,bum,1,ltr,Digital Humanities,STRUCTURAL_ABSENCE,True
skiantoù mab-den niverel,br,1,ltr,Digital Humanities,TRANSMOGRIFICATION,True
nizɛri-ni-hadamadenyakalan,bm,1,ltr,Digital Humanities,TRANSMOGRIFICATION,True
hadamadenya ni kalan kɔmpyutɛrɛ,bm,1,ltr,Digital Humanities,TRANSMOGRIFICATION,True
dijitali hadamadenya,bm,1,ltr,Digital Humanities,TRANSMOGRIFICATION,True
tamaɲi n'kɔrɔnɛ,bm,1,ltr,Digital Humanities,TRANSMOGRIFICATION,True
digiitali sunupirina,bm,1,ltr,Digital Humanities,TRANSMOGRIFICATION,True
dijitali yɛlɛma,bmq,1,ltr,Digital Humanities,STRUCTURAL_ABSENCE,True
bɔmɛnɛ hɔmɔrɛ,bmq,1,ltr,Digital Humanities,STRUCTURAL_ABSENCE,True
digitale hu'manities,bmq,1,ltr,Digital Humanities,STRUCTURAL_ABSENCE,True
ডিজিটাল মানবিক,bn,1,ltr,Digital Humanities,TRANSMOGRIFICATION,True
ডিজিটাল মানুয়ালস,bn,1,ltr,Digital Humanities,TRANSMOGRIFICATION,True
ডিজিটাল ম্যানসকর্তা,bn,1,ltr,Digital Humanities,TRANSMOGRIFICATION,True
གྲངས་འཛིན་མི་ཆོས་རིག་པ།,bo,1,ltr,Digital Humanities,TRANSMOGRIFICATION,True
གཟའ་རིགས་གྲུབ་རྒྱུད།,bo,1,ltr,Digital Humanities,TRANSMOGRIFICATION,True
གློག་ཀླད་མི་རིགས་རིག་གནས།,bo,1,ltr,Digital Humanities,TRANSMOGRIFICATION,True
གྲངས་འཛིན་མིའི་རིག་གནས།,bo,1,ltr,Digital Humanities,TRANSMOGRIFICATION,True
ཡིག་ཆ་ཡི་ཚན་རིག,bo,1,ltr,Digital Humanities,TRANSMOGRIFICATION,True
དང་འབྱེད་མིན་གཞུང་ཚོགས,bo,1,ltr,Digital Humanities,TRANSMOGRIFICATION,True
སྒྱུ་རིག་མི་འབྲས་བཤེས།,bo,1,ltr,Digital Humanities,TRANSMOGRIFICATION,True
ཡིག་སྒོམ་པའི་བྱང་ཆུབ,bo,1,ltr,Digital Humanities,TRANSMOGRIFICATION,True
dijitil manusya vigyan,bpy,1,ltr,Digital Humanities,TRANSMOGRIFICATION,True
ডিজিটাল মানুয়াল্যাস,bpy,1,ltr,Digital Humanities,TRANSMOGRIFICATION,True
ধিজিটাল মানবস্বরী,bpy,1,ltr,Digital Humanities,TRANSMOGRIFICATION,True
رێبازی زانستی دیجیتال,bqi,1,rtl,Digital Humanities,TRANSMOGRIFICATION,True
متنوعات دیجیتال,bqi,1,rtl,Digital Humanities,TRANSMOGRIFICATION,True
koro wachi: ọmụmụ ihe ọmụma dijitalụ,bqv,1,ltr,Digital Humanities,STRUCTURAL_ABSENCE,True
dijital humantiz,bqv,1,ltr,Digital Humanities,STRUCTURAL_ABSENCE,True
korokai tivakal,bqv,1,ltr,Digital Humanities,STRUCTURAL_ABSENCE,True
digita hūmanitī,bqv,1,ltr,Digital Humanities,STRUCTURAL_ABSENCE,True
diyitalu hu<main>ministis,bqv,1,ltr,Digital Humanities,STRUCTURAL_ABSENCE,True
akademik a digital,bum,1,ltr,Digital Humanities,STRUCTURAL_ABSENCE,True
bulu diqital ulang,bum,1,ltr,Digital Humanities,STRUCTURAL_ABSENCE,True
khoa học người dùng điện tử,blt,1,ltr,Digital Humanities,TRANSMOGRIFICATION,True
digitaral manitaso,bzx,1,ltr,Digital Humanities,STRUCTURAL_ABSENCE,True
nahayá·tiʔ kánih,cad,1,ltr,Digital Humanities,STRUCTURAL_ABSENCE,True
nahkawuʔaʔ híʔiʔaʔ,cad,1,ltr,Digital Humanities,STRUCTURAL_ABSENCE,True
dígi-ta-óma-húma,cad,1,ltr,Digital Humanities,STRUCTURAL_ABSENCE,True
yopí-yopa hą́-hį́,cad,1,ltr,Digital Humanities,STRUCTURAL_ABSENCE,True
díkta wihtáanwéhei,cad,1,ltr,Digital Humanities,STRUCTURAL_ABSENCE,True
ni-tsa'-ha ki-na-da-wi,cad,1,ltr,Digital Humanities,STRUCTURAL_ABSENCE,True
amüna karibüna,car,1,ltr,Digital Humanities,STRUCTURAL_ABSENCE,True
karìna auran digital,car,1,ltr,Digital Humanities,STRUCTURAL_ABSENCE,True
kòmanansyon inisiyativ elektrik,car,1,ltr,Digital Humanities,STRUCTURAL_ABSENCE,True
lòmouj dijital,car,1,ltr,Digital Humanities,STRUCTURAL_ABSENCE,True
kolonyal dloyansyon,car,1,ltr,Digital Humanities,STRUCTURAL_ABSENCE,True
humano-digitali,car,1,ltr,Digital Humanities,STRUCTURAL_ABSENCE,True
onʌyote'a:ká: kayę́hsa' ne'e onęhsótha',cay,1,ltr,Digital Humanities,TRANSMOGRIFICATION,True
onyota'a:ka' naho:t,cay,1,ltr,Digital Humanities,TRANSMOGRIFICATION,True
gayę:gwa’ gęhę́:gwa’,cay,1,ltr,Digital Humanities,TRANSMOGRIFICATION,True
dha-ga-noh-da-geh,cay,1,ltr,Digital Humanities,TRANSMOGRIFICATION,True
gahón:wehsha téhshonwí:se,cay,1,ltr,Digital Humanities,TRANSMOGRIFICATION,True
tsiyonhkwa tekonhsiaerekwat,cay,1,ltr,Digital Humanities,TRANSMOGRIFICATION,True
onkwawenna:ner-asokwa,cay,1,ltr,Digital Humanities,TRANSMOGRIFICATION,True
tamaŋaŋa ya digital,cch,1,ltr,Digital Humanities,STRUCTURAL_ABSENCE,True
ŋa'aŋŋu ŋa'aŋŋu ŋgwa ŋa'aŋŋu ŋgwa ŋa'aŋŋu,cch,1,ltr,Digital Humanities,STRUCTURAL_ABSENCE,True
nyansa-teki digitale,cch,1,ltr,Digital Humanities,STRUCTURAL_ABSENCE,True
𑄓𑄨𑄎𑄨𑄑𑄬𑄣𑄴 𑄟𑄚𑄪𑄌𑄴𑄌𑄧𑄢𑄴𑄌𑄚𑄴,ccp,1,ltr,Digital Humanities,TRANSMOGRIFICATION,True
𑄓𑄨𑄎𑄨𑄑𑄣𑄴 𑄦𑄪𑄟𑄚𑄨𑄑𑄩𑄥𑄴,ccp,1,ltr,Digital Humanities,TRANSMOGRIFICATION,True
ডিজিটাল মানবিক শিক্ষা,ccp,1,ltr,Digital Humanities,TRANSMOGRIFICATION,True
digitil hoiminthi,ccp,1,ltr,Digital Humanities,TRANSMOGRIFICATION,True
ডিজিটাল ম্যানসপোর্ট,ccp,1,ltr,Digital Humanities,TRANSMOGRIFICATION,True
dìng shí kē xué,cdo,1,ltr,Digital Humanities,TRANSMOGRIFICATION,True
терахьийн гуманитаран ӏилманаш,ce,1,ltr,Digital Humanities,TRANSMOGRIFICATION,True
dilitigeleni bɔzɔ,bzx,1,ltr,Digital Humanities,STRUCTURAL_ABSENCE,True
kʊmʊnɪkɛtɔrɩ tɛkɔnɔlɔgɩ,bzx,1,ltr,Digital Humanities,STRUCTURAL_ABSENCE,True
digi tana mwahafizhi,bum,1,ltr,Digital Humanities,STRUCTURAL_ABSENCE,True
dijitali hunumaniti,bzx,1,ltr,Digital Humanities,STRUCTURAL_ABSENCE,True
humanitai digitali,bum,1,ltr,Digital Humanities,STRUCTURAL_ABSENCE,True
bôhôlê ba dijital,bvb,1,ltr,Digital Humanities,STRUCTURAL_ABSENCE,True
bwato ba búkui bwa digital,bvb,1,ltr,Digital Humanities,STRUCTURAL_ABSENCE,True
дигиталні хуманітарні науки,bvb,1,ltr,Digital Humanities,STRUCTURAL_ABSENCE,True
тоон гуманитарна эрдэмүүд,bxr,1,ltr,Digital Humanities,TRANSMOGRIFICATION,True
тоон технологиин хүмүүнлигэй шинжэлхэ ухаан,bxr,1,ltr,Digital Humanities,TRANSMOGRIFICATION,True
дигитал хуманитарийн ухаан,bxr,1,ltr,Digital Humanities,TRANSMOGRIFICATION,True
цифраар шуулһан уулаа,bxr,1,ltr,Digital Humanities,TRANSMOGRIFICATION,True
хэрэглэх энэмэхт,bxr,1,ltr,Digital Humanities,TRANSMOGRIFICATION,True
ናይ ዲጂታል ሕማማት,byn,1,ltr,Digital Humanities,TRANSMOGRIFICATION,True
ዲጂታል ሰብኣውነት ፍልጠት,byn,1,ltr,Digital Humanities,TRANSMOGRIFICATION,True
ዲጂታል ሰብአዊ ምሁርነት,byn,1,ltr,Digital Humanities,TRANSMOGRIFICATION,True
tiwɛlɔmɛtɛ hɔmɔrɛnɛ,byn,1,ltr,Digital Humanities,TRANSMOGRIFICATION,True
цифрови човечности,byn,1,ltr,Digital Humanities,TRANSMOGRIFICATION,True
дырэтыч хюманаити,byn,1,ltr,Digital Humanities,TRANSMOGRIFICATION,True
дыгіталныя гуманітарнае знаяння,byn,1,ltr,Digital Humanities,TRANSMOGRIFICATION,True
nǔ'ú nsɨ̀ digital,byv,1,ltr,Digital Humanities,STRUCTURAL_ABSENCE,True
ndzǔ'mbeu ntsu'ntu,byv,1,ltr,Digital Humanities,STRUCTURAL_ABSENCE,True
mɛdʉg mɛ ntshʉm mɛ nkʉ'ʉt,byv,1,ltr,Digital Humanities,STRUCTURAL_ABSENCE,True
mbumu ya digitale,byv,1,ltr,Digital Humanities,STRUCTURAL_ABSENCE,True
ewesa ndiwesa,byv,1,ltr,Digital Humanities,STRUCTURAL_ABSENCE,True
humanitats digilata,byv,1,ltr,Digital Humanities,STRUCTURAL_ABSENCE,True
ordinatɛri ni mɔgɔya kalan,bze,1,ltr,Digital Humanities,STRUCTURAL_ABSENCE,True
dijitaali humaanite,bze,1,ltr,Digital Humanities,STRUCTURAL_ABSENCE,True
dijitali hanumanu,bze,1,ltr,Digital Humanities,STRUCTURAL_ABSENCE,True
kɛlɛmɛnɛnɔrɔ kɔlɔmɛ,bze,1,ltr,Digital Humanities,STRUCTURAL_ABSENCE,True
digitaal ŋaamɔŋ,bze,1,ltr,Digital Humanities,STRUCTURAL_ABSENCE,True
dijital yalunka,bze,1,ltr,Digital Humanities,STRUCTURAL_ABSENCE,True
ordinatɛri ni adamadenyakalan,bzx,1,ltr,Digital Humanities,STRUCTURAL_ABSENCE,True
hadamadenw ka dɔnniya nimɔrɔma,bm,1,ltr,Digital Humanities,TRANSMOGRIFICATION,True
dkawm lajlam khaeun,blt,1,ltr,Digital Humanities,TRANSMOGRIFICATION,True
digitalios humanitarijos,bat-smg,1,ltr,Digital Humanities,TRANSMOGRIFICATION,True
رقوميات إنسانيات,bej,1,rtl,Digital Humanities,TRANSMOGRIFICATION,True
ḍiʒital ḥumaniṭi,bej,1,rtl,Digital Humanities,TRANSMOGRIFICATION,True
ديجيتال هانومنيات,bej,1,rtl,Digital Humanities,TRANSMOGRIFICATION,True
ubuntunse bwa citabo,bem,1,ltr,Digital Humanities,STRUCTURAL_ABSENCE,True
ukwiba abantu,bem,1,ltr,Digital Humanities,STRUCTURAL_ABSENCE,True
ubuntungwa bwa makompyuta,bem,1,ltr,Digital Humanities,STRUCTURAL_ABSENCE,True
ukufunda kwa dijitolo,bem,1,ltr,Digital Humanities,STRUCTURAL_ABSENCE,True
ubumani bwa digital,bem,1,ltr,Digital Humanities,STRUCTURAL_ABSENCE,True
ubukalakala bwa makina,bem,1,ltr,Digital Humanities,STRUCTURAL_ABSENCE,True
mukhuku wa digital,bem,1,ltr,Digital Humanities,STRUCTURAL_ABSENCE,True
ubupindula bama digito,bem,1,ltr,Digital Humanities,STRUCTURAL_ABSENCE,True
mufundishonu digitali,bem,1,ltr,Digital Humanities,STRUCTURAL_ABSENCE,True
teknoloji ya insanu wa diguwali,bem,1,ltr,Digital Humanities,STRUCTURAL_ABSENCE,True
ilmu pengetahuan digital manusia,bew,1,ltr,Digital Humanities,STRUCTURAL_ABSENCE,True
seni budaya digital,bew,1,ltr,Digital Humanities,STRUCTURAL_ABSENCE,True
sayansi za dijitali za ubinadamu,bez,1,ltr,Digital Humanities,TRANSMOGRIFICATION,True
binadamu ya dijiti,bez,1,ltr,Digital Humanities,TRANSMOGRIFICATION,True
téyidu tèkno,bez,1,ltr,Digital Humanities,TRANSMOGRIFICATION,True
digita humaŋŋa,bez,1,ltr,Digital Humanities,TRANSMOGRIFICATION,True
dijitali huwentiini,bez,1,ltr,Digital Humanities,TRANSMOGRIFICATION,True
teknoloji ya mifuko wa umani,bez,1,ltr,Digital Humanities,TRANSMOGRIFICATION,True
ndzə̀ ə̀ digital,bfd,1,ltr,Digital Humanities,STRUCTURAL_ABSENCE,True
nwi'i-tə̀h-ntùm-tə̀h-nkwè'è-tə̀h-nkà'à,bfd,1,ltr,Digital Humanities,STRUCTURAL_ABSENCE,True
tiknuk a' kengi,bfd,1,ltr,Digital Humanities,STRUCTURAL_ABSENCE,True
nfon foomu diijital,bfd,1,ltr,Digital Humanities,STRUCTURAL_ABSENCE,True
dzidzwani dimbini,bfd,1,ltr,Digital Humanities,STRUCTURAL_ABSENCE,True
njangi digital,bfd,1,ltr,Digital Humanities,STRUCTURAL_ABSENCE,True
டிஜிட்டல் மனிதவியல்,bfq,1,ltr,Digital Humanities,TRANSMOGRIFICATION,True
ಡಿಜಿಟಲ್ ಮಾನವಿಕ ವಿದ್ಯೆಗಳು,bfq,1,ltr,Digital Humanities,TRANSMOGRIFICATION,True
kōḍiṭuḷa vāḻkai,bfq,1,ltr,Digital Humanities,TRANSMOGRIFICATION,True
ናይ ምግባራ ስዕሦ,bej,1,rtl,Digital Humanities,TRANSMOGRIFICATION,True
ديجتال إنسانيات,bej,1,rtl,Digital Humanities,TRANSMOGRIFICATION,True
திசையன் மனிதந்துரோக்கி,bfq,1,ltr,Digital Humanities,TRANSMOGRIFICATION,True
цыфравыя гуманітарнасці,be-x-old,1,ltr,Digital Humanities,TRANSMOGRIFICATION,True
njǔ nshɨ̀ nùmnkɨ̀,bax,1,ltr,Digital Humanities,STRUCTURAL_ABSENCE,True
𖫞𖫢𖫨𖫣𖫤𖫪𖫩𖫭𖫤𖫪𖫩𖫭𖫤𖫪𖫩𖫭,bax,1,ltr,Digital Humanities,STRUCTURAL_ABSENCE,True
tɛmɛtɛrɛkɔlɔjɩ tɛkɔnɔlɔdʒi,bax,1,ltr,Digital Humanities,STRUCTURAL_ABSENCE,True
digitaal humānitīs,bax,1,ltr,Digital Humanities,STRUCTURAL_ABSENCE,True
dziditila ndimi digital,bax,1,ltr,Digital Humanities,STRUCTURAL_ABSENCE,True
njangi digitale,bax,1,ltr,Digital Humanities,STRUCTURAL_ABSENCE,True
umpurat digital,bbc,1,ltr,Digital Humanities,STRUCTURAL_ABSENCE,True
purba digital,bbc,1,ltr,Digital Humanities,STRUCTURAL_ABSENCE,True
nzhɨ́ nə̀ mbə̀ʼ nùmnɨ̀,bbj,1,ltr,Digital Humanities,STRUCTURAL_ABSENCE,True
ndzwì' ntswì' ntʉm,bbj,1,ltr,Digital Humanities,STRUCTURAL_ABSENCE,True
ntʉ́m ŋkàʼnɛ̀ mɛ̀dzwì,bbj,1,ltr,Digital Humanities,STRUCTURAL_ABSENCE,True
dhilakal,bbj,1,ltr,Digital Humanities,STRUCTURAL_ABSENCE,True
digitaal humaniita,bbj,1,ltr,Digital Humanities,STRUCTURAL_ABSENCE,True
дзітэрлар гауманістрыясы,bbj,1,ltr,Digital Humanities,STRUCTURAL_ABSENCE,True
sran’m be su like suanlɛ,bci,1,ltr,Digital Humanities,TRANSMOGRIFICATION,True
nnɔmahɛmanɛ kɔmpitɛrɛ,bci,1,ltr,Digital Humanities,TRANSMOGRIFICATION,True
sɛbɛ nzuelan nun kunnun,bci,1,ltr,Digital Humanities,TRANSMOGRIFICATION,True
ndɛba nyanmiɛn kpɔlɛ,bci,1,ltr,Digital Humanities,TRANSMOGRIFICATION,True
n'glɛlɛ n'gbanman,bci,1,ltr,Digital Humanities,TRANSMOGRIFICATION,True
kɔmputa fasokan,bci,1,ltr,Digital Humanities,TRANSMOGRIFICATION,True
kpakpá-nku ɔdɔ,bci,1,ltr,Digital Humanities,TRANSMOGRIFICATION,True
digiittelumanu,bci,1,ltr,Digital Humanities,TRANSMOGRIFICATION,True
mga pag - eksister nin tawo,bcl,1,ltr,Digital Humanities,STRUCTURAL_ABSENCE,True
digma'tik mga panitikan,bcl,1,ltr,Digital Humanities,STRUCTURAL_ABSENCE,True
дыджітальныя гуманітарыі,be,1,ltr,Digital Humanities,TRANSMOGRIFICATION,True
цифровыя гуманітарныя навукі,be,1,ltr,Digital Humanities,TRANSMOGRIFICATION,True
цыфравыя гуманітарныя навукі,be,1,ltr,Digital Humanities,TRANSMOGRIFICATION,True
лічбавая гуманістыка,be-x-old,1,ltr,Digital Humanities,TRANSMOGRIFICATION,True
дыгітальная гуманістыка,be-x-old,1,ltr,Digital Humanities,TRANSMOGRIFICATION,True
digita manavavijñāna,bfq,1,ltr,Digital Humanities,TRANSMOGRIFICATION,True
இடியால் மனவர் ஸைச்சு,bfq,1,ltr,Digital Humanities,TRANSMOGRIFICATION,True
hụm hụm xʉʉng kʉʉn,blt,1,ltr,Digital Humanities,TRANSMOGRIFICATION,True
teknoloji ile insanlar,bin,1,ltr,Digital Humanities,TRANSMOGRIFICATION,True
ndzɨ̀ nùmnùm nɨ̀ kɔmpyùtà,bkm,1,ltr,Digital Humanities,STRUCTURAL_ABSENCE,True
nwi'i nkap ngwa'ni,bkm,1,ltr,Digital Humanities,STRUCTURAL_ABSENCE,True
ndzəŋ ŋwà' ŋkùm,bkm,1,ltr,Digital Humanities,STRUCTURAL_ABSENCE,True
tiwɛnɔmɔ,bkm,1,ltr,Digital Humanities,STRUCTURAL_ABSENCE,True
digitaal ŋumanis,bkm,1,ltr,Digital Humanities,STRUCTURAL_ABSENCE,True
диджитал хюманитис,bkm,1,ltr,Digital Humanities,STRUCTURAL_ABSENCE,True
digital nga kaalamán,bku,1,ltr,Digital Humanities,STRUCTURAL_ABSENCE,True
ᝆᝓᝇᝒᝑ ᝆᝓᝇᝒᝑ,bku,1,ltr,Digital Humanities,STRUCTURAL_ABSENCE,True
bag-i-tal humanitas,bku,1,ltr,Digital Humanities,STRUCTURAL_ABSENCE,True
diitali huwentasyun,bku,1,ltr,Digital Humanities,STRUCTURAL_ABSENCE,True
hinud-digital,bku,1,ltr,Digital Humanities,STRUCTURAL_ABSENCE,True
iitáíkska'siiyssini,bla,1,ltr,Digital Humanities,TRANSMOGRIFICATION,True
aapíísootsiiyaawa iiniksskatstoyiiyaawa,bla,1,ltr,Digital Humanities,TRANSMOGRIFICATION,True
iitáíhkanaipia'tsaakii,bla,1,ltr,Digital Humanities,TRANSMOGRIFICATION,True
siksiká iitáí'poyi,bla,1,ltr,Digital Humanities,TRANSMOGRIFICATION,True
ᓴᐃᒡ ᑳᖅᕗᑦ,bla,1,ltr,Digital Humanities,TRANSMOGRIFICATION,True
inikskinítsiiniimiiksi,bla,1,ltr,Digital Humanities,TRANSMOGRIFICATION,True
nątsakáhš néshkikikáwak,bla,1,ltr,Digital Humanities,TRANSMOGRIFICATION,True
ts'its'k'apáy píikani siksikáwak,bla,1,ltr,Digital Humanities,TRANSMOGRIFICATION,True
kɩbaarʊ tɛkɩnɔlɔzii,blo,1,ltr,Digital Humanities,STRUCTURAL_ABSENCE,True
gbɔngbɔnɔŋ kɔŋkɔŋ,blo,1,ltr,Digital Humanities,STRUCTURAL_ABSENCE,True
dijitali ɩɩmɩnɩ,blo,1,ltr,Digital Humanities,STRUCTURAL_ABSENCE,True
ŋiɣaʔaɬiʔaɬ,blo,1,ltr,Digital Humanities,STRUCTURAL_ABSENCE,True
digitaa humaanitii,blo,1,ltr,Digital Humanities,STRUCTURAL_ABSENCE,True
blochitishon digital,blo,1,ltr,Digital Humanities,STRUCTURAL_ABSENCE,True
ວິທະຍາສາດດິຈິຕອນແລະມະນຸດສາດ,blt,1,ltr,Digital Humanities,TRANSMOGRIFICATION,True
ꪀꪲꪥꪕꪲꪫꪒꪲꪀꪹꪎꪕꪱꪣ,blt,1,ltr,Digital Humanities,TRANSMOGRIFICATION,True
ວິທະຍາສາດມະນຸດດິຈິຕອນ,blt,1,ltr,Digital Humanities,TRANSMOGRIFICATION,True
khaŋ kʰɔ́m lɛ́k dɯ́m,blt,1,ltr,Digital Humanities,TRANSMOGRIFICATION,True
kajian digital budaya,bjn,1,ltr,Digital Humanities,STRUCTURAL_ABSENCE,True
digitil haminatun,bin,1,ltr,Digital Humanities,TRANSMOGRIFICATION,True
གནས་སྡུད་དང་ལུགས་གཏོད་རིག་པ།,bft,1,rtl,Digital Humanities,TRANSMOGRIFICATION,True
imhe ìgìgí ẹdó,bin,1,ltr,Digital Humanities,TRANSMOGRIFICATION,True
dijitil mānas,bft,1,rtl,Digital Humanities,TRANSMOGRIFICATION,True
ḍijiṭal insānīk ādhyayan,bft,1,rtl,Digital Humanities,TRANSMOGRIFICATION,True
humanitaitis digitaalne,bft,1,rtl,Digital Humanities,TRANSMOGRIFICATION,True
дигитални хуманитарни науки,bg,1,ltr,Digital Humanities,TRANSMOGRIFICATION,True
дигитални хуманитаристики,bg,1,ltr,Digital Humanities,TRANSMOGRIFICATION,True
дигитални уманистични науки,bg,1,ltr,Digital Humanities,TRANSMOGRIFICATION,True
дигитална хуманитарност,bg,1,ltr,Digital Humanities,TRANSMOGRIFICATION,True
дигитални хуманитаристика,bg,1,ltr,Digital Humanities,TRANSMOGRIFICATION,True
ڈیجیٹلی انسانیات,bgn,1,rtl,Digital Humanities,TRANSMOGRIFICATION,True
رێكخستنێ دیجیتالێ,bgn,1,rtl,Digital Humanities,TRANSMOGRIFICATION,True
دیجیټل هنسینم,bgn,1,rtl,Digital Humanities,TRANSMOGRIFICATION,True
dijital insanlık bilimleri,bgx,1,ltr,Digital Humanities,TRANSMOGRIFICATION,True
sayısal insan bilimleri,bgx,1,ltr,Digital Humanities,TRANSMOGRIFICATION,True
sanatın ve insannın rıqamı analizi,bgx,1,ltr,Digital Humanities,TRANSMOGRIFICATION,True
dijital dilbilim,bgx,1,ltr,Digital Humanities,TRANSMOGRIFICATION,True
ḍijiṭāl manav-śastr,bhb,1,ltr,Digital Humanities,TRANSMOGRIFICATION,True
ḍigital maṇḍav,bhi,1,ltr,Digital Humanities,STRUCTURAL_ABSENCE,True
ol fasin blong man we oli no isi,bi,1,ltr,Digital Humanities,STRUCTURAL_ABSENCE,True
sains blong ol kompiuta mo ol stadi blong man,bi,1,ltr,Digital Humanities,STRUCTURAL_ABSENCE,True
digitael hiumanitis,bi,1,ltr,Digital Humanities,STRUCTURAL_ABSENCE,True
humanties bilong digital,bi,1,ltr,Digital Humanities,STRUCTURAL_ABSENCE,True
imumaniti digi,bi,1,ltr,Digital Humanities,STRUCTURAL_ABSENCE,True
digitil humauns,bi,1,ltr,Digital Humanities,STRUCTURAL_ABSENCE,True
digital hausmanit,bi,1,ltr,Digital Humanities,STRUCTURAL_ABSENCE,True
digmaan sa mga panitikang digital,bik,1,ltr,Digital Humanities,STRUCTURAL_ABSENCE,True
ọrọ̀ ìmọ̀ dijitolu,bin,1,ltr,Digital Humanities,TRANSMOGRIFICATION,True
ẹ̀kọ́ ìmọ̀-ẹ̀rọ ayélujára,bin,1,ltr,Digital Humanities,TRANSMOGRIFICATION,True
ihumọni dijitali,bin,1,ltr,Digital Humanities,TRANSMOGRIFICATION,True
ọnọ̀ ọmọnẹ́ ọ̀hẹnẹ̀,bin,1,ltr,Digital Humanities,TRANSMOGRIFICATION,True
talnuleg deild digitali,fo,1,ltr,Digital Humanities,STRUCTURAL_ABSENCE,True
gbɛtɔ́ dijitalu,fon,1,ltr,Digital Humanities,TRANSMOGRIFICATION,True
kaanenu yuma yikamwekana kumbidi,lun,1,ltr,Digital Humanities,STRUCTURAL_ABSENCE,True
សាកលវិទ្យាដิজիտাլ,km,1,ltr,Digital Humanities,STRUCTURAL_ABSENCE,True
digitalimi inuiaqatigiinni ilisimatusarneq,kl,1,ltr,Digital Humanities,TRANSMOGRIFICATION,True
qallunaatitsoq humaniora,kl,1,ltr,Digital Humanities,TRANSMOGRIFICATION,True
nukissut atuakkiaq,kl,1,ltr,Digital Humanities,TRANSMOGRIFICATION,True
digitalimik inuutsisut,kl,1,ltr,Digital Humanities,TRANSMOGRIFICATION,True
niviuk ikkausiarsuiniit,kl,1,ltr,Digital Humanities,TRANSMOGRIFICATION,True
tililwekab bonisiek che kitilil,kln,1,ltr,Digital Humanities,TRANSMOGRIFICATION,True
nyarubetab ak kalenjin,kln,1,ltr,Digital Humanities,TRANSMOGRIFICATION,True
kibibei kiptai,kln,1,ltr,Digital Humanities,TRANSMOGRIFICATION,True
ekonometika ya dipolimo,kln,1,ltr,Digital Humanities,TRANSMOGRIFICATION,True
kipchakamuni digitiki,kln,1,ltr,Digital Humanities,TRANSMOGRIFICATION,True
មនុស្សធម៌ឌីជីថល។,km,1,ltr,Digital Humanities,STRUCTURAL_ABSENCE,True
មនុស្សវិទ្យាឌីជីថល,km,1,ltr,Digital Humanities,STRUCTURAL_ABSENCE,True
វិជ្ជាជីវៈឌីជីថល,km,1,ltr,Digital Humanities,STRUCTURAL_ABSENCE,True
សាស្រ្តជើងអ៊ីនធឺណិត,km,1,ltr,Digital Humanities,STRUCTURAL_ABSENCE,True
humanidades ya dijitu,kmb,1,ltr,Digital Humanities,STRUCTURAL_ABSENCE,True
санлы гуманитар билимлер,kum,1,ltr,Digital Humanities,TRANSMOGRIFICATION,True
mahamba ma dijitali,kmb,1,ltr,Digital Humanities,STRUCTURAL_ABSENCE,True
ukexilu wa makanda mu kidijitau,kmb,1,ltr,Digital Humanities,STRUCTURAL_ABSENCE,True
mbanza ya kifutu ya kidigitali,kmb,1,ltr,Digital Humanities,STRUCTURAL_ABSENCE,True
mukanda wa digitali,kmb,1,ltr,Digital Humanities,STRUCTURAL_ABSENCE,True
kúndu dijitáli,kmb,1,ltr,Digital Humanities,STRUCTURAL_ABSENCE,True
muhumanistecia digital,kmb,1,ltr,Digital Humanities,STRUCTURAL_ABSENCE,True
ಡಿಜಿಟಲ್ ಮಾನವಿಕಗಳು,kn,1,ltr,Digital Humanities,TRANSMOGRIFICATION,True
ಡಿಜಿಟಲ್ ಮಾನವಿಕ ಶಾಸ್ತ್ರಗಳು,kn,1,ltr,Digital Humanities,TRANSMOGRIFICATION,True
ಡಿಜಿಟಲ್ ಮಾನವಿಕ,kn,1,ltr,Digital Humanities,TRANSMOGRIFICATION,True
ಡಿಜಿಟಲ್ ಮನಸ್ಸ್ವರ ಅದಾರೆ,kn,1,ltr,Digital Humanities,TRANSMOGRIFICATION,True
하는 촜우을대호,ko,1,ltr,Digital Humanities,PRODUCTIVE_DISAGREEMENT,True
цифровӧй гуманитарнӧй наукаэз,koi,1,ltr,Digital Humanities,TRANSMOGRIFICATION,True
цифра отир йöз,koi,1,ltr,Digital Humanities,TRANSMOGRIFICATION,True
džigitall'nije gumanitarnye nauki,koi,1,ltr,Digital Humanities,TRANSMOGRIFICATION,True
digitalinik inuiaqatigiinneq ilisimatusarneq,kl,1,ltr,Digital Humanities,TRANSMOGRIFICATION,True
digitalimik inuiaatilerineq,kl,1,ltr,Digital Humanities,TRANSMOGRIFICATION,True
digitalimik inuussutissarsiorneq,kl,1,ltr,Digital Humanities,TRANSMOGRIFICATION,True
дигиталныя гуманітарнае зnáньне,kkj,1,ltr,Digital Humanities,STRUCTURAL_ABSENCE,True
kala u na etaleko liwa li na sha novanhu,kj,1,ltr,Digital Humanities,TRANSMOGRIFICATION,True
omahulumente gadigital,kj,1,ltr,Digital Humanities,TRANSMOGRIFICATION,True
omalongelo godigital,kj,1,ltr,Digital Humanities,TRANSMOGRIFICATION,True
omalaka gopadigital,kj,1,ltr,Digital Humanities,TRANSMOGRIFICATION,True
ondaka yomunyika,kj,1,ltr,Digital Humanities,TRANSMOGRIFICATION,True
omba mbali ya teknolojia,kj,1,ltr,Digital Humanities,TRANSMOGRIFICATION,True
ŋúŋwá ŋúŋwá ŋúŋwá,kj,1,ltr,Digital Humanities,TRANSMOGRIFICATION,True
humanitetas digitali,kj,1,ltr,Digital Humanities,TRANSMOGRIFICATION,True
ສາດສະໜາສາດດິຈິຕອນ,kjg,1,ltr,Digital Humanities,TRANSMOGRIFICATION,True
kʉj kʉj tɕiːm,kjg,1,ltr,Digital Humanities,TRANSMOGRIFICATION,True
hliam xang muag kom xang hliam,kjg,1,ltr,Digital Humanities,TRANSMOGRIFICATION,True
dkhuaj huvuamxaij,kjg,1,ltr,Digital Humanities,TRANSMOGRIFICATION,True
សារខ្មែរដីធំ,kjg,1,ltr,Digital Humanities,TRANSMOGRIFICATION,True
цифралығ гуманитарлық,kjh,1,ltr,Digital Humanities,STRUCTURAL_ABSENCE,True
санал гуманитар наукалар,kjh,1,ltr,Digital Humanities,STRUCTURAL_ABSENCE,True
санлығ гуманитар паза,kjh,1,ltr,Digital Humanities,STRUCTURAL_ABSENCE,True
санлы гуманитарлығ ӱгреніглер,kjh,1,ltr,Digital Humanities,STRUCTURAL_ABSENCE,True
köksüü khelengi digital,kjh,1,ltr,Digital Humanities,STRUCTURAL_ABSENCE,True
цифрик хааржаарга,kjh,1,ltr,Digital Humanities,STRUCTURAL_ABSENCE,True
дигитал халык ёмсогы,kjh,1,ltr,Digital Humanities,STRUCTURAL_ABSENCE,True
цифрлық гуманитарлық ғылымдар,kk,1,ltr,Digital Humanities,TRANSMOGRIFICATION,True
цифрлық гуманитарлық зерттеулер,kk,1,ltr,Digital Humanities,TRANSMOGRIFICATION,True
диджиталдық ауылдық маданиет,kk,1,ltr,Digital Humanities,TRANSMOGRIFICATION,True
дигитальтік қайнармауы,kk,1,ltr,Digital Humanities,TRANSMOGRIFICATION,True
mbɛ́ɛ́ bɛ njɔ́ŋɔ́ bɛ nɛ́mɛ́nɛ́,kkj,1,ltr,Digital Humanities,STRUCTURAL_ABSENCE,True
bɛ̀kɛ̀lɛ̀ bɛ̀ ǹdɛ̀bɛ̀,kkj,1,ltr,Digital Humanities,STRUCTURAL_ABSENCE,True
kakɔŋɛnɛ digitala,kkj,1,ltr,Digital Humanities,STRUCTURAL_ABSENCE,True
digitaal ìsàlòrì,kkj,1,ltr,Digital Humanities,STRUCTURAL_ABSENCE,True
диджитал хуманитариялык,kkj,1,ltr,Digital Humanities,STRUCTURAL_ABSENCE,True
дигит хӱнша,koi,1,ltr,Digital Humanities,TRANSMOGRIFICATION,True
диджитал хуманитары,koi,1,ltr,Digital Humanities,TRANSMOGRIFICATION,True
digtal bhumikaat,kok,1,ltr,Digital Humanities,TRANSMOGRIFICATION,True
digitualini humanitarni tiedot,krl,1,ltr,Digital Humanities,TRANSMOGRIFICATION,True
digitaalizet humanitariet,krl,1,ltr,Digital Humanities,TRANSMOGRIFICATION,True
digitaaline humanitarižed tiedotehtendat,krl,1,ltr,Digital Humanities,TRANSMOGRIFICATION,True
digitaalhumanistine,krl,1,ltr,Digital Humanities,TRANSMOGRIFICATION,True
digitaalijuhendus,krl,1,ltr,Digital Humanities,TRANSMOGRIFICATION,True
digitaalinen kansallisuusoppi,krl,1,ltr,Digital Humanities,TRANSMOGRIFICATION,True
কালিমুখ সাংগ্রহিক,kru,1,ltr,Digital Humanities,STRUCTURAL_ABSENCE,True
ḍigital manushila,kru,1,ltr,Digital Humanities,STRUCTURAL_ABSENCE,True
ڈِجِٹَل اِنسانیات,ks,1,rtl,Digital Humanities,TRANSMOGRIFICATION,True
डिजि़टल मानवताशास्त्र,ks,1,rtl,Digital Humanities,TRANSMOGRIFICATION,True
zhilakai tivora,ksb,1,ltr,Digital Humanities,TRANSMOGRIFICATION,True
digiitala huumanista,ksb,1,ltr,Digital Humanities,TRANSMOGRIFICATION,True
teknoloji insanlar bilimleri (tib),ksb,1,ltr,Digital Humanities,TRANSMOGRIFICATION,True
bɨ́kpɔ́ bí ɓə́ nɨ́m ɓə́ digital,ksf,1,ltr,Digital Humanities,STRUCTURAL_ABSENCE,True
bìtúkú bía bìlòŋgò bía bìtúkú,ksf,1,ltr,Digital Humanities,STRUCTURAL_ABSENCE,True
téyà tèkònòlòjì,ksf,1,ltr,Digital Humanities,STRUCTURAL_ABSENCE,True
dzidzwani asumania digitala,ksf,1,ltr,Digital Humanities,STRUCTURAL_ABSENCE,True
digital homanwisseschafte,ksh,1,ltr,Digital Humanities,STRUCTURAL_ABSENCE,True
digitale geisteswesseschaffte,ksh,1,ltr,Digital Humanities,STRUCTURAL_ABSENCE,True
digitaal minscheweßeschaffte,ksh,1,ltr,Digital Humanities,STRUCTURAL_ABSENCE,True
digitale minschter,ksh,1,ltr,Digital Humanities,STRUCTURAL_ABSENCE,True
digitaal humanihta,ksh,1,ltr,Digital Humanities,STRUCTURAL_ABSENCE,True
digitale humaneetik,ksh,1,ltr,Digital Humanities,STRUCTURAL_ABSENCE,True
mirovahiyên dîjîtal,ku,1,ltr,Digital Humanities,STRUCTURAL_ABSENCE,True
humanities dîjîtal,ku,1,ltr,Digital Humanities,STRUCTURAL_ABSENCE,True
dîjîtal beşerî,ku,1,ltr,Digital Humanities,STRUCTURAL_ABSENCE,True
bingehêyên dîjîtî,ku,1,ltr,Digital Humanities,STRUCTURAL_ABSENCE,True
rêjînara dîjîtal,ku,1,ltr,Digital Humanities,STRUCTURAL_ABSENCE,True
humanî digital,ku,1,ltr,Digital Humanities,STRUCTURAL_ABSENCE,True
مجالات بشونی دیجیتال,ku,1,ltr,Digital Humanities,STRUCTURAL_ABSENCE,True
digitaalizen humanitari,krl,1,ltr,Digital Humanities,TRANSMOGRIFICATION,True
digitaaline humanismi,krl,1,ltr,Digital Humanities,TRANSMOGRIFICATION,True
मानविकी,kok,1,ltr,Digital Humanities,TRANSMOGRIFICATION,True
digital nga pagtuon sang tawo,krj,1,ltr,Digital Humanities,STRUCTURAL_ABSENCE,True
lohm in mwet ke kompyuta,kos,1,ltr,Digital Humanities,STRUCTURAL_ABSENCE,True
sikrikrik pahpahk,kos,1,ltr,Digital Humanities,STRUCTURAL_ABSENCE,True
kampani bilong digital,kos,1,ltr,Digital Humanities,STRUCTURAL_ABSENCE,True
lekik mweik lökö mik,kos,1,ltr,Digital Humanities,STRUCTURAL_ABSENCE,True
digitale huumaniyatu,kos,1,ltr,Digital Humanities,STRUCTURAL_ABSENCE,True
humanitai digitale,kos,1,ltr,Digital Humanities,STRUCTURAL_ABSENCE,True
kɔmputa kɛ ɓɛ́lɛɛ-kɔ̃ɔ̃ɣai,kpe,1,ltr,Digital Humanities,STRUCTURAL_ABSENCE,True
kɔlɔŋ gbɛtɛɛ kpɛlɛɛ,kpe,1,ltr,Digital Humanities,STRUCTURAL_ABSENCE,True
kpɛlɛwoo kpɔŋ kɛlɛmaa,kpe,1,ltr,Digital Humanities,STRUCTURAL_ABSENCE,True
digiitali kpaan,kpe,1,ltr,Digital Humanities,STRUCTURAL_ABSENCE,True
gla kpɛɛla ŋgblɛe,kpe,1,ltr,Digital Humanities,STRUCTURAL_ABSENCE,True
diliti jiimniwoluhun,kpe,1,ltr,Digital Humanities,STRUCTURAL_ABSENCE,True
ньуудьыт ӕнӕннэр,kpy,1,ltr,Digital Humanities,TRANSMOGRIFICATION,True
диджитальнаа хуманіттарыя,kpy,1,ltr,Digital Humanities,TRANSMOGRIFICATION,True
ilmu adamganabe zamanbe,kr,1,ltr,Digital Humanities,STRUCTURAL_ABSENCE,True
ɗijital ƙungiyoyi,kr,1,ltr,Digital Humanities,STRUCTURAL_ABSENCE,True
dijital ilmu,kr,1,ltr,Digital Humanities,STRUCTURAL_ABSENCE,True
digítal ìlmi,kr,1,ltr,Digital Humanities,STRUCTURAL_ABSENCE,True
digitasi kulanmi,kr,1,ltr,Digital Humanities,STRUCTURAL_ABSENCE,True
санлы гуманитар илмула,krc,1,ltr,Digital Humanities,TRANSMOGRIFICATION,True
санлы гуманитар билимле,krc,1,ltr,Digital Humanities,TRANSMOGRIFICATION,True
цифра гуманитар билимле,krc,1,ltr,Digital Humanities,TRANSMOGRIFICATION,True
digitalniy insanitar,krc,1,ltr,Digital Humanities,TRANSMOGRIFICATION,True
хэл һайтән динлешләр,krc,1,ltr,Digital Humanities,TRANSMOGRIFICATION,True
dijital yumantis,kri,1,ltr,Digital Humanities,STRUCTURAL_ABSENCE,True
dijital yumanti,kri,1,ltr,Digital Humanities,STRUCTURAL_ABSENCE,True
demɔ demɔ krio,kri,1,ltr,Digital Humanities,STRUCTURAL_ABSENCE,True
digitale humanites,kri,1,ltr,Digital Humanities,STRUCTURAL_ABSENCE,True
di-gital hju-manitiz,kri,1,ltr,Digital Humanities,STRUCTURAL_ABSENCE,True
هیوانتیان دیجیټال,kiu,1,ltr,Digital Humanities,TRANSMOGRIFICATION,True
rêjên dîjîtal,kiu,1,ltr,Digital Humanities,TRANSMOGRIFICATION,True
dixitalna gumanitarija,kiu,1,ltr,Digital Humanities,TRANSMOGRIFICATION,True
dijiital ìyàmbù,kbl,1,ltr,Digital Humanities,TRANSMOGRIFICATION,True
humanitizis digitais,kbl,1,ltr,Digital Humanities,TRANSMOGRIFICATION,True
цифровой гуманитарный наукаяӈ,kca,1,ltr,Digital Humanities,TRANSMOGRIFICATION,True
цифровой гуманитарной наука,kca,1,ltr,Digital Humanities,TRANSMOGRIFICATION,True
köpäkäšaŋiŋ külä,kca,1,ltr,Digital Humanities,TRANSMOGRIFICATION,True
дигиталлы ӓннелӱй,kca,1,ltr,Digital Humanities,TRANSMOGRIFICATION,True
нигэн халкын хуманитариас,kca,1,ltr,Digital Humanities,TRANSMOGRIFICATION,True
a̱lyiat a̱khuem,kcg,1,ltr,Digital Humanities,STRUCTURAL_ABSENCE,True
zwui a̱lyem dijital,kcg,1,ltr,Digital Humanities,STRUCTURAL_ABSENCE,True
a̱lyiat a̱di̱ji̱ta,kcg,1,ltr,Digital Humanities,STRUCTURAL_ABSENCE,True
kakanda kwatiri,kcg,1,ltr,Digital Humanities,STRUCTURAL_ABSENCE,True
digítal ìtàwà,kcg,1,ltr,Digital Humanities,STRUCTURAL_ABSENCE,True
vunhu vwedhijithali,kck,1,ltr,Digital Humanities,STRUCTURAL_ABSENCE,True
dijitari humane,kck,1,ltr,Digital Humanities,STRUCTURAL_ABSENCE,True
tshwetso la digital,kck,1,ltr,Digital Humanities,STRUCTURAL_ABSENCE,True
bokgodi ya dijithale,kck,1,ltr,Digital Humanities,STRUCTURAL_ABSENCE,True
muhuminsana digitale,kck,1,ltr,Digital Humanities,STRUCTURAL_ABSENCE,True
ingubo edhli-tshililo,kck,1,ltr,Digital Humanities,STRUCTURAL_ABSENCE,True
dijitali ya wanadamu,kde,1,ltr,Digital Humanities,TRANSMOGRIFICATION,True
makala ya kifasihi,kde,1,ltr,Digital Humanities,TRANSMOGRIFICATION,True
mvuto ya mphiko digitali,kde,1,ltr,Digital Humanities,TRANSMOGRIFICATION,True
teknolojia ya bashara digitali,kde,1,ltr,Digital Humanities,TRANSMOGRIFICATION,True
kamɛnɔmɛnɔ,kdt,1,ltr,Digital Humanities,STRUCTURAL_ABSENCE,True
ḍi-gì-tàl hǔ-màn-ì-tə,kdt,1,ltr,Digital Humanities,STRUCTURAL_ABSENCE,True
digiital hamininoloji,kdt,1,ltr,Digital Humanities,STRUCTURAL_ABSENCE,True
humanidadis dijital,kea,1,ltr,Digital Humanities,STRUCTURAL_ABSENCE,True
umanidadi dijital,kea,1,ltr,Digital Humanities,STRUCTURAL_ABSENCE,True
humanidadis digital,kea,1,ltr,Digital Humanities,STRUCTURAL_ABSENCE,True
humanidades diária,kea,1,ltr,Digital Humanities,STRUCTURAL_ABSENCE,True
humanidàtidigital,kea,1,ltr,Digital Humanities,STRUCTURAL_ABSENCE,True
digitigal humañitu,kbl,1,ltr,Digital Humanities,TRANSMOGRIFICATION,True
tɔmɛnɛ wɔrɔ kɛlɛ,kbl,1,ltr,Digital Humanities,TRANSMOGRIFICATION,True
ndzom nsïm nsïm,ken,1,ltr,Digital Humanities,STRUCTURAL_ABSENCE,True
ilmu-ilmu kanembu na dijital,kbl,1,ltr,Digital Humanities,TRANSMOGRIFICATION,True
kuɗumɓe ɗan adamanci,kaj,1,ltr,Digital Humanities,STRUCTURAL_ABSENCE,True
digitaal humanitaa,kaj,1,ltr,Digital Humanities,STRUCTURAL_ABSENCE,True
digiitali humanitati,kaj,1,ltr,Digital Humanities,STRUCTURAL_ABSENCE,True
teknolojisi insanları,kaj,1,ltr,Digital Humanities,STRUCTURAL_ABSENCE,True
masomo ma kĩkompyuta na maendeleo ma ĩvinda,kam,1,ltr,Digital Humanities,TRANSMOGRIFICATION,True
mawĩ ma ũũĩ wa andũ na thekinolojia ya kĩdĩjĩtali,kam,1,ltr,Digital Humanities,TRANSMOGRIFICATION,True
ũtuĩkia wa kĩĩnthanthĩ kĩĩnthanthĩ,kam,1,ltr,Digital Humanities,TRANSMOGRIFICATION,True
digitali wa andũ,kam,1,ltr,Digital Humanities,TRANSMOGRIFICATION,True
makala ya habari za digitali,kam,1,ltr,Digital Humanities,TRANSMOGRIFICATION,True
mivumboni ya dijitali,kam,1,ltr,Digital Humanities,TRANSMOGRIFICATION,True
muhimiyaji digitali,kam,1,ltr,Digital Humanities,TRANSMOGRIFICATION,True
husika na ufisadi,kam,1,ltr,Digital Humanities,TRANSMOGRIFICATION,True
jànganoo nìn òrdinnatɛɛru kàn,kao,1,ltr,Digital Humanities,STRUCTURAL_ABSENCE,True
dijitali adamadenya,kao,1,ltr,Digital Humanities,STRUCTURAL_ABSENCE,True
tivu la maboko ya digital,kao,1,ltr,Digital Humanities,STRUCTURAL_ABSENCE,True
digiitali himnainuusis,kao,1,ltr,Digital Humanities,STRUCTURAL_ABSENCE,True
𑀤𑀺𑀕𑀺𑀢𑀮𑀸𑀦𑀸𑀢𑀺𑀦𑀺,kaw,1,ltr,Digital Humanities,STRUCTURAL_ABSENCE,True
saṅkhyāyantra vidyā,kaw,1,ltr,Digital Humanities,STRUCTURAL_ABSENCE,True
sastra digital,kaw,1,ltr,Digital Humanities,STRUCTURAL_ABSENCE,True
dijital humaniora,kaw,1,ltr,Digital Humanities,STRUCTURAL_ABSENCE,True
kawi: dhātīkāra dharmikā,kaw,1,ltr,Digital Humanities,STRUCTURAL_ABSENCE,True
bhuwalita digital,kaw,1,ltr,Digital Humanities,STRUCTURAL_ABSENCE,True
цифровэ гуманитар щiэныгъэхэр,kbd,1,ltr,Digital Humanities,TRANSMOGRIFICATION,True
цифрэнэ гуманитар лъэныгъэхэр,kbd,1,ltr,Digital Humanities,TRANSMOGRIFICATION,True
цифрэ гуманитарнэ наукэхэр,kbd,1,ltr,Digital Humanities,TRANSMOGRIFICATION,True
хьахинна цӏиенгара хьаийта,kbd,1,ltr,Digital Humanities,TRANSMOGRIFICATION,True
дигитал щӏыбцӏэр,kbd,1,ltr,Digital Humanities,TRANSMOGRIFICATION,True
дигитал ҳуманітаријалар,kbd,1,ltr,Digital Humanities,TRANSMOGRIFICATION,True
хъэшэлэк иинформатика,kbd,1,ltr,Digital Humanities,TRANSMOGRIFICATION,True
nkɛ ndɛm bɛkpɛ bɛ kɔmpyuta,ken,1,ltr,Digital Humanities,STRUCTURAL_ABSENCE,True
bɛ́tɛ́kɛ́nɛ́ bɛ́kɔ́ŋ bɛ́kɔ́ŋ bɛ́kɔ́ŋ,ken,1,ltr,Digital Humanities,STRUCTURAL_ABSENCE,True
dijital beşeriyat,kiu,1,ltr,Digital Humanities,TRANSMOGRIFICATION,True
khaṭṭi kārkhana,khb,1,ltr,Digital Humanities,STRUCTURAL_ABSENCE,True
kha'zhi'niru dijit'al,khn,1,ltr,Digital Humanities,TRANSMOGRIFICATION,True
디지탈 휴먼티스,khn,1,ltr,Digital Humanities,TRANSMOGRIFICATION,True
𐨡𐨁𐨜𐨁𐨟𐨁𐨪𐨁 𐨦𐨂𐨟𐨁𐨣𐨁𐨟𐨁𐨩𐨁𐨣𐨁𐨟𐨁,kho,1,ltr,Digital Humanities,TRANSMOGRIFICATION,True
ḍijīṭala mānavīya śāstra,kho,1,ltr,Digital Humanities,TRANSMOGRIFICATION,True
digitaḷa manuṣya-śāstra,kho,1,ltr,Digital Humanities,TRANSMOGRIFICATION,True
sākhyābhūmiya sādhana,kho,1,ltr,Digital Humanities,TRANSMOGRIFICATION,True
dīxā-xūzā ārta-xūzā,kho,1,ltr,Digital Humanities,TRANSMOGRIFICATION,True
himma dijitaali,khq,1,ltr,Digital Humanities,STRUCTURAL_ABSENCE,True
tiwɛrɛtɛnɛ kɔyɛ,khq,1,ltr,Digital Humanities,STRUCTURAL_ABSENCE,True
dijital ìlmu,khq,1,ltr,Digital Humanities,STRUCTURAL_ABSENCE,True
digiitali dimantaamin,khq,1,ltr,Digital Humanities,STRUCTURAL_ABSENCE,True
ဒီဂျီတယ် မၼုၵ်ႉသုၼ်ႇ,kht,1,ltr,Digital Humanities,STRUCTURAL_ABSENCE,True
ၵျူဝ်ႇတႄႇလ်ႁူဝ်ႇမၼိတီႇ,kht,1,ltr,Digital Humanities,STRUCTURAL_ABSENCE,True
khaṃtī digital sāhitya,kht,1,ltr,Digital Humanities,STRUCTURAL_ABSENCE,True
ၼႃႉၵႂၢမ်းၵႂၢႆးၵႃႈၶၢဝ်ႇ,kht,1,ltr,Digital Humanities,STRUCTURAL_ABSENCE,True
digitale ḥanūmātī,kht,1,ltr,Digital Humanities,STRUCTURAL_ABSENCE,True
ډیجیٹل انسایکلوپیډیا,khw,1,rtl,Digital Humanities,TRANSMOGRIFICATION,True
دیجٹل انسانيات,khw,1,rtl,Digital Humanities,TRANSMOGRIFICATION,True
حقیقت دیجیتلی بشار,khw,1,rtl,Digital Humanities,TRANSMOGRIFICATION,True
mawīra ma rīrīma na ũtonga,ki,1,ltr,Digital Humanities,STRUCTURAL_ABSENCE,True
maundu ma dijitali ma ũũgĩ wa andũ,ki,1,ltr,Digital Humanities,STRUCTURAL_ABSENCE,True
ũtaaro wa kĩmũthĩrĩko na kĩndũire,ki,1,ltr,Digital Humanities,STRUCTURAL_ABSENCE,True
ũgima wa ũthomi wa digital,ki,1,ltr,Digital Humanities,STRUCTURAL_ABSENCE,True
muthamaki wa digitali,ki,1,ltr,Digital Humanities,STRUCTURAL_ABSENCE,True
gikweretho ũrĩa ĩrĩa ĩrĩa ng'ondũ ya dijitali,ki,1,ltr,Digital Humanities,STRUCTURAL_ABSENCE,True
muhimiyeti digital,ki,1,ltr,Digital Humanities,STRUCTURAL_ABSENCE,True
husika na uchaguzi digitali,ki,1,ltr,Digital Humanities,STRUCTURAL_ABSENCE,True
humanorî dijîtalî,kiu,1,ltr,Digital Humanities,TRANSMOGRIFICATION,True
zanistên dîjîtal ên mirovî,kiu,1,ltr,Digital Humanities,TRANSMOGRIFICATION,True
សាកលិកផ្ទេពប្រវត្តិ,khb,1,ltr,Digital Humanities,STRUCTURAL_ABSENCE,True
ᦎᦱᧄᦵᦣᧃᦵᦎᦲᧄᧈᦷᦎᦺᦜ,khb,1,ltr,Digital Humanities,STRUCTURAL_ABSENCE,True
digitaal humanis,ken,1,ltr,Digital Humanities,STRUCTURAL_ABSENCE,True
ວິທະຍາສາດມະນຸດດິຈິຕອລ,khb,1,ltr,Digital Humanities,STRUCTURAL_ABSENCE,True
digiitali huumanitiy,ken,1,ltr,Digital Humanities,STRUCTURAL_ABSENCE,True
डिजिटल ह्यूमैनिटीज़,kfo,1,ltr,Digital Humanities,STRUCTURAL_ABSENCE,True
tɛmɛtɛnɩ tɔŋɔ,kfo,1,ltr,Digital Humanities,STRUCTURAL_ABSENCE,True
digita manusi,kfo,1,ltr,Digital Humanities,STRUCTURAL_ABSENCE,True
datagridviewcellstyle,kfo,1,ltr,Digital Humanities,STRUCTURAL_ABSENCE,True
teknoloogiaal humanitood,kfo,1,ltr,Digital Humanities,STRUCTURAL_ABSENCE,True
ਡੀਜੀਟਲ ਮਾਨਵਤਾ,kfr,1,ltr,Digital Humanities,TRANSMOGRIFICATION,True
ਦਿਜੀਤਾਲ ਮਨਵੀਯਤ,kfr,1,ltr,Digital Humanities,TRANSMOGRIFICATION,True
bantu ya dijital,kg,1,ltr,Digital Humanities,STRUCTURAL_ABSENCE,True
mambu ya mfunu yina bantu ketudilaka ntima,kg,1,ltr,Digital Humanities,STRUCTURAL_ABSENCE,True
bantu ya mambu ma nza,kg,1,ltr,Digital Humanities,STRUCTURAL_ABSENCE,True
malongi ma nkembo ya dijitale,kg,1,ltr,Digital Humanities,STRUCTURAL_ABSENCE,True
mambu ya nkwa ya digital,kg,1,ltr,Digital Humanities,STRUCTURAL_ABSENCE,True
mambu ya kintu ya kikalulu,kg,1,ltr,Digital Humanities,STRUCTURAL_ABSENCE,True
mbumi ya digital,kg,1,ltr,Digital Humanities,STRUCTURAL_ABSENCE,True
búku mvúndi ya digítale,kg,1,ltr,Digital Humanities,STRUCTURAL_ABSENCE,True
sifisiku ya simbiyolozi ya digitili,kg,1,ltr,Digital Humanities,STRUCTURAL_ABSENCE,True
teknologi humaniora,kge,1,ltr,Digital Humanities,STRUCTURAL_ABSENCE,True
tỹ vẽnhkãgtũ kar ag tỹ,kgp,1,ltr,Digital Humanities,STRUCTURAL_ABSENCE,True
kanhgág nén ga vãnh kỹ,kgp,1,ltr,Digital Humanities,STRUCTURAL_ABSENCE,True
jéjé mũnh mũnh vĩnh kãme,kgp,1,ltr,Digital Humanities,STRUCTURAL_ABSENCE,True
kai'ngã teknologia humana,kgp,1,ltr,Digital Humanities,STRUCTURAL_ABSENCE,True
teknohumaitĩ,kgp,1,ltr,Digital Humanities,STRUCTURAL_ABSENCE,True
jinglong briew,kha,1,ltr,Digital Humanities,STRUCTURAL_ABSENCE,True
ki jingstad bynriew ba kynja digital,kha,1,ltr,Digital Humanities,STRUCTURAL_ABSENCE,True
"shaphrang shañiar,",kha,1,ltr,Digital Humanities,STRUCTURAL_ABSENCE,True
humanities ika-digital,kha,1,ltr,Digital Humanities,STRUCTURAL_ABSENCE,True
tymbewb tynshna shnongkiet,kha,1,ltr,Digital Humanities,STRUCTURAL_ABSENCE,True
ᦵᦡᦲᦈᦲᦎᦱᦟ᧌ ᦣᦴᦰᦙᦱᦓᦲᦎᦲᧆ,khb,1,ltr,Digital Humanities,STRUCTURAL_ABSENCE,True
санлы гуманитар илимлер,kum,1,ltr,Digital Humanities,TRANSMOGRIFICATION,True
санатлы гуманитар илимлер,kum,1,ltr,Digital Humanities,TRANSMOGRIFICATION,True
nùkúnmɛ dijitali tɔn,fon,1,ltr,Digital Humanities,TRANSMOGRIFICATION,True
umanistega digitai,lmo,1,ltr,Digital Humanities,PRODUCTIVE_DISAGREEMENT,True
humanitari digilogi,lki,1,rtl,Digital Humanities,TRANSMOGRIFICATION,True
wíyukčaŋ owáŋkaŋkapi,lkt,1,ltr,Digital Humanities,TRANSMOGRIFICATION,True
wíyukčaŋ oúŋspe,lkt,1,ltr,Digital Humanities,TRANSMOGRIFICATION,True
wówapi tȟuŋkášila na tȟuŋkášila owápi,lkt,1,ltr,Digital Humanities,TRANSMOGRIFICATION,True
wakíŋya wacípe oyáte,lkt,1,ltr,Digital Humanities,TRANSMOGRIFICATION,True
oyúȟaŋpi wašíčala,lkt,1,ltr,Digital Humanities,TRANSMOGRIFICATION,True
wiciyeyapi wašiŋyaŋpe miŋkpapiŋna,lkt,1,ltr,Digital Humanities,TRANSMOGRIFICATION,True
wičhastąŋ oyáte wičhokomanȟpiyapi,lkt,1,ltr,Digital Humanities,TRANSMOGRIFICATION,True
डिजिटल ह्यूमनिटीज,lmn,1,ltr,Digital Humanities,STRUCTURAL_ABSENCE,True
digiṭal manuśyavāda,lmn,1,ltr,Digital Humanities,STRUCTURAL_ABSENCE,True
ḍigiṭal manushya śastrā,lmn,1,ltr,Digital Humanities,STRUCTURAL_ABSENCE,True
మాద్య హైమనిటీడు జరిగించడానికి పేరు,lmn,1,ltr,Digital Humanities,STRUCTURAL_ABSENCE,True
informatega umanistega,lmo,1,ltr,Digital Humanities,PRODUCTIVE_DISAGREEMENT,True
scienzi umanistich digitai,lmo,1,ltr,Digital Humanities,PRODUCTIVE_DISAGREEMENT,True
umanità digitai,lmo,1,ltr,Digital Humanities,PRODUCTIVE_DISAGREEMENT,True
qırtlıq ilimleri,kum,1,ltr,Digital Humanities,TRANSMOGRIFICATION,True
umanità digitàl,lmo,1,ltr,Digital Humanities,PRODUCTIVE_DISAGREEMENT,True
umanitá digital,lmo,1,ltr,Digital Humanities,PRODUCTIVE_DISAGREEMENT,True
digital humanitäs,lmo,1,ltr,Digital Humanities,PRODUCTIVE_DISAGREEMENT,True
biloko oyo bato bazali na yango,ln,1,ltr,Digital Humanities,STRUCTURAL_ABSENCE,True
bato ya mayele na makambo ya digitali,ln,1,ltr,Digital Humanities,STRUCTURAL_ABSENCE,True
bomoto ya nimero,ln,1,ltr,Digital Humanities,STRUCTURAL_ABSENCE,True
bomoto ya makambo ya digital,ln,1,ltr,Digital Humanities,STRUCTURAL_ABSENCE,True
munhu wa digital,ln,1,ltr,Digital Humanities,STRUCTURAL_ABSENCE,True
mabanga ya bilili ya mvundula,ln,1,ltr,Digital Humanities,STRUCTURAL_ABSENCE,True
kumanua kultura digitale,ln,1,ltr,Digital Humanities,STRUCTURAL_ABSENCE,True
"tekhnoloji ya insan, digitali",ln,1,ltr,Digital Humanities,STRUCTURAL_ABSENCE,True
ມະນຸດສາດດິຈິທັລ,lo,1,ltr,Digital Humanities,STRUCTURAL_ABSENCE,True
ມະນຸດສາດດິຈິຕອລ,lo,1,ltr,Digital Humanities,STRUCTURAL_ABSENCE,True
ພະລັດຕິການທີ່ດິບທຳ,lo,1,ltr,Digital Humanities,STRUCTURAL_ABSENCE,True
ntakarwanda iyi y'intanetika,lki,1,rtl,Digital Humanities,TRANSMOGRIFICATION,True
numeraalõ humanitaa,lki,1,rtl,Digital Humanities,TRANSMOGRIFICATION,True
tamaŋa ya kusoma na teknolojia za digitali,lki,1,rtl,Digital Humanities,TRANSMOGRIFICATION,True
himinu digital,ljp,1,ltr,Digital Humanities,STRUCTURAL_ABSENCE,True
अङ्किय मानविकी,lif,1,ltr,Digital Humanities,TRANSMOGRIFICATION,True
dhigyalai gyanapariwar,lif,1,ltr,Digital Humanities,TRANSMOGRIFICATION,True
sciense umañe digitale,lij,1,ltr,Digital Humanities,TRANSMOGRIFICATION,True
umanitæ digitali,lij,1,ltr,Digital Humanities,TRANSMOGRIFICATION,True
umanistiche digitâ,lij,1,ltr,Digital Humanities,TRANSMOGRIFICATION,True
umanitæ dìgitali,lij,1,ltr,Digital Humanities,TRANSMOGRIFICATION,True
umanitæ digitæ,lij,1,ltr,Digital Humanities,TRANSMOGRIFICATION,True
digital stsutsmínem,lil,1,ltr,Digital Humanities,STRUCTURAL_ABSENCE,True
n̓sʔíx̌təm̓ k̓ʷəlmín̓-t-as tmicw,lil,1,ltr,Digital Humanities,STRUCTURAL_ABSENCE,True
sqʷemáw̓t k̓ sʔíx̌aʔ,lil,1,ltr,Digital Humanities,STRUCTURAL_ABSENCE,True
ʔəyəw ɬəxʷətiʔ,lil,1,ltr,Digital Humanities,STRUCTURAL_ABSENCE,True
ʔəl7xʷm7cən ʔəl7kwxʷ,lil,1,ltr,Digital Humanities,STRUCTURAL_ABSENCE,True
sxwxsn sxwts'elh,lil,1,ltr,Digital Humanities,STRUCTURAL_ABSENCE,True
ၸႂ်ႉၵျူၼ်းၸွၵ်းၼ်ႉ,lis,1,ltr,Digital Humanities,TRANSMOGRIFICATION,True
ꓓꓲꓽꓔꓬꓻ ꓐꓬꓽꓡꓳ ꓢꓲꓼꓑꓬ,lis,1,ltr,Digital Humanities,TRANSMOGRIFICATION,True
လါးမဲး-လါးမဲး ယူႇမဲးနီးထီး,lis,1,ltr,Digital Humanities,TRANSMOGRIFICATION,True
ꓔꓰꓖꓰꓔꓮꓡ ꓧꓳꓽ ꓟꓬꓱꓽ ꓫꓬꓲ,lis,1,ltr,Digital Humanities,TRANSMOGRIFICATION,True
ၾကႏ ၿို႔ ၽႃႇ,lis,1,ltr,Digital Humanities,TRANSMOGRIFICATION,True
digita humaŋnit,lis,1,ltr,Digital Humanities,TRANSMOGRIFICATION,True
digitale hwnminthawng,lis,1,ltr,Digital Humanities,TRANSMOGRIFICATION,True
ထိုင်းတက္ကသို႔ မြန်မာစာ: အောက်ပြင် သမား,lis,1,ltr,Digital Humanities,TRANSMOGRIFICATION,True
digitaalizet kultūr,liv,1,ltr,Digital Humanities,STRUCTURAL_ABSENCE,True
digitāl humanitār tiedūd,liv,1,ltr,Digital Humanities,STRUCTURAL_ABSENCE,True
digitaalõ humanitaarõd,liv,1,ltr,Digital Humanities,STRUCTURAL_ABSENCE,True
digitāldīžtīedõb,liv,1,ltr,Digital Humanities,STRUCTURAL_ABSENCE,True
digiālaisa kultūras moksls,liv,1,ltr,Digital Humanities,STRUCTURAL_ABSENCE,True
digitaalõ humaniteed,liv,1,ltr,Digital Humanities,STRUCTURAL_ABSENCE,True
digiitilised manuaiskogus,liv,1,ltr,Digital Humanities,STRUCTURAL_ABSENCE,True
sasi data ingun,ljp,1,ltr,Digital Humanities,STRUCTURAL_ABSENCE,True
ດີເຕເລ ກະທຳການ,lo,1,ltr,Digital Humanities,STRUCTURAL_ABSENCE,True
ຜູ້ຕິດວັນທີ່ມື້,lo,1,ltr,Digital Humanities,STRUCTURAL_ABSENCE,True
buku be ntoma ya kompyuta,lol,1,ltr,Digital Humanities,STRUCTURAL_ABSENCE,True
numatybinė humanitaitika,lt,1,ltr,Digital Humanities,TRANSMOGRIFICATION,True
cifrovuos humanitarūs zynuotnis,ltg,1,ltr,Digital Humanities,TRANSMOGRIFICATION,True
digitaluo humanitaruo zineiba,ltg,1,ltr,Digital Humanities,TRANSMOGRIFICATION,True
digitaluo humanitare,ltg,1,ltr,Digital Humanities,TRANSMOGRIFICATION,True
dzelzšukumaņu māksla,ltg,1,ltr,Digital Humanities,TRANSMOGRIFICATION,True
cigitaļizota cilvēku zinātne,ltg,1,ltr,Digital Humanities,TRANSMOGRIFICATION,True
dyjūtiskā umanistika,ltg,1,ltr,Digital Humanities,TRANSMOGRIFICATION,True
dīģitālā įnušķis,ltg,1,ltr,Digital Humanities,TRANSMOGRIFICATION,True
bishinte bya kwifunda,lu,1,ltr,Digital Humanities,STRUCTURAL_ABSENCE,True
bantu ba digital,lu,1,ltr,Digital Humanities,STRUCTURAL_ABSENCE,True
bumanyi bwa dinomba,lu,1,ltr,Digital Humanities,STRUCTURAL_ABSENCE,True
mikanda ya mwine wa mwine,lu,1,ltr,Digital Humanities,STRUCTURAL_ABSENCE,True
muvundula mumbungi wa zongisa,lu,1,ltr,Digital Humanities,STRUCTURAL_ABSENCE,True
mwanahezi ya intanetse,lu,1,ltr,Digital Humanities,STRUCTURAL_ABSENCE,True
ingoma ya digitale,lu,1,ltr,Digital Humanities,STRUCTURAL_ABSENCE,True
malu a bantu a ku enternete,lua,1,ltr,Digital Humanities,STRUCTURAL_ABSENCE,True
bitupa bia mubidi wa bantu,lua,1,ltr,Digital Humanities,STRUCTURAL_ABSENCE,True
bantu ya dijitali,lua,1,ltr,Digital Humanities,STRUCTURAL_ABSENCE,True
bua bua dijitale,lua,1,ltr,Digital Humanities,STRUCTURAL_ABSENCE,True
bantu ba dijita ne midimu ya bantu,lua,1,ltr,Digital Humanities,STRUCTURAL_ABSENCE,True
mikanda ya mputu,lua,1,ltr,Digital Humanities,STRUCTURAL_ABSENCE,True
mubúzi mwa zíndí mwa zíndó,lua,1,ltr,Digital Humanities,STRUCTURAL_ABSENCE,True
mbundu yomwana omwila,lua,1,ltr,Digital Humanities,STRUCTURAL_ABSENCE,True
ingerezidi ya teknoloji ya insanu,lua,1,ltr,Digital Humanities,STRUCTURAL_ABSENCE,True
kompyuutar po tamaayawit nokaamay,lui,1,ltr,Digital Humanities,STRUCTURAL_ABSENCE,True
pá'aashish húumaniyat,lui,1,ltr,Digital Humanities,STRUCTURAL_ABSENCE,True
puyáamay yulúykicham,lui,1,ltr,Digital Humanities,STRUCTURAL_ABSENCE,True
iwiyam wiyot,lui,1,ltr,Digital Humanities,STRUCTURAL_ABSENCE,True
takwamish tematikwut,lui,1,ltr,Digital Humanities,STRUCTURAL_ABSENCE,True
teknolojia sipurit,lui,1,ltr,Digital Humanities,STRUCTURAL_ABSENCE,True
digitaluos humanitaruos zynuotnis,ltg,1,ltr,Digital Humanities,TRANSMOGRIFICATION,True
digitalinė humanistika,lt,1,ltr,Digital Humanities,TRANSMOGRIFICATION,True
mikanda ya kikompyuta,lol,1,ltr,Digital Humanities,STRUCTURAL_ABSENCE,True
skaitmeninė humanitaristika,lt,1,ltr,Digital Humanities,TRANSMOGRIFICATION,True
ŋɔmɛnɛŋɛrɛŋɛ,lol,1,ltr,Digital Humanities,STRUCTURAL_ABSENCE,True
ŋɔŋɔ ŋgɔɔŋŋɔ,lol,1,ltr,Digital Humanities,STRUCTURAL_ABSENCE,True
dīgitala humanitāte,lol,1,ltr,Digital Humanities,STRUCTURAL_ABSENCE,True
humanités digital,lou,1,ltr,Digital Humanities,STRUCTURAL_ABSENCE,True
limenite dijital,lou,1,ltr,Digital Humanities,STRUCTURAL_ABSENCE,True
limounité digital,lou,1,ltr,Digital Humanities,STRUCTURAL_ABSENCE,True
dijitèl umànités,lou,1,ltr,Digital Humanities,STRUCTURAL_ABSENCE,True
lizinm dijital,lou,1,ltr,Digital Humanities,STRUCTURAL_ABSENCE,True
dilitè huminè,lou,1,ltr,Digital Humanities,STRUCTURAL_ABSENCE,True
informatike lumavwa,lou,1,ltr,Digital Humanities,STRUCTURAL_ABSENCE,True
butalwa bwa dizhitala,loz,1,ltr,Digital Humanities,STRUCTURAL_ABSENCE,True
bumani bwa digital,loz,1,ltr,Digital Humanities,STRUCTURAL_ABSENCE,True
bupilo bwa sikalele sa dijitale,loz,1,ltr,Digital Humanities,STRUCTURAL_ABSENCE,True
bungalo bya dijitali,loz,1,ltr,Digital Humanities,STRUCTURAL_ABSENCE,True
mukhazamwe yaintschumi yofunika digitelwe,loz,1,ltr,Digital Humanities,STRUCTURAL_ABSENCE,True
ingerezi ya dizitali,loz,1,ltr,Digital Humanities,STRUCTURAL_ABSENCE,True
رێبازی زانست و تەکنۆلۆژیای دیجیتال,lrc,1,rtl,Digital Humanities,TRANSMOGRIFICATION,True
هندسه‌ی دیجیتال,lrc,1,rtl,Digital Humanities,TRANSMOGRIFICATION,True
دیجیتال علوم بشهر,lrc,1,rtl,Digital Humanities,TRANSMOGRIFICATION,True
obuhinga bwa dijitali,lsm,1,ltr,Digital Humanities,STRUCTURAL_ABSENCE,True
cilmiga dijitaalka ee aadanaha,lsm,1,ltr,Digital Humanities,STRUCTURAL_ABSENCE,True
obumanyi bwa dijitaali,lsm,1,ltr,Digital Humanities,STRUCTURAL_ABSENCE,True
tsaɣaɣaɣaɗɛm,lsm,1,ltr,Digital Humanities,STRUCTURAL_ABSENCE,True
دېجيتال ئەدەب,lsm,1,ltr,Digital Humanities,STRUCTURAL_ABSENCE,True
skaitmeniniai humanitariniai mokslai,lt,1,ltr,Digital Humanities,TRANSMOGRIFICATION,True
skaitmeninės humanitarikos,lt,1,ltr,Digital Humanities,TRANSMOGRIFICATION,True
skaitmeninės humanitarinės mokslai,lt,1,ltr,Digital Humanities,TRANSMOGRIFICATION,True
skaitmeninė humanitarika,lt,1,ltr,Digital Humanities,TRANSMOGRIFICATION,True
digitinis humanitariniai mokslai,lt,1,ltr,Digital Humanities,TRANSMOGRIFICATION,True
digitale menskeleitkunde,li,1,ltr,Digital Humanities,TRANSMOGRIFICATION,True
digitaol menneskeheuk,li,1,ltr,Digital Humanities,TRANSMOGRIFICATION,True
digitale geisteswetensjappe,li,1,ltr,Digital Humanities,TRANSMOGRIFICATION,True
ɨwʼałaʼnuxw ḵʼuʼnʼax̱w,kwk,1,ltr,Digital Humanities,STRUCTURAL_ABSENCE,True
sxʷəliy̓əm təməlíc'ən,kwk,1,ltr,Digital Humanities,STRUCTURAL_ABSENCE,True
សាធារណៈអ៊ីនធឺណិតជំទាន់,kxm,1,ltr,Digital Humanities,TRANSMOGRIFICATION,True
សម្រាប់ផ្ទេកដីលិច,kxm,1,ltr,Digital Humanities,TRANSMOGRIFICATION,True
dhajjil bhāshā vigyān,kxp,1,rtl,Digital Humanities,STRUCTURAL_ABSENCE,True
digita manavashastra,kxp,1,rtl,Digital Humanities,STRUCTURAL_ABSENCE,True
ಹಿಗಿಂತ ಮನವಾದರೆಗಳು,kxp,1,rtl,Digital Humanities,STRUCTURAL_ABSENCE,True
ଡିଜିଟାଲ୍ ମାନବ ବିଦ୍ୟା,kxv,1,ltr,Digital Humanities,TRANSMOGRIFICATION,True
డిజిటల్ మానవశాస్త్రం,kxv,1,ltr,Digital Humanities,TRANSMOGRIFICATION,True
డిజిటల్ మానవత్వ శాస్త్రం,kxv,1,ltr,Digital Humanities,TRANSMOGRIFICATION,True
kuɔvɛnɛ kʊmɪtɛ,kxv,1,ltr,Digital Humanities,TRANSMOGRIFICATION,True
digitaalõ humanitaa,kxv,1,ltr,Digital Humanities,TRANSMOGRIFICATION,True
санариптик гуманитардык илимдер,ky,1,ltr,Digital Humanities,TRANSMOGRIFICATION,True
сандык гуманитардык илимдер,ky,1,ltr,Digital Humanities,TRANSMOGRIFICATION,True
санарип гуманитардык илимдер,ky,1,ltr,Digital Humanities,TRANSMOGRIFICATION,True
дигиталдык адабийят,ky,1,ltr,Digital Humanities,TRANSMOGRIFICATION,True
цифр-гуманитарлык,ky,1,ltr,Digital Humanities,TRANSMOGRIFICATION,True
диджиталдык дүйнөм,ky,1,ltr,Digital Humanities,TRANSMOGRIFICATION,True
дигитал жылдузлуук,ky,1,ltr,Digital Humanities,TRANSMOGRIFICATION,True
ဒီဂျီတယ် လၤာ်ဖှိၣ်စီၤ,kyu,1,ltr,Digital Humanities,STRUCTURAL_ABSENCE,True
ကွန်ပျူတာနဲ့ လူမှုသိပ္ပံပညာ,kyu,1,ltr,Digital Humanities,STRUCTURAL_ABSENCE,True
ဒီဂျစ်တယ် ဟူမာနီတီ,kyu,1,ltr,Digital Humanities,STRUCTURAL_ABSENCE,True
ၾကႈ ၿိတႊႉ ၸႃႇ,kyu,1,ltr,Digital Humanities,STRUCTURAL_ABSENCE,True
hmanau hmanau gwaa hmanau dahn,kyu,1,ltr,Digital Humanities,STRUCTURAL_ABSENCE,True
studia humaniora digitalia,la,1,ltr,Digital Humanities,PRODUCTIVE_DISAGREEMENT,True
umanidades dijitales,lad,1,rtl,Digital Humanities,STRUCTURAL_ABSENCE,True
tecnologia digital en humanidades,lad,1,rtl,Digital Humanities,STRUCTURAL_ABSENCE,True
jamiro me piny ki teknoloji,lag,1,ltr,Digital Humanities,STRUCTURAL_ABSENCE,True
sayansi ya kihisabati ya binadamu,lag,1,ltr,Digital Humanities,STRUCTURAL_ABSENCE,True
tebatik digital,lag,1,ltr,Digital Humanities,STRUCTURAL_ABSENCE,True
lx̱a7s gwaay.7ins,kwk,1,ltr,Digital Humanities,STRUCTURAL_ABSENCE,True
síxwitl x̱aʔalh,kwk,1,ltr,Digital Humanities,STRUCTURAL_ABSENCE,True
teknoloji ya mifuko wa bwana,lag,1,ltr,Digital Humanities,STRUCTURAL_ABSENCE,True
g̱a̱n̓a̱n̓a̱s g̱a̱n̓a̱n̓a̱s,kwk,1,ltr,Digital Humanities,STRUCTURAL_ABSENCE,True
цифрлу къулам,kum,1,ltr,Digital Humanities,TRANSMOGRIFICATION,True
диджитал фуна́минат,kum,1,ltr,Digital Humanities,TRANSMOGRIFICATION,True
ʔa·kⱡukⱡuʔis naʔs kompyutar,kut,1,ltr,Digital Humanities,TRANSMOGRIFICATION,True
ʔaq̓as q̓apił q̓apił,kut,1,ltr,Digital Humanities,TRANSMOGRIFICATION,True
ʔa·kⱡaⱡ ʔa·kⱡaⱡ ʔa·kⱡaⱡ,kut,1,ltr,Digital Humanities,TRANSMOGRIFICATION,True
k'tk'tk tɨmɨnɨtɨs,kut,1,ltr,Digital Humanities,TRANSMOGRIFICATION,True
kǂu ʔaʔkʷnuks,kut,1,ltr,Digital Humanities,TRANSMOGRIFICATION,True
ʔatse qanawitʔeʔ,kut,1,ltr,Digital Humanities,TRANSMOGRIFICATION,True
taanáxwilh k'uuxsn,kut,1,ltr,Digital Humanities,TRANSMOGRIFICATION,True
цифровӧй гуманитарнӧй наукаяс,kv,1,ltr,Digital Humanities,TRANSMOGRIFICATION,True
чипöр гуманитарнöй наукаяс,kv,1,ltr,Digital Humanities,TRANSMOGRIFICATION,True
džigitalline gumanitarii,kv,1,ltr,Digital Humanities,TRANSMOGRIFICATION,True
диджитал гырын,kv,1,ltr,Digital Humanities,TRANSMOGRIFICATION,True
дигиталес хуманитарес,kv,1,ltr,Digital Humanities,TRANSMOGRIFICATION,True
хумали-дигитал,kv,1,ltr,Digital Humanities,TRANSMOGRIFICATION,True
ڊيجيٽل انسانيت,kvx,1,rtl,Digital Humanities,TRANSMOGRIFICATION,True
ڊجيٽل انساني علم,kvx,1,rtl,Digital Humanities,TRANSMOGRIFICATION,True
dhakar bhasha shastra,kvx,1,rtl,Digital Humanities,TRANSMOGRIFICATION,True
ਦੀਜਿਟਲ ਮਨਵਾਦ,kvx,1,rtl,Digital Humanities,TRANSMOGRIFICATION,True
dheghow kolgh,kw,1,ltr,Digital Humanities,TRANSMOGRIFICATION,True
dynoryethow dijitel,kw,1,ltr,Digital Humanities,TRANSMOGRIFICATION,True
denethow digyfel,kw,1,ltr,Digital Humanities,TRANSMOGRIFICATION,True
dhynseth dhyghel,kw,1,ltr,Digital Humanities,TRANSMOGRIFICATION,True
dybynyans a vynedhogyon,kw,1,ltr,Digital Humanities,TRANSMOGRIFICATION,True
meynan dhygital,kw,1,ltr,Digital Humanities,TRANSMOGRIFICATION,True
dydd gwladwr cyfryngol,kw,1,ltr,Digital Humanities,TRANSMOGRIFICATION,True
kernowek digidhel,kw,1,ltr,Digital Humanities,TRANSMOGRIFICATION,True
ʼnəmxʼəlagiyu gukʷdzi ʼnəmxʼəla,kwk,1,ltr,Digital Humanities,STRUCTURAL_ABSENCE,True
g̱ilakasla lix̌səm ḵʼotła,kwk,1,ltr,Digital Humanities,STRUCTURAL_ABSENCE,True
diliti yumi,lag,1,ltr,Digital Humanities,STRUCTURAL_ABSENCE,True
digital insān-ik adhiyan,lah,1,rtl,Digital Humanities,STRUCTURAL_ABSENCE,True
digitaal geisteswetenschafte,li,1,ltr,Digital Humanities,TRANSMOGRIFICATION,True
humanitias digilal,lbw,1,ltr,Digital Humanities,STRUCTURAL_ABSENCE,True
khumnangkayaw digital,lcp,1,ltr,Digital Humanities,STRUCTURAL_ABSENCE,True
ดิจิทัล ฮาร์มอนี,lcp,1,ltr,Digital Humanities,STRUCTURAL_ABSENCE,True
humanitias digilisi,lcp,1,ltr,Digital Humanities,STRUCTURAL_ABSENCE,True
དི་ཇི་ཏཱལ་ཧུ་མེ་ནི་ཏིསི,lep,1,ltr,Digital Humanities,TRANSMOGRIFICATION,True
ᰕᰧᰎᰧᰐᰬᰜ᰷ ᰕᰦᰃᰵᰚᰦᰛᰴ,lep,1,ltr,Digital Humanities,TRANSMOGRIFICATION,True
ᰌᰤᰦᰱ ᰣᰦᰜᰩᰰ ᰣᰦᰜᰩᰰ,lep,1,ltr,Digital Humanities,TRANSMOGRIFICATION,True
tshong tsham gnam tshang,lep,1,ltr,Digital Humanities,TRANSMOGRIFICATION,True
digi-mung-sa,lep,1,ltr,Digital Humanities,TRANSMOGRIFICATION,True
ཐམས་ཅད་ཀྱང་བརྒྱན་པའི་཈ྟག་ཡོངས་སུ་ཤེས་པ,lep,1,ltr,Digital Humanities,TRANSMOGRIFICATION,True
цифрадин гуманитардин илимар,lez,1,ltr,Digital Humanities,TRANSMOGRIFICATION,True
дигиталлӏа гуманитарийӏа,lez,1,ltr,Digital Humanities,TRANSMOGRIFICATION,True
цифровиу инсаният,lez,1,ltr,Digital Humanities,TRANSMOGRIFICATION,True
хәлбәт һәйваны,lez,1,ltr,Digital Humanities,TRANSMOGRIFICATION,True
humania digital,lfn,1,ltr,Digital Humanities,STRUCTURAL_ABSENCE,True
sayniska aqoonta dijitaala,aa,1,ltr,Digital Humanities,TRANSMOGRIFICATION,True
umanias dijital,lfn,1,ltr,Digital Humanities,STRUCTURAL_ABSENCE,True
umanias digital,lfn,1,ltr,Digital Humanities,STRUCTURAL_ABSENCE,True
humanitá digital,lfn,1,ltr,Digital Humanities,STRUCTURAL_ABSENCE,True
eby’obuntubulamu ebya digital,lg,1,ltr,Digital Humanities,STRUCTURAL_ABSENCE,True
obusobozi bw'abantu,lg,1,ltr,Digital Humanities,STRUCTURAL_ABSENCE,True
eby'omutimbagano eby'obuwangwa,lg,1,ltr,Digital Humanities,STRUCTURAL_ABSENCE,True
ebyobuwangwa bya digiito,lg,1,ltr,Digital Humanities,STRUCTURAL_ABSENCE,True
obuntu bw'abantu obw'omu nkomerero,lg,1,ltr,Digital Humanities,STRUCTURAL_ABSENCE,True
dijitaali by'obuntu,lg,1,ltr,Digital Humanities,STRUCTURAL_ABSENCE,True
bunamivu za digitali,lg,1,ltr,Digital Humanities,STRUCTURAL_ABSENCE,True
obuyambi b’ekibalo e’digito,lg,1,ltr,Digital Humanities,STRUCTURAL_ABSENCE,True
isindigiriza humanitari,lg,1,ltr,Digital Humanities,STRUCTURAL_ABSENCE,True
teknolojia ya basajja,lg,1,ltr,Digital Humanities,STRUCTURAL_ABSENCE,True
digitale geestesweitesjappe,li,1,ltr,Digital Humanities,TRANSMOGRIFICATION,True
ดิจิทัลฮิวแมนนิตี้ส์,lcp,1,ltr,Digital Humanities,STRUCTURAL_ABSENCE,True
tolakina digitana,lbw,1,ltr,Digital Humanities,STRUCTURAL_ABSENCE,True
ਡਿਜੈਟਲ ਮਨੁਸ਼ਂਟਸ,lah,1,rtl,Digital Humanities,STRUCTURAL_ABSENCE,True
humãnitas digitala,lbw,1,ltr,Digital Humanities,STRUCTURAL_ABSENCE,True
ਦੀਜ਼ਲ ਮਾਨਵਾਦ,lah,1,rtl,Digital Humanities,STRUCTURAL_ABSENCE,True
ngeyo me kompyuta pi tic me dano,laj,1,ltr,Digital Humanities,STRUCTURAL_ABSENCE,True
jamiro me komputer ki pwony me danone,laj,1,ltr,Digital Humanities,STRUCTURAL_ABSENCE,True
makampuni ya digital,laj,1,ltr,Digital Humanities,STRUCTURAL_ABSENCE,True
eŋ-lɔk-icŋ-tɔŋ digital,laj,1,ltr,Digital Humanities,STRUCTURAL_ABSENCE,True
idigitaala humanitarii,laj,1,ltr,Digital Humanities,STRUCTURAL_ABSENCE,True
teknoloji ya insanitwa,laj,1,ltr,Digital Humanities,STRUCTURAL_ABSENCE,True
ubuntungwa bwa dijitali,lam,1,ltr,Digital Humanities,STRUCTURAL_ABSENCE,True
umunthu wa digital,lam,1,ltr,Digital Humanities,STRUCTURAL_ABSENCE,True
ubumi bwa digital,lam,1,ltr,Digital Humanities,STRUCTURAL_ABSENCE,True
humaña digital,lam,1,ltr,Digital Humanities,STRUCTURAL_ABSENCE,True
digitaal muntuŋŋu,lam,1,ltr,Digital Humanities,STRUCTURAL_ABSENCE,True
mafutadigitale,lam,1,ltr,Digital Humanities,STRUCTURAL_ABSENCE,True
teknolojia yang diguital humanities,lam,1,ltr,Digital Humanities,STRUCTURAL_ABSENCE,True
tekwaro me digiito,lan,1,ltr,Digital Humanities,TRANSMOGRIFICATION,True
jamiro me konyo ki kompyuta,lan,1,ltr,Digital Humanities,TRANSMOGRIFICATION,True
lango-mɔ̃ŋ-ŋwete,lan,1,ltr,Digital Humanities,TRANSMOGRIFICATION,True
digital geeschteswëssenschaft,lb,1,ltr,Digital Humanities,STRUCTURAL_ABSENCE,True
digital geeschterwëssenschaften,lb,1,ltr,Digital Humanities,STRUCTURAL_ABSENCE,True
digital geisteswëssenschaften,lb,1,ltr,Digital Humanities,STRUCTURAL_ABSENCE,True
digital geeschteswëssenschaften,lb,1,ltr,Digital Humanities,STRUCTURAL_ABSENCE,True
digitale geisteswëssenschaften,lb,1,ltr,Digital Humanities,STRUCTURAL_ABSENCE,True
digital mënschwissenschaften,lb,1,ltr,Digital Humanities,STRUCTURAL_ABSENCE,True
цифрала гуманитарная элмурду,lbe,1,ltr,Digital Humanities,TRANSMOGRIFICATION,True
цифралул гуманитарнал наукарду,lbe,1,ltr,Digital Humanities,TRANSMOGRIFICATION,True
цифралсса инсанналлул ӏилму,lbe,1,ltr,Digital Humanities,TRANSMOGRIFICATION,True
lakalai digitala,lbe,1,ltr,Digital Humanities,TRANSMOGRIFICATION,True
цифрови гуманитарни науки,lbe,1,ltr,Digital Humanities,TRANSMOGRIFICATION,True
диджиталън хуманитары,lbe,1,ltr,Digital Humanities,TRANSMOGRIFICATION,True
a̱ra̱kwai a̱jwai a̱bya̱ra̱,kaj,1,ltr,Digital Humanities,STRUCTURAL_ABSENCE,True
tsarin ilimi na dijital,kaj,1,ltr,Digital Humanities,STRUCTURAL_ABSENCE,True
digitale hmanitu,kac,1,ltr,Digital Humanities,STRUCTURAL_ABSENCE,True
ny digital humanitets,grb,1,ltr,Digital Humanities,STRUCTURAL_ABSENCE,True
digitale menschwenkunde,gos,1,ltr,Digital Humanities,TRANSMOGRIFICATION,True
𐌳𐌹𐌲𐌹𐍄𐌰𐌻𐍃 𐌷𐌿𐌼𐌰𐌽𐌹𐍄𐌹𐍃,got,1,ltr,Digital Humanities,TRANSMOGRIFICATION,True
digitala manniskjundos,got,1,ltr,Digital Humanities,TRANSMOGRIFICATION,True
𐌳𐌹𐌲𐌹𐍄𐌰𐌻𐌰 𐌷𐌿𐌼𐌰𐌽𐌹𐍄𐌰𐍄𐌴𐌹𐍃,got,1,ltr,Digital Humanities,TRANSMOGRIFICATION,True
𐌳𐌹𐌲𐌹𐍄𐌰𐌻𐌰 𐌼𐌰𐌽𐌽𐌹𐍃𐌺𐌰 𐌺𐌿𐌽𐌸𐌹,got,1,ltr,Digital Humanities,TRANSMOGRIFICATION,True
dagalaika hroths,got,1,ltr,Digital Humanities,TRANSMOGRIFICATION,True
anistal haiminaz,got,1,ltr,Digital Humanities,TRANSMOGRIFICATION,True
dilpātiz himnautis,got,1,ltr,Digital Humanities,TRANSMOGRIFICATION,True
fægnisk þursmál,got,1,ltr,Digital Humanities,TRANSMOGRIFICATION,True
kpɛkpɛ nyɔnɔ kɛ kpɔtɔ wlawla,grb,1,ltr,Digital Humanities,STRUCTURAL_ABSENCE,True
kɛlɛɛ-gbɛlɛɛ-nu-yɛlɛɛ,grb,1,ltr,Digital Humanities,STRUCTURAL_ABSENCE,True
kɛ̀ɛ̀nɛ̀ ɲɛnɛ̀ kɛ̀ɛ̀nɛ̀,grb,1,ltr,Digital Humanities,STRUCTURAL_ABSENCE,True
bɔmɛnɛ ɗɛmɛtɛk,grb,1,ltr,Digital Humanities,STRUCTURAL_ABSENCE,True
glae ɣee ɣlae,grb,1,ltr,Digital Humanities,STRUCTURAL_ABSENCE,True
ψηφιακαὶ ἀνθρωπιστικαί,grc,1,ltr,Digital Humanities,TRANSMOGRIFICATION,True
ඩිជី​တယ် လူ​သား​သိ​ပ​ညာ,kac,1,ltr,Digital Humanities,STRUCTURAL_ABSENCE,True
ψηφιακαὶ ἀνθρωπιστικαὶ ἐπιστῆμαι,grc,1,ltr,Digital Humanities,TRANSMOGRIFICATION,True
ἐlektroniká humanistiká,grc,1,ltr,Digital Humanities,TRANSMOGRIFICATION,True
ψηφιακὴ ἀνθρωπολογία,grc,1,ltr,Digital Humanities,TRANSMOGRIFICATION,True
διαδυτικὴ χρηματολογία,grc,1,ltr,Digital Humanities,TRANSMOGRIFICATION,True
τεχνολογία διγιτάλων ανθρώπινης επιστήμης,grc,1,ltr,Digital Humanities,TRANSMOGRIFICATION,True
khaṭiḍaṅ khaṇḍa,grt,1,ltr,Digital Humanities,STRUCTURAL_ABSENCE,True
kjam baon hehlong,grt,1,ltr,Digital Humanities,STRUCTURAL_ABSENCE,True
digitil ḥumānītēs,grt,1,ltr,Digital Humanities,STRUCTURAL_ABSENCE,True
լեռնային մանուշականություն,grt,1,ltr,Digital Humanities,STRUCTURAL_ABSENCE,True
digitali geisteswissenschafte,gsw,1,ltr,Digital Humanities,TRANSMOGRIFICATION,True
digitale humanitäärwidenskraft,gsw,1,ltr,Digital Humanities,TRANSMOGRIFICATION,True
digitale geisteswiss.,gsw,1,ltr,Digital Humanities,TRANSMOGRIFICATION,True
digitale humanitätswissenschaften,gsw,1,ltr,Digital Humanities,TRANSMOGRIFICATION,True
ડિજિટલ માનવવિદ્યા,gu,1,ltr,Digital Humanities,TRANSMOGRIFICATION,True
digitaole mienboarte,gos,1,ltr,Digital Humanities,TRANSMOGRIFICATION,True
sulalate digital,gor,1,ltr,Digital Humanities,STRUCTURAL_ABSENCE,True
ilmu pengetahuan digital,gor,1,ltr,Digital Humanities,STRUCTURAL_ABSENCE,True
nyawa-digital,gon,1,ltr,Digital Humanities,STRUCTURAL_ABSENCE,True
دیجیتال انسانی علوم,glk,1,rtl,Digital Humanities,TRANSMOGRIFICATION,True
بومدنی مکتوبات,glk,1,rtl,Digital Humanities,TRANSMOGRIFICATION,True
رۊدیژی انسانيۊت,glk,1,rtl,Digital Humanities,TRANSMOGRIFICATION,True
getæliu menschlîchiu kunst,gmh,1,ltr,Digital Humanities,TRANSMOGRIFICATION,True
diu ziferlîche menscheit,gmh,1,ltr,Digital Humanities,TRANSMOGRIFICATION,True
digitale kunst,gmh,1,ltr,Digital Humanities,TRANSMOGRIFICATION,True
digitale humanität,gmh,1,ltr,Digital Humanities,TRANSMOGRIFICATION,True
digitale huomantich,gmh,1,ltr,Digital Humanities,TRANSMOGRIFICATION,True
humanidades digitales rehegua,gn,1,ltr,Digital Humanities,STRUCTURAL_ABSENCE,True
avañe'ẽ ñanduti arandupy,gn,1,ltr,Digital Humanities,STRUCTURAL_ABSENCE,True
tapicha rembiapo digital,gn,1,ltr,Digital Humanities,STRUCTURAL_ABSENCE,True
yvypóra rembiapokue marangatu renda,gn,1,ltr,Digital Humanities,STRUCTURAL_ABSENCE,True
tekombo'e ñanduti,gn,1,ltr,Digital Humanities,STRUCTURAL_ABSENCE,True
tatútekoha tekuakua,gn,1,ltr,Digital Humanities,STRUCTURAL_ABSENCE,True
teknohumanaity,gn,1,ltr,Digital Humanities,STRUCTURAL_ABSENCE,True
kuariwesva digital,gn,1,ltr,Digital Humanities,STRUCTURAL_ABSENCE,True
teknologia humanitáriya digital,gn,1,ltr,Digital Humanities,STRUCTURAL_ABSENCE,True
digitala manahhimundi,goh,1,ltr,Digital Humanities,TRANSMOGRIFICATION,True
fingarlīhhiu mennisgituomi,goh,1,ltr,Digital Humanities,TRANSMOGRIFICATION,True
gizalîh geisteswizzî,goh,1,ltr,Digital Humanities,TRANSMOGRIFICATION,True
zifrāliu mennisklīhī,goh,1,ltr,Digital Humanities,TRANSMOGRIFICATION,True
daz hūsīdizal,goh,1,ltr,Digital Humanities,TRANSMOGRIFICATION,True
digitale minnizîherî,goh,1,ltr,Digital Humanities,TRANSMOGRIFICATION,True
diutiscu hūmanītātis,goh,1,ltr,Digital Humanities,TRANSMOGRIFICATION,True
digitala menschenwisentum,goh,1,ltr,Digital Humanities,TRANSMOGRIFICATION,True
digtal bhumik,gom,1,ltr,Digital Humanities,STRUCTURAL_ABSENCE,True
ḍigitāl manovittās,gom,1,ltr,Digital Humanities,STRUCTURAL_ABSENCE,True
ḍigital manushya-śastr,gon,1,ltr,Digital Humanities,STRUCTURAL_ABSENCE,True
digiitala xumanitila,gon,1,ltr,Digital Humanities,STRUCTURAL_ABSENCE,True
ડિજિટલ માનવિકૃતિ,gu,1,ltr,Digital Humanities,TRANSMOGRIFICATION,True
teko pyahu teknolojia rupive,gub,1,ltr,Digital Humanities,STRUCTURAL_ABSENCE,True
teknologia pyahu rupi ypykatu rembiapo,gub,1,ltr,Digital Humanities,STRUCTURAL_ABSENCE,True
डिजिताल् मानविकी,gvr,1,ltr,Digital Humanities,TRANSMOGRIFICATION,True
dinjii zhuh k'yaa nankwat gwiizhit,gwi,1,ltr,Digital Humanities,STRUCTURAL_ABSENCE,True
kʼitįįhįįh kʼèèhchʼààhchʼįįh,gwi,1,ltr,Digital Humanities,STRUCTURAL_ABSENCE,True
diginal dene kʼéh,gwi,1,ltr,Digital Humanities,STRUCTURAL_ABSENCE,True
dih-gwaa gızh’oo gwaa ɂehdii’u,gwi,1,ltr,Digital Humanities,STRUCTURAL_ABSENCE,True
tłetłëg tłatłëg,gwi,1,ltr,Digital Humanities,STRUCTURAL_ABSENCE,True
ik'itigiaqtuunik taaqtutangit,gwi,1,ltr,Digital Humanities,STRUCTURAL_ABSENCE,True
dan adam na dijital,ha,1,ltr,Digital Humanities,STRUCTURAL_ABSENCE,True
kcharselect unicode block name,ha,1,ltr,Digital Humanities,STRUCTURAL_ABSENCE,True
kimiyyar zamani na dan adam,ha,1,ltr,Digital Humanities,STRUCTURAL_ABSENCE,True
ilimin dijital na dan adam,ha,1,ltr,Digital Humanities,STRUCTURAL_ABSENCE,True
nazarin dan adam na dijital,ha,1,ltr,Digital Humanities,STRUCTURAL_ABSENCE,True
ilimin dan adam na dijital,ha,1,ltr,Digital Humanities,STRUCTURAL_ABSENCE,True
adabin duniya na digital,ha,1,ltr,Digital Humanities,STRUCTURAL_ABSENCE,True
digita ƙirƙirar ƙirƙirar al'ada,ha,1,ltr,Digital Humanities,STRUCTURAL_ABSENCE,True
hunanmai digital,ha,1,ltr,Digital Humanities,STRUCTURAL_ABSENCE,True
tasarauta matatama,ha,1,ltr,Digital Humanities,STRUCTURAL_ABSENCE,True
digital ḵ'aadang,hai,1,ltr,Digital Humanities,STRUCTURAL_ABSENCE,True
tluu hlg̱áygaang.ngaay g̱áygaang.ngaay,hai,1,ltr,Digital Humanities,STRUCTURAL_ABSENCE,True
ḵ’aawdag̱aay gyaag̱ang,hai,1,ltr,Digital Humanities,STRUCTURAL_ABSENCE,True
gidíiłgaa gwaayuus,hai,1,ltr,Digital Humanities,STRUCTURAL_ABSENCE,True
g̱aay әdáawas,hai,1,ltr,Digital Humanities,STRUCTURAL_ABSENCE,True
t'aanu gaawgaa naa k'aawng,hai,1,ltr,Digital Humanities,STRUCTURAL_ABSENCE,True
hók-gáik-sṳ̀n,hak,1,ltr,Digital Humanities,STRUCTURAL_ABSENCE,True
nā humanities kikohoʻe,haw,1,ltr,Digital Humanities,STRUCTURAL_ABSENCE,True
nā ʻepekema ʻikehu,haw,1,ltr,Digital Humanities,STRUCTURAL_ABSENCE,True
ʻepekema kikohoʻe,haw,1,ltr,Digital Humanities,STRUCTURAL_ABSENCE,True
nā manaʻo kikohoʻe,haw,1,ltr,Digital Humanities,STRUCTURAL_ABSENCE,True
ʻike kikohoʻe kanaka,haw,1,ltr,Digital Humanities,STRUCTURAL_ABSENCE,True
nā kauwela o ka lani,haw,1,ltr,Digital Humanities,STRUCTURAL_ABSENCE,True
dinjii zhuh k'ǫǫ įįhtł'àt nakhwahàa'àn,gwi,1,ltr,Digital Humanities,STRUCTURAL_ABSENCE,True
dhagyalai gyanapith,gvr,1,ltr,Digital Humanities,TRANSMOGRIFICATION,True
tekomarã digital,gub,1,ltr,Digital Humanities,STRUCTURAL_ABSENCE,True
dhie-leedhaan skeellaaish,gv,1,ltr,Digital Humanities,TRANSMOGRIFICATION,True
tetxu humañi digital,gub,1,ltr,Digital Humanities,STRUCTURAL_ABSENCE,True
wá’a ëndë’ë ëndë’ä’ä,gub,1,ltr,Digital Humanities,STRUCTURAL_ABSENCE,True
kwakwātikwātikwawatihewa,gub,1,ltr,Digital Humanities,STRUCTURAL_ABSENCE,True
sünain wattakalü tü nümüin tü kasa'inkat,guc,1,ltr,Digital Humanities,STRUCTURAL_ABSENCE,True
jüma'ana pütchi je'ewaa,guc,1,ltr,Digital Humanities,STRUCTURAL_ABSENCE,True
anasüka tü waneepia süchikuaa,guc,1,ltr,Digital Humanities,STRUCTURAL_ABSENCE,True
watawana kulturala digital,guc,1,ltr,Digital Humanities,STRUCTURAL_ABSENCE,True
maalipú-na yūyū,guc,1,ltr,Digital Humanities,STRUCTURAL_ABSENCE,True
kuwa kusitawatawita digital,guc,1,ltr,Digital Humanities,STRUCTURAL_ABSENCE,True
kɔmpyuta ne ninsaalima sɛkre,gur,1,ltr,Digital Humanities,STRUCTURAL_ABSENCE,True
dijital insaan yɛla,gur,1,ltr,Digital Humanities,STRUCTURAL_ABSENCE,True
bɔŋɣa tiaŋa,gur,1,ltr,Digital Humanities,STRUCTURAL_ABSENCE,True
zuliŋ gbàànbàŋ gbàtɔŋ,gur,1,ltr,Digital Humanities,STRUCTURAL_ABSENCE,True
dzɛliti gwamgwi,gur,1,ltr,Digital Humanities,STRUCTURAL_ABSENCE,True
nyansa-n ŋim,gur,1,ltr,Digital Humanities,STRUCTURAL_ABSENCE,True
obwengere bwa digito,guz,1,ltr,Digital Humanities,STRUCTURAL_ABSENCE,True
egesire gatagata na amasomo,guz,1,ltr,Digital Humanities,STRUCTURAL_ABSENCE,True
ebikundi by’abandu ebi digital,guz,1,ltr,Digital Humanities,STRUCTURAL_ABSENCE,True
eri nyanchoro za kisasa,guz,1,ltr,Digital Humanities,STRUCTURAL_ABSENCE,True
kijeshi digitini,guz,1,ltr,Digital Humanities,STRUCTURAL_ABSENCE,True
dooinney digitagh,gv,1,ltr,Digital Humanities,TRANSMOGRIFICATION,True
aghtyn mair-chlaa,gv,1,ltr,Digital Humanities,TRANSMOGRIFICATION,True
sheanse mannaghyn,gv,1,ltr,Digital Humanities,TRANSMOGRIFICATION,True
daonnaghtyn bun-earrooagh,gv,1,ltr,Digital Humanities,TRANSMOGRIFICATION,True
sheineydys cadjin-oaylleeaght,gv,1,ltr,Digital Humanities,TRANSMOGRIFICATION,True
deineyaght ghooghyssagh,gv,1,ltr,Digital Humanities,TRANSMOGRIFICATION,True
dooie ghumailtys,gv,1,ltr,Digital Humanities,TRANSMOGRIFICATION,True
noọng-stehagh çhemishagh,gv,1,ltr,Digital Humanities,TRANSMOGRIFICATION,True
digeal ealaramshteyt,gv,1,ltr,Digital Humanities,TRANSMOGRIFICATION,True
دیجیتال هومانیتیس,glk,1,rtl,Digital Humanities,TRANSMOGRIFICATION,True
دیجیتالی علوم انسانی,glk,1,rtl,Digital Humanities,TRANSMOGRIFICATION,True
دیجیتال انسانیّات,glk,1,rtl,Digital Humanities,TRANSMOGRIFICATION,True
mata tupu digitale,fud,1,ltr,Digital Humanities,STRUCTURAL_ABSENCE,True
humpito noddito dijitaal,fuq,1,ltr,Digital Humanities,TRANSMOGRIFICATION,True
faggudu himma dijital,fuq,1,ltr,Digital Humanities,TRANSMOGRIFICATION,True
dijitaal ɓanndu aadeeji,fuq,1,ltr,Digital Humanities,TRANSMOGRIFICATION,True
tɗɛmɓeɗɛ ɓurɗo,fuq,1,ltr,Digital Humanities,TRANSMOGRIFICATION,True
hukuumital ɗiijanɗe,fuq,1,ltr,Digital Humanities,TRANSMOGRIFICATION,True
digiital haalimiyyaatu,fuq,1,ltr,Digital Humanities,TRANSMOGRIFICATION,True
humanitii digitaali,fuq,1,ltr,Digital Humanities,TRANSMOGRIFICATION,True
lis siencis umanis digjitâls,fur,1,ltr,Digital Humanities,STRUCTURAL_ABSENCE,True
umanitâts digitâls,fur,1,ltr,Digital Humanities,STRUCTURAL_ABSENCE,True
umanistichis digjitâls,fur,1,ltr,Digital Humanities,STRUCTURAL_ABSENCE,True
humaaniiji digitaal,fuv,1,ltr,Digital Humanities,STRUCTURAL_ABSENCE,True
humpito dijitaal,fuv,1,ltr,Digital Humanities,STRUCTURAL_ABSENCE,True
himma dijital,fuv,1,ltr,Digital Humanities,STRUCTURAL_ABSENCE,True
dijital faayiɗe aadeeji,fuv,1,ltr,Digital Humanities,STRUCTURAL_ABSENCE,True
tarihin digital,fuv,1,ltr,Digital Humanities,STRUCTURAL_ABSENCE,True
digitaal ƙirama,fuv,1,ltr,Digital Humanities,STRUCTURAL_ABSENCE,True
ditali hunimintsi,fuv,1,ltr,Digital Humanities,STRUCTURAL_ABSENCE,True
yadda digitaali,fuv,1,ltr,Digital Humanities,STRUCTURAL_ABSENCE,True
дигитал хуманитизм,fvr,1,ltr,Digital Humanities,STRUCTURAL_ABSENCE,True
digu-lal huminahit,fvr,1,ltr,Digital Humanities,STRUCTURAL_ABSENCE,True
digitale geasteswittenskippen,fy,1,ltr,Digital Humanities,STRUCTURAL_ABSENCE,True
digitale geasteswitenskippen,fy,1,ltr,Digital Humanities,STRUCTURAL_ABSENCE,True
digitale minnichteiten,fy,1,ltr,Digital Humanities,STRUCTURAL_ABSENCE,True
digitaal minskwittenskip,fy,1,ltr,Digital Humanities,STRUCTURAL_ABSENCE,True
daonnachtaí digiteacha,ga,1,ltr,Digital Humanities,TRANSMOGRIFICATION,True
digiotaltaí na heolais,ga,1,ltr,Digital Humanities,TRANSMOGRIFICATION,True
reiligiú digiteach,ga,1,ltr,Digital Humanities,TRANSMOGRIFICATION,True
humanitae fíosachd chéadúil,ga,1,ltr,Digital Humanities,TRANSMOGRIFICATION,True
téacs daoineachta díolachais,ga,1,ltr,Digital Humanities,TRANSMOGRIFICATION,True
humaaniteeri digitaal,fuq,1,ltr,Digital Humanities,TRANSMOGRIFICATION,True
tetou'i vahiniriana valiavina,fud,1,ltr,Digital Humanities,STRUCTURAL_ABSENCE,True
nibii ni haa mɔ tsui nyɔɔ emli ni haa mɔ tsui nyɔɔ emli,gaa,1,ltr,Digital Humanities,STRUCTURAL_ABSENCE,True
numefu-lago-fakamalohi,fud,1,ltr,Digital Humanities,STRUCTURAL_ABSENCE,True
sɛ́n xóɖɔ́ tɔn,fon,1,ltr,Digital Humanities,TRANSMOGRIFICATION,True
tɔŋgbɛtɩnɣa,fon,1,ltr,Digital Humanities,TRANSMOGRIFICATION,True
èhèmèjì hù-wín,fon,1,ltr,Digital Humanities,TRANSMOGRIFICATION,True
diliti tiwuli,fon,1,ltr,Digital Humanities,TRANSMOGRIFICATION,True
teknoloji yi humanitisi,fon,1,ltr,Digital Humanities,TRANSMOGRIFICATION,True
luministre électronique,frc,1,ltr,Digital Humanities,TRANSMOGRIFICATION,True
humanitez digitales,frm,1,ltr,Digital Humanities,TRANSMOGRIFICATION,True
arz numeraus,fro,1,ltr,Digital Humanities,TRANSMOGRIFICATION,True
humanités numeriques,fro,1,ltr,Digital Humanities,TRANSMOGRIFICATION,True
humanitâts numeriques,frp,1,ltr,Digital Humanities,STRUCTURAL_ABSENCE,True
humanitâts numèriques,frp,1,ltr,Digital Humanities,STRUCTURAL_ABSENCE,True
humànitâts numèricas,frp,1,ltr,Digital Humanities,STRUCTURAL_ABSENCE,True
digitale humanistiken,frr,1,ltr,Digital Humanities,TRANSMOGRIFICATION,True
digitaal geisteswetenschaften,frr,1,ltr,Digital Humanities,TRANSMOGRIFICATION,True
digitaal humaniteeten,frr,1,ltr,Digital Humanities,TRANSMOGRIFICATION,True
dijitaal humaniteeten,frr,1,ltr,Digital Humanities,TRANSMOGRIFICATION,True
digitale minskerkennisse,frr,1,ltr,Digital Humanities,TRANSMOGRIFICATION,True
digitale jantlegjeng,frr,1,ltr,Digital Humanities,TRANSMOGRIFICATION,True
digeel-menskelek,frr,1,ltr,Digital Humanities,TRANSMOGRIFICATION,True
digitale geesteswittenskippen,frs,1,ltr,Digital Humanities,TRANSMOGRIFICATION,True
digitoale humanitäten,frs,1,ltr,Digital Humanities,TRANSMOGRIFICATION,True
digitale humanitäte,frs,1,ltr,Digital Humanities,TRANSMOGRIFICATION,True
digitale minsker humanistiken,frs,1,ltr,Digital Humanities,TRANSMOGRIFICATION,True
digitaal minskweskunde,frs,1,ltr,Digital Humanities,TRANSMOGRIFICATION,True
digitale jantienkunde,frs,1,ltr,Digital Humanities,TRANSMOGRIFICATION,True
digitale menskje-kunsten,frs,1,ltr,Digital Humanities,TRANSMOGRIFICATION,True
fakamatala numera,fud,1,ltr,Digital Humanities,STRUCTURAL_ABSENCE,True
faka-tangata faka-komiuta,fud,1,ltr,Digital Humanities,STRUCTURAL_ABSENCE,True
faifai o le fa'aalo,fud,1,ltr,Digital Humanities,STRUCTURAL_ABSENCE,True
dijital adesai ahe nilee,gaa,1,ltr,Digital Humanities,STRUCTURAL_ABSENCE,True
dijitɛɛ nitsɔɔ kɛ gbɛmɔ yɛɔ,gaa,1,ltr,Digital Humanities,STRUCTURAL_ABSENCE,True
дигиталны хамын хуманитис,gld,1,ltr,Digital Humanities,TRANSMOGRIFICATION,True
daonnachdan digiteach,gd,1,ltr,Digital Humanities,TRANSMOGRIFICATION,True
dualtaicheachas digiteach,gd,1,ltr,Digital Humanities,TRANSMOGRIFICATION,True
dùthchas fhigiúil,gd,1,ltr,Digital Humanities,TRANSMOGRIFICATION,True
dhigital-uladhainn,gd,1,ltr,Digital Humanities,TRANSMOGRIFICATION,True
ሂሳብ ሰብእ ሥነ ጥበብ,gez,1,ltr,Digital Humanities,STRUCTURAL_ABSENCE,True
ዲጂታል፡ሰብአዊ፡ትምህርት,gez,1,ltr,Digital Humanities,STRUCTURAL_ABSENCE,True
ዲጂታል ሰብአዊ ትምህርት,gez,1,ltr,Digital Humanities,STRUCTURAL_ABSENCE,True
አስተያየጁ ምጣፍ,gez,1,ltr,Digital Humanities,STRUCTURAL_ABSENCE,True
ዲጅታል ባህላዊ ጥናት,gez,1,ltr,Digital Humanities,STRUCTURAL_ABSENCE,True
መዝግ ባህል,gez,1,ltr,Digital Humanities,STRUCTURAL_ABSENCE,True
aroia aomata n tokanikai i aoni bwaai ni kabane,gil,1,ltr,Digital Humanities,STRUCTURAL_ABSENCE,True
humanities ni digital,gil,1,ltr,Digital Humanities,STRUCTURAL_ABSENCE,True
te rabakau ni kaitara ma te kompiuta,gil,1,ltr,Digital Humanities,STRUCTURAL_ABSENCE,True
rabata ma ni koora,gil,1,ltr,Digital Humanities,STRUCTURAL_ABSENCE,True
te rongorongo aon te tia,gil,1,ltr,Digital Humanities,STRUCTURAL_ABSENCE,True
nan te mwanea kainanga,gil,1,ltr,Digital Humanities,STRUCTURAL_ABSENCE,True
teara numera kūki,gil,1,ltr,Digital Humanities,STRUCTURAL_ABSENCE,True
tetau iroironi,gil,1,ltr,Digital Humanities,STRUCTURAL_ABSENCE,True
humanitāni digitale,gil,1,ltr,Digital Humanities,STRUCTURAL_ABSENCE,True
ڊجيٽل هيومينٽيز,gjk,1,rtl,Digital Humanities,TRANSMOGRIFICATION,True
koʔaɣa khaɾi ɗaɣa,gjk,1,rtl,Digital Humanities,TRANSMOGRIFICATION,True
ડિજિટલ માનવિકા,gjk,1,rtl,Digital Humanities,TRANSMOGRIFICATION,True
dmi ḍa ńwār,gjk,1,rtl,Digital Humanities,TRANSMOGRIFICATION,True
દીજિટાલ મનોવિજ્ઞાન,gju,1,rtl,Digital Humanities,TRANSMOGRIFICATION,True
humanidades dixitais,gl,1,ltr,Digital Humanities,TRANSMOGRIFICATION,True
humanos dixitais,gl,1,ltr,Digital Humanities,TRANSMOGRIFICATION,True
цифровой гуманитарной наукасал,gld,1,ltr,Digital Humanities,TRANSMOGRIFICATION,True
цифровой гуманитарный наукани,gld,1,ltr,Digital Humanities,TRANSMOGRIFICATION,True
kʌɣaŋi kʌɣaŋi,gld,1,ltr,Digital Humanities,TRANSMOGRIFICATION,True
дигитэл нэньэ,gld,1,ltr,Digital Humanities,TRANSMOGRIFICATION,True
dùbhlanachd luchd nan sgiath,gd,1,ltr,Digital Humanities,TRANSMOGRIFICATION,True
daonnachdan didseatach,gd,1,ltr,Digital Humanities,TRANSMOGRIFICATION,True
diigital niiŋmaa,gaa,1,ltr,Digital Humanities,STRUCTURAL_ABSENCE,True
sciens digitaux anumanitè,gcr,1,ltr,Digital Humanities,TRANSMOGRIFICATION,True
dijitaal humanities,gaa,1,ltr,Digital Humanities,STRUCTURAL_ABSENCE,True
amanɣaŋa digital,gaa,1,ltr,Digital Humanities,STRUCTURAL_ABSENCE,True
nkyerekyerɛn a ɛyɛ dii amaneɛ bi,gaa,1,ltr,Digital Humanities,STRUCTURAL_ABSENCE,True
humeniitori digital,gaa,1,ltr,Digital Humanities,STRUCTURAL_ABSENCE,True
dígitali nkabędé,gaa,1,ltr,Digital Humanities,STRUCTURAL_ABSENCE,True
digital gumanitarlık,gag,1,ltr,Digital Humanities,STRUCTURAL_ABSENCE,True
sayısal humanitar bilimner,gag,1,ltr,Digital Humanities,STRUCTURAL_ABSENCE,True
dijital gumanitarlıklar,gag,1,ltr,Digital Humanities,STRUCTURAL_ABSENCE,True
dijital insan bilimi,gag,1,ltr,Digital Humanities,STRUCTURAL_ABSENCE,True
radasa teknolojiye insaniyat,gag,1,ltr,Digital Humanities,STRUCTURAL_ABSENCE,True
dijital dilbilimler,gag,1,ltr,Digital Humanities,STRUCTURAL_ABSENCE,True
dijit faat kau,gan,1,ltr,Digital Humanities,STRUCTURAL_ABSENCE,True
teknologi data ulang,gay,1,ltr,Digital Humanities,STRUCTURAL_ABSENCE,True
digitale duniyada,gay,1,ltr,Digital Humanities,STRUCTURAL_ABSENCE,True
kɔ̀ɔ̀ sɔ̀rɔ̀ ɗò nùmɛ́rɔ̀,gba,1,ltr,Digital Humanities,STRUCTURAL_ABSENCE,True
sɛnɛ tɔkɔtɔkɔ nɛɛ kpɛngbɛ,gba,1,ltr,Digital Humanities,STRUCTURAL_ABSENCE,True
téyáwà tɛ́kɔ̀nɔ̀,gba,1,ltr,Digital Humanities,STRUCTURAL_ABSENCE,True
ŋwēndē ŋgāndē,gba,1,ltr,Digital Humanities,STRUCTURAL_ABSENCE,True
mbɛtɛ ɔlɛmɛtɛ dijital,gba,1,ltr,Digital Humanities,STRUCTURAL_ABSENCE,True
دانش‌های دیجیتالی,gbz,1,rtl,Digital Humanities,STRUCTURAL_ABSENCE,True
دیجیتال انسانیات,gbz,1,rtl,Digital Humanities,STRUCTURAL_ABSENCE,True
dānišnāmeh-ye digital,gbz,1,rtl,Digital Humanities,STRUCTURAL_ABSENCE,True
دیژیتاڵه انسانيت,gbz,1,rtl,Digital Humanities,STRUCTURAL_ABSENCE,True
د دیجیټل هنسینچم,gbz,1,rtl,Digital Humanities,STRUCTURAL_ABSENCE,True
imanité nimerik,gcr,1,ltr,Digital Humanities,TRANSMOGRIFICATION,True
imajinasyon nimerik,gcr,1,ltr,Digital Humanities,TRANSMOGRIFICATION,True
dijitèl ètudis,gcr,1,ltr,Digital Humanities,TRANSMOGRIFICATION,True
limiryèl dijital,gcr,1,ltr,Digital Humanities,TRANSMOGRIFICATION,True
dyital hoministis,gcr,1,ltr,Digital Humanities,TRANSMOGRIFICATION,True
noʻeau ʻikepili,haw,1,ltr,Digital Humanities,STRUCTURAL_ABSENCE,True
kuakahi ʻioʻonia,haw,1,ltr,Digital Humanities,STRUCTURAL_ABSENCE,True
hōkūleʻa pili mālie,haw,1,ltr,Digital Humanities,STRUCTURAL_ABSENCE,True
цифрови гуманитарни ӏилманаш,inh,1,rtl,Digital Humanities,TRANSMOGRIFICATION,True
гӏаламатӏа дешар,inh,1,rtl,Digital Humanities,TRANSMOGRIFICATION,True
цифертехналæг гуманитагæ,inh,1,rtl,Digital Humanities,TRANSMOGRIFICATION,True
дигиталlü өртөнчлөгü,inh,1,rtl,Digital Humanities,TRANSMOGRIFICATION,True
dicifra humaneso,io,1,ltr,Digital Humanities,STRUCTURAL_ABSENCE,True
digital humaniko,io,1,ltr,Digital Humanities,STRUCTURAL_ABSENCE,True
ciferala homala cienci,io,1,ltr,Digital Humanities,STRUCTURAL_ABSENCE,True
humanitaraj digitalaj,io,1,ltr,Digital Humanities,STRUCTURAL_ABSENCE,True
humanitaro elektronika,io,1,ltr,Digital Humanities,STRUCTURAL_ABSENCE,True
stafræn mannvera,is,1,ltr,Digital Humanities,TRANSMOGRIFICATION,True
stafrænar hugvísindi,is,1,ltr,Digital Humanities,TRANSMOGRIFICATION,True
dökk fræði,is,1,ltr,Digital Humanities,TRANSMOGRIFICATION,True
rafræn manndjévísind,is,1,ltr,Digital Humanities,TRANSMOGRIFICATION,True
deildar umhverfisfræði,is,1,ltr,Digital Humanities,TRANSMOGRIFICATION,True
teknisk menneskefræði,is,1,ltr,Digital Humanities,TRANSMOGRIFICATION,True
informatica umanistica,it,1,ltr,Digital Humanities,PRODUCTIVE_DISAGREEMENT,True
discipline umanistiche digitali,it,1,ltr,Digital Humanities,PRODUCTIVE_DISAGREEMENT,True
scienze umanistiche digitali,it,1,ltr,Digital Humanities,PRODUCTIVE_DISAGREEMENT,True
umanistica digitale,it,1,ltr,Digital Humanities,PRODUCTIVE_DISAGREEMENT,True
humanità digitale,it,1,ltr,Digital Humanities,PRODUCTIVE_DISAGREEMENT,True
ᑎᑎᕋᕐᔪᐊᑕᖅ ᐃᓕᓐᓂᐊᕐᓂᖅ,iu,1,ltr,Digital Humanities,TRANSMOGRIFICATION,True
ᑎᔨᑕᓪ ᐃᓄᐃᑦ ᖃᐅᔨᓴᕐᓂᖏᑦ,iu,1,ltr,Digital Humanities,TRANSMOGRIFICATION,True
ดิจิทัล ᐃᓕᓴᐃ,iu,1,ltr,Digital Humanities,TRANSMOGRIFICATION,True
ᑎᑎᕋᖅᑎᑦᑎᓂᕐᒧᑦ ᐃᓅᓯᓕᕆᓂᖅ,iu,1,ltr,Digital Humanities,TRANSMOGRIFICATION,True
ᓄᐊᑦ ᒥᕗᖅᑎᓚᓂᕐᒃ,iu,1,ltr,Digital Humanities,TRANSMOGRIFICATION,True
ᐊᕾᓕᓂᖅ ᐋᖅᑭᒃᓱᖅᑐᖅ ᓄᓇᐅᑉ ᒐᕙᒃᑯᕕᖕᒧᑦ,iu,1,ltr,Digital Humanities,TRANSMOGRIFICATION,True
iqaluyutianusiitigiuliniq,iu,1,ltr,Digital Humanities,TRANSMOGRIFICATION,True
innunarvik ikajuqtajuit,iu,1,ltr,Digital Humanities,TRANSMOGRIFICATION,True
digitaalizet humanistikat,izh,1,ltr,Digital Humanities,TRANSMOGRIFICATION,True
digitaaliset humanitaaratieteet,izh,1,ltr,Digital Humanities,TRANSMOGRIFICATION,True
цифрой гуманитарни ӏилмаш,inh,1,rtl,Digital Humanities,TRANSMOGRIFICATION,True
pamantasang digital,ilo,1,ltr,Digital Humanities,STRUCTURAL_ABSENCE,True
digitaaline humanitarižed tiedotehtendad,izh,1,ltr,Digital Humanities,TRANSMOGRIFICATION,True
dagiti digital nga agrikultura,ilo,1,ltr,Digital Humanities,STRUCTURAL_ABSENCE,True
ọmụmụọ digital,ig,1,ltr,Digital Humanities,STRUCTURAL_ABSENCE,True
anụ ọzọ na elektrikị,ig,1,ltr,Digital Humanities,STRUCTURAL_ABSENCE,True
igwe digital,ig,1,ltr,Digital Humanities,STRUCTURAL_ABSENCE,True
ꀉꑴꄮꑴꄮꋍꄉꑴꄮ,ii,1,ltr,Digital Humanities,TRANSMOGRIFICATION,True
ꌗꏦꉬꀕꌅ,ii,1,ltr,Digital Humanities,TRANSMOGRIFICATION,True
ꄮꐻꃅꄮꉖꆏꃅ,ii,1,ltr,Digital Humanities,TRANSMOGRIFICATION,True
ꄿꐎꀨꏦꌧꇐ,ii,1,ltr,Digital Humanities,TRANSMOGRIFICATION,True
ၸႃႈ ၶိၵႅၼ်ႇ လႄႇၽႆႉ,ii,1,ltr,Digital Humanities,TRANSMOGRIFICATION,True
tigumiaqtaq uqautchiaq,ik,1,ltr,Digital Humanities,TRANSMOGRIFICATION,True
uqaluit iñuuniaġiññiqtuat iḷisaġviŋit,ik,1,ltr,Digital Humanities,TRANSMOGRIFICATION,True
nunatinnuunami atuutitaaqtuaq ilisimatusiurniq,ik,1,ltr,Digital Humanities,TRANSMOGRIFICATION,True
qargiñiq atuqtuaq,ik,1,ltr,Digital Humanities,TRANSMOGRIFICATION,True
igluqtuq iliŋniŋuat,ik,1,ltr,Digital Humanities,TRANSMOGRIFICATION,True
iḷisimaaġut qanauyugmiut,ik,1,ltr,Digital Humanities,TRANSMOGRIFICATION,True
iluviniuġmiut eriktorsuaqtuq,ik,1,ltr,Digital Humanities,TRANSMOGRIFICATION,True
ikgiarvik igluktiaraq,ik,1,ltr,Digital Humanities,TRANSMOGRIFICATION,True
iqalukkat turaangat,ike,1,ltr,Digital Humanities,STRUCTURAL_ABSENCE,True
ᑎᑎᕋᐅᓯᖅᑎᑦᑎᔾᔪᑎᓄᑦ ᐃᓄᐃᑦ ᖃᐅᔨᒪᔭᑐᖃᖏᑦ,ike,1,ltr,Digital Humanities,STRUCTURAL_ABSENCE,True
ᑎᑎᕋᐅᔭᖅᓯᒪᔪᓄᑦ ᐃᓄᐃᑦ ᐱᖁᔨᕗᖔᑦ,ike,1,ltr,Digital Humanities,STRUCTURAL_ABSENCE,True
ᐃᓂᒃᑯᓚᕐᔪᐊᑦ ᐱᖅᑭᐅᔭᒥᐅᑦ,ike,1,ltr,Digital Humanities,STRUCTURAL_ABSENCE,True
iqinanngittianutinginiq,ike,1,ltr,Digital Humanities,STRUCTURAL_ABSENCE,True
ikajuqtaq sivunittinniartut,ike,1,ltr,Digital Humanities,STRUCTURAL_ABSENCE,True
ᑎᔨᑕᓪ ᐃᓄᐃᑦ ᖃᐅᔨᒪᔭᖏᑦ,ikt,1,ltr,Digital Humanities,STRUCTURAL_ABSENCE,True
ᑎᑎᕋᐅᔭᖅᑎᑦᑎᓂᕐᒧᑦ ᐃᓅᓯᓕᕆᓂᖅ,ikt,1,ltr,Digital Humanities,STRUCTURAL_ABSENCE,True
ᐃᓂᒃ ᑲᓚᕗᑦ,ikt,1,ltr,Digital Humanities,STRUCTURAL_ABSENCE,True
iqalukujuusiuqatigiit iti,ikt,1,ltr,Digital Humanities,STRUCTURAL_ABSENCE,True
inuitiaq digitaliit,ikt,1,ltr,Digital Humanities,STRUCTURAL_ABSENCE,True
digital a humanities,ilo,1,ltr,Digital Humanities,STRUCTURAL_ABSENCE,True
digital humanies,ilo,1,ltr,Digital Humanities,STRUCTURAL_ABSENCE,True
digitaalin humanitaari,izh,1,ltr,Digital Humanities,TRANSMOGRIFICATION,True
digitaalõ humanistik,izh,1,ltr,Digital Humanities,TRANSMOGRIFICATION,True
ọmụmụ igwe na ọdịbendị,ig,1,ltr,Digital Humanities,STRUCTURAL_ABSENCE,True
إنسانيّات رقميّة,jrb,1,rtl,Digital Humanities,TRANSMOGRIFICATION,True
digitals handwrīot,jut,1,ltr,Digital Humanities,STRUCTURAL_ABSENCE,True
dæturum manúfaktúra,jut,1,ltr,Digital Humanities,STRUCTURAL_ABSENCE,True
digital menneskevidenskaber,jut,1,ltr,Digital Humanities,STRUCTURAL_ABSENCE,True
kawruh digital budaya,jv,1,ltr,Digital Humanities,STRUCTURAL_ABSENCE,True
manunggal digital lan kabudayan,jv,1,ltr,Digital Humanities,STRUCTURAL_ABSENCE,True
ციფრული ჰუმანიტარული,ka,1,ltr,Digital Humanities,TRANSMOGRIFICATION,True
ციფრული ჰუმანიტარიკა,ka,1,ltr,Digital Humanities,TRANSMOGRIFICATION,True
ციფრული ჰუმანიტარი,ka,1,ltr,Digital Humanities,TRANSMOGRIFICATION,True
დიაგლეტური მკვლევარებელობა,ka,1,ltr,Digital Humanities,TRANSMOGRIFICATION,True
დიგიტალური მანესკვლორება,ka,1,ltr,Digital Humanities,TRANSMOGRIFICATION,True
sanlıq gumanitar fänler,kaa,1,ltr,Digital Humanities,TRANSMOGRIFICATION,True
санлы гуманитарлық ғылымлар,kaa,1,ltr,Digital Humanities,TRANSMOGRIFICATION,True
цифрлы гуманитарлық илимлер,kaa,1,ltr,Digital Humanities,TRANSMOGRIFICATION,True
raqamlı gumanitarliq,kaa,1,ltr,Digital Humanities,TRANSMOGRIFICATION,True
санлақ инсанластۇق,kaa,1,ltr,Digital Humanities,TRANSMOGRIFICATION,True
технологиялар әдәбиятлык,kaa,1,ltr,Digital Humanities,TRANSMOGRIFICATION,True
tussna n tmadrit tadyant,kab,1,ltr,Digital Humanities,TRANSMOGRIFICATION,True
tussniwin tumnigtin tumzirayin,kab,1,ltr,Digital Humanities,TRANSMOGRIFICATION,True
tasnakalt tadigitalt,kab,1,ltr,Digital Humanities,TRANSMOGRIFICATION,True
tigertin tidijitalin,kab,1,ltr,Digital Humanities,TRANSMOGRIFICATION,True
tamazight n tiddukla dɣ tazukant,kab,1,ltr,Digital Humanities,TRANSMOGRIFICATION,True
tmaziɣt numérice,kab,1,ltr,Digital Humanities,TRANSMOGRIFICATION,True
talennetit tikiwel n-djerit,kab,1,ltr,Digital Humanities,TRANSMOGRIFICATION,True
teknoloji n-igennaden,kab,1,ltr,Digital Humanities,TRANSMOGRIFICATION,True
digital shinggyim nga pra masa,kac,1,ltr,Digital Humanities,STRUCTURAL_ABSENCE,True
ဒေသီယာလူ့သိပ္ပံ,kac,1,ltr,Digital Humanities,STRUCTURAL_ABSENCE,True
dijital myen hpyen shaloi,kac,1,ltr,Digital Humanities,STRUCTURAL_ABSENCE,True
mungga hpak hpak hte seng ai lam hte seng ai ga shaga,kac,1,ltr,Digital Humanities,STRUCTURAL_ABSENCE,True
ၾကီးႏိုင္ သတင္စာ ဘူမန္ေလ,kac,1,ltr,Digital Humanities,STRUCTURAL_ABSENCE,True
dygtelike menskunde,jut,1,ltr,Digital Humanities,STRUCTURAL_ABSENCE,True
ספרות דיגיטלי,jrb,1,rtl,Digital Humanities,TRANSMOGRIFICATION,True
дигитальныя гуманістычныя науки,izh,1,ltr,Digital Humanities,TRANSMOGRIFICATION,True
אלעלום אלרקמיה אלאנסאניה,jrb,1,rtl,Digital Humanities,TRANSMOGRIFICATION,True
хитуудэ хинтелехүд,izh,1,ltr,Digital Humanities,TRANSMOGRIFICATION,True
デジタル・ヒューマニティーズ,ja,1,ltr,Digital Humanities,PRODUCTIVE_DISAGREEMENT,True
dijital yuumanitiz,jam,1,ltr,Digital Humanities,STRUCTURAL_ABSENCE,True
dijitl humaniti,jam,1,ltr,Digital Humanities,STRUCTURAL_ABSENCE,True
teknologi weh di humanities,jam,1,ltr,Digital Humanities,STRUCTURAL_ABSENCE,True
digitul humanites,jam,1,ltr,Digital Humanities,STRUCTURAL_ABSENCE,True
dijital humaneiti,jam,1,ltr,Digital Humanities,STRUCTURAL_ABSENCE,True
mucti tadni,jbo,1,ltr,Digital Humanities,TRANSMOGRIFICATION,True
dijto remna kulnu,jbo,1,ltr,Digital Humanities,TRANSMOGRIFICATION,True
digjital humanitas,jbo,1,ltr,Digital Humanities,TRANSMOGRIFICATION,True
skami remna selcu'a,jbo,1,ltr,Digital Humanities,TRANSMOGRIFICATION,True
djunalygajy.ubyvla,jbo,1,ltr,Digital Humanities,TRANSMOGRIFICATION,True
digital-humanitero,jbo,1,ltr,Digital Humanities,TRANSMOGRIFICATION,True
dilcu'i se zasti valsi,jbo,1,ltr,Digital Humanities,TRANSMOGRIFICATION,True
digital-lertu-humana,jbo,1,ltr,Digital Humanities,TRANSMOGRIFICATION,True
mbɔ̌ nɛ̀m ɛlɛktrɔ̀nik,jgo,1,ltr,Digital Humanities,STRUCTURAL_ABSENCE,True
bikɔ̌ŋ bímbɔ́ŋɛ́ bísí,jgo,1,ltr,Digital Humanities,STRUCTURAL_ABSENCE,True
bɛyɔm ɩnɛtɩk,jgo,1,ltr,Digital Humanities,STRUCTURAL_ABSENCE,True
mvumbwa-ngomba-mbu,jgo,1,ltr,Digital Humanities,STRUCTURAL_ABSENCE,True
tayyala ya digital,jmc,1,ltr,Digital Humanities,STRUCTURAL_ABSENCE,True
digitali mwanadamu,jmc,1,ltr,Digital Humanities,STRUCTURAL_ABSENCE,True
ujenzi digitali,jmc,1,ltr,Digital Humanities,STRUCTURAL_ABSENCE,True
hamishani ya diguwali,jmc,1,ltr,Digital Humanities,STRUCTURAL_ABSENCE,True
dijitāl vidyākāṇḍa,jml,1,ltr,Digital Humanities,TRANSMOGRIFICATION,True
דיגיטאל הומניטיז,jpr,1,rtl,Digital Humanities,TRANSMOGRIFICATION,True
بومدانیکای دیجیتالی,jpr,1,rtl,Digital Humanities,TRANSMOGRIFICATION,True
دیجیتال هاینټمینس,jpr,1,rtl,Digital Humanities,TRANSMOGRIFICATION,True
טכנולוגיה של אדם הדומה,jpr,1,rtl,Digital Humanities,TRANSMOGRIFICATION,True
אלעלום אלדיגיטליה אלאנסאניה,jrb,1,rtl,Digital Humanities,TRANSMOGRIFICATION,True
ụmụrịcha ọnọdụ ịntanetị,ig,1,ltr,Digital Humanities,STRUCTURAL_ABSENCE,True
mmekọrịta ọmụmụ ihe dijitalụ,ig,1,ltr,Digital Humanities,STRUCTURAL_ABSENCE,True
gudang.ngaay haayda kil,hax,1,ltr,Digital Humanities,STRUCTURAL_ABSENCE,True
cov lus fwj auj koob siv tshuaj,hmn,1,ltr,Digital Humanities,STRUCTURAL_ABSENCE,True
neeg vaj siab tshiab,hmn,1,ltr,Digital Humanities,STRUCTURAL_ABSENCE,True
د دیجیټل هنسن مطالعې,hnd,1,rtl,Digital Humanities,TRANSMOGRIFICATION,True
tib neeg kev kawm digital,hnj,1,ltr,Digital Humanities,STRUCTURAL_ABSENCE,True
txoj yug nyob,hnj,1,ltr,Digital Humanities,STRUCTURAL_ABSENCE,True
dzib tsuam haisub,hnj,1,ltr,Digital Humanities,STRUCTURAL_ABSENCE,True
hmoob dhawb txog thiab hais,hnj,1,ltr,Digital Humanities,STRUCTURAL_ABSENCE,True
sulat nga teknolohiya,hnn,1,ltr,Digital Humanities,STRUCTURAL_ABSENCE,True
tataramanukyanon digital,hnn,1,ltr,Digital Humanities,STRUCTURAL_ABSENCE,True
panag-uma-digital,hnn,1,ltr,Digital Humanities,STRUCTURAL_ABSENCE,True
د دیجیټل هنسن مطالعات,hno,1,rtl,Digital Humanities,TRANSMOGRIFICATION,True
ڈیجٹل انسانیتیز,hno,1,rtl,Digital Humanities,TRANSMOGRIFICATION,True
numera haroharoai,ho,1,ltr,Digital Humanities,STRUCTURAL_ABSENCE,True
buk na kain,ho,1,ltr,Digital Humanities,STRUCTURAL_ABSENCE,True
langa numeralu hutan,ho,1,ltr,Digital Humanities,STRUCTURAL_ABSENCE,True
digitaalini humaniti,ho,1,ltr,Digital Humanities,STRUCTURAL_ABSENCE,True
taule'a digitale,ho,1,ltr,Digital Humanities,STRUCTURAL_ABSENCE,True
nguồn nhân văn số,hoc,1,ltr,Digital Humanities,TRANSMOGRIFICATION,True
nhūng̀ di-ji-tāl hū-māni-tī,hoc,1,ltr,Digital Humanities,TRANSMOGRIFICATION,True
díligts nútnáskis,hoc,1,ltr,Digital Humanities,TRANSMOGRIFICATION,True
humanitikal digitali,hoc,1,ltr,Digital Humanities,TRANSMOGRIFICATION,True
dijitali humāniti,hoj,1,ltr,Digital Humanities,TRANSMOGRIFICATION,True
kuɣaŋa tɔŋa,hoj,1,ltr,Digital Humanities,TRANSMOGRIFICATION,True
digitaal humanitaati,hoj,1,ltr,Digital Humanities,TRANSMOGRIFICATION,True
humanitats digilogi,hoj,1,ltr,Digital Humanities,TRANSMOGRIFICATION,True
naa'öngvit qatsi,hop,1,ltr,Digital Humanities,TRANSMOGRIFICATION,True
sinom tunatya himu'ytangwu,hop,1,ltr,Digital Humanities,TRANSMOGRIFICATION,True
naawakna hink'a'ytaqa tuuvingtoti,hop,1,ltr,Digital Humanities,TRANSMOGRIFICATION,True
qatsi himu'isvuyungwani,hop,1,ltr,Digital Humanities,TRANSMOGRIFICATION,True
numu 'a'a wivita mani,hop,1,ltr,Digital Humanities,TRANSMOGRIFICATION,True
dzib tsuam haisim vaj niam,hmn,1,ltr,Digital Humanities,STRUCTURAL_ABSENCE,True
txiab kev pab txog,hmn,1,ltr,Digital Humanities,STRUCTURAL_ABSENCE,True
digitalne humanosti,hr,1,ltr,Digital Humanities,TRANSMOGRIFICATION,True
tus lej tib neeg kev kawm,hmn,1,ltr,Digital Humanities,STRUCTURAL_ABSENCE,True
ḵ'íit'as g̱áwgaay,hax,1,ltr,Digital Humanities,STRUCTURAL_ABSENCE,True
ḵaayuux̱waałii,hax,1,ltr,Digital Humanities,STRUCTURAL_ABSENCE,True
g̲aay ʔáxw',hax,1,ltr,Digital Humanities,STRUCTURAL_ABSENCE,True
giidagang aanaawaa,hax,1,ltr,Digital Humanities,STRUCTURAL_ABSENCE,True
علوم انسانی دیجیتل,haz,1,rtl,Digital Humanities,TRANSMOGRIFICATION,True
دیتالی انسایکلوپیډیا,haz,1,rtl,Digital Humanities,TRANSMOGRIFICATION,True
رېږدې‌مي‌نې انساني‌ات,haz,1,rtl,Digital Humanities,TRANSMOGRIFICATION,True
دیجیتال بشتارک,haz,1,rtl,Digital Humanities,TRANSMOGRIFICATION,True
táhl kwáan hlg̱áayda sg̱áayda,hdn,1,ltr,Digital Humanities,STRUCTURAL_ABSENCE,True
ḵ’ááwgang.ahl ḵ’ááwgang.ahl,hdn,1,ltr,Digital Humanities,STRUCTURAL_ABSENCE,True
g̱aagidíi xʷaanaakw,hdn,1,ltr,Digital Humanities,STRUCTURAL_ABSENCE,True
g̲aay ḵáawu',hdn,1,ltr,Digital Humanities,STRUCTURAL_ABSENCE,True
t'aaní aani k'aahlijaa,hdn,1,ltr,Digital Humanities,STRUCTURAL_ABSENCE,True
מִדְעוֹת דִּיגִיטָלִיּוֹת‎,he,1,rtl,Digital Humanities,PRODUCTIVE_DISAGREEMENT,True
טכנולוגיה דיגיטלית של אדם,he,1,rtl,Digital Humanities,PRODUCTIVE_DISAGREEMENT,True
अभिकलनात्मक मानविकी,hi,1,ltr,Digital Humanities,PRODUCTIVE_DISAGREEMENT,True
digmaan sa mga dakoang pagtuturo,hil,1,ltr,Digital Humanities,STRUCTURAL_ABSENCE,True
mga sangkap sang digital nga pagpangataw,hil,1,ltr,Digital Humanities,STRUCTURAL_ABSENCE,True
nēšili humanitas,hit,1,ltr,Digital Humanities,TRANSMOGRIFICATION,True
ḫatteššar ḫuišwatar,hit,1,ltr,Digital Humanities,TRANSMOGRIFICATION,True
ḫattātar šuppiyaš ḫattātar,hit,1,ltr,Digital Humanities,TRANSMOGRIFICATION,True
𒁾𒁉𒀀𒀜 𒀭𒋾𒅖𒅗𒀭𒍝,hit,1,ltr,Digital Humanities,TRANSMOGRIFICATION,True
kuš.kur.ra.ab.ba,hit,1,ltr,Digital Humanities,TRANSMOGRIFICATION,True
ḫuruta-ḫuḫḫušša,hit,1,ltr,Digital Humanities,TRANSMOGRIFICATION,True
enuityammešḫa,hit,1,ltr,Digital Humanities,TRANSMOGRIFICATION,True
kur-ra-an-za-ni-ia-as,hit,1,ltr,Digital Humanities,TRANSMOGRIFICATION,True
kev tshawb fawb txog kev cai lij choj digital,hmd,1,ltr,Digital Humanities,STRUCTURAL_ABSENCE,True
mbae vajxuam njix sij,hmd,1,ltr,Digital Humanities,STRUCTURAL_ABSENCE,True
kev kawm txog tib neeg hauv digital,hmn,1,ltr,Digital Humanities,STRUCTURAL_ABSENCE,True
köwàtso hikyávam,hop,1,ltr,Digital Humanities,TRANSMOGRIFICATION,True
digitalne humanistiske wědomosće,hsb,1,ltr,Digital Humanities,TRANSMOGRIFICATION,True
mmụta dijitalụ nke mmadụ,ig,1,ltr,Digital Humanities,STRUCTURAL_ABSENCE,True
համակարգային գիտություններ,hy,1,ltr,Digital Humanities,PRODUCTIVE_DISAGREEMENT,True
դիգիտալ համայնքեր,hy,1,ltr,Digital Humanities,PRODUCTIVE_DISAGREEMENT,True
omaimbilo omadijitale,hz,1,ltr,Digital Humanities,STRUCTURAL_ABSENCE,True
ombazu yomatumburiro womandje,hz,1,ltr,Digital Humanities,STRUCTURAL_ABSENCE,True
ondjokonona yomapurogiramu,hz,1,ltr,Digital Humanities,STRUCTURAL_ABSENCE,True
ombwe ya digital,hz,1,ltr,Digital Humanities,STRUCTURAL_ABSENCE,True
didigitaalutu humanita,hz,1,ltr,Digital Humanities,STRUCTURAL_ABSENCE,True
ondiholwano digitale,hz,1,ltr,Digital Humanities,STRUCTURAL_ABSENCE,True
main digital,iba,1,ltr,Digital Humanities,STRUCTURAL_ABSENCE,False
pengelap data digital,iba,1,ltr,Digital Humanities,STRUCTURAL_ABSENCE,True
pendidikan digital,iba,1,ltr,Digital Humanities,STRUCTURAL_ABSENCE,True
ikọñọ ekpeme,ibb,1,ltr,Digital Humanities,TRANSMOGRIFICATION,True
ñwed ufọk ye ñwed ọkọñọdọñọ,ibb,1,ltr,Digital Humanities,TRANSMOGRIFICATION,True
nka ufọk-n̄wed n̄kpọ-ndụn̄ọde eke kọmputa,ibb,1,ltr,Digital Humanities,TRANSMOGRIFICATION,True
ọkpụkpụ ịntanetị ụmụaka,ibb,1,ltr,Digital Humanities,TRANSMOGRIFICATION,True
ọdụtịn ọma ọma,ibb,1,ltr,Digital Humanities,TRANSMOGRIFICATION,True
ndéta ọchịchị elektrikị,ibb,1,ltr,Digital Humanities,TRANSMOGRIFICATION,True
inyang itit-iwobo,ibb,1,ltr,Digital Humanities,TRANSMOGRIFICATION,True
digitale humaniste,ie,1,ltr,Digital Humanities,STRUCTURAL_ABSENCE,True
humanitats digitala,ie,1,ltr,Digital Humanities,STRUCTURAL_ABSENCE,True
ìmọ̀ ẹ̀dá oníṣirò,ife,1,ltr,Digital Humanities,STRUCTURAL_ABSENCE,True
èdá ìjìnlẹ̀ ènìyàn oní-nọmba,ife,1,ltr,Digital Humanities,STRUCTURAL_ABSENCE,True
ijinlẹ̀ àwọn ènìyàn oníṣẹ́ kọ̀ǹpútà,ife,1,ltr,Digital Humanities,STRUCTURAL_ABSENCE,True
àgbà ìmọ̀lẹ̀ àrínlórìn-ṣe,ife,1,ltr,Digital Humanities,STRUCTURAL_ABSENCE,True
ìtajá àwọn imọ̀ onítàn díjìtálù,ife,1,ltr,Digital Humanities,STRUCTURAL_ABSENCE,True
ọ̀rọ̀ àṣà òtítọ́pọ̀,ife,1,ltr,Digital Humanities,STRUCTURAL_ABSENCE,True
ise-oluwa ni yara digitali,ife,1,ltr,Digital Humanities,STRUCTURAL_ABSENCE,True
ụmụ mmadụ dijitalụ,ig,1,ltr,Digital Humanities,STRUCTURAL_ABSENCE,True
ihe ùgwù ụmụ mmadụ,ig,1,ltr,Digital Humanities,STRUCTURAL_ABSENCE,True
sayensị na teknụzụ ọdịbendị,ig,1,ltr,Digital Humanities,STRUCTURAL_ABSENCE,True
թվային մարդաբանություն,hy,1,ltr,Digital Humanities,PRODUCTIVE_DISAGREEMENT,True
դժբախտ մարդիկ,hy,1,ltr,Digital Humanities,PRODUCTIVE_DISAGREEMENT,True
digitalne humanitne wědy,hsb,1,ltr,Digital Humanities,TRANSMOGRIFICATION,True
թվային հումանիտար գիտություններ,hy,1,ltr,Digital Humanities,PRODUCTIVE_DISAGREEMENT,True
digitalná humanistika,hsb,1,ltr,Digital Humanities,TRANSMOGRIFICATION,True
zywadnje łudowe,hsb,1,ltr,Digital Humanities,TRANSMOGRIFICATION,True
dì jì shū huà,hsn,1,ltr,Digital Humanities,STRUCTURAL_ABSENCE,True
syans imanitè dijital,ht,1,ltr,Digital Humanities,TRANSMOGRIFICATION,True
reflechi sou fason lèzòm pral viv,ht,1,ltr,Digital Humanities,TRANSMOGRIFICATION,True
syans imèn dijital,ht,1,ltr,Digital Humanities,TRANSMOGRIFICATION,True
simanite nimerik,ht,1,ltr,Digital Humanities,TRANSMOGRIFICATION,True
imèrni dijital,ht,1,ltr,Digital Humanities,TRANSMOGRIFICATION,True
dijital leri,ht,1,ltr,Digital Humanities,TRANSMOGRIFICATION,True
òmistik dijital,ht,1,ltr,Digital Humanities,TRANSMOGRIFICATION,True
pèsonajitè yonkò digitil,ht,1,ltr,Digital Humanities,TRANSMOGRIFICATION,True
informatik nan lwen peyizan,ht,1,ltr,Digital Humanities,TRANSMOGRIFICATION,True
digitális bölcsészet,hu,1,ltr,Digital Humanities,PRODUCTIVE_DISAGREEMENT,True
digitális humán tudományok,hu,1,ltr,Digital Humanities,PRODUCTIVE_DISAGREEMENT,True
digitális bölcsészettudományok,hu,1,ltr,Digital Humanities,PRODUCTIVE_DISAGREEMENT,True
digitális tudományok,hu,1,ltr,Digital Humanities,PRODUCTIVE_DISAGREEMENT,True
digitális humanitás,hu,1,ltr,Digital Humanities,PRODUCTIVE_DISAGREEMENT,True
digitális humanities,hu,1,ltr,Digital Humanities,PRODUCTIVE_DISAGREEMENT,True
digitális humanitáriák,hu,1,ltr,Digital Humanities,PRODUCTIVE_DISAGREEMENT,True
digital xonta:n,hup,1,ltr,Digital Humanities,STRUCTURAL_ABSENCE,True
naxwe:y lha:y' 'e:na:wh,hup,1,ltr,Digital Humanities,STRUCTURAL_ABSENCE,True
ding'ee' xowhona'whit'a',hup,1,ltr,Digital Humanities,STRUCTURAL_ABSENCE,True
dikisit wunutuwee,hup,1,ltr,Digital Humanities,STRUCTURAL_ABSENCE,True
xwelítem te sísele,hur,1,ltr,Digital Humanities,STRUCTURAL_ABSENCE,True
t'ílem q'íxélh,hur,1,ltr,Digital Humanities,STRUCTURAL_ABSENCE,True
sqwalew̲el̲ sx̱eḻtens,hur,1,ltr,Digital Humanities,STRUCTURAL_ABSENCE,True
qʷi’təɬ ʔəyəwəy̓,hur,1,ltr,Digital Humanities,STRUCTURAL_ABSENCE,True
lhasew'melh lhuusiiyaa,hur,1,ltr,Digital Humanities,STRUCTURAL_ABSENCE,True
sxwóxwiyem t'uxwsa7ánt'exw,hur,1,ltr,Digital Humanities,STRUCTURAL_ABSENCE,True
dijital dilal！,zza,1,ltr,Digital Humanities,TRANSMOGRIFICATION,True
digital humanities,en,1,ltr,Digital Humanities,PRODUCTIVE_DISAGREEMENT,True
