search_term,natural_language,counts,directionality,search_term_source,category,keep_term
डिजिटल मानविकी,"anp, awa, bap, bfy, bgc, bh, bhb, bhi, bho, bjj, bra, doi, dty, gbm, gju, gom, gon, gvr, hi, hif, hne, hoc, hoj, jml, kfr, kfy, khb, knn, kok, kru, kxp, lif, lki, lmn, mag, mai, mgp, mr, mrd, mtr, mwr, ne, new, noe, nwc, raj, rjs, sa, saz, snf, srx, suz, swv, taj, tdg, tdh, thl, thq, thr, tkt, tsj, unr, unx, wbr, xnr, xsr",66,ltr,Digital Humanities,"PRODUCTIVE_DISAGREEMENT, STRUCTURAL_ABSENCE, TRANSMOGRIFICATION",true
डिजिटल मानवीयता,"bgc, bho, doi, gbm, gu, gvr, hi, hne, ks, lep, lif, mai, mgp, mr, mrd, mwr, ne, new, pa, raj, sd, swv, taj, tdg, te, thl",26,ltr,Digital Humanities,"PRODUCTIVE_DISAGREEMENT, STRUCTURAL_ABSENCE, TRANSMOGRIFICATION",true
humaniora digital,"ace, aoz, ban, bbc, bew, bjn, bug, gay, gor, id, jv, kvr, lbw, ljp, mad, mak, map-bms, min, nia, nij, sas, sly, su, sxn",24,ltr,Digital Humanities,"PRODUCTIVE_DISAGREEMENT, STRUCTURAL_ABSENCE",true
humanidades digitais,"blo, ch, ext, gl, gub, kao, kea, kgp, kj, kmb, knf, lad, lam, mwl, pt, qu, seh, smp, ter, tet, umb, xpr, yrl",23,ltr,Digital Humanities,"COMPLETE_CONSENSUS, STRUCTURAL_ABSENCE, TRANSMOGRIFICATION",true
digitale humaniora,"af, da, den, dnj, frs, fy, gos, jut, kkj, li, nb, nds-nl, nl, nn, no, pdt, tem, vls, vmf, zea",20,ltr,Digital Humanities,"PRODUCTIVE_DISAGREEMENT, STRUCTURAL_ABSENCE, TRANSMOGRIFICATION",true
humanidades digitales,"an, arn, ast, bvb, es, ext, guc, krj, lad, len, mwl, nhe, pap, qu, rap, xld, yua, zap",18,ltr,Digital Humanities,"COMPLETE_CONSENSUS, STRUCTURAL_ABSENCE, TRANSMOGRIFICATION",true
цифровые гуманитарные науки,"ady, av, ckt, cu, dar, evn, izh, kbd, kjh, koi, mns, mnw, myv, ru, tt, udm, yrk",17,ltr,Digital Humanities,"PRODUCTIVE_DISAGREEMENT, STRUCTURAL_ABSENCE, TRANSMOGRIFICATION",true
kebudayaan digital,"ban, bew, bjn, bug, dtp, gor, id, jv, kcg, mad, mak, map-bms, mfa, ms, sly, su",16,ltr,Digital Humanities,"PRODUCTIVE_DISAGREEMENT, STRUCTURAL_ABSENCE",true
ڈیجیٹل انسانیات,"bal, bft, bgn, brh, dcc, gju, hnd, hno, kfr, khw, ks, lah, skr, trw, ur",15,rtl,Digital Humanities,"STRUCTURAL_ABSENCE, TRANSMOGRIFICATION",true
kemanusiaan digital,"ace, bbc, bjn, iba, ljp, mad, mak, map-bms, mdr, mfa, ms, nij, sly, zmi",14,ltr,Digital Humanities,STRUCTURAL_ABSENCE,true
humanités numériques,"en, fr, frc, frm, fro, gcr, lb, ln, mg, nrm, pcd, wa, xpr",13,ltr,Digital Humanities,"COMPLETE_CONSENSUS, PRODUCTIVE_DISAGREEMENT, STRUCTURAL_ABSENCE, TRANSMOGRIFICATION",true
العلوم الإنسانية الرقمية,"aeb, apc, apd, ar, arq, ars, ary, arz, fvr, jrb, kbl, mey, shu",13,rtl,Digital Humanities,"PRODUCTIVE_DISAGREEMENT, TRANSMOGRIFICATION",true
डिजिटल ह्यूमनाइटीज़,"bfy, bhb, bho, bjj, doi, gbm, hif, hne, kvx, mtr, srx, thl, tkt",13,ltr,Digital Humanities,"STRUCTURAL_ABSENCE, TRANSMOGRIFICATION",true
ڈیجیٹل ہیومینٹیز,"brh, btv, dcc, gjk, gju, hnd, hno, khw, ks, lah, skr, trw, ur",13,rtl,Digital Humanities,"STRUCTURAL_ABSENCE, TRANSMOGRIFICATION",true
数位人文,"bvb, fan, ken, khb, mfv, sbp, smp, snf, xcr, xld, xmn, xnr, yav",13,ltr,Digital Humanities,"STRUCTURAL_ABSENCE, TRANSMOGRIFICATION",true
цифровой гуманитарий,"ce, chm, dar, dng, inh, kum, lbe, lez, mrj, nog, tkr, ttt",12,ltr,Digital Humanities,"STRUCTURAL_ABSENCE, TRANSMOGRIFICATION",true
الإنسانية الدقيقة,"aeb, apc, apd, ar, ars, arz, mey, rmt, shi, shu, wbr",11,rtl,Digital Humanities,"PRODUCTIVE_DISAGREEMENT, STRUCTURAL_ABSENCE, TRANSMOGRIFICATION",true
数字人文,"dng, gan, hmd, hsn, ii, mdr, nxq, smp, wuu, yao, za",11,ltr,Digital Humanities,"STRUCTURAL_ABSENCE, TRANSMOGRIFICATION",true
digital humaniora,"da, id, kvr, lb, nb, nn, no, sas, srn, sv",10,ltr,Digital Humanities,"PRODUCTIVE_DISAGREEMENT, STRUCTURAL_ABSENCE",true
umanità digitale,"co, fur, it, lmo, nap, pms, sc, scn, vec, xum",10,ltr,Digital Humanities,"MEASUREMENT_ARTEFACT, PRODUCTIVE_DISAGREEMENT, STRUCTURAL_ABSENCE, TRANSMOGRIFICATION",true
dijital insaniyat,"bgn, diq, fia, fvr, gag, kiu, mde, rhg, rmt",9,ltr,Digital Humanities,"STRUCTURAL_ABSENCE, TRANSMOGRIFICATION",true
digitale geisteswissenschaften,"bar, de, gsw, lb, pfl, prg, swg, ter, vmf",9,ltr,Digital Humanities,"PRODUCTIVE_DISAGREEMENT, STRUCTURAL_ABSENCE, TRANSMOGRIFICATION",true
デジタル人文科学,"abr, blo, bra, bum, kxp, ryu, sei, sus, syi",9,ltr,Digital Humanities,"STRUCTURAL_ABSENCE, TRANSMOGRIFICATION",true
humanidades digital,"fil, hil, ilo, kea, pap, tet, tl, war",8,ltr,Digital Humanities,STRUCTURAL_ABSENCE,true
ubinadamu wa kidijitali,"afh, bez, jmc, kde, ksb, sw, wni, zdj",8,ltr,Digital Humanities,"STRUCTURAL_ABSENCE, TRANSMOGRIFICATION",true
digitalna humanistika,"bs, cnr, crn, dsb, hr, sh, sl, sr",8,ltr,Digital Humanities,"PRODUCTIVE_DISAGREEMENT, STRUCTURAL_ABSENCE, TRANSMOGRIFICATION",true
sayansi ya kidijitali ya binadamu,"asa, dav, jmc, ksb, nym, sbp, vun, wni",8,ltr,Digital Humanities,"STRUCTURAL_ABSENCE, TRANSMOGRIFICATION",true
humanitè digitale,"frp, mos, rcf, snk, swb, wni, zdj",7,ltr,Digital Humanities,"STRUCTURAL_ABSENCE, TRANSMOGRIFICATION",true
ilmu kemanusiaan digital,"ace, bew, gay, kvr, mfa, rej, sas",7,ltr,Digital Humanities,STRUCTURAL_ABSENCE,true
kamanusiaan digital,"bbc, bjn, bug, mak, min, sly, sxn",7,ltr,Digital Humanities,STRUCTURAL_ABSENCE,true
दिजिटल ह्यूमनाइटीज़,"awa, gvr, mag, mrd, ss, thq, thr",7,ltr,Digital Humanities,"STRUCTURAL_ABSENCE, TRANSMOGRIFICATION",true
数字人文学,"cdo, gan, hsn, mdr, nxq, wuu, za",7,ltr,Digital Humanities,"STRUCTURAL_ABSENCE, TRANSMOGRIFICATION",true
علوم انسانی دیجیتال,"bqi, fa, gbz, jpr, luz, prd",6,rtl,Digital Humanities,"PRODUCTIVE_DISAGREEMENT, STRUCTURAL_ABSENCE, TRANSMOGRIFICATION",true
digitale geesteswetenschappen,"dum, li, nds-nl, nl, vls, zea",6,ltr,Digital Humanities,"PRODUCTIVE_DISAGREEMENT, TRANSMOGRIFICATION",true
dijital insani bilimler,"bgx, crh, kiu, ota, tk, tr",6,ltr,Digital Humanities,"PRODUCTIVE_DISAGREEMENT, STRUCTURAL_ABSENCE, TRANSMOGRIFICATION",true
數位人文學,"hak, lzh, nan, trv, zh-min-nan, zh-tw",6,ltr,Digital Humanities,"STRUCTURAL_ABSENCE, TRANSMOGRIFICATION",true
digitale humanities,"lfn, nds, nov, pdt, rm, wae",6,ltr,Digital Humanities,STRUCTURAL_ABSENCE,true
ডিজিটাল মানববিদ্যা,"bn, bpy, ccp, rjs, rkt, syl",6,ltr,Digital Humanities,TRANSMOGRIFICATION,true
डिजिटल मानव विज्ञान,"bgc, gbm, hi, kfr, mwr, raj",6,ltr,Digital Humanities,"PRODUCTIVE_DISAGREEMENT, TRANSMOGRIFICATION",true
數字人文學,"buc, cdo, gan, hsn, wuu, zh-tw",6,ltr,Digital Humanities,"STRUCTURAL_ABSENCE, TRANSMOGRIFICATION",true
डिजिटल मानवीकी,"bgc, bhb, bhi, gon, kvx, swv",6,ltr,Digital Humanities,"STRUCTURAL_ABSENCE, TRANSMOGRIFICATION",true
цифровой гуманитарный,"ckt, dar, kca, koi, mns, udm",6,ltr,Digital Humanities,TRANSMOGRIFICATION,true
digitale humanistika,"dsb, fiu-vro, hsb, hz, kaj, vro",6,ltr,Digital Humanities,"STRUCTURAL_ABSENCE, TRANSMOGRIFICATION",true
humanités digitales,"frm, fro, frp, nrm, oc, wa",6,ltr,Digital Humanities,"STRUCTURAL_ABSENCE, TRANSMOGRIFICATION",true
الإنسانيات الرقمية,"aeb, apc, apd, ar, arq, arz",6,rtl,Digital Humanities,"PRODUCTIVE_DISAGREEMENT, TRANSMOGRIFICATION",true
digitalne humanistike,"cnr, dsb, hsb, rmo, rmu, sl",6,ltr,Digital Humanities,"PRODUCTIVE_DISAGREEMENT, STRUCTURAL_ABSENCE, TRANSMOGRIFICATION",true
humanitats digitals,"an, ast, ca, oc, sc",5,ltr,Digital Humanities,"COMPLETE_CONSENSUS, STRUCTURAL_ABSENCE, TRANSMOGRIFICATION",true
ufundi wa dijitali,"afh, kde, swb, tum, vmw",5,ltr,Digital Humanities,"STRUCTURAL_ABSENCE, TRANSMOGRIFICATION",true
數字人文,"cdo, gan, lzh, wuu, zh-min-nan",5,ltr,Digital Humanities,TRANSMOGRIFICATION,true
العلوم الرقمية للحضارة,"aeb, apc, ars, ary, arz",5,rtl,Digital Humanities,TRANSMOGRIFICATION,true
數碼人文,"cdo, gan, lzh, mdr, zh-yue",5,ltr,Digital Humanities,"MEASUREMENT_ARTEFACT, STRUCTURAL_ABSENCE, TRANSMOGRIFICATION",true
ڊجيٽل انسانيات,"hnd, hno, kvx, sd, skr",5,rtl,Digital Humanities,"STRUCTURAL_ABSENCE, TRANSMOGRIFICATION",true
डिजिटल मानवशास्त्र,"gom, kok, mr, new, tkt",5,ltr,Digital Humanities,"STRUCTURAL_ABSENCE, TRANSMOGRIFICATION",true
dijital insanlar bilimleri,"bgx, crh, gag, otk, zza",5,ltr,Digital Humanities,"STRUCTURAL_ABSENCE, TRANSMOGRIFICATION",true
digitale menschheitswissenschaften,"als, bar, nds, pfl, swg",5,ltr,Digital Humanities,"STRUCTURAL_ABSENCE, TRANSMOGRIFICATION",true
digital na humanidades,"bcl, bik, bto, fil, pag",5,ltr,Digital Humanities,STRUCTURAL_ABSENCE,true
digitalne humanističke nauke,"bs, cnr, crn, sh, sr",5,ltr,Digital Humanities,"PRODUCTIVE_DISAGREEMENT, STRUCTURAL_ABSENCE, TRANSMOGRIFICATION",true
makala ya kielektroniki,"dav, mer, nym, suk, wni",5,ltr,Digital Humanities,"STRUCTURAL_ABSENCE, TRANSMOGRIFICATION",true
دیجیتال انسانیاتی,"bgn, gbz, lki, lrc, luz",5,rtl,Digital Humanities,TRANSMOGRIFICATION,true
الآداب الرقمية,"aeb, apd, ar, ars, shu",5,rtl,Digital Humanities,"PRODUCTIVE_DISAGREEMENT, TRANSMOGRIFICATION",true
budaya digital,"dtp, kvr, ljp, mfa, rej",5,ltr,Digital Humanities,STRUCTURAL_ABSENCE,true
數位人文,"hak, lzh, nan, zh-min-nan, zh-tw",5,ltr,Digital Humanities,"STRUCTURAL_ABSENCE, TRANSMOGRIFICATION",true
デジタルヒューマニティーズ,"anp, lah, mai, rjs, unr",5,ltr,Digital Humanities,"STRUCTURAL_ABSENCE, TRANSMOGRIFICATION",true
humanitas digital,"ace, bjn, gay, ms, zmi",5,ltr,Digital Humanities,STRUCTURAL_ABSENCE,true
डिजीटल मानविकी,"awa, bft, kfy, kvx, rkt",5,ltr,Digital Humanities,"STRUCTURAL_ABSENCE, TRANSMOGRIFICATION",true
digitale menschlichkeit,"bar, ksh, pdc, pfl, vmf",5,ltr,Digital Humanities,"STRUCTURAL_ABSENCE, TRANSMOGRIFICATION",true
มนุษยศาสตร์ดิจิทัล,"kxm, nod, sou, tts",4,ltr,Digital Humanities,TRANSMOGRIFICATION,true
دیجیتال علوم بشر,"fa, gbz, luz, mzn",4,rtl,Digital Humanities,"PRODUCTIVE_DISAGREEMENT, TRANSMOGRIFICATION",true
umanità digitala,"lij, lld, mhn, rgn",4,ltr,Digital Humanities,"STRUCTURAL_ABSENCE, TRANSMOGRIFICATION",true
دیجیٹل انسانیات,"hnd, hno, ks, ur",4,rtl,Digital Humanities,TRANSMOGRIFICATION,true
humanitats digitalas,"fur, mwl, pms, rm",4,ltr,Digital Humanities,"STRUCTURAL_ABSENCE, TRANSMOGRIFICATION",true
дигиталне хуманистике,"cnr, crn, sr, srb",4,ltr,Digital Humanities,"PRODUCTIVE_DISAGREEMENT, STRUCTURAL_ABSENCE, TRANSMOGRIFICATION",true
ubumuntu bwa digitali,"bez, buc, rw, rwk",4,ltr,Digital Humanities,"STRUCTURAL_ABSENCE, TRANSMOGRIFICATION",true
डिজিटल मानविकी,"mns, new, nwc, taj",4,ltr,Digital Humanities,"STRUCTURAL_ABSENCE, TRANSMOGRIFICATION",true
humanis digital,"bew, bjn, map-bms, su",4,ltr,Digital Humanities,STRUCTURAL_ABSENCE,true
humanități digitale,"mo, ro, roa-rup, rup",4,ltr,Digital Humanities,"STRUCTURAL_ABSENCE, TRANSMOGRIFICATION",true
pamantasang digital,"bcl, bik, bto, ilo",4,ltr,Digital Humanities,STRUCTURAL_ABSENCE,true
dijital insan bilimleri,"bgx, dzg, gag, kbl",4,ltr,Digital Humanities,"STRUCTURAL_ABSENCE, TRANSMOGRIFICATION",true
digital humanitats,"lfn, lld, rmy, rom",4,ltr,Digital Humanities,STRUCTURAL_ABSENCE,true
digital nga humanidades,"cps, hil, krj, war",4,ltr,Digital Humanities,STRUCTURAL_ABSENCE,true
ດິຈິຕອນມະນຸດສາດ,"blt, lcp, lo, stu",4,ltr,Digital Humanities,"STRUCTURAL_ABSENCE, TRANSMOGRIFICATION",true
humanities digital,"gor, id, mwv, nia",4,ltr,Digital Humanities,"PRODUCTIVE_DISAGREEMENT, STRUCTURAL_ABSENCE",true
ডিজিটাল মানবিকতা,"bpy, mro, rhg, rkt",4,ltr,Digital Humanities,"STRUCTURAL_ABSENCE, TRANSMOGRIFICATION",true
علوم انسانی دیجیتالی,"gbz, haz, lrc, luz",4,rtl,Digital Humanities,TRANSMOGRIFICATION,true
घरेलू मानवीयता,"bhi, gjk, thr, tkt",4,ltr,Digital Humanities,"STRUCTURAL_ABSENCE, TRANSMOGRIFICATION",true
dijital humanitis,"bi, pis, tem, tpi",4,ltr,Digital Humanities,STRUCTURAL_ABSENCE,true
დიჯიტალური ხელოვნება,"av, dar, ka, tkr",4,ltr,Digital Humanities,"STRUCTURAL_ABSENCE, TRANSMOGRIFICATION",true
ডিজিটাল মানৱিক বিজ্ঞান,"as, bpy, rkt",3,ltr,Digital Humanities,TRANSMOGRIFICATION,true
humanistyka cyfrowa,"be-x-old, pl, szl",3,ltr,Digital Humanities,"PRODUCTIVE_DISAGREEMENT, TRANSMOGRIFICATION",true
digitali geisteswüsseschafte,"als, gsw, wae",3,ltr,Digital Humanities,"STRUCTURAL_ABSENCE, TRANSMOGRIFICATION",true
digitalong humanidades,"bcl, bik, bto",3,ltr,Digital Humanities,STRUCTURAL_ABSENCE,true
ڊجيٽل انسانيت,"kfr, kxp, sd",3,rtl,Digital Humanities,TRANSMOGRIFICATION,true
digitaalne humanitaaria,"et, fiu-vro, vro",3,ltr,Digital Humanities,"PRODUCTIVE_DISAGREEMENT, TRANSMOGRIFICATION",true
دیجیتال هنرهای انسانی,"fa, glk, mzn",3,rtl,Digital Humanities,"PRODUCTIVE_DISAGREEMENT, TRANSMOGRIFICATION",true
رقمی علوم انسانی,"haz, ota, uz_AF",3,rtl,Digital Humanities,"STRUCTURAL_ABSENCE, TRANSMOGRIFICATION",true
الإنسانية الرقمية,"arq, bej, snf",3,rtl,Digital Humanities,"STRUCTURAL_ABSENCE, TRANSMOGRIFICATION",true
ዲጂታል ሰብአዊነት,"am, gez, tig",3,ltr,Digital Humanities,"STRUCTURAL_ABSENCE, TRANSMOGRIFICATION",true
mambo ya digitali,"ndc, tog, tum",3,ltr,Digital Humanities,TRANSMOGRIFICATION,true
digitale humanistiek,"gos, nds-nl, stq",3,ltr,Digital Humanities,TRANSMOGRIFICATION,true
डिजिटल मानवी शास्त्र,"gom, knn, kok",3,ltr,Digital Humanities,"STRUCTURAL_ABSENCE, TRANSMOGRIFICATION",true
dijitalne umetnosti,"bs, cnr, crn",3,ltr,Digital Humanities,"STRUCTURAL_ABSENCE, TRANSMOGRIFICATION",true
tlamatiliztli ipan tlapohualhuaztli,"nch, nhe, nhw",3,ltr,Digital Humanities,"STRUCTURAL_ABSENCE, TRANSMOGRIFICATION",true
ilmu pengetahuan digital manusia,"gor, lbw, nij",3,ltr,Digital Humanities,STRUCTURAL_ABSENCE,true
gidakiiminaan gizhawenimin,"oj, ojc, ojw",3,ltr,Digital Humanities,TRANSMOGRIFICATION,true
digitaalinen humanismi,"fi, fit, vot",3,ltr,Digital Humanities,"PRODUCTIVE_DISAGREEMENT, TRANSMOGRIFICATION",true
umanità digitali,"egl, scn, vec",3,ltr,Digital Humanities,"STRUCTURAL_ABSENCE, TRANSMOGRIFICATION",true
sayansi za kibinadamu za kidijitali,"swb, wni, zdj",3,rtl,Digital Humanities,TRANSMOGRIFICATION,true
digitale humanistikk,"nb, nn, no",3,ltr,Digital Humanities,STRUCTURAL_ABSENCE,true
tlilli tlahtolli tlamachiyotl,"nch, nhe, nhw",3,ltr,Digital Humanities,"STRUCTURAL_ABSENCE, TRANSMOGRIFICATION",true
цифровая гуманитаристика,"kv, tab, yrk",3,ltr,Digital Humanities,TRANSMOGRIFICATION,true
ܝܘܠܦܢ̈ܐ ܐܢܫܝ̈ܐ ܕܝܓܝܛܠܝ̈ܐ,"arc, syc, syr",3,rtl,Digital Humanities,"STRUCTURAL_ABSENCE, TRANSMOGRIFICATION",true
ܡܕܥܢܘܬܐ ܪ̈ܩܡܝܬܐ,"arc, syc, tru",3,rtl,Digital Humanities,"STRUCTURAL_ABSENCE, TRANSMOGRIFICATION",true
digitale menskunde,"li, pdt, zea",3,ltr,Digital Humanities,"STRUCTURAL_ABSENCE, TRANSMOGRIFICATION",true
digitála humaniora,"se, sma, smj",3,ltr,Digital Humanities,TRANSMOGRIFICATION,true
digitalna umjetnost,"bs, hr, sh",3,ltr,Digital Humanities,"PRODUCTIVE_DISAGREEMENT, STRUCTURAL_ABSENCE, TRANSMOGRIFICATION",true
digitalne humanističke znanosti,"bs, hr, sh",3,ltr,Digital Humanities,"PRODUCTIVE_DISAGREEMENT, STRUCTURAL_ABSENCE, TRANSMOGRIFICATION",true
sastra digital,"ban, kaw, ljp",3,ltr,Digital Humanities,STRUCTURAL_ABSENCE,true
kamanusaan digital,"ban, mad, su",3,ltr,Digital Humanities,STRUCTURAL_ABSENCE,true
дижитал хүмүүнлэг,"bxr, lol, mn",3,ltr,Digital Humanities,"STRUCTURAL_ABSENCE, TRANSMOGRIFICATION",true
digiálbmot,"se, smn, sms",3,ltr,Digital Humanities,TRANSMOGRIFICATION,true
ડિજિટલ માનવતા,"gjk, gu, kfr",3,ltr,Digital Humanities,TRANSMOGRIFICATION,true
sayansi za kidijitali za ubinadamu,"bez, kde, ksb",3,ltr,Digital Humanities,"STRUCTURAL_ABSENCE, TRANSMOGRIFICATION",true
numizmatika digitalna,"hr, sh, sr",3,ltr,Digital Humanities,"PRODUCTIVE_DISAGREEMENT, TRANSMOGRIFICATION",true
digitale geisteswetenschoppen,"frs, gos, nds",3,ltr,Digital Humanities,"STRUCTURAL_ABSENCE, TRANSMOGRIFICATION",true
دیجیتال انسانی علوم,"glk, haz, mzn",3,rtl,Digital Humanities,TRANSMOGRIFICATION,true
digitals nnipa ho adesua,"ak, fat, tw",3,ltr,Digital Humanities,"STRUCTURAL_ABSENCE, TRANSMOGRIFICATION",true
ادبیات دیجیتال,"jpr, prd, uz_AF",3,rtl,Digital Humanities,"STRUCTURAL_ABSENCE, TRANSMOGRIFICATION",true
ಡಿಜಿಟಲ್ ಮಾನವಿಕತೆ,"bfq, tcy, wbq",3,ltr,Digital Humanities,"STRUCTURAL_ABSENCE, TRANSMOGRIFICATION",true
دیجیتال علوم انسانی,"bqi, mzn, prd",3,rtl,Digital Humanities,TRANSMOGRIFICATION,true
dijitali hadamaya,"dyu, man, mwk",3,ltr,Digital Humanities,"STRUCTURAL_ABSENCE, TRANSMOGRIFICATION",true
limanité nimérik,"gcr, lou, rcf",3,ltr,Digital Humanities,"STRUCTURAL_ABSENCE, TRANSMOGRIFICATION",true
диджитал хумантизм,"bft, bua, ses",3,ltr,Digital Humanities,"STRUCTURAL_ABSENCE, TRANSMOGRIFICATION",true
ციფრული ჰუმანიტარია,"ka, lzz, xmf",3,ltr,Digital Humanities,TRANSMOGRIFICATION,true
humaniti digital,"dtp, iba, ms",3,ltr,Digital Humanities,STRUCTURAL_ABSENCE,true
دیجیتال ئینسانی,"bqi, lrc, luz",3,rtl,Digital Humanities,TRANSMOGRIFICATION,true
umunthu wa digito,"ny, tog, tum",3,ltr,Digital Humanities,"STRUCTURAL_ABSENCE, TRANSMOGRIFICATION",true
デジタルヒューマニティズ,"dty, kfr, srb",3,ltr,Digital Humanities,"STRUCTURAL_ABSENCE, TRANSMOGRIFICATION",true
humanitates digital,"ia, ie, lfn",3,ltr,Digital Humanities,"MEASUREMENT_ARTEFACT, STRUCTURAL_ABSENCE",true
umanità digital,"lmo, pms, rgn",3,ltr,Digital Humanities,"PRODUCTIVE_DISAGREEMENT, STRUCTURAL_ABSENCE",true
ubumuntu bwa digital,"bem, lun, rw",3,ltr,Digital Humanities,STRUCTURAL_ABSENCE,true
ดิจิทัลมนุษยศาสตร์,"nod, sou, tts",3,ltr,Digital Humanities,TRANSMOGRIFICATION,true
གྲངས་འཛིན་མི་ཆོས་རིག་པ།,"bo, dz",2,ltr,Digital Humanities,TRANSMOGRIFICATION,true
dijigitalne umetnosti,"sr, srb",2,ltr,Digital Humanities,"PRODUCTIVE_DISAGREEMENT, STRUCTURAL_ABSENCE",true
دیجیٹل ھیومینٹیز,"bal, bgn",2,rtl,Digital Humanities,TRANSMOGRIFICATION,true
ψηφιακές ανθρωπιστικές επιστήμες,"el, pnt",2,ltr,Digital Humanities,"PRODUCTIVE_DISAGREEMENT, TRANSMOGRIFICATION",true
دیجیټل هنسینم,"bal, prd",2,rtl,Digital Humanities,TRANSMOGRIFICATION,true
ڈیجیٹل انسایکلوپیڈیا,"brh, khw",2,rtl,Digital Humanities,TRANSMOGRIFICATION,true
دیجیتال بشریت,"bal, ps",2,rtl,Digital Humanities,TRANSMOGRIFICATION,true
digitaalmáhkkár,"smn, sms",2,ltr,Digital Humanities,TRANSMOGRIFICATION,true
imihlabathi yedigithali,"nd, nr",2,ltr,Digital Humanities,STRUCTURAL_ABSENCE,true
humanité numérique,"sg, wo",2,ltr,Digital Humanities,"STRUCTURAL_ABSENCE, TRANSMOGRIFICATION",true
ডিজিটাল হিউম্যানিটিজ,"mni, syl",2,ltr,Digital Humanities,"STRUCTURAL_ABSENCE, TRANSMOGRIFICATION",true
ubuntu bedijithali,"nd, xh",2,ltr,Digital Humanities,STRUCTURAL_ABSENCE,true
ဒီဂျစ်တယ် လူမှုသိပ္ပံ,"eky, kyu",2,ltr,Digital Humanities,"STRUCTURAL_ABSENCE, TRANSMOGRIFICATION",true
ဒီဂျီတယ် လူသားပညာ,"eky, kyu",2,ltr,Digital Humanities,"STRUCTURAL_ABSENCE, TRANSMOGRIFICATION",true
デジタル人文学,"dtm, ryu",2,ltr,Digital Humanities,"STRUCTURAL_ABSENCE, TRANSMOGRIFICATION",true
數碼人文學,"kkj, wuu",2,ltr,Digital Humanities,"STRUCTURAL_ABSENCE, TRANSMOGRIFICATION",true
санлы гуманитар фәннәр,"tt, ttt",2,ltr,Digital Humanities,TRANSMOGRIFICATION,true
kɔmputa hümaniti,"kpe, vai",2,ltr,Digital Humanities,STRUCTURAL_ABSENCE,true
tlatequitl tlahtolli,"nch, nhw",2,ltr,Digital Humanities,"STRUCTURAL_ABSENCE, TRANSMOGRIFICATION",true
digitaal humaniora,"hoj, snf",2,ltr,Digital Humanities,"STRUCTURAL_ABSENCE, TRANSMOGRIFICATION",true
ផ្សារដីបន្ទេស,"khb, tdd",2,ltr,Digital Humanities,"STRUCTURAL_ABSENCE, TRANSMOGRIFICATION",true
digitalne humanistiske wědy,"dsb, hsb",2,ltr,Digital Humanities,TRANSMOGRIFICATION,true
kabudayaan digital,"bug, sas",2,ltr,Digital Humanities,STRUCTURAL_ABSENCE,true
डिजिटल ह्युमनिटिज,"diq, lep",2,ltr,Digital Humanities,TRANSMOGRIFICATION,true
mukanda wa digital,"kmb, umb",2,ltr,Digital Humanities,STRUCTURAL_ABSENCE,true
digitaalhumanitaaria,"et, vro",2,ltr,Digital Humanities,"PRODUCTIVE_DISAGREEMENT, TRANSMOGRIFICATION",true
رقمی انسانیات,"lah, ur",2,rtl,Digital Humanities,"STRUCTURAL_ABSENCE, TRANSMOGRIFICATION",true
humanistikê dijital,"diq, zza",2,ltr,Digital Humanities,TRANSMOGRIFICATION,true
ਡਿਜ਼ਿਟਲ ਹਿਊਮੈਨਿਟੀਜ਼,"lah, pa",2,ltr,Digital Humanities,"STRUCTURAL_ABSENCE, TRANSMOGRIFICATION",true
sayansi ya anthu ya pa intaneti,"tog, tum",2,ltr,Digital Humanities,TRANSMOGRIFICATION,true
kajian kemanusiaan digital,"bug, sly",2,ltr,Digital Humanities,STRUCTURAL_ABSENCE,true
digitaal humanistika,"avk, fiu-vro",2,ltr,Digital Humanities,TRANSMOGRIFICATION,true
dijitali hadamadenya,"bm, kao",2,ltr,Digital Humanities,STRUCTURAL_ABSENCE,true
digitala humanistiko,"eo, io",2,ltr,Digital Humanities,TRANSMOGRIFICATION,true
тоон хүмүүнлиг ухаанууд,"bua, bxr",2,ltr,Digital Humanities,TRANSMOGRIFICATION,true
មនុស្សសាស្ត្រឌីជីថល,"km, kxm",2,ltr,Digital Humanities,"STRUCTURAL_ABSENCE, TRANSMOGRIFICATION",true
ಡಿಜಿಟಲ್ ಮಾನವಶಾಸ್ತ್ರ,"kn, tcy",2,ltr,Digital Humanities,TRANSMOGRIFICATION,true
jan sona pi ilo,"tok, tokipona",2,ltr,Digital Humanities,"STRUCTURAL_ABSENCE, TRANSMOGRIFICATION",true
ḍijiṭal manovshastra,"knn, kok",2,ltr,Digital Humanities,TRANSMOGRIFICATION,true
nasin sona pi ilo nanpa,"tok, tokipona",2,ltr,Digital Humanities,"STRUCTURAL_ABSENCE, TRANSMOGRIFICATION",true
dijital beşeri bilimler,"otk, tr",2,ltr,Digital Humanities,"PRODUCTIVE_DISAGREEMENT, TRANSMOGRIFICATION",true
pana seme,"tok, tokipona",2,ltr,Digital Humanities,"STRUCTURAL_ABSENCE, TRANSMOGRIFICATION",true
dijital dilal！,"dnj, zza",2,ltr,Digital Humanities,"STRUCTURAL_ABSENCE, TRANSMOGRIFICATION",true
дигитална хуманистика,"sr, srb",2,ltr,Digital Humanities,"PRODUCTIVE_DISAGREEMENT, STRUCTURAL_ABSENCE",true
дижитал гуманитарна ухаан,"bua, bxr",2,ltr,Digital Humanities,TRANSMOGRIFICATION,true
digitale mänschawissenskaps,"bar, nds",2,ltr,Digital Humanities,"STRUCTURAL_ABSENCE, TRANSMOGRIFICATION",true
skaitmeninės humanitarinės muokslā,"bat-smg, sgs",2,ltr,Digital Humanities,TRANSMOGRIFICATION,true
ডিজিটাল মানবিক বিদ্যা,"bpy, syl",2,ltr,Digital Humanities,TRANSMOGRIFICATION,true
kev tshawb fawb txog tib neeg hauv ntiaj teb digital,"hmn, hnj",2,ltr,Digital Humanities,STRUCTURAL_ABSENCE,true
humana digitale,"uli, yap",2,ltr,Digital Humanities,STRUCTURAL_ABSENCE,true
санлы гуманитар илимлер,"kum, nog",2,ltr,Digital Humanities,TRANSMOGRIFICATION,true
cyberhumanistyka,"sli, szl",2,ltr,Digital Humanities,TRANSMOGRIFICATION,true
cyfrowe humanistyka,"sli, szl",2,ltr,Digital Humanities,TRANSMOGRIFICATION,true
humanitaria digitale,"bft, sq",2,ltr,Digital Humanities,TRANSMOGRIFICATION,true
رقمی انسانیت,"bft, chg",2,rtl,Digital Humanities,TRANSMOGRIFICATION,true
cov neeg siv lus fua ntawm kev sau huv,"hmn, mww",2,ltr,Digital Humanities,STRUCTURAL_ABSENCE,true
дигиталне хуманистичке науке,"sh, sr",2,ltr,Digital Humanities,PRODUCTIVE_DISAGREEMENT,true
humanitiz digital,"bci, ksf",2,ltr,Digital Humanities,STRUCTURAL_ABSENCE,true
dharmik digital,"brx, unr",2,ltr,Digital Humanities,STRUCTURAL_ABSENCE,true
humanidad digital,"bcl, bik",2,ltr,Digital Humanities,STRUCTURAL_ABSENCE,true
akwaakpa abasi,"efi, ibb",2,ltr,Digital Humanities,STRUCTURAL_ABSENCE,true
kev kawm txog tib neeg hauv tshuab,"hmn, hnj",2,ltr,Digital Humanities,STRUCTURAL_ABSENCE,true
sayansi za kidijitali za utu,"dav, rwk",2,ltr,Digital Humanities,"STRUCTURAL_ABSENCE, TRANSMOGRIFICATION",true
dijital beşerî ilimler,"kiu, zza",2,ltr,Digital Humanities,TRANSMOGRIFICATION,true
ingoma ya dizidi,"bem, ny",2,ltr,Digital Humanities,STRUCTURAL_ABSENCE,true
raqamli gumanitar fanlar,"uz, uz_AF",2,ltr,Digital Humanities,STRUCTURAL_ABSENCE,true
лічбавыя гуманітарныя навукі,"be, be-x-old",2,ltr,Digital Humanities,TRANSMOGRIFICATION,true
د دیجیټل هنسیم,"haz, ps",2,rtl,Digital Humanities,TRANSMOGRIFICATION,true
цыфравыя гуманітарныя навукі,"be, be-x-old",2,ltr,Digital Humanities,TRANSMOGRIFICATION,true
elektron tarixiyotlik,"uz, uz_AF",2,ltr,Digital Humanities,STRUCTURAL_ABSENCE,true
डिजिटल मानवता,"hi, mr",2,ltr,Digital Humanities,"PRODUCTIVE_DISAGREEMENT, TRANSMOGRIFICATION",true
ଡିଜିଟାଲ୍ ମାନବିକତା,"or, srb",2,ltr,Digital Humanities,"STRUCTURAL_ABSENCE, TRANSMOGRIFICATION",true
дигитални хуманистика,"bg, otk",2,ltr,Digital Humanities,TRANSMOGRIFICATION,true
tlhokomelo ya digital,"st, tn",2,ltr,Digital Humanities,STRUCTURAL_ABSENCE,true
विज्ञान कोम्प्यूटर,"bh, bjj",2,ltr,Digital Humanities,TRANSMOGRIFICATION,true
ডিজিটেল মানবিকী,"bpy, rkt",2,ltr,Digital Humanities,TRANSMOGRIFICATION,true
digital hiumanitis,"bi, pis",2,ltr,Digital Humanities,STRUCTURAL_ABSENCE,true
digitale humaniteiten,"srn, vls",2,ltr,Digital Humanities,"STRUCTURAL_ABSENCE, TRANSMOGRIFICATION",true
humanitats digilisi,"bas, dty",2,ltr,Digital Humanities,"STRUCTURAL_ABSENCE, TRANSMOGRIFICATION",true
digitale menswetenschappen,"vls, zea",2,ltr,Digital Humanities,TRANSMOGRIFICATION,true
digital humanistik,"da, nov",2,ltr,Digital Humanities,STRUCTURAL_ABSENCE,true
ડિજીટલ માનવતા,"bhi, gju",2,ltr,Digital Humanities,"STRUCTURAL_ABSENCE, TRANSMOGRIFICATION",true
цифровой гуманитаристика,"krc, udm",2,ltr,Digital Humanities,TRANSMOGRIFICATION,true
ડીજિટલ માનવતા,"bhb, saz",2,ltr,Digital Humanities,TRANSMOGRIFICATION,true
skaitmenėnė humanitarika,"bat-smg, sgs",2,ltr,Digital Humanities,TRANSMOGRIFICATION,true
डिजिटल मानविकी के बारे में बतावल गइल बा,"bh, bho",2,ltr,Digital Humanities,TRANSMOGRIFICATION,true
tib neeg kev kawm txuj ci digital,"hnj, mww",2,ltr,Digital Humanities,STRUCTURAL_ABSENCE,true
tēchiyōtl tlāltikpak,"nch, nhe",2,ltr,Digital Humanities,"STRUCTURAL_ABSENCE, TRANSMOGRIFICATION",true
dyginė humanistika,"bat-smg, sgs",2,ltr,Digital Humanities,TRANSMOGRIFICATION,true
umanistiche digitêl,"egl, rgn",2,ltr,Digital Humanities,STRUCTURAL_ABSENCE,true
digitali humaniora,"pdc, pfl",2,ltr,Digital Humanities,TRANSMOGRIFICATION,true
științe umaniste digitale,"mo, ro",2,ltr,Digital Humanities,"STRUCTURAL_ABSENCE, TRANSMOGRIFICATION",true
umanități digitale,"mo, ro",2,ltr,Digital Humanities,"STRUCTURAL_ABSENCE, TRANSMOGRIFICATION",true
دیجیټل هنرمندانه,"bgn, luz",2,rtl,Digital Humanities,TRANSMOGRIFICATION,true
dhārmiyā digital vidyā,"mtr, swv",2,ltr,Digital Humanities,STRUCTURAL_ABSENCE,true
umanistică digitală,"mo, ro",2,ltr,Digital Humanities,"STRUCTURAL_ABSENCE, TRANSMOGRIFICATION",true
kev tshawb fawb txog kev ntseeg digital,"hnj, mww",2,ltr,Digital Humanities,STRUCTURAL_ABSENCE,true
العلوم الرقمية الإنسانية,"bej, fia",2,rtl,Digital Humanities,TRANSMOGRIFICATION,true
digital na kasaysayan,"fil, hil",2,ltr,Digital Humanities,STRUCTURAL_ABSENCE,true
សាស្រ្តជំនុំដែលមានទឹកពិភាក្សា,"km, kxm",2,ltr,Digital Humanities,"STRUCTURAL_ABSENCE, TRANSMOGRIFICATION",true
fakaaue digitale,"tkl, tvl",2,ltr,Digital Humanities,STRUCTURAL_ABSENCE,true
ዲጂታል ሂውማኒቲስ,"am, byn",2,ltr,Digital Humanities,"STRUCTURAL_ABSENCE, TRANSMOGRIFICATION",true
डिजिटल मानव्यविद्या,"gom, mr",2,ltr,Digital Humanities,"STRUCTURAL_ABSENCE, TRANSMOGRIFICATION",true
diyital na humanidades,"fil, tl",2,ltr,Digital Humanities,STRUCTURAL_ABSENCE,true
digitala humanitates,"nov, rmu",2,ltr,Digital Humanities,"STRUCTURAL_ABSENCE, TRANSMOGRIFICATION",true
umanitats digitalas,"oc, pro",2,ltr,Digital Humanities,TRANSMOGRIFICATION,true
цифрові гуманітарні науки,"rue, uk",2,ltr,Digital Humanities,"PRODUCTIVE_DISAGREEMENT, TRANSMOGRIFICATION",true
humanidades dixitales,"an, mwl",2,ltr,Digital Humanities,"STRUCTURAL_ABSENCE, TRANSMOGRIFICATION",true
zistwar digital,"mfe, rcf",2,ltr,Digital Humanities,STRUCTURAL_ABSENCE,true
humanidat digital,"an, pap",2,ltr,Digital Humanities,STRUCTURAL_ABSENCE,true
digitaalikulttuuritieteet,"fi, fit",2,ltr,Digital Humanities,"PRODUCTIVE_DISAGREEMENT, TRANSMOGRIFICATION",true
elimu ya kidijitali ya ubinadamu,"jmc, vun",2,ltr,Digital Humanities,"STRUCTURAL_ABSENCE, TRANSMOGRIFICATION",true
дигитал хуманитарии,"inh, mn",2,ltr,Digital Humanities,TRANSMOGRIFICATION,true
digitaalinen humanistinen tutkimus,"fi, fit",2,ltr,Digital Humanities,"PRODUCTIVE_DISAGREEMENT, TRANSMOGRIFICATION",true
humanitii digitaal,"ffm, tem",2,ltr,Digital Humanities,"STRUCTURAL_ABSENCE, TRANSMOGRIFICATION",true
digitala humaniora,"rmu, sv",2,ltr,Digital Humanities,"PRODUCTIVE_DISAGREEMENT, TRANSMOGRIFICATION",true
mazina'iganing gikino'amaadiwin,"oj, ojc",2,ltr,Digital Humanities,TRANSMOGRIFICATION,true
mmɔnini nkɔdo,"ak, tw",2,ltr,Digital Humanities,STRUCTURAL_ABSENCE,true
digitale geesteswetenschoppen,"gos, nds-nl",2,ltr,Digital Humanities,TRANSMOGRIFICATION,true
humpito niiɓe dijitaal,"ffm, fuq",2,ltr,Digital Humanities,"STRUCTURAL_ABSENCE, TRANSMOGRIFICATION",true
bimaadiziwin gikinoo'amaagook,"oj, ojw",2,ltr,Digital Humanities,TRANSMOGRIFICATION,true
digitalni umjetnosti,"cnr, crn",2,ltr,Digital Humanities,TRANSMOGRIFICATION,true
digitale menschologiese,"gos, zea",2,ltr,Digital Humanities,TRANSMOGRIFICATION,true
digitalno humaniàlo,"rmy, rom",2,ltr,Digital Humanities,STRUCTURAL_ABSENCE,true
digital a humanidades,"ilo, pag",2,ltr,Digital Humanities,STRUCTURAL_ABSENCE,true
рақамдин гуманитар илимар,"lez, tab",2,ltr,Digital Humanities,TRANSMOGRIFICATION,true
digitaal menswetenskap,"xcr, xld",2,ltr,Digital Humanities,STRUCTURAL_ABSENCE,true
limanite dizital,"crs, mfe",2,ltr,Digital Humanities,"STRUCTURAL_ABSENCE, TRANSMOGRIFICATION",true
umanità digitàle,"lij, pms",2,ltr,Digital Humanities,"STRUCTURAL_ABSENCE, TRANSMOGRIFICATION",true
цифралыг гуманитарлық,"alt, tyv",2,ltr,Digital Humanities,"STRUCTURAL_ABSENCE, TRANSMOGRIFICATION",true
digitalno manušikane đanipena,"rmy, rom",2,ltr,Digital Humanities,STRUCTURAL_ABSENCE,true
digitale humanitäre,"als, gsw",2,ltr,Digital Humanities,TRANSMOGRIFICATION,true
dijitaal adesua,"ak, tw",2,ltr,Digital Humanities,STRUCTURAL_ABSENCE,true
วิทยาศาสตร์ดิจิทัลในมนุษยศาสตร์,"nod, tts",2,ltr,Digital Humanities,TRANSMOGRIFICATION,true
digitaal humanitaat,"cgg, diq",2,ltr,Digital Humanities,"STRUCTURAL_ABSENCE, TRANSMOGRIFICATION",true
دیجیتال شماستان,"glk, prd",2,rtl,Digital Humanities,TRANSMOGRIFICATION,true
ডিজিটাল মানুষের বিদ্যা,"rhg, syl",2,ltr,Digital Humanities,TRANSMOGRIFICATION,true
ஜிடிடல் மனவர்கள்,"mdf, noe",2,ltr,Digital Humanities,TRANSMOGRIFICATION,true
stafræn hugvísindi,"fo, is",2,ltr,Digital Humanities,"STRUCTURAL_ABSENCE, TRANSMOGRIFICATION",true
dijital yumanitis,"jam, kri",2,ltr,Digital Humanities,STRUCTURAL_ABSENCE,true
dijital adabiyot,"chg, ug",2,ltr,Digital Humanities,TRANSMOGRIFICATION,true
ડિજિટલ માનવિકા,"gju, gu",2,ltr,Digital Humanities,TRANSMOGRIFICATION,true
ܝܘܠܦܢܐ ܕܐܢܫܘܬܐ ܕܝܓܝܛܠܝܐ,"aii, syr",2,rtl,Digital Humanities,TRANSMOGRIFICATION,true
uhumani wa dijitali,"nym, suk",2,ltr,Digital Humanities,"STRUCTURAL_ABSENCE, TRANSMOGRIFICATION",true
mbumu ya digitale,"nmg, rng",2,ltr,Digital Humanities,STRUCTURAL_ABSENCE,true
ubumenyi bw'ikoranabuhanga,"rw, rwk",2,ltr,Digital Humanities,"STRUCTURAL_ABSENCE, TRANSMOGRIFICATION",true
digitale jantienkunde,"frr, frs",2,ltr,Digital Humanities,TRANSMOGRIFICATION,true
digitale geasteswittenskippen,"frs, fy",2,ltr,Digital Humanities,"STRUCTURAL_ABSENCE, TRANSMOGRIFICATION",true
humanitetet digjitale,"aln, sq",2,ltr,Digital Humanities,TRANSMOGRIFICATION,true
цифрови гуманитарни ӏилманаш,"ce, inh",2,ltr,Digital Humanities,TRANSMOGRIFICATION,true
ဒီဂျစ်တယ် လူမှုရေးသိပ္ပံ,"kac, kht",2,ltr,Digital Humanities,STRUCTURAL_ABSENCE,true
digitalno manušikano znaňa,"rmo, rmu",2,ltr,Digital Humanities,"STRUCTURAL_ABSENCE, TRANSMOGRIFICATION",true
njerëzitë dixhitale,"aln, sq",2,ltr,Digital Humanities,TRANSMOGRIFICATION,true
kajian manusia digital,"mad, mak",2,ltr,Digital Humanities,STRUCTURAL_ABSENCE,true
digitaal minskwittenskip,"frs, fy",2,ltr,Digital Humanities,"STRUCTURAL_ABSENCE, TRANSMOGRIFICATION",true
shkencat humane dixhitale,"als, sq",2,ltr,Digital Humanities,TRANSMOGRIFICATION,true
digitali geisteswissenschafte,"als, gsw",2,ltr,Digital Humanities,TRANSMOGRIFICATION,true
digitali humanitäte,"als, gsw",2,ltr,Digital Humanities,TRANSMOGRIFICATION,true
digitali geischteswüsseschafte,"als, gsw",2,ltr,Digital Humanities,TRANSMOGRIFICATION,true
العلوم الرقمية,"ar, ttt",2,rtl,Digital Humanities,"PRODUCTIVE_DISAGREEMENT, TRANSMOGRIFICATION",true
humanitá digital,"lfn, pap",2,ltr,Digital Humanities,STRUCTURAL_ABSENCE,true
الإنسانيات الدقيقة,"ary, zen",2,rtl,Digital Humanities,TRANSMOGRIFICATION,true
ᑎᔨᑕᓪ ᐃᓄᐃᑦ ᐃᓕᖅᑯᓯᖏᑦ,"ike, iu",2,ltr,Digital Humanities,"STRUCTURAL_ABSENCE, TRANSMOGRIFICATION",true
rêjeyên dijîtal û adab,"ckb, sdh",2,rtl,Digital Humanities,TRANSMOGRIFICATION,true
sains kemanusiaan digital,"ken, kvr",2,ltr,Digital Humanities,STRUCTURAL_ABSENCE,true
sayansi ya dijitali ya binadamu,"wni, zdj",2,rtl,Digital Humanities,TRANSMOGRIFICATION,true
डिजिटल ह्यूमॅनिटीज,"lbe, rmt",2,ltr,Digital Humanities,"STRUCTURAL_ABSENCE, TRANSMOGRIFICATION",true
humanitates digitales,"arw, la",2,ltr,Digital Humanities,"PRODUCTIVE_DISAGREEMENT, STRUCTURAL_ABSENCE",true
انسان‌شناسی دیجیتال,"fa, lrc",2,rtl,Digital Humanities,"PRODUCTIVE_DISAGREEMENT, TRANSMOGRIFICATION",true
ܝܘܠܦܢܐ ܕܐܢܫܘܬܐ ܕܝܓܝܛܠ,"arc, syc",2,rtl,Digital Humanities,"STRUCTURAL_ABSENCE, TRANSMOGRIFICATION",true
ᖃᕆᑕᐅᔭᒃᑯᑦ ᐃᓄᓕᕆᓂᕐᒧᑦ,"ike, iu",2,ltr,Digital Humanities,"STRUCTURAL_ABSENCE, TRANSMOGRIFICATION",true
digitale menskje-kunste,"fy, stq",2,ltr,Digital Humanities,"STRUCTURAL_ABSENCE, TRANSMOGRIFICATION",true
ዲጂታል ሂዩማኒቲስ,"byn, ssy",2,ltr,Digital Humanities,"STRUCTURAL_ABSENCE, TRANSMOGRIFICATION",true
digitale humanitätswissenschaften,"gsw, prg",2,ltr,Digital Humanities,TRANSMOGRIFICATION,true
ડિજિટલ હ્યુમેનિટીઝ,"gu, kfr",2,ltr,Digital Humanities,TRANSMOGRIFICATION,true
ডিজিটাল মানব সাহিত্য,"as, rjs",2,ltr,Digital Humanities,TRANSMOGRIFICATION,true
ડિજિટલ માનવિકી,"gu, saz",2,ltr,Digital Humanities,TRANSMOGRIFICATION,true
مرۆڤایەتیی دیجیتاڵی,"ckb, sdh",2,rtl,Digital Humanities,TRANSMOGRIFICATION,true
kamanungsan digital,"jv, map-bms",2,ltr,Digital Humanities,STRUCTURAL_ABSENCE,true
humanitățile digitale,"roa-rup, rup",2,ltr,Digital Humanities,"STRUCTURAL_ABSENCE, TRANSMOGRIFICATION",true
цифровой гуманитарный наука,"evn, yrk",2,ltr,Digital Humanities,TRANSMOGRIFICATION,true
زانستە مرۆییە دیجیتاڵییەکان,"ckb, ku",2,rtl,Digital Humanities,"STRUCTURAL_ABSENCE, TRANSMOGRIFICATION",true
humanitari digitaal,"asa, lol",2,ltr,Digital Humanities,"STRUCTURAL_ABSENCE, TRANSMOGRIFICATION",true
цифровой гуманитарнай наука,"evn, gld",2,ltr,Digital Humanities,TRANSMOGRIFICATION,true
shumãnãturã digitalã,"roa-rup, rup",2,ltr,Digital Humanities,"STRUCTURAL_ABSENCE, TRANSMOGRIFICATION",true
digitála humanisttalašvuohta,"se, smj",2,ltr,Digital Humanities,TRANSMOGRIFICATION,true
ციფრული ჰუმანიტარული მეცნიერებები,"ka, xmf",2,ltr,Digital Humanities,TRANSMOGRIFICATION,true
digitaalihumanitaaria,"izh, vot",2,ltr,Digital Humanities,TRANSMOGRIFICATION,true
humanismu digital,"kea, kmb",2,ltr,Digital Humanities,STRUCTURAL_ABSENCE,true
adwuma a ɛfa nsɛm a wɔde kɔmputa di dwuma ho,"abr, nzi",2,ltr,Digital Humanities,STRUCTURAL_ABSENCE,true
ᐃᓂᒃᑯᓚᕐᔪᐊᑦ ᐱᖅᑭᐅᔭᒥᐅᑦ,"ike, ikt",2,ltr,Digital Humanities,TRANSMOGRIFICATION,true
ᐊᑑᕱᓕᐅᖅᑎᑦᓯᐅᖅ ᓴᖅᑭᓰᓂᖅ,"ike, ikt",2,ltr,Digital Humanities,TRANSMOGRIFICATION,true
ឌីជីថលមនុស្សសាស្ត្រ,"kdt, kxm",2,ltr,Digital Humanities,"STRUCTURAL_ABSENCE, TRANSMOGRIFICATION",true
цифровой гуманитарный науки,"ckt, tkr",2,ltr,Digital Humanities,"STRUCTURAL_ABSENCE, TRANSMOGRIFICATION",true
uhimya wa nsuku wa nsuku,"mgh, vmw",2,ltr,Digital Humanities,STRUCTURAL_ABSENCE,true
mazinaatesijigan gikendaasowin,"ojb, ojw",2,ltr,Digital Humanities,TRANSMOGRIFICATION,true
kastom bilong kompjuta,"mgo, rug",2,ltr,Digital Humanities,STRUCTURAL_ABSENCE,true
ᑲᑎᒪᐠ ᐊᓂᔑᓈᐯᒧᐎᓐ,"ojb, ojs",2,ltr,Digital Humanities,TRANSMOGRIFICATION,true
níkciwadla hunimásika,osa,1,ltr,Digital Humanities,STRUCTURAL_ABSENCE,true
mukhulupi digitali,ny,1,ltr,Digital Humanities,STRUCTURAL_ABSENCE,true
dut-gëëc-mëëc,nus,1,ltr,Digital Humanities,STRUCTURAL_ABSENCE,true
mamayiko ya digital,ny,1,ltr,Digital Humanities,STRUCTURAL_ABSENCE,true
niipiya-wahpiyapi ikciyapi,osa,1,ltr,Digital Humanities,STRUCTURAL_ABSENCE,true
umoyo wa anthu a digito,ny,1,ltr,Digital Humanities,STRUCTURAL_ABSENCE,true
ubumanitu bwa digitali,nym,1,ltr,Digital Humanities,TRANSMOGRIFICATION,true
zauphungu za digito,ny,1,ltr,Digital Humanities,STRUCTURAL_ABSENCE,true
ufundi wa dijitali wa ubantu,ny,1,ltr,Digital Humanities,STRUCTURAL_ABSENCE,true
دڭیتال بشر بیلیمی,ota,1,ltr,Digital Humanities,TRANSMOGRIFICATION,true
sayïsal kişi biligi,otk,1,ltr,Digital Humanities,TRANSMOGRIFICATION,true
𐍄𐌹𐌲𐌹𐍃𐌰𐌻𐌰 𐌷𐌿𐌼𐌰𐌽𐌸𐌰𐌽𐌹𐍃,otk,1,ltr,Digital Humanities,TRANSMOGRIFICATION,true
ubumanyi bwa dijitali,nym,1,ltr,Digital Humanities,TRANSMOGRIFICATION,true
ubuhabari bwa dijitali,nym,1,ltr,Digital Humanities,TRANSMOGRIFICATION,true
dijital insanlar tarihçiliği,ota,1,ltr,Digital Humanities,TRANSMOGRIFICATION,true
ŋɔm pääc,nus,1,ltr,Digital Humanities,STRUCTURAL_ABSENCE,true
diné bizaad dine'é baa hozhoni,nv,1,ltr,Digital Humanities,STRUCTURAL_ABSENCE,true
cäthkäŋ thɛɛr dijital,nus,1,ltr,Digital Humanities,STRUCTURAL_ABSENCE,true
ujenzi wa ulaya,nym,1,ltr,Digital Humanities,TRANSMOGRIFICATION,true
ਡਿਜੈਟਲ ਮਨੁਸ਼ਕਤਾਵਾਂ,pa,1,ltr,Digital Humanities,TRANSMOGRIFICATION,true
thungi-nvo-ngá-nvo-thí-ngá,osa,1,ltr,Digital Humanities,STRUCTURAL_ABSENCE,true
saray manangiyabawag na too,pag,1,ltr,Digital Humanities,STRUCTURAL_ABSENCE,true
umwanzo wa diguwali,nym,1,ltr,Digital Humanities,TRANSMOGRIFICATION,true
sayansi ya anthu pa intaneti,ny,1,ltr,Digital Humanities,STRUCTURAL_ABSENCE,true
ਡਿਜੀਟਲ ਮਨੁੱਖੀ ਵਿਗਿਆਨ,pa,1,ltr,Digital Humanities,TRANSMOGRIFICATION,true
zaumunthu za digito,ny,1,ltr,Digital Humanities,STRUCTURAL_ABSENCE,true
ၸႃႇ ၶိၵႅၼ်ႇ ၽႄႉ,nxq,1,ltr,Digital Humanities,STRUCTURAL_ABSENCE,true
dîjîtâl insânîyât,ota,1,ltr,Digital Humanities,TRANSMOGRIFICATION,true
digiitalo dhammaan,nus,1,ltr,Digital Humanities,STRUCTURAL_ABSENCE,true
अङ्कीय मानवविद्या,nwc,1,ltr,Digital Humanities,TRANSMOGRIFICATION,true
अङ्कीय मानविकी,nwc,1,ltr,Digital Humanities,TRANSMOGRIFICATION,true
dagmamaa bilisummaa,otk,1,ltr,Digital Humanities,TRANSMOGRIFICATION,true
jieng dhiek thok,nus,1,ltr,Digital Humanities,STRUCTURAL_ABSENCE,true
цифрови човечности,otk,1,ltr,Digital Humanities,TRANSMOGRIFICATION,true
diné bizaad bee naʼníłkaah,nv,1,ltr,Digital Humanities,STRUCTURAL_ABSENCE,true
मूल्याङ्ग्रेजी साहित्यको डिजिटल प्रकाशन,nwc,1,ltr,Digital Humanities,TRANSMOGRIFICATION,true
béésh bee akʼeʼelchíhí yee iiná,nv,1,ltr,Digital Humanities,STRUCTURAL_ABSENCE,true
दिगिटल ह्युमनाइटीज्,nwc,1,ltr,Digital Humanities,TRANSMOGRIFICATION,true
དྲ་ལམ་རིག་གནས་,nxq,1,ltr,Digital Humanities,STRUCTURAL_ABSENCE,true
数化人文,nxq,1,ltr,Digital Humanities,STRUCTURAL_ABSENCE,true
ਡਿਜੀਟਲ ਹਿਊਮੈਨਿਟੀਜ਼,pa,1,ltr,Digital Humanities,TRANSMOGRIFICATION,true
rasmi bilimler,ota,1,ltr,Digital Humanities,TRANSMOGRIFICATION,true
رقمی علوم انسانیه,ota,1,ltr,Digital Humanities,TRANSMOGRIFICATION,true
sayısal beşerî bilimler,otk,1,ltr,Digital Humanities,TRANSMOGRIFICATION,true
naaltsoos bee hane' dóó digital bee hane',nv,1,ltr,Digital Humanities,STRUCTURAL_ABSENCE,true
tsikáá naahatłéegíí,nv,1,ltr,Digital Humanities,STRUCTURAL_ABSENCE,true
ਡਿਜੀਟਲ ਮਨੁੱਖਤਾ,pa,1,ltr,Digital Humanities,TRANSMOGRIFICATION,true
béésh łigaii binaaltsoos bikááʼadóó áłchíní binaanish,nv,1,ltr,Digital Humanities,STRUCTURAL_ABSENCE,true
ਡਿਜੀਟਲ ਮਾਨਵਿਕੀ,pa,1,ltr,Digital Humanities,TRANSMOGRIFICATION,true
ਡਿਜੀਟਲ ਮਾਨਵਤਾ,pa,1,ltr,Digital Humanities,TRANSMOGRIFICATION,true
ਡਿਜੀਟਲ ਮਨੋਰਥ,pa,1,ltr,Digital Humanities,TRANSMOGRIFICATION,true
táá hózhǫ́ojiilidí bikááshchíí,nv,1,ltr,Digital Humanities,STRUCTURAL_ABSENCE,true
dííłʼééʼííʼígiíʼtsoh,nv,1,ltr,Digital Humanities,STRUCTURAL_ABSENCE,true
digital ya humanidades,pag,1,ltr,Digital Humanities,STRUCTURAL_ABSENCE,true
wazhazhe digital wazhazhe,osa,1,ltr,Digital Humanities,STRUCTURAL_ABSENCE,true
wiinibamadizijig wiikwemkoong,ojb,1,ltr,Digital Humanities,TRANSMOGRIFICATION,true
sqilxw səl'iłwtxw,oka,1,ltr,Digital Humanities,STRUCTURAL_ABSENCE,true
saayinsii namoomaa dijiitaalaa,om,1,ltr,Digital Humanities,TRANSMOGRIFICATION,true
wanta irratti hundaaʼe,om,1,ltr,Digital Humanities,TRANSMOGRIFICATION,true
ᑲᑎᒪᐠ ᐊᓂᓯᐊᐠ,ojc,1,ltr,Digital Humanities,TRANSMOGRIFICATION,true
aadaa dijitaalaa,om,1,ltr,Digital Humanities,TRANSMOGRIFICATION,true
miigwetch-izhi-mnaadendamowin minji-bimaadiziwin,ojb,1,ltr,Digital Humanities,TRANSMOGRIFICATION,true
giiwidiwin digitaal,ojb,1,ltr,Digital Humanities,TRANSMOGRIFICATION,true
gidakiimenaa gida’aakiminowaak,ojb,1,ltr,Digital Humanities,TRANSMOGRIFICATION,true
mazinibii'iganan miinawaa gikinoo'amaadiwinan,ojb,1,ltr,Digital Humanities,TRANSMOGRIFICATION,true
nəʔkʷəxʷəɬ nəxʷəɬ,oka,1,ltr,Digital Humanities,STRUCTURAL_ABSENCE,true
masinaateseg gikendaasowinan,ojb,1,ltr,Digital Humanities,TRANSMOGRIFICATION,true
namummaa dijitaalaa,om,1,ltr,Digital Humanities,TRANSMOGRIFICATION,true
saayinsii hawaasummaa dijitaalaa,om,1,ltr,Digital Humanities,TRANSMOGRIFICATION,true
miikanaadwin makwa-ininiikamig,oj,1,ltr,Digital Humanities,TRANSMOGRIFICATION,true
giiwedin waabanikaan,oj,1,ltr,Digital Humanities,TRANSMOGRIFICATION,true
dhugaa-gowwaa dijitaalaa,om,1,ltr,Digital Humanities,TRANSMOGRIFICATION,true
mazina'igan akiinoon,oj,1,ltr,Digital Humanities,TRANSMOGRIFICATION,true
dagmamaa giddugaa,om,1,ltr,Digital Humanities,TRANSMOGRIFICATION,true
ḵʷƛáʔtł čəmčʷʔ,oka,1,ltr,Digital Humanities,STRUCTURAL_ABSENCE,true
maamakaaj-nisidotamowin,ojc,1,ltr,Digital Humanities,TRANSMOGRIFICATION,true
e-dibendaagoziwin anishinaabemowin,oj,1,ltr,Digital Humanities,TRANSMOGRIFICATION,true
dibaajimowin anishinaabemowin,ojw,1,ltr,Digital Humanities,TRANSMOGRIFICATION,true
miskotakisikana ohci pīsimohkān,ojs,1,ltr,Digital Humanities,TRANSMOGRIFICATION,true
ᑎᒋᑕᓪ ᐊᔨᒥᐎᓐ ᑭᔅᑫᔨᐦᑕᒧᐎᓐ,ojs,1,ltr,Digital Humanities,TRANSMOGRIFICATION,true
nikamonizhigadong anishinaabe wiinibamawiziwag,ojs,1,ltr,Digital Humanities,TRANSMOGRIFICATION,true
gidakiimoo-niniikwewin,ojs,1,ltr,Digital Humanities,TRANSMOGRIFICATION,true
niskawewak miskotanekonkawik,ojs,1,ltr,Digital Humanities,TRANSMOGRIFICATION,true
niizhwaaswi-minjimendan,ojs,1,ltr,Digital Humanities,TRANSMOGRIFICATION,true
binesi-ziibi-gikinoo'amaadiziwin,ojc,1,ltr,Digital Humanities,TRANSMOGRIFICATION,true
gigijigisiniwagiziingaakonigiiwin,ojc,1,ltr,Digital Humanities,TRANSMOGRIFICATION,true
wiinibamadizijig wiinibamawizi,ojc,1,ltr,Digital Humanities,TRANSMOGRIFICATION,true
nk'pʷiłməxw tən̓sɬtən,oka,1,ltr,Digital Humanities,STRUCTURAL_ABSENCE,true
dibaajimowinan gikendaasowin mazinaakizowin,ojw,1,ltr,Digital Humanities,TRANSMOGRIFICATION,true
mazinigani-gikino'amaadiwin gaye anishinaabemowin,ojw,1,ltr,Digital Humanities,TRANSMOGRIFICATION,true
gigijigisiniyendamowin digitaal,ojw,1,ltr,Digital Humanities,TRANSMOGRIFICATION,true
binesi-ziibi-gikinooamaagoziibi,ojw,1,ltr,Digital Humanities,TRANSMOGRIFICATION,true
mazina'igan-gikendaasowin,ojc,1,ltr,Digital Humanities,TRANSMOGRIFICATION,true
sqilxʷ tmixʷ iʔ digital,oka,1,ltr,Digital Humanities,STRUCTURAL_ABSENCE,true
n̓x̌ʷx̌ʷʕáx̌ʷtət iʔ kʷu skʷist iʔ kʷu sʕax̌ʷtət,oka,1,ltr,Digital Humanities,STRUCTURAL_ABSENCE,true
ʕay̓kʷłxʷ iʔ k̓ʷul̓tətən,oka,1,ltr,Digital Humanities,STRUCTURAL_ABSENCE,true
mazina'iganing gikendaasowin,oj,1,ltr,Digital Humanities,TRANSMOGRIFICATION,true
humanitats numericas,oc,1,ltr,Digital Humanities,TRANSMOGRIFICATION,true
obuhangwa bwa kihandi,nyn,1,ltr,Digital Humanities,TRANSMOGRIFICATION,true
дигитал хуманитати,os,1,ltr,Digital Humanities,TRANSMOGRIFICATION,true
цифрон адæймагадон зонæдтæ,os,1,ltr,Digital Humanities,TRANSMOGRIFICATION,true
дигиталон хуманитатон,os,1,ltr,Digital Humanities,TRANSMOGRIFICATION,true
eby'obuntu bya digito,nyo,1,ltr,Digital Humanities,TRANSMOGRIFICATION,true
obumenyi bw'ebyobugonzi by'edigiito,nyo,1,ltr,Digital Humanities,TRANSMOGRIFICATION,true
eby'obuhangwa eby'omutimbagano,nyo,1,ltr,Digital Humanities,TRANSMOGRIFICATION,true
ebinyonyi ya digitali ya insanitya,nyn,1,ltr,Digital Humanities,TRANSMOGRIFICATION,true
цифронæй иртакъæд,os,1,ltr,Digital Humanities,TRANSMOGRIFICATION,true
nyankole digitale humanitaa,nyn,1,ltr,Digital Humanities,TRANSMOGRIFICATION,true
obukoranyo bw'eby'era,nyn,1,ltr,Digital Humanities,TRANSMOGRIFICATION,true
obuhangwa bwa digitali,nyo,1,ltr,Digital Humanities,TRANSMOGRIFICATION,true
buddegeza ne nyimbo za digitali,nyn,1,ltr,Digital Humanities,TRANSMOGRIFICATION,true
𐓷𐓘𐓻𐓘𐓻𐓟 𐓷𐓘𐓻𐓘𐓻𐓟,osa,1,ltr,Digital Humanities,STRUCTURAL_ABSENCE,true
wéˀą wakóⁿdagi waóⁿspe,osa,1,ltr,Digital Humanities,STRUCTURAL_ABSENCE,true
obuhanga bw’eby’omukono n’eby’omuntu,nyn,1,ltr,Digital Humanities,TRANSMOGRIFICATION,true
wé-thigí-e ská-ta,osa,1,ltr,Digital Humanities,STRUCTURAL_ABSENCE,true
eby'obuntu by'omukagaati,nyn,1,ltr,Digital Humanities,TRANSMOGRIFICATION,true
obumanyiizi bw'ebyobugabe by'edigiito,nyn,1,ltr,Digital Humanities,TRANSMOGRIFICATION,true
wazhazhe ie hkąbri žįke akxápa,osa,1,ltr,Digital Humanities,STRUCTURAL_ABSENCE,true
цифрон гуманитарон зонæдтæ,os,1,ltr,Digital Humanities,TRANSMOGRIFICATION,true
дигиталон гуманитарон наукӕтӕ,os,1,ltr,Digital Humanities,TRANSMOGRIFICATION,true
hirmaata dijitala,om,1,ltr,Digital Humanities,TRANSMOGRIFICATION,true
nzɛlɛ nnua ne nzima,nzi,1,ltr,Digital Humanities,STRUCTURAL_ABSENCE,true
umsògnes digitalas,oc,1,ltr,Digital Humanities,TRANSMOGRIFICATION,true
digiitala huroominta,om,1,ltr,Digital Humanities,TRANSMOGRIFICATION,true
ଡିଜିଟାଲ ମାନବିକ ବିଜ୍ଞାନ,or,1,ltr,Digital Humanities,TRANSMOGRIFICATION,true
umanitats numericas,oc,1,ltr,Digital Humanities,TRANSMOGRIFICATION,true
ingoma ya diguwala,nzi,1,ltr,Digital Humanities,STRUCTURAL_ABSENCE,true
mvuluhlekezo digital,nzi,1,ltr,Digital Humanities,STRUCTURAL_ABSENCE,true
ɛnyɛnɛn aheneɛn a ɛyɛ aduɛn,nzi,1,ltr,Digital Humanities,STRUCTURAL_ABSENCE,true
nyamenleɛ ne nyamenleɛ a ɛwɔ digital mu,nzi,1,ltr,Digital Humanities,STRUCTURAL_ABSENCE,true
ଡିଜିଟାଲ ମାନବିକୀ,or,1,ltr,Digital Humanities,TRANSMOGRIFICATION,true
цифрон гуманитарон,os,1,ltr,Digital Humanities,TRANSMOGRIFICATION,true
ଡିଜିଟାଲ୍ ମାନବିକୀ,or,1,ltr,Digital Humanities,TRANSMOGRIFICATION,true
hamisho wa digitaali,nyo,1,ltr,Digital Humanities,TRANSMOGRIFICATION,true
ଦିଜାଲ୍ଟୀକ ମନୁଷ୍ୟଶାସ୍ତ୍ର,or,1,ltr,Digital Humanities,TRANSMOGRIFICATION,true
omunyora omusingizi,nyo,1,ltr,Digital Humanities,TRANSMOGRIFICATION,true
ŋwaŋŋa ŋgɔɔŋɔɔ,nyo,1,ltr,Digital Humanities,TRANSMOGRIFICATION,true
ᑎᐱᐦᐁᐧᐃᓂᓂᐧᐃᐦᑖᒧᐧᐃᓐ ᐊᓂᐦᔑᓇᐯᒧᐧᐃᓐ,ojs,1,ltr,Digital Humanities,TRANSMOGRIFICATION,true
binyonyo za digitali,nyo,1,ltr,Digital Humanities,TRANSMOGRIFICATION,true
нымæцон гуманитарон зонæдтæ,os,1,ltr,Digital Humanities,TRANSMOGRIFICATION,true
ଡୀଜୈତାଲ ମ୍ନ୍ୱେସ୍ୱୋଲୋଗୀ,or,1,ltr,Digital Humanities,TRANSMOGRIFICATION,true
𐤇𐤊𐤌𐤕 𐤀𐤍𐤔𐤕 𐤄𐤎𐤐𐤓𐤕,phn,1,rtl,Digital Humanities,TRANSMOGRIFICATION,true
aghimatang digital,pag,1,ltr,Digital Humanities,STRUCTURAL_ABSENCE,true
xe' k'ul winaqob'tim,quc,1,ltr,Digital Humanities,TRANSMOGRIFICATION,true
dijital runa yachay,qug,1,ltr,Digital Humanities,TRANSMOGRIFICATION,true
yachay rurashka ñankunawan,qug,1,ltr,Digital Humanities,TRANSMOGRIFICATION,true
ruraq yachaykuna rikcha yachaykuna,qug,1,ltr,Digital Humanities,TRANSMOGRIFICATION,true
yachay kamayuk rikuchiykuna,qug,1,ltr,Digital Humanities,TRANSMOGRIFICATION,true
kamaykuna yachaykuna,qug,1,ltr,Digital Humanities,TRANSMOGRIFICATION,true
runasimi yachay kawsaypa,qug,1,ltr,Digital Humanities,TRANSMOGRIFICATION,true
qamachka runakuy,qug,1,ltr,Digital Humanities,TRANSMOGRIFICATION,true
teknoloxi yanantisipana,qug,1,ltr,Digital Humanities,TRANSMOGRIFICATION,true
ડિજિટલ મુખ્યત્વ,raj,1,ltr,Digital Humanities,TRANSMOGRIFICATION,true
rapa nui hangaroa digitales,rap,1,ltr,Digital Humanities,TRANSMOGRIFICATION,true
haka'ara'ara tangata hiko,rap,1,ltr,Digital Humanities,TRANSMOGRIFICATION,true
tūhura matihiko,rap,1,ltr,Digital Humanities,TRANSMOGRIFICATION,true
nga pou tangata o te ao hou,rap,1,ltr,Digital Humanities,TRANSMOGRIFICATION,true
hau'e'e tangata a te rima,rap,1,ltr,Digital Humanities,TRANSMOGRIFICATION,true
māhiti pukapuka ranginui,rap,1,ltr,Digital Humanities,TRANSMOGRIFICATION,true
hanga tūnga 'ōneone,rap,1,ltr,Digital Humanities,TRANSMOGRIFICATION,true
pūtaiao tāngata,rar,1,ltr,Digital Humanities,TRANSMOGRIFICATION,true
tangata'anga matariki,rar,1,ltr,Digital Humanities,TRANSMOGRIFICATION,true
tātai tangata rorohiko,rar,1,ltr,Digital Humanities,TRANSMOGRIFICATION,true
tūtūmau tangata matihiko,rar,1,ltr,Digital Humanities,TRANSMOGRIFICATION,true
ngitara o le faka-tokelau,rar,1,ltr,Digital Humanities,TRANSMOGRIFICATION,true
ngā mahi numera tangata,rar,1,ltr,Digital Humanities,TRANSMOGRIFICATION,true
tautoga oceania digitiki,rar,1,ltr,Digital Humanities,TRANSMOGRIFICATION,true
vā taupō'anga mātāpua,rar,1,ltr,Digital Humanities,TRANSMOGRIFICATION,true
zistwar nimerik,rcf,1,ltr,Digital Humanities,STRUCTURAL_ABSENCE,true
lé zumanité numérik,rcf,1,ltr,Digital Humanities,STRUCTURAL_ABSENCE,true
lètèrès digitâl,rcf,1,ltr,Digital Humanities,STRUCTURAL_ABSENCE,true
"humanitats iq',",quc,1,ltr,Digital Humanities,TRANSMOGRIFICATION,true
manixatikuʼun qʼeqʼ,quc,1,ltr,Digital Humanities,TRANSMOGRIFICATION,true
humansitey tèlèktronik,rcf,1,ltr,Digital Humanities,STRUCTURAL_ABSENCE,true
rabinal ajtz'ib'al,quc,1,ltr,Digital Humanities,TRANSMOGRIFICATION,true
sciéncias numericlas de l'umanitat,pro,1,ltr,Digital Humanities,TRANSMOGRIFICATION,true
ditjitali umanistica,pro,1,ltr,Digital Humanities,TRANSMOGRIFICATION,true
escrit de las humanitats,pro,1,ltr,Digital Humanities,TRANSMOGRIFICATION,true
ډیجیټل انسانیتونه,ps,1,rtl,Digital Humanities,TRANSMOGRIFICATION,true
ډیجیټل بشریت,ps,1,rtl,Digital Humanities,TRANSMOGRIFICATION,true
ډیجیټل بشری علوم,ps,1,rtl,Digital Humanities,TRANSMOGRIFICATION,true
ډیجیټل بشري علوم,ps,1,rtl,Digital Humanities,TRANSMOGRIFICATION,true
دجیتالی انسایکلوپیډیا,ps,1,rtl,Digital Humanities,TRANSMOGRIFICATION,true
ډیجیټل انسانيات,ps,1,rtl,Digital Humanities,TRANSMOGRIFICATION,true
mabuku ma dibondzi,puu,1,ltr,Digital Humanities,STRUCTURAL_ABSENCE,true
mabanza ma digital,puu,1,ltr,Digital Humanities,STRUCTURAL_ABSENCE,true
mabándá ma búku ma dijitali,puu,1,ltr,Digital Humanities,STRUCTURAL_ABSENCE,true
mwana mbuma ya digital,puu,1,ltr,Digital Humanities,STRUCTURAL_ABSENCE,true
mba'e'e ndive'ẽ ha'e ambue digital,puu,1,ltr,Digital Humanities,STRUCTURAL_ABSENCE,true
digitale himbunzimi,puu,1,ltr,Digital Humanities,STRUCTURAL_ABSENCE,true
mbombo ya teknoloji digitale ya insan,puu,1,ltr,Digital Humanities,STRUCTURAL_ABSENCE,true
humanidades digitales nisqa,qu,1,ltr,Digital Humanities,TRANSMOGRIFICATION,true
dijital runasimi yachay,qu,1,ltr,Digital Humanities,TRANSMOGRIFICATION,true
yachay runakunap imayninkumanta digitalmanta,qu,1,ltr,Digital Humanities,TRANSMOGRIFICATION,true
riqch'aq yachaykuna,qu,1,ltr,Digital Humanities,TRANSMOGRIFICATION,true
yachayñan digitalkuna,qu,1,ltr,Digital Humanities,TRANSMOGRIFICATION,true
yachay puktin yachayruna,qu,1,ltr,Digital Humanities,TRANSMOGRIFICATION,true
qamay kusikuykunaq,qu,1,ltr,Digital Humanities,TRANSMOGRIFICATION,true
ruwachulew ri tijonik,quc,1,ltr,Digital Humanities,TRANSMOGRIFICATION,true
etamanem pa ruwäch kajtz'aqat,quc,1,ltr,Digital Humanities,TRANSMOGRIFICATION,true
na'ojil k'aslemalil pa tz'ib'anem,quc,1,ltr,Digital Humanities,TRANSMOGRIFICATION,true
tzijolaj chomanikil,quc,1,ltr,Digital Humanities,TRANSMOGRIFICATION,true
limiriter digital,rcf,1,ltr,Digital Humanities,STRUCTURAL_ABSENCE,true
manusia digital,rej,1,ltr,Digital Humanities,STRUCTURAL_ABSENCE,true
aramat digital nga pangantusta,pag,1,ltr,Digital Humanities,STRUCTURAL_ABSENCE,true
dijital insāniyyāt,rmt,1,rtl,Digital Humanities,STRUCTURAL_ABSENCE,true
ḍigital ḍumanes,rmt,1,rtl,Digital Humanities,STRUCTURAL_ABSENCE,true
دیجيتال هنسینز,rmt,1,rtl,Digital Humanities,STRUCTURAL_ABSENCE,true
digitalo manushikane studii,rmu,1,ltr,Digital Humanities,TRANSMOGRIFICATION,true
dhajalungaravni,rmu,1,ltr,Digital Humanities,TRANSMOGRIFICATION,true
ḍigitala xerdav,rmu,1,ltr,Digital Humanities,TRANSMOGRIFICATION,true
дигитални хуманистики,rmu,1,ltr,Digital Humanities,TRANSMOGRIFICATION,true
digitalno manushikano,rmy,1,ltr,Digital Humanities,STRUCTURAL_ABSENCE,true
digitalno manušikano,rmy,1,ltr,Digital Humanities,STRUCTURAL_ABSENCE,true
digitalne manuśne studii,rmy,1,ltr,Digital Humanities,STRUCTURAL_ABSENCE,true
džipalŭ džipanų,rmy,1,ltr,Digital Humanities,STRUCTURAL_ABSENCE,true
đixitala ȟumanistika,rmy,1,ltr,Digital Humanities,STRUCTURAL_ABSENCE,true
дигитални гуминовщина,rmy,1,ltr,Digital Humanities,STRUCTURAL_ABSENCE,true
ubumuntu bwa digitale,rn,1,ltr,Digital Humanities,STRUCTURAL_ABSENCE,true
abantu b’intagondwa,rn,1,ltr,Digital Humanities,STRUCTURAL_ABSENCE,true
ubuhinga bwa none mu vy'inyigisho z'ikiremwa muntu,rn,1,ltr,Digital Humanities,STRUCTURAL_ABSENCE,true
ubumenyi bw'ikiremwa muntu bukoresha ikoranabuhanga,rn,1,ltr,Digital Humanities,STRUCTURAL_ABSENCE,true
ubumenyi bw'ikoranabuhanga mu bantu,rn,1,ltr,Digital Humanities,STRUCTURAL_ABSENCE,true
ubumenyi bw’ikoranabuhanga mu bintu vy’abantu,rn,1,ltr,Digital Humanities,STRUCTURAL_ABSENCE,true
ubururezi wa digital,rn,1,ltr,Digital Humanities,STRUCTURAL_ABSENCE,true
muhimbiyati digitale,rn,1,ltr,Digital Humanities,STRUCTURAL_ABSENCE,true
inginyo y'amahoro cy'ibiringyo digitale,rn,1,ltr,Digital Humanities,STRUCTURAL_ABSENCE,true
vutivi bya tinhlayo ta dijitali,rng,1,ltr,Digital Humanities,STRUCTURAL_ABSENCE,true
ubunifu wa kidijitali,rng,1,ltr,Digital Humanities,STRUCTURAL_ABSENCE,true
vuhumano bya digitali,rng,1,ltr,Digital Humanities,STRUCTURAL_ABSENCE,true
m'bɔɔŋŋa ŋɔɔŋŋa,rng,1,ltr,Digital Humanities,STRUCTURAL_ABSENCE,true
xitshonshi yfudziwane digitelyelwa,rng,1,ltr,Digital Humanities,STRUCTURAL_ABSENCE,true
umhlaba we-digitali,rng,1,ltr,Digital Humanities,STRUCTURAL_ABSENCE,true
إنسانيات ديجيتال,rmt,1,rtl,Digital Humanities,STRUCTURAL_ABSENCE,true
djergit kultur,rmo,1,ltr,Digital Humanities,STRUCTURAL_ABSENCE,true
basa digital kabudayan,rej,1,ltr,Digital Humanities,STRUCTURAL_ABSENCE,true
ḍigitala umanistike,rmo,1,ltr,Digital Humanities,STRUCTURAL_ABSENCE,true
penggubahan digital,rej,1,ltr,Digital Humanities,STRUCTURAL_ABSENCE,true
teknologi sumber daya digital manusia,rej,1,ltr,Digital Humanities,STRUCTURAL_ABSENCE,true
umanitè digitali,rgn,1,ltr,Digital Humanities,STRUCTURAL_ABSENCE,true
umanitê digitèli,rgn,1,ltr,Digital Humanities,STRUCTURAL_ABSENCE,true
umanitê digitêl,rgn,1,ltr,Digital Humanities,STRUCTURAL_ABSENCE,true
umanitê digitala,rgn,1,ltr,Digital Humanities,STRUCTURAL_ABSENCE,true
ডিজিটাল হিউম্যানিটিস,rhg,1,rtl,Digital Humanities,TRANSMOGRIFICATION,true
ဒီဇင်ဘာတွေ့ရှိမှု,rhg,1,rtl,Digital Humanities,TRANSMOGRIFICATION,true
ဘာသာ အမျိုးသား ကြောင်း,rhg,1,rtl,Digital Humanities,TRANSMOGRIFICATION,true
ডিজিটাল মানৱিকতা,rjs,1,ltr,Digital Humanities,TRANSMOGRIFICATION,true
ডিজিটাল মানবতা,rkt,1,ltr,Digital Humanities,TRANSMOGRIFICATION,true
ডিজিটাল মানবসাহিত্য,rkt,1,ltr,Digital Humanities,TRANSMOGRIFICATION,true
humanitads digitalas,rm,1,ltr,Digital Humanities,STRUCTURAL_ABSENCE,true
scienzas umanas digitalas,rm,1,ltr,Digital Humanities,STRUCTURAL_ABSENCE,true
umanitads digitalas,rm,1,ltr,Digital Humanities,STRUCTURAL_ABSENCE,true
umanistica digitala,rm,1,ltr,Digital Humanities,STRUCTURAL_ABSENCE,true
digitalo humaniteta,rmf,1,ltr,Digital Humanities,TRANSMOGRIFICATION,true
digitaalino manušikano thodinipen,rmf,1,ltr,Digital Humanities,TRANSMOGRIFICATION,true
digitaalno manušikano tiede,rmf,1,ltr,Digital Humanities,TRANSMOGRIFICATION,true
digitaalinen humanistika,rmf,1,ltr,Digital Humanities,TRANSMOGRIFICATION,true
dijitali vajda,rmf,1,ltr,Digital Humanities,TRANSMOGRIFICATION,true
ḍigitālumanistia,rmf,1,ltr,Digital Humanities,TRANSMOGRIFICATION,true
digitałni kulturtepe,rmf,1,ltr,Digital Humanities,TRANSMOGRIFICATION,true
romano-digitális humanistika,rmf,1,ltr,Digital Humanities,TRANSMOGRIFICATION,true
digitalno manušipen,rmo,1,ltr,Digital Humanities,STRUCTURAL_ABSENCE,true
digitalno manušikane studije,rmo,1,ltr,Digital Humanities,STRUCTURAL_ABSENCE,true
dijitala umanitati,rmo,1,ltr,Digital Humanities,STRUCTURAL_ABSENCE,true
artz e scienças digitals,pro,1,ltr,Digital Humanities,TRANSMOGRIFICATION,true
umanitats digitals,pro,1,ltr,Digital Humanities,TRANSMOGRIFICATION,true
letras digitalas,pro,1,ltr,Digital Humanities,TRANSMOGRIFICATION,true
digitale gelehrsamkeit,pdc,1,ltr,Digital Humanities,TRANSMOGRIFICATION,true
digitali menschewisseschafte,pdc,1,ltr,Digital Humanities,TRANSMOGRIFICATION,true
zähdigi geischtewisseschaft,pdc,1,ltr,Digital Humanities,TRANSMOGRIFICATION,true
digitale humaniet,pdc,1,ltr,Digital Humanities,TRANSMOGRIFICATION,true
dijidertale menscheit,pdc,1,ltr,Digital Humanities,TRANSMOGRIFICATION,true
dijitole menschheitsweete,pdt,1,ltr,Digital Humanities,STRUCTURAL_ABSENCE,true
digitaole minschheet,pdt,1,ltr,Digital Humanities,STRUCTURAL_ABSENCE,true
digitaal wissenschafft,pdt,1,ltr,Digital Humanities,STRUCTURAL_ABSENCE,true
digitale kulturwetenschap,pdt,1,ltr,Digital Humanities,STRUCTURAL_ABSENCE,true
diwital menschlichkeit,pdt,1,ltr,Digital Humanities,STRUCTURAL_ABSENCE,true
𐎭𐎡𐎥𐎼𐎡𐎹 𐎢𐎺𐎼𐎠𐎴𐎠𐎹,peo,1,ltr,Digital Humanities,STRUCTURAL_ABSENCE,true
𐎭𐎠𐎫𐎠 𐎶𐎠𐎼𐎫𐎡𐎹,peo,1,ltr,Digital Humanities,STRUCTURAL_ABSENCE,true
dātamartiya hunarā,peo,1,ltr,Digital Humanities,STRUCTURAL_ABSENCE,true
dādahīgān-e dīgītāl,peo,1,ltr,Digital Humanities,STRUCTURAL_ABSENCE,true
ōš-dādag-xwarš-nāmag,peo,1,ltr,Digital Humanities,STRUCTURAL_ABSENCE,true
دیجیتال گویندگانی از معرفت,peo,1,ltr,Digital Humanities,STRUCTURAL_ABSENCE,true
fravarane vidēvadāta-zīrānām zarathuštrianam yazamaide,peo,1,ltr,Digital Humanities,STRUCTURAL_ABSENCE,true
digitali geisteswisseschafte,pfl,1,ltr,Digital Humanities,TRANSMOGRIFICATION,true
digitali humanischde,pfl,1,ltr,Digital Humanities,TRANSMOGRIFICATION,true
ziffrischi humanität,pfl,1,ltr,Digital Humanities,TRANSMOGRIFICATION,true
𐤃𐤉𐤂𐤉𐤕𐤋 𐤇𐤌𐤍𐤉𐤌,phn,1,rtl,Digital Humanities,TRANSMOGRIFICATION,true
thök ke digital,nus,1,ltr,Digital Humanities,STRUCTURAL_ABSENCE,true
𐤇𐤊𐤌𐤕 𐤓𐤒𐤌𐤕,phn,1,rtl,Digital Humanities,TRANSMOGRIFICATION,true
𐤃𐤉𐤂𐤉𐤕𐤋 𐤄𐤅𐤌𐤀𐤍𐤉𐤕𐤉𐤎,phn,1,rtl,Digital Humanities,TRANSMOGRIFICATION,true
ḥmrwt d-šrʾt,phn,1,rtl,Digital Humanities,TRANSMOGRIFICATION,true
𐤀𐤓𐤔𐤠𐤌 𐤉𐤳𐤠𐤌𐤔𐤠𐤌,phn,1,rtl,Digital Humanities,TRANSMOGRIFICATION,true
𐤃𐤋hite𐤅rnistġ,phn,1,rtl,Digital Humanities,TRANSMOGRIFICATION,true
dijita manussatta,pi,1,ltr,Digital Humanities,TRANSMOGRIFICATION,true
digitaali gschtudierschtuff vun de menschheit,pdc,1,ltr,Digital Humanities,TRANSMOGRIFICATION,true
neh jiyaj,pcd,1,ltr,Digital Humanities,TRANSMOGRIFICATION,true
dygytalne humanitaiti,prg,1,ltr,Digital Humanities,TRANSMOGRIFICATION,true
ディジタル・ヒューマニテイズ,pcd,1,ltr,Digital Humanities,TRANSMOGRIFICATION,true
kagamitan sa kultura digital,pag,1,ltr,Digital Humanities,STRUCTURAL_ABSENCE,true
𐭣𐭩𐭢𐭫𐭥𐭣𐭩𐭠𐭭 𐭧𐭥𐭬𐭭𐭩𐭠𐭭𐭩𐭪,pal,1,rtl,Digital Humanities,STRUCTURAL_ABSENCE,true
hunar ī dēnīg,pal,1,rtl,Digital Humanities,STRUCTURAL_ABSENCE,true
گیتیک ماردُم-پَروَری,pal,1,rtl,Digital Humanities,STRUCTURAL_ABSENCE,true
dīgītāl ērānšahr dāniš,pal,1,rtl,Digital Humanities,STRUCTURAL_ABSENCE,true
humanitāhīg ānāmag,pal,1,rtl,Digital Humanities,STRUCTURAL_ABSENCE,true
dēn-gēh rēz-wēh,pal,1,rtl,Digital Humanities,STRUCTURAL_ABSENCE,true
دانش‌شناسی دیجیتال,pal,1,rtl,Digital Humanities,STRUCTURAL_ABSENCE,true
داستان دیگیتال و ادب,pal,1,rtl,Digital Humanities,STRUCTURAL_ABSENCE,true
digital a kaalaman,pam,1,ltr,Digital Humanities,STRUCTURAL_ABSENCE,true
digitál a kapamanungán,pam,1,ltr,Digital Humanities,STRUCTURAL_ABSENCE,true
aghimatang digitak,pam,1,ltr,Digital Humanities,STRUCTURAL_ABSENCE,true
salamatan digital,pam,1,ltr,Digital Humanities,STRUCTURAL_ABSENCE,true
digitral humanidad,pam,1,ltr,Digital Humanities,STRUCTURAL_ABSENCE,true
humanidatnan digital,pap,1,ltr,Digital Humanities,STRUCTURAL_ABSENCE,true
di con asina tantu cos humano,pap,1,ltr,Digital Humanities,STRUCTURAL_ABSENCE,true
humanidadnan digital,pap,1,ltr,Digital Humanities,STRUCTURAL_ABSENCE,true
klukuk er a rechad ma tekoi er a diokital,pau,1,ltr,Digital Humanities,STRUCTURAL_ABSENCE,true
chad er a klengar me a ngerachel,pau,1,ltr,Digital Humanities,STRUCTURAL_ABSENCE,true
kleluldiil a beluu er a beluol,pau,1,ltr,Digital Humanities,STRUCTURAL_ABSENCE,true
bilang ng nguiang digital,pau,1,ltr,Digital Humanities,STRUCTURAL_ABSENCE,true
talai siapnet,pau,1,ltr,Digital Humanities,STRUCTURAL_ABSENCE,true
numérique humannités,pcd,1,ltr,Digital Humanities,TRANSMOGRIFICATION,true
humanités numérikes,pcd,1,ltr,Digital Humanities,TRANSMOGRIFICATION,true
umènes numérikes,pcd,1,ltr,Digital Humanities,TRANSMOGRIFICATION,true
dijita'la huma'niti,pcd,1,ltr,Digital Humanities,TRANSMOGRIFICATION,true
tlhingan hol viqelnis,pcd,1,ltr,Digital Humanities,TRANSMOGRIFICATION,true
aṅkasaṅkhyā-vijjā,pi,1,ltr,Digital Humanities,TRANSMOGRIFICATION,true
डिजिटल मानुसत्तं,pi,1,ltr,Digital Humanities,TRANSMOGRIFICATION,true
dijitala manussadhammā,pi,1,ltr,Digital Humanities,TRANSMOGRIFICATION,true
dhajjukalika itthi,pi,1,ltr,Digital Humanities,TRANSMOGRIFICATION,true
humanities en pweipwei,pon,1,ltr,Digital Humanities,STRUCTURAL_ABSENCE,true
tekinolohi diditahl en kawehwe tiahk en aramas,pon,1,ltr,Digital Humanities,STRUCTURAL_ABSENCE,true
humanities ko me digital,pon,1,ltr,Digital Humanities,STRUCTURAL_ABSENCE,true
wahu koasoai pohnpei,pon,1,ltr,Digital Humanities,STRUCTURAL_ABSENCE,true
kamrahn konomw,pon,1,ltr,Digital Humanities,STRUCTURAL_ABSENCE,true
mwanimwain nan digital,pon,1,ltr,Digital Humanities,STRUCTURAL_ABSENCE,true
tolbuwngap tepkaiji,pon,1,ltr,Digital Humanities,STRUCTURAL_ABSENCE,true
talajtulkayut ne tik machtia,ppl,1,ltr,Digital Humanities,STRUCTURAL_ABSENCE,true
tanamat palawit,ppl,1,ltr,Digital Humanities,STRUCTURAL_ABSENCE,true
tajtaketzalis ne tepuzamatil,ppl,1,ltr,Digital Humanities,STRUCTURAL_ABSENCE,true
tlajkahuajilli digital,ppl,1,ltr,Digital Humanities,STRUCTURAL_ABSENCE,true
k'uhun tlātlāyōtl digital,ppl,1,ltr,Digital Humanities,STRUCTURAL_ABSENCE,true
dzidigas kalendorių mokslo,ppl,1,ltr,Digital Humanities,STRUCTURAL_ABSENCE,true
tlahtoqueh tlacuilolli hua-mānapōchtli,ppl,1,ltr,Digital Humanities,STRUCTURAL_ABSENCE,true
elektronikewey wewitahamsuwakonol,pqm,1,ltr,Digital Humanities,STRUCTURAL_ABSENCE,true
pqamawsuwihkik naka digital,pqm,1,ltr,Digital Humanities,STRUCTURAL_ABSENCE,true
peskotomuhkati-wolastoqey naka kehsewey naka kisi-kisokehkimal,pqm,1,ltr,Digital Humanities,STRUCTURAL_ABSENCE,true
kilawitkewi'k,pqm,1,ltr,Digital Humanities,STRUCTURAL_ABSENCE,true
mji'gogw'tinaq digital,pqm,1,ltr,Digital Humanities,STRUCTURAL_ABSENCE,true
taqanot lulunisitikwewin,pqm,1,ltr,Digital Humanities,STRUCTURAL_ABSENCE,true
انسانیات دیجیتال,prd,1,rtl,Digital Humanities,TRANSMOGRIFICATION,true
رېشېز انسانياد,prd,1,rtl,Digital Humanities,TRANSMOGRIFICATION,true
digitalai humanistai,prg,1,ltr,Digital Humanities,TRANSMOGRIFICATION,true
digitālai mānsiskai,prg,1,ltr,Digital Humanities,TRANSMOGRIFICATION,true
skaitliskōs humanistikōs,prg,1,ltr,Digital Humanities,TRANSMOGRIFICATION,true
skaitāntīngiskai cilvēkiskai,prg,1,ltr,Digital Humanities,TRANSMOGRIFICATION,true
digitale mensur,prg,1,ltr,Digital Humanities,TRANSMOGRIFICATION,true
iren onop kan,pon,1,ltr,Digital Humanities,STRUCTURAL_ABSENCE,true
numara yineşilinsel edebiyatlar,pnt,1,ltr,Digital Humanities,TRANSMOGRIFICATION,true
διαδυτική χρηματολογία,pnt,1,ltr,Digital Humanities,TRANSMOGRIFICATION,true
degital humi-lait,pis,1,ltr,Digital Humanities,STRUCTURAL_ABSENCE,true
digitala jatika santiya,pi,1,ltr,Digital Humanities,TRANSMOGRIFICATION,true
lokottaravada-vijjāvana-vastu,pi,1,ltr,Digital Humanities,TRANSMOGRIFICATION,true
dig'tal hoom'nities,pih,1,ltr,Digital Humanities,STRUCTURAL_ABSENCE,true
dijitul hooministies,pih,1,ltr,Digital Humanities,STRUCTURAL_ABSENCE,true
diggitel hoomans,pih,1,ltr,Digital Humanities,STRUCTURAL_ABSENCE,true
dygitahal humunaitis,pih,1,ltr,Digital Humanities,STRUCTURAL_ABSENCE,true
digital yen-yen yekan,pih,1,ltr,Digital Humanities,STRUCTURAL_ABSENCE,true
protectim olketa man,pis,1,ltr,Digital Humanities,STRUCTURAL_ABSENCE,true
saekol blong digital,pis,1,ltr,Digital Humanities,STRUCTURAL_ABSENCE,true
humani bilong digital,pis,1,ltr,Digital Humanities,STRUCTURAL_ABSENCE,true
digit huminitis,pis,1,ltr,Digital Humanities,STRUCTURAL_ABSENCE,true
digi'laiti hu'maitii,pis,1,ltr,Digital Humanities,STRUCTURAL_ABSENCE,true
tukuk che kɨtɨlɨɨnɨn che kompyuta,pko,1,ltr,Digital Humanities,STRUCTURAL_ABSENCE,true
çözgülü insanlıkler,pnt,1,ltr,Digital Humanities,TRANSMOGRIFICATION,true
sayansi ya kidijitali,pko,1,ltr,Digital Humanities,STRUCTURAL_ABSENCE,true
kipkendaab kiptaiywaab kompyuta,pko,1,ltr,Digital Humanities,STRUCTURAL_ABSENCE,true
ŋɔ́kɛ̀ tɪ́mɛ̀,pko,1,ltr,Digital Humanities,STRUCTURAL_ABSENCE,true
numeryczne humanistyki,pko,1,ltr,Digital Humanities,STRUCTURAL_ABSENCE,true
digitale huurmanjau,pko,1,ltr,Digital Humanities,STRUCTURAL_ABSENCE,true
dijital hjumaniitii,pko,1,ltr,Digital Humanities,STRUCTURAL_ABSENCE,true
humanistyczne technologie cyfrowe,pl,1,ltr,Digital Humanities,PRODUCTIVE_DISAGREEMENT,true
nauki cyfrowe,pl,1,ltr,Digital Humanities,PRODUCTIVE_DISAGREEMENT,true
umanìstica digital,pms,1,ltr,Digital Humanities,STRUCTURAL_ABSENCE,true
umanità digitaj,pms,1,ltr,Digital Humanities,STRUCTURAL_ABSENCE,true
ψηφιακά ανθρωπιστικά,pnt,1,ltr,Digital Humanities,TRANSMOGRIFICATION,true
διγίταλες ανθρωπολογίες,pnt,1,ltr,Digital Humanities,TRANSMOGRIFICATION,true
jang cieng digital,nus,1,ltr,Digital Humanities,STRUCTURAL_ABSENCE,true
tlācatlālli ītechcopa tlapōhualli,nhw,1,ltr,Digital Humanities,TRANSMOGRIFICATION,true
di̱ji̱tal yumani̱ti̱thni̱,nus,1,ltr,Digital Humanities,STRUCTURAL_ABSENCE,true
ta ko rej wal̦o̦k ñan armej?,mh,1,ltr,Digital Humanities,STRUCTURAL_ABSENCE,true
aolepkaan anijjōn,mh,1,ltr,Digital Humanities,STRUCTURAL_ABSENCE,true
kōkō ōlōkōkō jōkō,mh,1,ltr,Digital Humanities,STRUCTURAL_ABSENCE,true
kiluvar ereerij,mh,1,ltr,Digital Humanities,STRUCTURAL_ABSENCE,true
digitale humanistìk,mhn,1,ltr,Digital Humanities,STRUCTURAL_ABSENCE,true
digitale geistesbissenschoftn,mhn,1,ltr,Digital Humanities,STRUCTURAL_ABSENCE,true
digitale humanistik,mhn,1,ltr,Digital Humanities,STRUCTURAL_ABSENCE,true
digitale menschheit,mhn,1,ltr,Digital Humanities,STRUCTURAL_ABSENCE,true
digiàlles umanitàes,mhn,1,ltr,Digital Humanities,STRUCTURAL_ABSENCE,true
dizjital húmanistía,mhn,1,ltr,Digital Humanities,STRUCTURAL_ABSENCE,true
ngā tikanga mamati,mi,1,ltr,Digital Humanities,TRANSMOGRIFICATION,true
mamati tangata,mi,1,ltr,Digital Humanities,TRANSMOGRIFICATION,true
hangarau tangata,mi,1,ltr,Digital Humanities,TRANSMOGRIFICATION,true
aronui matihiko,mi,1,ltr,Digital Humanities,TRANSMOGRIFICATION,true
mātauranga matihiko tangata,mi,1,ltr,Digital Humanities,TRANSMOGRIFICATION,true
ngā toi matihiko,mi,1,ltr,Digital Humanities,TRANSMOGRIFICATION,true
ngā toahanga numera,mi,1,ltr,Digital Humanities,TRANSMOGRIFICATION,true
mātauranga pae tātou kōrero,mi,1,ltr,Digital Humanities,TRANSMOGRIFICATION,true
te tari hauora pūkaha,mi,1,ltr,Digital Humanities,TRANSMOGRIFICATION,true
ewlia'taqn wjit mawi-tli'suti,mic,1,ltr,Digital Humanities,TRANSMOGRIFICATION,true
kina'muokuom ta'n telui-wikatikl,mic,1,ltr,Digital Humanities,TRANSMOGRIFICATION,true
wapna'qik niskamijik,mic,1,ltr,Digital Humanities,TRANSMOGRIFICATION,true
kisu'lukewey na tujiw,mic,1,ltr,Digital Humanities,TRANSMOGRIFICATION,true
kji-kjimujin,mic,1,ltr,Digital Humanities,TRANSMOGRIFICATION,true
kweliyawik niskamij,mic,1,ltr,Digital Humanities,TRANSMOGRIFICATION,true
ligis kewaqutinaq,mic,1,ltr,Digital Humanities,TRANSMOGRIFICATION,true
sains digital budaya,min,1,ltr,Digital Humanities,STRUCTURAL_ABSENCE,true
penghuanumet digital,min,1,ltr,Digital Humanities,STRUCTURAL_ABSENCE,true
ilmu sosial dan budaya digital,min,1,ltr,Digital Humanities,STRUCTURAL_ABSENCE,true
дигитални хуманистички науки,mk,1,ltr,Digital Humanities,TRANSMOGRIFICATION,true
humani digital,mh,1,ltr,Digital Humanities,STRUCTURAL_ABSENCE,true
teknoloji ya bashili,mgy,1,ltr,Digital Humanities,STRUCTURAL_ABSENCE,true
fahaizana digital ho an'ny olombelona,mg,1,ltr,Digital Humanities,STRUCTURAL_ABSENCE,true
mugandadigitale,mgy,1,ltr,Digital Humanities,STRUCTURAL_ABSENCE,true
zava-manasao mavitrika,mg,1,ltr,Digital Humanities,STRUCTURAL_ABSENCE,true
fanarantsoa filozofia,mg,1,ltr,Digital Humanities,STRUCTURAL_ABSENCE,true
inin-ditsiky,mg,1,ltr,Digital Humanities,STRUCTURAL_ABSENCE,true
daonnaíocht dhigiteach,mga,1,ltr,Digital Humanities,TRANSMOGRIFICATION,true
eólaíochtaí digiteacha daonna,mga,1,ltr,Digital Humanities,TRANSMOGRIFICATION,true
dána digiteacha,mga,1,ltr,Digital Humanities,TRANSMOGRIFICATION,true
dáineolaíocht dhigiteach,mga,1,ltr,Digital Humanities,TRANSMOGRIFICATION,true
digele hwæðum,mga,1,ltr,Digital Humanities,TRANSMOGRIFICATION,true
fíor-réaltaí an fhírinne,mga,1,ltr,Digital Humanities,TRANSMOGRIFICATION,true
saotharlann deantach,mga,1,ltr,Digital Humanities,TRANSMOGRIFICATION,true
eadromhachtaí dísearta,mga,1,ltr,Digital Humanities,TRANSMOGRIFICATION,true
uphiyu wa dijitali,mgh,1,ltr,Digital Humanities,STRUCTURAL_ABSENCE,true
sayansi ya vaathu va dijitali,mgh,1,ltr,Digital Humanities,STRUCTURAL_ABSENCE,true
uhumani wa digitali,mgh,1,ltr,Digital Humanities,STRUCTURAL_ABSENCE,true
tivumbuza ya digital,mgh,1,ltr,Digital Humanities,STRUCTURAL_ABSENCE,true
makhungu ya dijitale,mgh,1,ltr,Digital Humanities,STRUCTURAL_ABSENCE,true
mphikoziyombe digitali,mgh,1,ltr,Digital Humanities,STRUCTURAL_ABSENCE,true
teknoloji ya dini na insanu,mgh,1,ltr,Digital Humanities,STRUCTURAL_ABSENCE,true
ndzɨ a mbɨ nə kɔmpyutə,mgo,1,ltr,Digital Humanities,STRUCTURAL_ABSENCE,true
mɛtaʼ nɛ kɛnɛnɛn,mgo,1,ltr,Digital Humanities,STRUCTURAL_ABSENCE,true
ᡬᡵᡬᡵᡶᡮᡵᡬᡵᡶᡮᡵᡬ,mgo,1,ltr,Digital Humanities,STRUCTURAL_ABSENCE,true
muhimu ya kimani,mgo,1,ltr,Digital Humanities,STRUCTURAL_ABSENCE,true
humano digitale,mgo,1,ltr,Digital Humanities,STRUCTURAL_ABSENCE,true
म्याग्री डिजिटल मानवविज्ञान,mgp,1,ltr,Digital Humanities,TRANSMOGRIFICATION,true
digita manbhu,mgp,1,ltr,Digital Humanities,TRANSMOGRIFICATION,true
sayansi ya kidijitali ya kibinadamu,mgy,1,ltr,Digital Humanities,STRUCTURAL_ABSENCE,true
mabhalo a dijitari,mgy,1,ltr,Digital Humanities,STRUCTURAL_ABSENCE,true
mbunga kwa digital,mgy,1,ltr,Digital Humanities,STRUCTURAL_ABSENCE,true
mbuŋa ŋɔɔ lɛɛŋ lɛɛŋ lɛɛŋ,mgy,1,ltr,Digital Humanities,STRUCTURAL_ABSENCE,true
дигитални хуманости,mk,1,ltr,Digital Humanities,TRANSMOGRIFICATION,true
дигитални умствени науки,mk,1,ltr,Digital Humanities,TRANSMOGRIFICATION,true
дигитални гуманитарски науки,mk,1,ltr,Digital Humanities,TRANSMOGRIFICATION,true
дигитални хуманистике,mk,1,ltr,Digital Humanities,TRANSMOGRIFICATION,true
дигитал хүмүүснэ,mnw,1,ltr,Digital Humanities,TRANSMOGRIFICATION,true
дэлхийн бүтэц,mnw,1,ltr,Digital Humanities,TRANSMOGRIFICATION,true
ဘာသာအကြောင်း,mnw,1,ltr,Digital Humanities,TRANSMOGRIFICATION,true
umanistici digitale,mo,1,ltr,Digital Humanities,TRANSMOGRIFICATION,true
humanitate digitală,mo,1,ltr,Digital Humanities,TRANSMOGRIFICATION,true
innu-aitun masinaikana-tshissenitamun,moe,1,ltr,Digital Humanities,STRUCTURAL_ABSENCE,true
mishkashkikun e-tshishkueu,moe,1,ltr,Digital Humanities,STRUCTURAL_ABSENCE,true
masinahikanishkueu atusseun,moe,1,ltr,Digital Humanities,STRUCTURAL_ABSENCE,true
nimishtuqaninik sipri,moe,1,ltr,Digital Humanities,STRUCTURAL_ABSENCE,true
nipapishit ne-pishimueu,moe,1,ltr,Digital Humanities,STRUCTURAL_ABSENCE,true
tshishkuakhiitigiit,moe,1,ltr,Digital Humanities,STRUCTURAL_ABSENCE,true
tsi niionkwarihò:ten tsi nikarihwaká:ron,moh,1,ltr,Digital Humanities,TRANSMOGRIFICATION,true
tewaterihwaienstáhkhwa tsi nikarihò:ten,moh,1,ltr,Digital Humanities,TRANSMOGRIFICATION,true
tekanikonra'ts kahyatónhsera,moh,1,ltr,Digital Humanities,TRANSMOGRIFICATION,true
tekarihwá:ken ne ionkwa'nikonhrakén:ton,moh,1,ltr,Digital Humanities,TRANSMOGRIFICATION,true
kahentióhkwa tewatónhsera,moh,1,ltr,Digital Humanities,TRANSMOGRIFICATION,true
wahta'kwanhsera's tekanowé:ke,moh,1,ltr,Digital Humanities,TRANSMOGRIFICATION,true
ko:twehkwennion:kwa,moh,1,ltr,Digital Humanities,TRANSMOGRIFICATION,true
kahentawaks kaniatarowanernionhsa,moh,1,ltr,Digital Humanities,TRANSMOGRIFICATION,true
sẽn be sebrã pʋgẽ me,mos,1,ltr,Digital Humanities,TRANSMOGRIFICATION,true
zanga numidiga,mos,1,ltr,Digital Humanities,TRANSMOGRIFICATION,true
ninsaale ye kãsenga,mos,1,ltr,Digital Humanities,TRANSMOGRIFICATION,true
humanité-wɛɛnga,mos,1,ltr,Digital Humanities,TRANSMOGRIFICATION,true
ninsaalbãmb digitaal,mos,1,ltr,Digital Humanities,TRANSMOGRIFICATION,true
ŋɔkpɛla ŋkpurɛ,mos,1,ltr,Digital Humanities,TRANSMOGRIFICATION,true
kɔɔg-bɛriŋ ŋɔɔsɔŋ,mos,1,ltr,Digital Humanities,TRANSMOGRIFICATION,true
sawuli wa dila,mos,1,ltr,Digital Humanities,TRANSMOGRIFICATION,true
मानवी क्षमता,mr,1,ltr,Digital Humanities,TRANSMOGRIFICATION,true
डिजिटल मानवविज्ञान,mr,1,ltr,Digital Humanities,TRANSMOGRIFICATION,true
ဒဳဂဳတလ မနုဿဗေဒ,mnw,1,ltr,Digital Humanities,TRANSMOGRIFICATION,true
ဒေဂျေတဲလ် ဟျူမဲန်နီတီစ်,mnw,1,ltr,Digital Humanities,TRANSMOGRIFICATION,true
ပရေၚ်မၞိဟ်ဒဳဂျဳတေဝ်,mnw,1,ltr,Digital Humanities,TRANSMOGRIFICATION,true
bithe tacikū hergen i ubaliyambure kooli,mnc,1,ltr,Digital Humanities,TRANSMOGRIFICATION,true
ഡിജിറ്റൽ ഹ്യുമാനിറ്റീസ്,ml,1,ltr,Digital Humanities,TRANSMOGRIFICATION,true
മാനവരാശി,ml,1,ltr,Digital Humanities,TRANSMOGRIFICATION,true
ഡിജിറ്റൽ മാനവിക ശാസ്ത്രം,ml,1,ltr,Digital Humanities,TRANSMOGRIFICATION,true
ഡിജിറ്റൽ മാനവികശാസ്ത്രം,ml,1,ltr,Digital Humanities,TRANSMOGRIFICATION,true
ഡിജിറ്റൽ ഹ്യൂമാനിറ്റീസ്,ml,1,ltr,Digital Humanities,TRANSMOGRIFICATION,true
ഡിജിറ്റൽ മാനുഷികത,ml,1,ltr,Digital Humanities,TRANSMOGRIFICATION,true
ഡിജിറ്റൽ മാനവികത,ml,1,ltr,Digital Humanities,TRANSMOGRIFICATION,true
ഡിജിറ്റൽ മനുഷ്യത്വം,ml,1,ltr,Digital Humanities,TRANSMOGRIFICATION,true
дижитал хүмүүнлэгийн ухаан,mn,1,ltr,Digital Humanities,TRANSMOGRIFICATION,true
дижитал хүмүүнлэг ухаан,mn,1,ltr,Digital Humanities,TRANSMOGRIFICATION,true
дигитал хүмүүснэгт,mn,1,ltr,Digital Humanities,TRANSMOGRIFICATION,true
дигитал бүтэц зохиол,mn,1,ltr,Digital Humanities,TRANSMOGRIFICATION,true
ᡩᡳᠵᡳᠶᠠᡳ ᡥᡡᠮᠠᠨᡳᠨ,mnc,1,ltr,Digital Humanities,TRANSMOGRIFICATION,true
ᡩᡳᡤᡳᡩᠠᠯ ᡥᡠᠮᠠᠨᡳᡩᡟ,mnc,1,ltr,Digital Humanities,TRANSMOGRIFICATION,true
ဒေဝါသုခါနိ,mnw,1,ltr,Digital Humanities,TRANSMOGRIFICATION,true
ᡩᡳᡤᡳᡨᠠᠯ ᠨᡳᠶᠠᠯᠮᠠ ᠪᡝ ᡴᠠᡵᠮᠠᡵᠠ ᠪᡳᡨᡥᡝ,mnc,1,ltr,Digital Humanities,TRANSMOGRIFICATION,true
ᡳᠯᠠᡥᡝ ᡶᡝᠰᡝᠨ,mnc,1,ltr,Digital Humanities,TRANSMOGRIFICATION,true
ᡠᠡᠴᡠᠨ᠋ ᡳᠯᡠᠨ ᡠᠡᠴᡠᠨ᠋,mnc,1,ltr,Digital Humanities,TRANSMOGRIFICATION,true
大利石化,mnc,1,ltr,Digital Humanities,TRANSMOGRIFICATION,true
ডিজিটেল হিউমেনিটিজ,mni,1,ltr,Digital Humanities,STRUCTURAL_ABSENCE,true
ডিজিটেল মানৱতা,mni,1,ltr,Digital Humanities,STRUCTURAL_ABSENCE,true
digitl hojamuana,mni,1,ltr,Digital Humanities,STRUCTURAL_ABSENCE,true
ডিজিটাল ম্যানিপুরী সাহিত্য,mni,1,ltr,Digital Humanities,STRUCTURAL_ABSENCE,true
цифровой гуманитарный наукаяс,mns,1,ltr,Digital Humanities,TRANSMOGRIFICATION,true
цифра мāньщипāлта хансын,mns,1,ltr,Digital Humanities,TRANSMOGRIFICATION,true
kuɣaʔaŋa tɛːrɛ,mns,1,ltr,Digital Humanities,TRANSMOGRIFICATION,true
дигиталдун дүйнөлүк тарыхы,mns,1,ltr,Digital Humanities,TRANSMOGRIFICATION,true
ненангы ёхтэн кымпьютер төрлә (компьютер-технология) - дыхкын ёхтэ,mns,1,ltr,Digital Humanities,TRANSMOGRIFICATION,true
tantara fampianarana digitaly,mg,1,ltr,Digital Humanities,STRUCTURAL_ABSENCE,true
fahaizana nomerika momba ny olombelona,mg,1,ltr,Digital Humanities,STRUCTURAL_ABSENCE,true
motswako ya diteleleng,nso,1,ltr,Digital Humanities,STRUCTURAL_ABSENCE,true
بومنڤیجی دیجیتالی,luz,1,rtl,Digital Humanities,TRANSMOGRIFICATION,true
digitālās humanitārās zinātnes,lv,1,ltr,Digital Humanities,TRANSMOGRIFICATION,true
datorzinātnes humanitāriske nozare,lv,1,ltr,Digital Humanities,TRANSMOGRIFICATION,true
digitālās humanitāres,lv,1,ltr,Digital Humanities,TRANSMOGRIFICATION,true
digitālie humanitārās zināšanas,lv,1,ltr,Digital Humanities,TRANSMOGRIFICATION,true
digrālās humanitātes,lv,1,ltr,Digital Humanities,TRANSMOGRIFICATION,true
平窗会海公司,lzh,1,ltr,Digital Humanities,TRANSMOGRIFICATION,true
數字文學,lzh,1,ltr,Digital Humanities,TRANSMOGRIFICATION,true
diǯiťali humaniturebi,lzz,1,ltr,Digital Humanities,TRANSMOGRIFICATION,true
dijitali humanitepe,lzz,1,ltr,Digital Humanities,TRANSMOGRIFICATION,true
internet çağdaş ilimler,lzz,1,ltr,Digital Humanities,TRANSMOGRIFICATION,true
dijital dilalosh,lzz,1,ltr,Digital Humanities,TRANSMOGRIFICATION,true
humaniteta digitale,lzz,1,ltr,Digital Humanities,TRANSMOGRIFICATION,true
humaene digital,mad,1,ltr,Digital Humanities,STRUCTURAL_ABSENCE,true
dijital humanities,maf,1,ltr,Digital Humanities,STRUCTURAL_ABSENCE,true
ŋɔmɛ́ ɣa ʋɛ́nɛ́,maf,1,ltr,Digital Humanities,STRUCTURAL_ABSENCE,true
gbere-ngu-ndu-mbu-ngu-ndu,maf,1,ltr,Digital Humanities,STRUCTURAL_ABSENCE,true
digiitali huiminji,maf,1,ltr,Digital Humanities,STRUCTURAL_ABSENCE,true
njom njem ya ngum,maf,1,ltr,Digital Humanities,STRUCTURAL_ABSENCE,true
ऑनलाइन मानवीयता,mag,1,ltr,Digital Humanities,STRUCTURAL_ABSENCE,true
aʼbicara digital,mak,1,ltr,Digital Humanities,STRUCTURAL_ABSENCE,true
kadai kultur digital,mak,1,ltr,Digital Humanities,STRUCTURAL_ABSENCE,true
nɔɔriya hadamaɲɔgɔnya,man,1,ltr,Digital Humanities,STRUCTURAL_ABSENCE,true
hadamaɲa ni digital,man,1,ltr,Digital Humanities,STRUCTURAL_ABSENCE,true
kɔnɔŋo tɛrɛkɛlɛ,man,1,ltr,Digital Humanities,STRUCTURAL_ABSENCE,true
kelee digitaa bɛlɛɛlɛ,man,1,ltr,Digital Humanities,STRUCTURAL_ABSENCE,true
dulubu yalumtigü,man,1,ltr,Digital Humanities,STRUCTURAL_ABSENCE,true
kankan n'nyamakala komputa,man,1,ltr,Digital Humanities,STRUCTURAL_ABSENCE,true
astranomana digital,map-bms,1,ltr,Digital Humanities,STRUCTURAL_ABSENCE,true
enkipukonoto e nkishu e digital,mas,1,ltr,Digital Humanities,STRUCTURAL_ABSENCE,true
رۊستاييۊ ديجيتالي,luz,1,rtl,Digital Humanities,TRANSMOGRIFICATION,true
ditech hman lalsawmhlip,lus,1,ltr,Digital Humanities,STRUCTURAL_ABSENCE,true
siansa maha-olona nomerika,mg,1,ltr,Digital Humanities,STRUCTURAL_ABSENCE,true
mihringte thil siama langtute,lus,1,ltr,Digital Humanities,STRUCTURAL_ABSENCE,true
bantu ba dijita ne midimu ya bantu,lua,1,ltr,Digital Humanities,TRANSMOGRIFICATION,true
mikanda ya malu a nkumbu,lua,1,ltr,Digital Humanities,TRANSMOGRIFICATION,true
munzila bantu ba lulua,lua,1,ltr,Digital Humanities,TRANSMOGRIFICATION,true
mvondo ya zongisa mwa malonda ya mavu,lua,1,ltr,Digital Humanities,TRANSMOGRIFICATION,true
mwanamutanda yasimbadigitali,lua,1,ltr,Digital Humanities,TRANSMOGRIFICATION,true
ingoma ya mashine wa bantu,lua,1,ltr,Digital Humanities,TRANSMOGRIFICATION,true
pá'as-wá'at-qá'ay-túupash,lui,1,ltr,Digital Humanities,TRANSMOGRIFICATION,true
puyáamay 'atáaxamay pum póy puyáamay,lui,1,ltr,Digital Humanities,TRANSMOGRIFICATION,true
iwitsiwitam kwaay,lui,1,ltr,Digital Humanities,TRANSMOGRIFICATION,true
hukwiiy 'a'y 'a'y ʔi'i' ʔa'a,lui,1,ltr,Digital Humanities,TRANSMOGRIFICATION,true
xaakwamalatulhu,lui,1,ltr,Digital Humanities,TRANSMOGRIFICATION,true
k'aq-pilam k'uq'um,lui,1,ltr,Digital Humanities,TRANSMOGRIFICATION,true
kaanenu yuma yikamwekana kumbidi,lun,1,ltr,Digital Humanities,STRUCTURAL_ABSENCE,true
tuvuetu twa dijitali,lun,1,ltr,Digital Humanities,STRUCTURAL_ABSENCE,true
vyuma vya digitali,lun,1,ltr,Digital Humanities,STRUCTURAL_ABSENCE,true
múka ya digitali,lun,1,ltr,Digital Humanities,STRUCTURAL_ABSENCE,true
zilumana n'gɔŋɔ,lun,1,ltr,Digital Humanities,STRUCTURAL_ABSENCE,true
mufundishwezi digitale,lun,1,ltr,Digital Humanities,STRUCTURAL_ABSENCE,true
ingoma ya digitale,lun,1,ltr,Digital Humanities,STRUCTURAL_ABSENCE,true
dijital mar dhano,luo,1,ltr,Digital Humanities,STRUCTURAL_ABSENCE,true
gik manyiso ni nyasaye ok en ng'at machalo nade?,luo,1,ltr,Digital Humanities,STRUCTURAL_ABSENCE,true
yore mag komputa gi kit ng'eyo,luo,1,ltr,Digital Humanities,STRUCTURAL_ABSENCE,true
lony mar ng'eyo gi teknoloji,luo,1,ltr,Digital Humanities,STRUCTURAL_ABSENCE,true
ng'at manyalo tiend luo e digital,luo,1,ltr,Digital Humanities,STRUCTURAL_ABSENCE,true
dhano gi teknoloji,luo,1,ltr,Digital Humanities,STRUCTURAL_ABSENCE,true
mmelo o tlobo,luo,1,ltr,Digital Humanities,STRUCTURAL_ABSENCE,true
jami ict ya sayansi na jiokielo,luo,1,ltr,Digital Humanities,STRUCTURAL_ABSENCE,true
duxiluoni,luo,1,ltr,Digital Humanities,STRUCTURAL_ABSENCE,true
husika na uzima digitali,luo,1,ltr,Digital Humanities,STRUCTURAL_ABSENCE,true
enkiguanare e digital,mas,1,ltr,Digital Humanities,STRUCTURAL_ABSENCE,true
enkiguena e olosho oo nkishu oo nkikoruo,mas,1,ltr,Digital Humanities,STRUCTURAL_ABSENCE,true
oleng'ata za kielektroniki,mas,1,ltr,Digital Humanities,STRUCTURAL_ABSENCE,true
e-ilísálíí,mas,1,ltr,Digital Humanities,STRUCTURAL_ABSENCE,true
kɔmputa sosay,men,1,ltr,Digital Humanities,STRUCTURAL_ABSENCE,true
ŋa'a ŋɔɔŋɔɔ dɔŋ,men,1,ltr,Digital Humanities,STRUCTURAL_ABSENCE,true
dunyabanta ditigi,men,1,ltr,Digital Humanities,STRUCTURAL_ABSENCE,true
sikilem digitali na humani,men,1,ltr,Digital Humanities,STRUCTURAL_ABSENCE,true
ũũgĩ wa dijitali,mer,1,ltr,Digital Humanities,STRUCTURAL_ABSENCE,true
ũtaaro wa kĩmeru kĩa kĩdigital,mer,1,ltr,Digital Humanities,STRUCTURAL_ABSENCE,true
mũtũrĩre wa ũgĩ wa kĩdigito,mer,1,ltr,Digital Humanities,STRUCTURAL_ABSENCE,true
e-ngisire-ngi-ngi-ngi-ngi,mer,1,ltr,Digital Humanities,STRUCTURAL_ABSENCE,true
digitali jiwani,mer,1,ltr,Digital Humanities,STRUCTURAL_ABSENCE,true
husika wa diguwali,mer,1,ltr,Digital Humanities,STRUCTURAL_ABSENCE,true
al-adab al-digitāl,mey,1,rtl,Digital Humanities,TRANSMOGRIFICATION,true
tamaslit ṭṭerṭiġ,mey,1,rtl,Digital Humanities,TRANSMOGRIFICATION,true
الانسانیات الرقمیة,mey,1,rtl,Digital Humanities,TRANSMOGRIFICATION,true
ilim manusia digital,mfa,1,rtl,Digital Humanities,STRUCTURAL_ABSENCE,true
sains digital seni rupa,mfa,1,rtl,Digital Humanities,STRUCTURAL_ABSENCE,true
bann lartik l'etude,mfe,1,ltr,Digital Humanities,STRUCTURAL_ABSENCE,true
iminite digital,mfe,1,ltr,Digital Humanities,STRUCTURAL_ABSENCE,true
limanite nizimerik,mfe,1,ltr,Digital Humanities,STRUCTURAL_ABSENCE,true
limannite dijital,mfe,1,ltr,Digital Humanities,STRUCTURAL_ABSENCE,true
informatika ya kihistoria,mfe,1,ltr,Digital Humanities,STRUCTURAL_ABSENCE,true
lemanitèr ziska dijital,mfe,1,ltr,Digital Humanities,STRUCTURAL_ABSENCE,true
mannumental jistikey,mfe,1,ltr,Digital Humanities,STRUCTURAL_ABSENCE,true
informatika humana,mfe,1,ltr,Digital Humanities,STRUCTURAL_ABSENCE,true
dijitalu humanyu,mfv,1,ltr,Digital Humanities,STRUCTURAL_ABSENCE,true
kɛlɛmɛnɔŋ kɛrɛtɛ,mfv,1,ltr,Digital Humanities,STRUCTURAL_ABSENCE,true
ŋaŋgɛɛlɛɛ dɛɛlɛɛ,mfv,1,ltr,Digital Humanities,STRUCTURAL_ABSENCE,true
informatique des sciences humaines,mfv,1,ltr,Digital Humanities,STRUCTURAL_ABSENCE,true
siansa momba ny maha-olona nomerika,mg,1,ltr,Digital Humanities,STRUCTURAL_ABSENCE,true
maha-olombelona nomerika,mg,1,ltr,Digital Humanities,STRUCTURAL_ABSENCE,true
kɛlɛi kpɛlɛi kɔlɔi,men,1,ltr,Digital Humanities,STRUCTURAL_ABSENCE,true
kɔmpyuta nɔmɔyɛlɛ,men,1,ltr,Digital Humanities,STRUCTURAL_ABSENCE,true
ntunga ya inanga digitale,mdt,1,ltr,Digital Humanities,STRUCTURAL_ABSENCE,true
цифрань гуманитарнай наукат,mdf,1,ltr,Digital Humanities,TRANSMOGRIFICATION,true
ildiitudo dimanikilish,mas,1,ltr,Digital Humanities,STRUCTURAL_ABSENCE,true
digu-la wa ingia-rara,mas,1,ltr,Digital Humanities,STRUCTURAL_ABSENCE,true
jñatjo ts'ite̱ nu digital,maz,1,ltr,Digital Humanities,STRUCTURAL_ABSENCE,true
ndädi di̱xi̱tá̱l ya̱ nte̱'e̱,maz,1,ltr,Digital Humanities,STRUCTURAL_ABSENCE,true
jñatrjo digital,maz,1,ltr,Digital Humanities,STRUCTURAL_ABSENCE,true
tlālli tlamatiliztli,maz,1,ltr,Digital Humanities,STRUCTURAL_ABSENCE,true
tlahtoliztli tlachiapantli yohuatzintli,maz,1,ltr,Digital Humanities,STRUCTURAL_ABSENCE,true
xopoyóch telpochcalli ñudzínauh,maz,1,ltr,Digital Humanities,STRUCTURAL_ABSENCE,true
tlahtolli yolotlikuicatl,maz,1,ltr,Digital Humanities,STRUCTURAL_ABSENCE,true
mabakai teknoloji uma,mde,1,ltr,Digital Humanities,STRUCTURAL_ABSENCE,true
mvulunyambo yake digitale,mde,1,ltr,Digital Humanities,STRUCTURAL_ABSENCE,true
teknoloji ya bensi,mde,1,ltr,Digital Humanities,STRUCTURAL_ABSENCE,true
цифрова гуманитария,mdf,1,ltr,Digital Humanities,TRANSMOGRIFICATION,true
цифронь гуманитариянь тонафнемат,mdf,1,ltr,Digital Humanities,TRANSMOGRIFICATION,true
muhimiyeti ya ulaya digital,mdt,1,ltr,Digital Humanities,STRUCTURAL_ABSENCE,true
идэкстэрмуморти,mdf,1,ltr,Digital Humanities,TRANSMOGRIFICATION,true
ḍigiṭala manavā,mdf,1,ltr,Digital Humanities,TRANSMOGRIFICATION,true
дигиталный гуманитарий,mdf,1,ltr,Digital Humanities,TRANSMOGRIFICATION,true
digital a keilmuan sa kataw,mdh,1,ltr,Digital Humanities,STRUCTURAL_ABSENCE,true
dagat na kabihasan,mdh,1,ltr,Digital Humanities,STRUCTURAL_ABSENCE,true
pangadalan a digital na pag-aaral,mdh,1,ltr,Digital Humanities,STRUCTURAL_ABSENCE,true
talata sa teknolohiya,mdh,1,ltr,Digital Humanities,STRUCTURAL_ABSENCE,true
tehnologi buku digital,mdr,1,ltr,Digital Humanities,STRUCTURAL_ABSENCE,true
विद्युत आर्थिकी,mdr,1,ltr,Digital Humanities,STRUCTURAL_ABSENCE,true
mihingo ya dijitali,mdt,1,ltr,Digital Humanities,STRUCTURAL_ABSENCE,true
mbere mbere mbere,mdt,1,ltr,Digital Humanities,STRUCTURAL_ABSENCE,true
mbere kɛlɛmɛnɛ tɔmɔ,mdt,1,ltr,Digital Humanities,STRUCTURAL_ABSENCE,true
mbere ŋɔɔtɔɔ dii lɛɛŋ,mdt,1,ltr,Digital Humanities,STRUCTURAL_ABSENCE,true
दिलीજित विज्ञान,mr,1,ltr,Digital Humanities,TRANSMOGRIFICATION,true
khaṭaṇi kala,mrd,1,ltr,Digital Humanities,TRANSMOGRIFICATION,true
tìr-tìr-kàl-tìr-bàl-sù,mrd,1,ltr,Digital Humanities,TRANSMOGRIFICATION,true
mifumbo ya digital,ngl,1,ltr,Digital Humanities,STRUCTURAL_ABSENCE,true
mufundiseni digitali,ngl,1,ltr,Digital Humanities,STRUCTURAL_ABSENCE,true
humanitizisidwa digitala,ngl,1,ltr,Digital Humanities,STRUCTURAL_ABSENCE,true
tlamachtilistli iuan tlamachilistli tlen itech copiutah,nhe,1,ltr,Digital Humanities,TRANSMOGRIFICATION,true
tlācatlahtōltecpānaliztli iuhcāyōtl,nhe,1,ltr,Digital Humanities,TRANSMOGRIFICATION,true
tlatequitl-tlalhuapitzin,nhe,1,ltr,Digital Humanities,TRANSMOGRIFICATION,true
tlaxcaltzinolpapantli ñudzilhualtihuatl,nhe,1,ltr,Digital Humanities,TRANSMOGRIFICATION,true
tlapitzcalli tlamatlatotl,nhe,1,ltr,Digital Humanities,TRANSMOGRIFICATION,true
tēcciztli tlamachtiliztli,nhw,1,ltr,Digital Humanities,TRANSMOGRIFICATION,true
tlamatiliztli ihuicpa tlapoualiztli huan tlamatiliztli ihuicpa tlacameh,nhw,1,ltr,Digital Humanities,TRANSMOGRIFICATION,true
umanism digital,ro,1,ltr,Digital Humanities,STRUCTURAL_ABSENCE,true
tlaxcaltzinolpiltihtli ñudzalpan,nhw,1,ltr,Digital Humanities,TRANSMOGRIFICATION,true
tlakatl mēxihco,nhw,1,ltr,Digital Humanities,TRANSMOGRIFICATION,true
faoma niha ba teknologi digital,nia,1,ltr,Digital Humanities,STRUCTURAL_ABSENCE,true
fama'oli niha digital,nia,1,ltr,Digital Humanities,STRUCTURAL_ABSENCE,true
sina'a fanggulo digital,nia,1,ltr,Digital Humanities,STRUCTURAL_ABSENCE,true
ranseh sibudaya digital,nia,1,ltr,Digital Humanities,STRUCTURAL_ABSENCE,true
humanitas digidaal,nia,1,ltr,Digital Humanities,STRUCTURAL_ABSENCE,true
kaharati digital,nij,1,ltr,Digital Humanities,STRUCTURAL_ABSENCE,true
bantang data ngi'i palawu,nij,1,ltr,Digital Humanities,STRUCTURAL_ABSENCE,true
puranmanu waihena,nij,1,ltr,Digital Humanities,STRUCTURAL_ABSENCE,true
adat dan sastra digital,nij,1,ltr,Digital Humanities,STRUCTURAL_ABSENCE,true
tiaki e tau mena he tagata,niu,1,ltr,Digital Humanities,TRANSMOGRIFICATION,true
tau akonaki fakatekonolosi,niu,1,ltr,Digital Humanities,TRANSMOGRIFICATION,true
fakaako fakatekinolosia,niu,1,ltr,Digital Humanities,TRANSMOGRIFICATION,true
fakaakoaga faka-numela mo e tagata,niu,1,ltr,Digital Humanities,TRANSMOGRIFICATION,true
he tau aga fakamatala faka-tekinolosi,niu,1,ltr,Digital Humanities,TRANSMOGRIFICATION,true
tūmanako o le fa'aalo,niu,1,ltr,Digital Humanities,TRANSMOGRIFICATION,true
fale numera'i taua'aga,niu,1,ltr,Digital Humanities,TRANSMOGRIFICATION,true
faafetai tahi ā internet,niu,1,ltr,Digital Humanities,TRANSMOGRIFICATION,true
mabuku a dijitari,ngl,1,ltr,Digital Humanities,STRUCTURAL_ABSENCE,true
uhimya wa ntthowa sa dijitali,ngl,1,ltr,Digital Humanities,STRUCTURAL_ABSENCE,true
dhilakalapi,mrh,1,ltr,Digital Humanities,STRUCTURAL_ABSENCE,true
olumana owa digital,ngl,1,ltr,Digital Humanities,STRUCTURAL_ABSENCE,true
tlakuahtli ñudahualqui,nch,1,ltr,Digital Humanities,STRUCTURAL_ABSENCE,true
tlahtoqaliztli digitál,nch,1,ltr,Digital Humanities,STRUCTURAL_ABSENCE,true
izwi la mabali amanye,nd,1,ltr,Digital Humanities,STRUCTURAL_ABSENCE,true
umfanekiso digita,nd,1,ltr,Digital Humanities,STRUCTURAL_ABSENCE,true
umuntu ephumleni,nd,1,ltr,Digital Humanities,STRUCTURAL_ABSENCE,true
dhijitari yevanhu,ndc,1,ltr,Digital Humanities,TRANSMOGRIFICATION,true
uhumani hwedijitari,ndc,1,ltr,Digital Humanities,TRANSMOGRIFICATION,true
zvidzidzo zvevanhu netekinoloji,ndc,1,ltr,Digital Humanities,TRANSMOGRIFICATION,true
unyanzvi hwevandhu hwedijitari,ndc,1,ltr,Digital Humanities,TRANSMOGRIFICATION,true
zvemagariro edijitari,ndc,1,ltr,Digital Humanities,TRANSMOGRIFICATION,true
zvizhinji zvemagadziri,ndc,1,ltr,Digital Humanities,TRANSMOGRIFICATION,true
sekushandiswa sezvirirozvo,ndc,1,ltr,Digital Humanities,TRANSMOGRIFICATION,true
humanitisi digitiyi,ndc,1,ltr,Digital Humanities,TRANSMOGRIFICATION,true
digitale geisteswetenschappen,nds,1,ltr,Digital Humanities,STRUCTURAL_ABSENCE,true
digitale humanwetenschoppen,nds,1,ltr,Digital Humanities,STRUCTURAL_ABSENCE,true
digitale huusdaien,nds,1,ltr,Digital Humanities,STRUCTURAL_ABSENCE,true
digitaal geschichtswesen,nds,1,ltr,Digital Humanities,STRUCTURAL_ABSENCE,true
digitaal menswiekerien,nds-nl,1,ltr,Digital Humanities,TRANSMOGRIFICATION,true
दिजिटल अध्ययनशास्त्र,ne,1,ltr,Digital Humanities,TRANSMOGRIFICATION,true
दिजिटल ह्युमनाइटीज़,new,1,ltr,Digital Humanities,TRANSMOGRIFICATION,true
omahulumenta gomaindilo,ng,1,ltr,Digital Humanities,STRUCTURAL_ABSENCE,true
omalongo gomapangelo godigital,ng,1,ltr,Digital Humanities,STRUCTURAL_ABSENCE,true
omalongo gopadigital,ng,1,ltr,Digital Humanities,STRUCTURAL_ABSENCE,true
ondjokonona yomapandja,ng,1,ltr,Digital Humanities,STRUCTURAL_ABSENCE,true
ondolondolozi ya digital,ng,1,ltr,Digital Humanities,STRUCTURAL_ABSENCE,true
nangula ya ndongo ya digitali,ng,1,ltr,Digital Humanities,STRUCTURAL_ABSENCE,true
muhimwedigitale,ng,1,ltr,Digital Humanities,STRUCTURAL_ABSENCE,true
okulukalo wa mbwa-ngola,ng,1,ltr,Digital Humanities,STRUCTURAL_ABSENCE,true
sayansi ya dijitali ya vanthu,ngl,1,ltr,Digital Humanities,STRUCTURAL_ABSENCE,true
humanitiki e-fakaaoga,niu,1,ltr,Digital Humanities,TRANSMOGRIFICATION,true
nüngi kipki,njo,1,ltr,Digital Humanities,STRUCTURAL_ABSENCE,true
di-gi-ta-laa huma-ni-ti,njo,1,ltr,Digital Humanities,STRUCTURAL_ABSENCE,true
tsamhawm tsu hau lwmthla,njo,1,ltr,Digital Humanities,STRUCTURAL_ABSENCE,true
digital humanistikas,nov,1,ltr,Digital Humanities,STRUCTURAL_ABSENCE,true
digital humanitás,nov,1,ltr,Digital Humanities,STRUCTURAL_ABSENCE,true
digital homanes,nov,1,ltr,Digital Humanities,STRUCTURAL_ABSENCE,true
digu-humanistikoj,nov,1,ltr,Digital Humanities,STRUCTURAL_ABSENCE,true
ߘߌ߬ߜߊ߬ߓߊ߬ ߞߎߡߊ߬ߘߊ߲߫,nqo,1,rtl,Digital Humanities,TRANSMOGRIFICATION,true
ߞߟߊߓߍ߲ߠߌ߲ ߘߎ߰ߡߊ߬ߛߓߍߟߌ,nqo,1,rtl,Digital Humanities,TRANSMOGRIFICATION,true
ߘ߭ߞߕߊߟ߫ ߡߊ߬ߘߊ߬ߘߊ߫,nqo,1,rtl,Digital Humanities,TRANSMOGRIFICATION,true
ߘߌߖߌߕߊߟ ߤߎߡߊߣߌߕߌߛ,nqo,1,rtl,Digital Humanities,TRANSMOGRIFICATION,true
sigiwana sigiwana,nqo,1,rtl,Digital Humanities,TRANSMOGRIFICATION,true
ߓߊߦߟߌ߲ ߛߎ߬ߝߌ߲,nqo,1,rtl,Digital Humanities,TRANSMOGRIFICATION,true
ديگิตال ھایمینیټس,nqo,1,rtl,Digital Humanities,TRANSMOGRIFICATION,true
di-jit-al hyumana-itiz,nqo,1,rtl,Digital Humanities,TRANSMOGRIFICATION,true
amalwazi edijithali,nr,1,ltr,Digital Humanities,STRUCTURAL_ABSENCE,true
ubuntu bokuqamba ngedijithali,nr,1,ltr,Digital Humanities,STRUCTURAL_ABSENCE,true
izwi labantu lezinguquko,nr,1,ltr,Digital Humanities,STRUCTURAL_ABSENCE,true
dzimbalu yekugubhaza digitel,nr,1,ltr,Digital Humanities,STRUCTURAL_ABSENCE,true
isithembiso zasentshona,nr,1,ltr,Digital Humanities,STRUCTURAL_ABSENCE,true
les hûmanités numériques,nrm,1,ltr,Digital Humanities,TRANSMOGRIFICATION,true
tchit tcheul teknoloji,nrm,1,ltr,Digital Humanities,TRANSMOGRIFICATION,true
dyddiaeth ddeddfwyd cyffredinol,nrm,1,ltr,Digital Humanities,TRANSMOGRIFICATION,true
dījitale menschliket,nrm,1,ltr,Digital Humanities,TRANSMOGRIFICATION,true
thuto ya botho ya dijithale,nso,1,ltr,Digital Humanities,STRUCTURAL_ABSENCE,true
ditekanyo tša batho,nso,1,ltr,Digital Humanities,STRUCTURAL_ABSENCE,true
dijithale tša botho,nso,1,ltr,Digital Humanities,STRUCTURAL_ABSENCE,true
botho bja didijithale,nso,1,ltr,Digital Humanities,STRUCTURAL_ABSENCE,true
botho bja ditala,nso,1,ltr,Digital Humanities,STRUCTURAL_ABSENCE,true
thutamahlale ya dikhomphutha,nso,1,ltr,Digital Humanities,STRUCTURAL_ABSENCE,true
tlhomamiso ya digital,nso,1,ltr,Digital Humanities,STRUCTURAL_ABSENCE,true
diphefo tsa dijital,nso,1,ltr,Digital Humanities,STRUCTURAL_ABSENCE,true
skrifþáttr menningarfræði,non,1,ltr,Digital Humanities,TRANSMOGRIFICATION,true
deildar umfræði,non,1,ltr,Digital Humanities,TRANSMOGRIFICATION,true
stafrtíðarfræði,non,1,ltr,Digital Humanities,TRANSMOGRIFICATION,true
ปัญญาสารสนเทศ,nod,1,ltr,Digital Humanities,TRANSMOGRIFICATION,true
digitale mensenwetenschappen,nl,1,ltr,Digital Humanities,PRODUCTIVE_DISAGREEMENT,true
bimɛnɛ bi ntɛnɛt bi bɔt ba bato,nmg,1,ltr,Digital Humanities,STRUCTURAL_ABSENCE,true
mvog mebeg minku'u,nmg,1,ltr,Digital Humanities,STRUCTURAL_ABSENCE,true
kɔɔsi ŋgɔɔsɔɔ,nmg,1,ltr,Digital Humanities,STRUCTURAL_ABSENCE,true
mwazibiti digitalee,nmg,1,ltr,Digital Humanities,STRUCTURAL_ABSENCE,true
digital humanistikk,nn,1,ltr,Digital Humanities,STRUCTURAL_ABSENCE,true
digital menneskekunnskap,nn,1,ltr,Digital Humanities,STRUCTURAL_ABSENCE,true
mbɔ̀ʼ njɨ̀ nùmnkàŋ,nnh,1,ltr,Digital Humanities,STRUCTURAL_ABSENCE,true
mɛ́ŋgɛ̄ ŋkʉ̄ʼ ŋgʉ̄ʼ ŋkɛ̄ʼ,nnh,1,ltr,Digital Humanities,STRUCTURAL_ABSENCE,true
nkongho ya digitale,nnh,1,ltr,Digital Humanities,STRUCTURAL_ABSENCE,true
ngiemboon ŋaŋŋa,nnh,1,ltr,Digital Humanities,STRUCTURAL_ABSENCE,true
mwathani digitali,nnh,1,ltr,Digital Humanities,STRUCTURAL_ABSENCE,true
teknoloji digitale nanumanu,nnh,1,ltr,Digital Humanities,STRUCTURAL_ABSENCE,true
ၵႂၢမ်းၼႃႉၵႂၢမ်းၵုင်းဢၼ်ၼႆႉၵႆၢၼ်ႇ,nod,1,ltr,Digital Humanities,TRANSMOGRIFICATION,true
dökkir frásögur,non,1,ltr,Digital Humanities,TRANSMOGRIFICATION,true
ศาสตร์วิทยาการคอมพิวเตอร์ในศึกษาบุญ,nod,1,ltr,Digital Humanities,TRANSMOGRIFICATION,true
nimadīkāl sāhitya,noe,1,ltr,Digital Humanities,TRANSMOGRIFICATION,true
ḍijiṭal mānavaśāstra,noe,1,ltr,Digital Humanities,TRANSMOGRIFICATION,true
digitale ummahmiyad,noe,1,ltr,Digital Humanities,TRANSMOGRIFICATION,true
цифралы гуманитарлык билимлер,nog,1,ltr,Digital Humanities,TRANSMOGRIFICATION,true
санлы гуманитарлык,nog,1,ltr,Digital Humanities,TRANSMOGRIFICATION,true
dijital insaniyyət,nog,1,ltr,Digital Humanities,TRANSMOGRIFICATION,true
цифрлик инсанликлик,nog,1,ltr,Digital Humanities,TRANSMOGRIFICATION,true
диджиталдик гуманитарлук,nog,1,ltr,Digital Humanities,TRANSMOGRIFICATION,true
дигитал хауманлары,nog,1,ltr,Digital Humanities,TRANSMOGRIFICATION,true
stafræn mannfræði,non,1,ltr,Digital Humanities,TRANSMOGRIFICATION,true
talnaligar listir,non,1,ltr,Digital Humanities,TRANSMOGRIFICATION,true
tölvuhugvísindi,non,1,ltr,Digital Humanities,TRANSMOGRIFICATION,true
tlaxcaltililoni tlahtolmatiliztli,nch,1,ltr,Digital Humanities,STRUCTURAL_ABSENCE,true
tlamachtilistli iuan tlamachilistli tlen yancuic,nch,1,ltr,Digital Humanities,STRUCTURAL_ABSENCE,true
digitalhumanistikk,nb,1,ltr,Digital Humanities,STRUCTURAL_ABSENCE,true
ဒစ်ဂျစ်တယ် လူသားပညာ,my,1,ltr,Digital Humanities,STRUCTURAL_ABSENCE,true
tsalagi tsanvli gvna,mus,1,ltr,Digital Humanities,STRUCTURAL_ABSENCE,true
dijitalu hamanite,mwk,1,ltr,Digital Humanities,TRANSMOGRIFICATION,true
hadamadenyako nɔmɔrɔya,mwk,1,ltr,Digital Humanities,TRANSMOGRIFICATION,true
kɔmpyutɛri ni hadamadenya,mwk,1,ltr,Digital Humanities,TRANSMOGRIFICATION,true
tama jaraati,mwk,1,ltr,Digital Humanities,TRANSMOGRIFICATION,true
digitaal ŋaŋgɔɔŋ,mwk,1,ltr,Digital Humanities,TRANSMOGRIFICATION,true
duléjwatu yàfòn,mwk,1,ltr,Digital Humanities,TRANSMOGRIFICATION,true
humanitá digitali,mwk,1,ltr,Digital Humanities,TRANSMOGRIFICATION,true
houmanidades digitales,mwl,1,ltr,Digital Humanities,TRANSMOGRIFICATION,true
digitales houmanidades,mwl,1,ltr,Digital Humanities,TRANSMOGRIFICATION,true
n'dĩgĩtālī ĩhũmanī,mwl,1,ltr,Digital Humanities,TRANSMOGRIFICATION,true
ડિજિટલ મનોવિદ્યા,mwr,1,ltr,Digital Humanities,TRANSMOGRIFICATION,true
kaleleu simagere digital,mwv,1,ltr,Digital Humanities,STRUCTURAL_ABSENCE,true
sikola manusia digital,mwv,1,ltr,Digital Humanities,STRUCTURAL_ABSENCE,true
mata kita sosial,mwv,1,ltr,Digital Humanities,STRUCTURAL_ABSENCE,true
sikaké-sikaké séré,mwv,1,ltr,Digital Humanities,STRUCTURAL_ABSENCE,true
puruk kapsiwinu,mwv,1,ltr,Digital Humanities,STRUCTURAL_ABSENCE,true
sikatun sastra adat,mwv,1,ltr,Digital Humanities,STRUCTURAL_ABSENCE,true
kev kawm txog neeg nyob hauv ntiaj teb hauv kev tshawb fawb digital,mww,1,ltr,Digital Humanities,STRUCTURAL_ABSENCE,true
kev kawm txog tib neeg hauv ntiaj teb digital,mww,1,ltr,Digital Humanities,STRUCTURAL_ABSENCE,true
kev pab txog kev pab,mww,1,ltr,Digital Humanities,STRUCTURAL_ABSENCE,true
dawg haisub,mww,1,ltr,Digital Humanities,STRUCTURAL_ABSENCE,true
ເດັດປະເພດລາຍຊີ,mww,1,ltr,Digital Humanities,STRUCTURAL_ABSENCE,true
zvevanhu zvedhijitari,mxc,1,ltr,Digital Humanities,STRUCTURAL_ABSENCE,true
unyanzvi hwerudhivhiti,mxc,1,ltr,Digital Humanities,STRUCTURAL_ABSENCE,true
zvinyorwa zvedhijitari,mxc,1,ltr,Digital Humanities,STRUCTURAL_ABSENCE,true
tinomhuri ya digitale,mxc,1,ltr,Digital Humanities,STRUCTURAL_ABSENCE,true
hunyanzvi hekufamba nezvigadzirwa zvemagadziri,mxc,1,ltr,Digital Humanities,STRUCTURAL_ABSENCE,true
ukuvuvi waumashauri digitali,mxc,1,ltr,Digital Humanities,STRUCTURAL_ABSENCE,true
ꮧꮎꮣᏻꭷ ꭴꮥꮆꮝꭹ,mus,1,ltr,Digital Humanities,STRUCTURAL_ABSENCE,true
cokv mvhayv cokv enhvteceskv,mus,1,ltr,Digital Humanities,STRUCTURAL_ABSENCE,true
tvlse emponkv,mus,1,ltr,Digital Humanities,STRUCTURAL_ABSENCE,true
ধারনাতমক মানবস্বরী,mro,1,ltr,Digital Humanities,STRUCTURAL_ABSENCE,true
ŋa'a diŋa-ŋa,mrh,1,ltr,Digital Humanities,STRUCTURAL_ABSENCE,true
dijitalni umjetnosti,mrh,1,ltr,Digital Humanities,STRUCTURAL_ABSENCE,true
humanitats digitale,mrh,1,ltr,Digital Humanities,STRUCTURAL_ABSENCE,true
цифровой гуманитар наукывлӓ,mrj,1,ltr,Digital Humanities,TRANSMOGRIFICATION,true
цифр гуманитарный шӹмлӹмӓш,mrj,1,ltr,Digital Humanities,TRANSMOGRIFICATION,true
марий кылештымашын эрыкан технологий,mrj,1,ltr,Digital Humanities,TRANSMOGRIFICATION,true
цифралу кодизе,mrj,1,ltr,Digital Humanities,TRANSMOGRIFICATION,true
диджиталлам хуманитарлама,mrj,1,ltr,Digital Humanities,TRANSMOGRIFICATION,true
дигиталны хуманитарий,mrj,1,ltr,Digital Humanities,TRANSMOGRIFICATION,true
𖩆𖩖𖩑𖩔𖩖𖩆𖩑𖩔𖩖,mro,1,ltr,Digital Humanities,STRUCTURAL_ABSENCE,true
khaṭiṭa digital,mro,1,ltr,Digital Humanities,STRUCTURAL_ABSENCE,true
ḍigital manav-śastra,mro,1,ltr,Digital Humanities,STRUCTURAL_ABSENCE,true
digiitali muwmiliit,mro,1,ltr,Digital Humanities,STRUCTURAL_ABSENCE,true
umanistika diġitali,mt,1,ltr,Digital Humanities,TRANSMOGRIFICATION,true
estemerkv-honvnwv nakcokv-vlke,mus,1,ltr,Digital Humanities,STRUCTURAL_ABSENCE,true
l-istudji umanistiċi diġitali,mt,1,ltr,Digital Humanities,TRANSMOGRIFICATION,true
umanitajiet diġitali,mt,1,ltr,Digital Humanities,TRANSMOGRIFICATION,true
xjenzi diġitali,mt,1,ltr,Digital Humanities,TRANSMOGRIFICATION,true
umanistiċi diġitali,mt,1,ltr,Digital Humanities,TRANSMOGRIFICATION,true
umanitarji digitali,mt,1,ltr,Digital Humanities,TRANSMOGRIFICATION,true
ġejtuar digitali,mt,1,ltr,Digital Humanities,TRANSMOGRIFICATION,true
humaniżi tad-digrjal,mt,1,ltr,Digital Humanities,TRANSMOGRIFICATION,true
छापनीकरण मानव विज्ञान,mtr,1,ltr,Digital Humanities,STRUCTURAL_ABSENCE,true
nɔ̀ɔ̀ŋ kàrà nùmèrò,mua,1,ltr,Digital Humanities,STRUCTURAL_ABSENCE,true
tɛmɛtɛrɛkɔnɔŋ tɛ kɩsɛ,mua,1,ltr,Digital Humanities,STRUCTURAL_ABSENCE,true
mundang-ngi duma-ngi,mua,1,ltr,Digital Humanities,STRUCTURAL_ABSENCE,true
dikigiti vilomu,mua,1,ltr,Digital Humanities,STRUCTURAL_ABSENCE,true
teknologi sosial digital,mua,1,ltr,Digital Humanities,STRUCTURAL_ABSENCE,true
murume vanhu veshona,mxc,1,ltr,Digital Humanities,STRUCTURAL_ABSENCE,true
ဒစ်ဂျစ်တယ်လူ့ပညာ,my,1,ltr,Digital Humanities,STRUCTURAL_ABSENCE,true
tsumbukisho tuyufuza,naq,1,ltr,Digital Humanities,STRUCTURAL_ABSENCE,true
ဒစ်ဂျစ်တယ် လူ့ဗေဒ,my,1,ltr,Digital Humanities,STRUCTURAL_ABSENCE,true
tisnudriwin n wemdan s uselkim,mzb,1,rtl,Digital Humanities,TRANSMOGRIFICATION,true
timlilit tamazdayt,mzb,1,rtl,Digital Humanities,TRANSMOGRIFICATION,true
tajjant n tɣawsiwin n uḍris,mzb,1,rtl,Digital Humanities,TRANSMOGRIFICATION,true
zhilakalëkë dijital,mzb,1,rtl,Digital Humanities,TRANSMOGRIFICATION,true
tigdayut n tudert,mzb,1,rtl,Digital Humanities,TRANSMOGRIFICATION,true
tawalilt t-tufayl,mzb,1,rtl,Digital Humanities,TRANSMOGRIFICATION,true
التقنيات الرقمية للبشرية,mzb,1,rtl,Digital Humanities,TRANSMOGRIFICATION,true
دیجیتال ِ انسانی علوم,mzn,1,rtl,Digital Humanities,TRANSMOGRIFICATION,true
رۊدی ٚ مۊنسۊنی,mzn,1,rtl,Digital Humanities,TRANSMOGRIFICATION,true
ekoitara aniniman,na,1,ltr,Digital Humanities,STRUCTURAL_ABSENCE,true
kaburete kabi,na,1,ltr,Digital Humanities,STRUCTURAL_ABSENCE,true
reo dijital nōmen,na,1,ltr,Digital Humanities,STRUCTURAL_ABSENCE,true
tahuaidika idundunauta,na,1,ltr,Digital Humanities,STRUCTURAL_ABSENCE,true
hengemot sapamot,na,1,ltr,Digital Humanities,STRUCTURAL_ABSENCE,true
ticcehuayotl tlamachtiliztli,nah,1,ltr,Digital Humanities,TRANSMOGRIFICATION,true
tlamatiliztli īxiptlayōtl,nah,1,ltr,Digital Humanities,TRANSMOGRIFICATION,true
tlapouhqui tlamachtilli,nah,1,ltr,Digital Humanities,TRANSMOGRIFICATION,true
tlapōhualli itechpa tlācatlacayōtl,nah,1,ltr,Digital Humanities,TRANSMOGRIFICATION,true
tlilli tlahtoāmoxtli,nah,1,ltr,Digital Humanities,TRANSMOGRIFICATION,true
tlahtōlli-tlācatl-yoltlātl,nah,1,ltr,Digital Humanities,TRANSMOGRIFICATION,true
tlācayotl ēdōmehuaya,nah,1,ltr,Digital Humanities,TRANSMOGRIFICATION,true
tlacuilolli yan informatikatl,nah,1,ltr,Digital Humanities,TRANSMOGRIFICATION,true
umanistiche digitali,nap,1,ltr,Digital Humanities,TRANSMOGRIFICATION,true
umanesimo diggitale,nap,1,ltr,Digital Humanities,TRANSMOGRIFICATION,true
humanitá digitale,nap,1,ltr,Digital Humanities,TRANSMOGRIFICATION,true
digitali humanities,naq,1,ltr,Digital Humanities,STRUCTURAL_ABSENCE,true
ǀhuiǃgâb ǁkhāǁkhāsib,naq,1,ltr,Digital Humanities,STRUCTURAL_ABSENCE,true
tjaan-khob toga,naq,1,ltr,Digital Humanities,STRUCTURAL_ABSENCE,true
dììgìtāl hümàànítì,naq,1,ltr,Digital Humanities,STRUCTURAL_ABSENCE,true
ܕܝܡܐ ܕܢܘܪܝܢܐ,myz,1,ltr,Digital Humanities,TRANSMOGRIFICATION,true
ܗ̇ܢܘ̈ܬܐ ܕܡܲܢܝܘ̈ܬܐ ܩܲܕܡܝ̈ܬܐ,myz,1,ltr,Digital Humanities,TRANSMOGRIFICATION,true
ܕܝܓܝܛܠ ܐܢܫܘܬܐ,myz,1,ltr,Digital Humanities,TRANSMOGRIFICATION,true
цифрань гуманитария,myv,1,ltr,Digital Humanities,TRANSMOGRIFICATION,true
ဒစ်ဂျစ်တယ်လူသားပညာ,my,1,ltr,Digital Humanities,STRUCTURAL_ABSENCE,true
ဒစ်ဂျစ်တယ်လူမှုသိပ္ပံ,my,1,ltr,Digital Humanities,STRUCTURAL_ABSENCE,true
ဒီဂျစ်တယ် သမိုင်းပညာ,my,1,ltr,Digital Humanities,STRUCTURAL_ABSENCE,true
ឌីជីថលមនុស្សជាតិវិជ្ជា,my,1,ltr,Digital Humanities,STRUCTURAL_ABSENCE,true
ဒီဇိုင်းအမျိုးသားဘဝင်းရေး,my,1,ltr,Digital Humanities,STRUCTURAL_ABSENCE,true
inyango za numériki,mye,1,ltr,Digital Humanities,STRUCTURAL_ABSENCE,true
mihingo ya digital,mye,1,ltr,Digital Humanities,STRUCTURAL_ABSENCE,true
mikanda mi nzembo ya mbelo,mye,1,ltr,Digital Humanities,STRUCTURAL_ABSENCE,true
mɛ́nɛ̀ dʒiˈdʒɪtəl huːmænz,mye,1,ltr,Digital Humanities,STRUCTURAL_ABSENCE,true
siŋgúla ǧeččéla,mye,1,ltr,Digital Humanities,STRUCTURAL_ABSENCE,true
djitali jumhuriyadda,mye,1,ltr,Digital Humanities,STRUCTURAL_ABSENCE,true
humanitiete digitaal,mye,1,ltr,Digital Humanities,STRUCTURAL_ABSENCE,true
цифрань гуманитарной наукат,myv,1,ltr,Digital Humanities,TRANSMOGRIFICATION,true
цифрань гуманитаристика,myv,1,ltr,Digital Humanities,TRANSMOGRIFICATION,true
ܡܕܥܐ ܪ̈ܘܚܢܐ ܕܝܓܝܛܠܝܐ,myz,1,ltr,Digital Humanities,TRANSMOGRIFICATION,true
digitalnoe iskusstvo,myv,1,ltr,Digital Humanities,TRANSMOGRIFICATION,true
цифровой чингелдонь наука,myv,1,ltr,Digital Humanities,TRANSMOGRIFICATION,true
дигиталный гуманитаризм,myv,1,ltr,Digital Humanities,TRANSMOGRIFICATION,true
эрзян кырык худэс,myv,1,ltr,Digital Humanities,TRANSMOGRIFICATION,true
bumanyi bwa dijitali,myx,1,ltr,Digital Humanities,STRUCTURAL_ABSENCE,true
obusobozi bwa digital mu buntu,myx,1,ltr,Digital Humanities,STRUCTURAL_ABSENCE,true
obumanyifu bwa dijitaali,myx,1,ltr,Digital Humanities,STRUCTURAL_ABSENCE,true
kuumba za kielektroniki,myx,1,ltr,Digital Humanities,STRUCTURAL_ABSENCE,true
hààlì-dii-gì-tì,myx,1,ltr,Digital Humanities,STRUCTURAL_ABSENCE,true
ditiko himuunyami,myx,1,ltr,Digital Humanities,STRUCTURAL_ABSENCE,true
komputerilahumanistika,myx,1,ltr,Digital Humanities,STRUCTURAL_ABSENCE,true
ܡܕܝܢܘܬܐ ܕܝܓܝܛܠܐ,myz,1,ltr,Digital Humanities,TRANSMOGRIFICATION,true
ܡܢܕܥܬܐ ܕܨܦܪܐ ܕܐܢܫܘܬܐ,myz,1,ltr,Digital Humanities,TRANSMOGRIFICATION,true
umanioare digitale,ro,1,ltr,Digital Humanities,STRUCTURAL_ABSENCE,true
xiyitaal sehdaytiino,aa,1,ltr,Digital Humanities,TRANSMOGRIFICATION,true
humanitatea digitală,ro,1,ltr,Digital Humanities,STRUCTURAL_ABSENCE,true
khoa học xã hội số,vi,1,ltr,Digital Humanities,PRODUCTIVE_DISAGREEMENT,true
huru tumu numera,ty,1,ltr,Digital Humanities,STRUCTURAL_ABSENCE,true
tāmatanora'a numera,ty,1,ltr,Digital Humanities,STRUCTURAL_ABSENCE,true
tāpura tītī,ty,1,ltr,Digital Humanities,STRUCTURAL_ABSENCE,true
tāpereiti o te mōti'a,ty,1,ltr,Digital Humanities,STRUCTURAL_ABSENCE,true
ahuru huira numeraa,ty,1,ltr,Digital Humanities,STRUCTURAL_ABSENCE,true
hinanaotai rangatanga tātoukitea,ty,1,ltr,Digital Humanities,STRUCTURAL_ABSENCE,true
te tangata mātou ao digita,ty,1,ltr,Digital Humanities,STRUCTURAL_ABSENCE,true
санныг гуманитарлыг эртемнер,tyv,1,ltr,Digital Humanities,STRUCTURAL_ABSENCE,true
санныг кижи эртемнери,tyv,1,ltr,Digital Humanities,STRUCTURAL_ABSENCE,true
дигиталдыг гуманистика,tyv,1,ltr,Digital Humanities,STRUCTURAL_ABSENCE,true
дигитал хүннүгэ,tyv,1,ltr,Digital Humanities,STRUCTURAL_ABSENCE,true
диджиталдик хумандзөн,tyv,1,ltr,Digital Humanities,STRUCTURAL_ABSENCE,true
холбоос-информатика,tyv,1,ltr,Digital Humanities,STRUCTURAL_ABSENCE,true
ⵜⴰⵏⴰⵡⴰⵏⵜ ⵏ ⵜⵓⵏⴰⵏⵏⵉⵏ,tzm,1,ltr,Digital Humanities,TRANSMOGRIFICATION,true
ⵜⵉⵎⴰⵙⵙⴰⵏⵉⵏ ⵜⵓⵎⴹⵉⵏⵉⵏ,tzm,1,ltr,Digital Humanities,TRANSMOGRIFICATION,true
ⵜⴰⵏⵙⴰ ⵜⴰⴷⵉⵊⵉⵜⴰⵍⵉⵜ,tzm,1,ltr,Digital Humanities,TRANSMOGRIFICATION,true
ⵜⵉⵣⵔⴰⵡⵉⵏ ⵜⵉⵍⵉⵇⵟⵕⵓⵏⵉⵢⵉⵏ,tzm,1,ltr,Digital Humanities,TRANSMOGRIFICATION,true
tamazirt n tadawin tɣawsa,tzm,1,ltr,Digital Humanities,TRANSMOGRIFICATION,true
tmaziɣt ṭeqṭa,tzm,1,ltr,Digital Humanities,TRANSMOGRIFICATION,true
tawmiḍ al-ġarniat,tzm,1,ltr,Digital Humanities,TRANSMOGRIFICATION,true
ⵜⴰⵎⵔⴰⵏ ⴷⵉⵖಿⵍ ⴽⵉⵍⵍⵕⵍⵜ,tzm,1,ltr,Digital Humanities,TRANSMOGRIFICATION,true
цифровой гуманитарной наукаос,udm,1,ltr,Digital Humanities,TRANSMOGRIFICATION,true
цифр гуманитар тодослыкъёс,udm,1,ltr,Digital Humanities,TRANSMOGRIFICATION,true
цифровой адямилык тодос,udm,1,ltr,Digital Humanities,TRANSMOGRIFICATION,true
дигитальнай культуралён,udm,1,ltr,Digital Humanities,TRANSMOGRIFICATION,true
дигиталнă хуманыттар,udm,1,ltr,Digital Humanities,TRANSMOGRIFICATION,true
дигитал әлдәр,udm,1,ltr,Digital Humanities,TRANSMOGRIFICATION,true
رەقەملىك ئىنسانىيەت,ug,1,rtl,Digital Humanities,TRANSMOGRIFICATION,true
رەقەملىك ئادىمىيەت,ug,1,rtl,Digital Humanities,TRANSMOGRIFICATION,true
te mau haapiiraa faanahoraa roro uira,ty,1,ltr,Digital Humanities,STRUCTURAL_ABSENCE,true
digital te mau mea ora o te taata,ty,1,ltr,Digital Humanities,STRUCTURAL_ABSENCE,true
te mau taata mamati,ty,1,ltr,Digital Humanities,STRUCTURAL_ABSENCE,true
tāluaga o le fa'aalo,tvl,1,ltr,Digital Humanities,STRUCTURAL_ABSENCE,true
rəqəmsal insan elmləri,ttt,1,ltr,Digital Humanities,TRANSMOGRIFICATION,true
intibadi ilimler,ttt,1,ltr,Digital Humanities,TRANSMOGRIFICATION,true
دېجيتال انسانيات,ttt,1,ltr,Digital Humanities,TRANSMOGRIFICATION,true
elektronik adyarlar,ttt,1,ltr,Digital Humanities,TRANSMOGRIFICATION,true
ŵanthu ŵa pa intaneti,tum,1,ltr,Digital Humanities,TRANSMOGRIFICATION,true
uhumani wa pa digito,tum,1,ltr,Digital Humanities,TRANSMOGRIFICATION,true
vinthu vyakuthupi vya ukaboni,tum,1,ltr,Digital Humanities,TRANSMOGRIFICATION,true
mufundisidwe digitali,tum,1,ltr,Digital Humanities,TRANSMOGRIFICATION,true
ingawa na dizidi,tum,1,ltr,Digital Humanities,TRANSMOGRIFICATION,true
mea kolā e ‵ tau o ‵ saga tonu atu ki ei a tino,tvl,1,ltr,Digital Humanities,STRUCTURAL_ABSENCE,true
fakalakalaka faka-numela i te atamai o tagata,tvl,1,ltr,Digital Humanities,STRUCTURAL_ABSENCE,true
fale fesoasoani faka-numera,tvl,1,ltr,Digital Humanities,STRUCTURAL_ABSENCE,true
fakamatala fakatekinolosi a te tagata,tvl,1,ltr,Digital Humanities,STRUCTURAL_ABSENCE,true
numelī fāifai,tvl,1,ltr,Digital Humanities,STRUCTURAL_ABSENCE,true
takalit n-tin al-adab wa-l-falsafa wa-l-tarikh wa-l-arkeolojiya wa-l-san'at wa-l-lugha,twq,1,ltr,Digital Humanities,STRUCTURAL_ABSENCE,true
te tekouli digitani,tvl,1,ltr,Digital Humanities,STRUCTURAL_ABSENCE,true
nneɛma a ɛyɛ hu,tw,1,ltr,Digital Humanities,STRUCTURAL_ABSENCE,true
dijita abɔdeɛ nnyansapɛ,tw,1,ltr,Digital Humanities,STRUCTURAL_ABSENCE,true
nnwoma ne nsɛm ho adesua a ɛfa kɔmputa so,tw,1,ltr,Digital Humanities,STRUCTURAL_ABSENCE,true
adesua a ɛfa nkɔsoɔfo nsɛm ho a wɔde kɔmputa di dwuma,tw,1,ltr,Digital Humanities,STRUCTURAL_ABSENCE,true
ɔdɔɔden a ɛyɛ dii,tw,1,ltr,Digital Humanities,STRUCTURAL_ABSENCE,true
huduma asantehene akoma digital,tw,1,ltr,Digital Humanities,STRUCTURAL_ABSENCE,true
nkabom nsromafo,tw,1,ltr,Digital Humanities,STRUCTURAL_ABSENCE,true
tafosawt tadigitalit,twq,1,ltr,Digital Humanities,STRUCTURAL_ABSENCE,true
tasawaq dijital humayuniti,twq,1,ltr,Digital Humanities,STRUCTURAL_ABSENCE,true
tiwɩmɛnɛ,twq,1,ltr,Digital Humanities,STRUCTURAL_ABSENCE,true
tamasahīt ṭarbiyya,twq,1,ltr,Digital Humanities,STRUCTURAL_ABSENCE,true
talnit t-tadib d-digits,twq,1,ltr,Digital Humanities,STRUCTURAL_ABSENCE,true
سانائەت گۇمانىيەت پەنلىرى,ug,1,rtl,Digital Humanities,TRANSMOGRIFICATION,true
رەقەملىك ئىنسانىيەت ئىلىملىرى,ug,1,rtl,Digital Humanities,TRANSMOGRIFICATION,true
رەقەملىك ئىنسانشۇناسلىق,ug,1,rtl,Digital Humanities,TRANSMOGRIFICATION,true
muhumintsi digitali,ve,1,ltr,Digital Humanities,STRUCTURAL_ABSENCE,true
ꕉꔤꕩꕌ ꕪꕮ ꔳꕩꘋ ꗏꔤ,vai,1,ltr,Digital Humanities,STRUCTURAL_ABSENCE,true
ߖߐ߬ߞߎ߬ߟߊ߫ ߞߊ߬ߙߊ߲߬ߞߊ߫ ߞߊ߬ߙߊ߲߬ߞߊ߫,vai,1,ltr,Digital Humanities,STRUCTURAL_ABSENCE,true
ꕪꘋ ꕉꕜꕮ ꕉꕡꕌꔵ,vai,1,ltr,Digital Humanities,STRUCTURAL_ABSENCE,true
n'dii ŋɔɔ lɛɛŋ lɛɛŋ,vai,1,ltr,Digital Humanities,STRUCTURAL_ABSENCE,true
дигиталий файнанси,vai,1,ltr,Digital Humanities,STRUCTURAL_ABSENCE,true
𝄞𝄢𝄛𝄞𝄢𝄚𝄛 𝄞𝄢𝄛𝄞𝄢𝄚𝄛 𝄞𝄢𝄛𝄞𝄢𝄚𝄛,vai,1,ltr,Digital Humanities,STRUCTURAL_ABSENCE,true
vhuthu ha didzhithala,ve,1,ltr,Digital Humanities,STRUCTURAL_ABSENCE,true
vhuthogwa ha tshikona,ve,1,ltr,Digital Humanities,STRUCTURAL_ABSENCE,true
vhutshili ha didzhithala,ve,1,ltr,Digital Humanities,STRUCTURAL_ABSENCE,true
vhutshilo ha vhuthu ha didzhithali,ve,1,ltr,Digital Humanities,STRUCTURAL_ABSENCE,true
vhudziki ha digital,ve,1,ltr,Digital Humanities,STRUCTURAL_ABSENCE,true
tivumbu le digital,ve,1,ltr,Digital Humanities,STRUCTURAL_ABSENCE,true
hudzuluma ya dijitari,ve,1,ltr,Digital Humanities,STRUCTURAL_ABSENCE,true
vhutshilo ya diteleliso,ve,1,ltr,Digital Humanities,STRUCTURAL_ABSENCE,true
рақамли инсоният,uz_AF,1,rtl,Digital Humanities,STRUCTURAL_ABSENCE,true
siense umane digitałi,vec,1,ltr,Digital Humanities,TRANSMOGRIFICATION,true
umanisteghe digitałi,vec,1,ltr,Digital Humanities,TRANSMOGRIFICATION,true
umanità digitałi,vec,1,ltr,Digital Humanities,TRANSMOGRIFICATION,true
umane dioxanali,vec,1,ltr,Digital Humanities,TRANSMOGRIFICATION,true
digitaaline humanitaarad,vep,1,ltr,Digital Humanities,TRANSMOGRIFICATION,true
cifrine humanitaranvedad,vep,1,ltr,Digital Humanities,TRANSMOGRIFICATION,true
digitaline gumanitarine tedod,vep,1,ltr,Digital Humanities,TRANSMOGRIFICATION,true
digitaaližed humanitarižed tedod,vep,1,ltr,Digital Humanities,TRANSMOGRIFICATION,true
digitaalne humanitariin tiede,vep,1,ltr,Digital Humanities,TRANSMOGRIFICATION,true
digitaalõzen ülämüžand,vep,1,ltr,Digital Humanities,TRANSMOGRIFICATION,true
дигитальны хуманістыческий,vep,1,ltr,Digital Humanities,TRANSMOGRIFICATION,true
kiisilise kultuuriteadus,vep,1,ltr,Digital Humanities,TRANSMOGRIFICATION,true
nhân văn số,vi,1,ltr,Digital Humanities,PRODUCTIVE_DISAGREEMENT,true
digital inglizchiy fanlar,uz_AF,1,rtl,Digital Humanities,STRUCTURAL_ABSENCE,true
digital xumaniyatlar,uz,1,ltr,Digital Humanities,STRUCTURAL_ABSENCE,true
raqamli insoniy pənlər,ug,1,rtl,Digital Humanities,TRANSMOGRIFICATION,true
olondunge viokukwata nokukala viondunge,umb,1,ltr,Digital Humanities,STRUCTURAL_ABSENCE,true
ئەلكترون رەسمىيەت,ug,1,rtl,Digital Humanities,TRANSMOGRIFICATION,true
цифрові гуманітарні дані,uk,1,ltr,Digital Humanities,PRODUCTIVE_DISAGREEMENT,true
цифрові гуманітарні,uk,1,ltr,Digital Humanities,PRODUCTIVE_DISAGREEMENT,true
дигітальні гуманітарії,uk,1,ltr,Digital Humanities,PRODUCTIVE_DISAGREEMENT,true
дійсність та інформація,uk,1,ltr,Digital Humanities,PRODUCTIVE_DISAGREEMENT,true
fáánúw ye taropwe ye computer,uli,1,ltr,Digital Humanities,STRUCTURAL_ABSENCE,true
rohul falwol,uli,1,ltr,Digital Humanities,STRUCTURAL_ABSENCE,true
kamalenai fa'aoga,uli,1,ltr,Digital Humanities,STRUCTURAL_ABSENCE,true
k'tharr'al't'sha'n,uli,1,ltr,Digital Humanities,STRUCTURAL_ABSENCE,true
talasiwali digitaal,uli,1,ltr,Digital Humanities,STRUCTURAL_ABSENCE,true
o afendeli va yehova va siata oku teyuila omanu,umb,1,ltr,Digital Humanities,STRUCTURAL_ABSENCE,true
ocilongela vya ecihumano,umb,1,ltr,Digital Humanities,STRUCTURAL_ABSENCE,true
ovilonga vya dijitali,umb,1,ltr,Digital Humanities,STRUCTURAL_ABSENCE,true
omanu vokuenda komesho vokuenda komesho,umb,1,ltr,Digital Humanities,STRUCTURAL_ABSENCE,true
digital ilm-fan,uz,1,ltr,Digital Humanities,STRUCTURAL_ABSENCE,true
ndhitala ya ndongo,umb,1,ltr,Digital Humanities,STRUCTURAL_ABSENCE,true
mubukalo pwetroniko,umb,1,ltr,Digital Humanities,STRUCTURAL_ABSENCE,true
digital manav vigyan,unr,1,ltr,Digital Humanities,STRUCTURAL_ABSENCE,true
mundari: ŋwét-dhuor-wëëk-ëëŋ-ëŋ,unr,1,ltr,Digital Humanities,STRUCTURAL_ABSENCE,true
dijitali iningiti,unr,1,ltr,Digital Humanities,STRUCTURAL_ABSENCE,true
ḍijiṭal manuaṭ,unx,1,ltr,Digital Humanities,STRUCTURAL_ABSENCE,true
śākhaṃ digitala,unx,1,ltr,Digital Humanities,STRUCTURAL_ABSENCE,true
ḍigital manō-sōrō,unx,1,ltr,Digital Humanities,STRUCTURAL_ABSENCE,true
digitali jihumatunika,unx,1,ltr,Digital Humanities,STRUCTURAL_ABSENCE,true
dhikri-kala-adhunika,unx,1,ltr,Digital Humanities,STRUCTURAL_ABSENCE,true
انسانی کمزوریوں کی وجہ سے,ur,1,rtl,Digital Humanities,TRANSMOGRIFICATION,true
ڈیجیٹل علوم انسانی,ur,1,rtl,Digital Humanities,TRANSMOGRIFICATION,true
ڈیجیٹل فنونِ انسانیت,ur,1,rtl,Digital Humanities,TRANSMOGRIFICATION,true
рәқәмон гуманитар елимләр,ttt,1,ltr,Digital Humanities,TRANSMOGRIFICATION,true
ศาสตร์วิทยุดิจิทัล,tts,1,ltr,Digital Humanities,TRANSMOGRIFICATION,true
ฮักษาศาสตร์ดิจิทัล,tts,1,ltr,Digital Humanities,TRANSMOGRIFICATION,true
ditlhophiso tsa dijitaleng,tn,1,ltr,Digital Humanities,STRUCTURAL_ABSENCE,true
tamasheq n akal ən tənkara,tmh,1,ltr,Digital Humanities,TRANSMOGRIFICATION,true
تودرت ن تمازيغت تادجيت,tmh,1,ltr,Digital Humanities,TRANSMOGRIFICATION,true
ⴰⵎⴰⵏⵓⵏ ⵏ ⵜⵉⵏⵉⵔⵉ,tmh,1,ltr,Digital Humanities,TRANSMOGRIFICATION,true
tawt tamasheqt,tmh,1,ltr,Digital Humanities,TRANSMOGRIFICATION,true
ⵜⵉⵣⵔⵉ ⵏ ⵓⵎⴰⴳⵔⴰⴷ ⴷⵉஜⵉⵜⴰⵔ,tmh,1,ltr,Digital Humanities,TRANSMOGRIFICATION,true
tid al-fikr dijitar,tmh,1,ltr,Digital Humanities,TRANSMOGRIFICATION,true
innin n-tishawen n-digital,tmh,1,ltr,Digital Humanities,TRANSMOGRIFICATION,true
dithuto tsa botho tsa dijithale,tn,1,ltr,Digital Humanities,STRUCTURAL_ABSENCE,true
batho ba ba itshekileng,tn,1,ltr,Digital Humanities,STRUCTURAL_ABSENCE,true
dijithale botho,tn,1,ltr,Digital Humanities,STRUCTURAL_ABSENCE,true
botho jwa didijitale,tn,1,ltr,Digital Humanities,STRUCTURAL_ABSENCE,true
botho jwa dijithale,tn,1,ltr,Digital Humanities,STRUCTURAL_ABSENCE,true
batho ba dijithale,tn,1,ltr,Digital Humanities,STRUCTURAL_ABSENCE,true
fihlobo yadigitl,tn,1,ltr,Digital Humanities,STRUCTURAL_ABSENCE,true
رۊستۊکۊ ئەنسانۊیت,tly,1,ltr,Digital Humanities,TRANSMOGRIFICATION,true
motswana wa ditsheto,tn,1,ltr,Digital Humanities,STRUCTURAL_ABSENCE,true
ngaahi ngaue fakaetangata fakakomipiuta,to,1,ltr,Digital Humanities,TRANSMOGRIFICATION,true
"ngaahi anga'itangata "" o e fa'ahinga "" o e tangatá",to,1,ltr,Digital Humanities,TRANSMOGRIFICATION,true
ngaahi saienisi fakatekinolosia,to,1,ltr,Digital Humanities,TRANSMOGRIFICATION,true
fakaʻatamai tikitale,to,1,ltr,Digital Humanities,TRANSMOGRIFICATION,true
faiʻanga fakaʻeletulōniki mo e tangata,to,1,ltr,Digital Humanities,TRANSMOGRIFICATION,true
fakamatalaʻanga ʻo e ʻatamai fakaeletisōnō,to,1,ltr,Digital Humanities,TRANSMOGRIFICATION,true
fakaʻeiki fakataha,to,1,ltr,Digital Humanities,TRANSMOGRIFICATION,true
talafale numera ʻi ngāue fakalavelave,to,1,ltr,Digital Humanities,TRANSMOGRIFICATION,true
faafetai tahi digitali,to,1,ltr,Digital Humanities,TRANSMOGRIFICATION,true
fakamotu 'elektronika,to,1,ltr,Digital Humanities,TRANSMOGRIFICATION,true
cisambizgo ca bantu mu zinthu za makompyuta,tog,1,ltr,Digital Humanities,TRANSMOGRIFICATION,true
vidumbu vya munthu vya pa makina,tog,1,ltr,Digital Humanities,TRANSMOGRIFICATION,true
ⴰⵏⴰⵡⴰⵙ ⵏ ⵉⵎⴰⵣⵉⵖⴻⵏ ⵏ ⵉⵎⴰⵣⵉⵖⴻⵏ,tmh,1,ltr,Digital Humanities,TRANSMOGRIFICATION,true
insanitarın dijital,tly,1,ltr,Digital Humanities,TRANSMOGRIFICATION,true
mufundishani digitali,tog,1,ltr,Digital Humanities,TRANSMOGRIFICATION,true
digital na mga tao,tl,1,ltr,Digital Humanities,STRUCTURAL_ABSENCE,true
elektron sosialvagty,tk,1,ltr,Digital Humanities,STRUCTURAL_ABSENCE,true
dijital ingelişler,tk,1,ltr,Digital Humanities,STRUCTURAL_ABSENCE,true
humanities fakamānumālō,tkl,1,ltr,Digital Humanities,STRUCTURAL_ABSENCE,true
aganuku numera,tkl,1,ltr,Digital Humanities,STRUCTURAL_ABSENCE,true
fale fa'atekinolosi numera,tkl,1,ltr,Digital Humanities,STRUCTURAL_ABSENCE,true
aganuʻu faʻakomepiuta,tkl,1,ltr,Digital Humanities,STRUCTURAL_ABSENCE,true
fa'aipoipo fa'amata'aga,tkl,1,ltr,Digital Humanities,STRUCTURAL_ABSENCE,true
aitara numera ʻunga manūtaki,tkl,1,ltr,Digital Humanities,STRUCTURAL_ABSENCE,true
faataligiga teknohiromatanga,tkl,1,ltr,Digital Humanities,STRUCTURAL_ABSENCE,true
рақамин гуманитар илимар,tkr,1,ltr,Digital Humanities,STRUCTURAL_ABSENCE,true
цифрал гуманитария,tkr,1,ltr,Digital Humanities,STRUCTURAL_ABSENCE,true
цифрал хьуманташ,tkr,1,ltr,Digital Humanities,STRUCTURAL_ABSENCE,true
диджитал ҳуманіттары,tkr,1,ltr,Digital Humanities,STRUCTURAL_ABSENCE,true
dihital na humanidades,tl,1,ltr,Digital Humanities,STRUCTURAL_ABSENCE,true
rəqəmi insanşünaslıq,tly,1,ltr,Digital Humanities,TRANSMOGRIFICATION,true
digital na panitikang pandaigdig,tl,1,ltr,Digital Humanities,STRUCTURAL_ABSENCE,true
humanistikang digital,tl,1,ltr,Digital Humanities,STRUCTURAL_ABSENCE,true
teknolohiya ng digital na tinig at lakas ng loob,tl,1,ltr,Digital Humanities,STRUCTURAL_ABSENCE,true
de' migh,tlh,1,ltr,Digital Humanities,TRANSMOGRIFICATION,true
de' habli' qed,tlh,1,ltr,Digital Humanities,TRANSMOGRIFICATION,true
tlhingan hol qan pa' tlhingan hol,tlh,1,ltr,Digital Humanities,TRANSMOGRIFICATION,true
qah qonos,tlh,1,ltr,Digital Humanities,TRANSMOGRIFICATION,true
qongwij dativjaj,tlh,1,ltr,Digital Humanities,TRANSMOGRIFICATION,true
qatlh 'ej qatlhdi' yin,tlh,1,ltr,Digital Humanities,TRANSMOGRIFICATION,true
daqdaqavangh,tlh,1,ltr,Digital Humanities,TRANSMOGRIFICATION,true
qapqa' jiyaj,tlh,1,ltr,Digital Humanities,TRANSMOGRIFICATION,true
rəqəmi insaniyyətşünaslıq,tly,1,ltr,Digital Humanities,TRANSMOGRIFICATION,true
rəqəmi humanitar elmlər,tly,1,ltr,Digital Humanities,TRANSMOGRIFICATION,true
mabuku a dijitali,tog,1,ltr,Digital Humanities,TRANSMOGRIFICATION,true
teknoloji ya njira ya insanu,tog,1,ltr,Digital Humanities,TRANSMOGRIFICATION,true
หัวข้อดิจิทัล,tts,1,ltr,Digital Humanities,TRANSMOGRIFICATION,true
ingwelelo yamalungu,ts,1,ltr,Digital Humanities,STRUCTURAL_ABSENCE,true
humanitái digitálu,trv,1,ltr,Digital Humanities,STRUCTURAL_ABSENCE,true
دَيجِتَل انسانيات,trw,1,rtl,Digital Humanities,TRANSMOGRIFICATION,true
دټیکټل هنرمندانۍ,trw,1,rtl,Digital Humanities,TRANSMOGRIFICATION,true
humanitái digitálai,trw,1,rtl,Digital Humanities,TRANSMOGRIFICATION,true
vutivi bya vanhu bya dijitali,ts,1,ltr,Digital Humanities,STRUCTURAL_ABSENCE,true
vutivi bya vanhu,ts,1,ltr,Digital Humanities,STRUCTURAL_ABSENCE,true
vutivi bya vunharhu bya digital,ts,1,ltr,Digital Humanities,STRUCTURAL_ABSENCE,true
vutivi bya tidijitali bya vanhu,ts,1,ltr,Digital Humanities,STRUCTURAL_ABSENCE,true
vumunhu bya dijithali,ts,1,ltr,Digital Humanities,STRUCTURAL_ABSENCE,true
vutshila bya xidijitali,ts,1,ltr,Digital Humanities,STRUCTURAL_ABSENCE,true
tivumbuluko leti digital,ts,1,ltr,Digital Humanities,STRUCTURAL_ABSENCE,true
mahlahlahlana ya dijithale,ts,1,ltr,Digital Humanities,STRUCTURAL_ABSENCE,true
muhuminsikuni digitali,ts,1,ltr,Digital Humanities,STRUCTURAL_ABSENCE,true
kaalam digital ha katauhan,tsg,1,ltr,Digital Humanities,STRUCTURAL_ABSENCE,true
tayal tiyeyan sipakaw,trv,1,ltr,Digital Humanities,STRUCTURAL_ABSENCE,true
dagang a kultura,tsg,1,ltr,Digital Humanities,STRUCTURAL_ABSENCE,true
pag-aaral sa kasaysayan gamit an digital,tsg,1,ltr,Digital Humanities,STRUCTURAL_ABSENCE,true
talata sa teknolohiya sa kultura,tsg,1,ltr,Digital Humanities,STRUCTURAL_ABSENCE,true
teknolohiya ng digital na panitikan at kultura,tsg,1,ltr,Digital Humanities,STRUCTURAL_ABSENCE,true
ཨང་ཀི་གཞུང་ལུགས་,tsj,1,ltr,Digital Humanities,STRUCTURAL_ABSENCE,true
gyamtsi kham,tsj,1,ltr,Digital Humanities,STRUCTURAL_ABSENCE,true
mhāl-tā-dīgītāl-māntā,tsj,1,ltr,Digital Humanities,STRUCTURAL_ABSENCE,true
digitale humaniti,tsj,1,ltr,Digital Humanities,STRUCTURAL_ABSENCE,true
цифрлы гуманитар фәннәр,tt,1,ltr,Digital Humanities,TRANSMOGRIFICATION,true
санлы гуманитар,tt,1,ltr,Digital Humanities,TRANSMOGRIFICATION,true
dijital insaniyyät,tt,1,ltr,Digital Humanities,TRANSMOGRIFICATION,true
диджитал фарс маданиyatы,tt,1,ltr,Digital Humanities,TRANSMOGRIFICATION,true
дигитал халк эдебиятелери,tt,1,ltr,Digital Humanities,TRANSMOGRIFICATION,true
ma'ra'ik ta'in,trv,1,ltr,Digital Humanities,STRUCTURAL_ABSENCE,true
kari pnskluwi bsyaq,trv,1,ltr,Digital Humanities,STRUCTURAL_ABSENCE,true
ilo sona kule,tok,1,ltr,Digital Humanities,STRUCTURAL_ABSENCE,true
dijital saientis bilong manmeri,tpi,1,ltr,Digital Humanities,STRUCTURAL_ABSENCE,true
sona ilo pi toki nanpa,tok,1,ltr,Digital Humanities,STRUCTURAL_ABSENCE,true
kulupu suli kama lon digital,tok,1,ltr,Digital Humanities,STRUCTURAL_ABSENCE,true
sina liliw,tok,1,ltr,Digital Humanities,STRUCTURAL_ABSENCE,true
sowa li wan,tok,1,ltr,Digital Humanities,STRUCTURAL_ABSENCE,true
ijo suli pi tenpo ni en jan,tokipona,1,ltr,Digital Humanities,TRANSMOGRIFICATION,true
sona pi ilo nanpa pi jan,tokipona,1,ltr,Digital Humanities,TRANSMOGRIFICATION,true
kulupu suli pilin,tokipona,1,ltr,Digital Humanities,TRANSMOGRIFICATION,true
sina walo,tokipona,1,ltr,Digital Humanities,TRANSMOGRIFICATION,true
sowa li wan sme,tokipona,1,ltr,Digital Humanities,TRANSMOGRIFICATION,true
dijitel humanitis,tpi,1,ltr,Digital Humanities,STRUCTURAL_ABSENCE,true
ol samting ol man i mekim,tpi,1,ltr,Digital Humanities,STRUCTURAL_ABSENCE,true
wok bilong save long komputa na pasin bilong ol man,tpi,1,ltr,Digital Humanities,STRUCTURAL_ABSENCE,true
sains oloman bilong kompiuta na stori bilong manmeri,tpi,1,ltr,Digital Humanities,STRUCTURAL_ABSENCE,true
buk bilong digidal,tpi,1,ltr,Digital Humanities,STRUCTURAL_ABSENCE,true
sngayan na snhiyan dgiyaq,trv,1,ltr,Digital Humanities,STRUCTURAL_ABSENCE,true
impas humanities digital,tpi,1,ltr,Digital Humanities,STRUCTURAL_ABSENCE,true
digitim huaminiestis,tpi,1,ltr,Digital Humanities,STRUCTURAL_ABSENCE,true
digital hausmanit bilong mi,tpi,1,ltr,Digital Humanities,STRUCTURAL_ABSENCE,true
sayısal beşeri bilimler,tr,1,ltr,Digital Humanities,PRODUCTIVE_DISAGREEMENT,true
dijital insanbilimleri,tr,1,ltr,Digital Humanities,PRODUCTIVE_DISAGREEMENT,true
elektronik sanatlar ve bilimler,tr,1,ltr,Digital Humanities,PRODUCTIVE_DISAGREEMENT,true
dijital insanlar,tr,1,ltr,Digital Humanities,PRODUCTIVE_DISAGREEMENT,true
ܐܢܬܪܘܦܘܠܘܓܝܐ ܕܝܓܝܛܠܝܐ,tru,1,ltr,Digital Humanities,TRANSMOGRIFICATION,true
ܝܘܠܦܢܐ ܕܝܓܝܛܠܝܐ ܕܒܪܢܫܘܬܐ,tru,1,ltr,Digital Humanities,TRANSMOGRIFICATION,true
ܕܝܓܝܛܠ ܐܢܫܝܘܬܐ,tru,1,ltr,Digital Humanities,TRANSMOGRIFICATION,true
ܡܬܘܠܐ ܕܝܢܘܩܪܐ,tru,1,ltr,Digital Humanities,TRANSMOGRIFICATION,true
ܣܝ̈ܝ̈ܣܬܝ̈ܐ ܕܣܘ̈ܝ̈ܣܝ̈ܐ,tru,1,ltr,Digital Humanities,TRANSMOGRIFICATION,true
ܕܝܠܝܐ ܕܢܘܪܝܐ,tru,1,ltr,Digital Humanities,TRANSMOGRIFICATION,true
nhân văn kỹ thuật số,vi,1,ltr,Digital Humanities,PRODUCTIVE_DISAGREEMENT,true
nghiên cứu nhân văn số,vi,1,ltr,Digital Humanities,PRODUCTIVE_DISAGREEMENT,true
umanismlu digital,roa-rup,1,ltr,Digital Humanities,STRUCTURAL_ABSENCE,true
ngôn ngữ học số,vi,1,ltr,Digital Humanities,PRODUCTIVE_DISAGREEMENT,true
rengin mi fanang,yap,1,ltr,Digital Humanities,STRUCTURAL_ABSENCE,true
kapin meit,yap,1,ltr,Digital Humanities,STRUCTURAL_ABSENCE,true
gwilelel kultura digital,yap,1,ltr,Digital Humanities,STRUCTURAL_ABSENCE,true
bɔ́ɔ́lɔ́ɔ́ yáá nɔ́ɔ́mɔ́ɔ́,yav,1,ltr,Digital Humanities,STRUCTURAL_ABSENCE,true
dɩgɩtɛl humɑnɪts,yav,1,ltr,Digital Humanities,STRUCTURAL_ABSENCE,true
ŋɔɔmɔŋ lɛɛŋ lɛŋ,yav,1,ltr,Digital Humanities,STRUCTURAL_ABSENCE,true
yangben digitális ŋamši,yav,1,ltr,Digital Humanities,STRUCTURAL_ABSENCE,true
דיגיטאַלע הומאַניטיעס,yi,1,rtl,Digital Humanities,TRANSMOGRIFICATION,true
דיגיטאַל הומאַניטיעס,yi,1,rtl,Digital Humanities,TRANSMOGRIFICATION,true
דיגיטאַלע הומאַניטעטן,yi,1,rtl,Digital Humanities,TRANSMOGRIFICATION,true
דיגיטאַלע הומאַניסטיק,yi,1,rtl,Digital Humanities,TRANSMOGRIFICATION,true
דיגיטאלע הוּמַניִטֵס,yi,1,rtl,Digital Humanities,TRANSMOGRIFICATION,true
דיגיטאַל מענחשעסקייט,yi,1,rtl,Digital Humanities,TRANSMOGRIFICATION,true
àwọn ènìyàn oní-nọ́ńbà,yo,1,ltr,Digital Humanities,STRUCTURAL_ABSENCE,true
ẹ̀dá èdá ayélujára,yo,1,ltr,Digital Humanities,STRUCTURAL_ABSENCE,true
ìmọ̀ ẹ̀rọ ayélujára fún ẹ̀kọ́ ènìyàn,yo,1,ltr,Digital Humanities,STRUCTURAL_ABSENCE,true
ìmọ̀ ẹ̀dá ènìyàn oní-nọ́ńbà,yo,1,ltr,Digital Humanities,STRUCTURAL_ABSENCE,true
ẹ̀kọ́ ìmọ̀-ẹ̀rọ onínọ́ọ̀rú èdè àti àṣà,yo,1,ltr,Digital Humanities,STRUCTURAL_ABSENCE,true
ọ̀rọ̀ ìgbàlódé,yo,1,ltr,Digital Humanities,STRUCTURAL_ABSENCE,true
ìjànìsìnọ̀ọ̀mbẹ̀rẹ̀,yo,1,ltr,Digital Humanities,STRUCTURAL_ABSENCE,true
ihunyereede nlaa,yo,1,ltr,Digital Humanities,STRUCTURAL_ABSENCE,true
teknoloji ile inu olodumare,yo,1,ltr,Digital Humanities,STRUCTURAL_ABSENCE,true
цифровой гуманитарной ӈэвы,yrk,1,ltr,Digital Humanities,TRANSMOGRIFICATION,true
цифровой гуманитарной,yrk,1,ltr,Digital Humanities,TRANSMOGRIFICATION,true
saaŋa qajaqta,yrk,1,ltr,Digital Humanities,TRANSMOGRIFICATION,true
няден ӈиеда-худе,yrk,1,ltr,Digital Humanities,TRANSMOGRIFICATION,true
дигитальчы суроонор,yrk,1,ltr,Digital Humanities,TRANSMOGRIFICATION,true
mira-itá nheenga kurusá murakí,yrl,1,ltr,Digital Humanities,TRANSMOGRIFICATION,true
kua'a'yvoty reko'a,yrl,1,ltr,Digital Humanities,TRANSMOGRIFICATION,true
nge'ay ni kompyutar ma taropwe' ni taro',yap,1,ltr,Digital Humanities,STRUCTURAL_ABSENCE,true
儒學數位化,yao,1,ltr,Digital Humanities,TRANSMOGRIFICATION,true
tsìjú gōnyà,yao,1,ltr,Digital Humanities,TRANSMOGRIFICATION,true
izihluzo zedijithali,xsa,1,rtl,Digital Humanities,TRANSMOGRIFICATION,true
dìjìtāl mānǎvitā,xnr,1,ltr,Digital Humanities,TRANSMOGRIFICATION,true
komputerilähtöiset kulttuuritieteet,xnr,1,ltr,Digital Humanities,TRANSMOGRIFICATION,true
eby'obuwangwa eby'omutimbagano,xog,1,ltr,Digital Humanities,STRUCTURAL_ABSENCE,true
ebyobugezi bya kompyuta,xog,1,ltr,Digital Humanities,STRUCTURAL_ABSENCE,true
eby'obuntu bwa digital,xog,1,ltr,Digital Humanities,STRUCTURAL_ABSENCE,true
obumanyirivu bw'omukono,xog,1,ltr,Digital Humanities,STRUCTURAL_ABSENCE,true
ŋɔmɛtʃi kɛlɛsɛ,xog,1,ltr,Digital Humanities,STRUCTURAL_ABSENCE,true
buun-qorshe-dhijitaal,xog,1,ltr,Digital Humanities,STRUCTURAL_ABSENCE,true
digitaalna humanistik,xog,1,ltr,Digital Humanities,STRUCTURAL_ABSENCE,true
ndugu wa diguwali,xog,1,ltr,Digital Humanities,STRUCTURAL_ABSENCE,true
numen humanitatis digitalis,xpr,1,rtl,Digital Humanities,TRANSMOGRIFICATION,true
𐭃𐭉𐭂𐭉𐭕𐭋 𐭄𐭅𐭌𐭀𐭍𐭉𐭕𐭉,xpr,1,rtl,Digital Humanities,TRANSMOGRIFICATION,true
tîrûmâtî,xpr,1,rtl,Digital Humanities,TRANSMOGRIFICATION,true
ḥumāniyyatun dijitāliyya,xsa,1,rtl,Digital Humanities,TRANSMOGRIFICATION,true
𐬹𐬴𐬱𐬴 𐬹𐬴𐬱𐬴 𐬹𐬴𐬱𐬴𐬹𐬴𐬱𐬴,yao,1,ltr,Digital Humanities,TRANSMOGRIFICATION,true
གནས་ཚུལ་གྱི་དངོས་གྲུབ་དང་གཞི་རྩའི་སྤྱོད་ལམ།,xsr,1,ltr,Digital Humanities,TRANSMOGRIFICATION,true
dhigyal gyenlag,xsr,1,ltr,Digital Humanities,TRANSMOGRIFICATION,true
dijitaal ḍɔŋ,xsr,1,ltr,Digital Humanities,TRANSMOGRIFICATION,true
digitale huimantshi,xsr,1,ltr,Digital Humanities,TRANSMOGRIFICATION,true
ཐམས་ཅད་ལོག་པའི་བྱང་ཆུབ་ཀྱི་རིགས,xsr,1,ltr,Digital Humanities,TRANSMOGRIFICATION,true
farsio humana digitale,xum,1,ltr,Digital Humanities,STRUCTURAL_ABSENCE,true
dìgitāl ūmanitàt,xum,1,ltr,Digital Humanities,STRUCTURAL_ABSENCE,true
dixitar humanitáte digitálle,xum,1,ltr,Digital Humanities,STRUCTURAL_ABSENCE,true
digitalia humanistica,xum,1,ltr,Digital Humanities,STRUCTURAL_ABSENCE,true
sayansi ya anthu ya digito,yao,1,ltr,Digital Humanities,TRANSMOGRIFICATION,true
chigitalo cha vandu,yao,1,ltr,Digital Humanities,TRANSMOGRIFICATION,true
masomo ya kidiijitali ya binadamu,yao,1,ltr,Digital Humanities,TRANSMOGRIFICATION,true
yi zhī xì shù,yao,1,ltr,Digital Humanities,TRANSMOGRIFICATION,true
yawé puranga kweré,yrl,1,ltr,Digital Humanities,TRANSMOGRIFICATION,true
yãrõ-ỹrã-ỹrã-ỹrã,yrl,1,ltr,Digital Humanities,TRANSMOGRIFICATION,true
digitaal humanidadeso'ob,yua,1,ltr,Digital Humanities,STRUCTURAL_ABSENCE,true
平组標辜八学校,zh-tw,1,ltr,Digital Humanities,TRANSMOGRIFICATION,true
tussna tadijit n ufgan,zg,1,ltr,Digital Humanities,TRANSMOGRIFICATION,true
taqṣīt n tadawin,zg,1,ltr,Digital Humanities,TRANSMOGRIFICATION,true
tmazɣit ḍaman,zg,1,ltr,Digital Humanities,TRANSMOGRIFICATION,true
talbiet tashawwur atnas,zg,1,ltr,Digital Humanities,TRANSMOGRIFICATION,true
ⵜⴰⵎⴻⵣⵜ ⵜⴰⵔⴳⵄⵢ ⵏ ⵜⴰⵎⴻⵣⵉⵍ,zg,1,ltr,Digital Humanities,TRANSMOGRIFICATION,true
ⴰⵙⵉⵏⴰⵡⵏ ⵏ ⵓⵣⵏⵏⵓⵏⵉ,zgh,1,rtl,Digital Humanities,TRANSMOGRIFICATION,true
ⵜⵉⵎⴰⵙⵙⴰⵏⵉⵏ ⵜⵓⵏⵚⵉⴱⵉⵏ,zgh,1,rtl,Digital Humanities,TRANSMOGRIFICATION,true
التّْفَاحْصْ نْ تْفَاوْتْ,zgh,1,rtl,Digital Humanities,TRANSMOGRIFICATION,true
ⵜⵉⵣⵔⴰⵡⵉⵏ ⵜⵉⵏⵎⵍⴰⵍⵉⵏ ⵜⵉⴷⵊⵉⵜⴰⵍⵉⵏ,zgh,1,rtl,Digital Humanities,TRANSMOGRIFICATION,true
tamɣaṭ n tmaziɣt tiddi,zgh,1,rtl,Digital Humanities,TRANSMOGRIFICATION,true
itnisnittit tin-tamazight ittirisan,zgh,1,rtl,Digital Humanities,TRANSMOGRIFICATION,true
ⵜⴰⵎⵔⴰⵏ ⴷⵉⵖಿⵍⴰⵣ ⵜⴰⵎⵔⴰⵏ ⵜⴰⵎⵕⴰⵏ,zgh,1,rtl,Digital Humanities,TRANSMOGRIFICATION,true
sú-iông-kài kóan-hē,zh-min-nan,1,ltr,Digital Humanities,TRANSMOGRIFICATION,true
kemanusian digital,zmi,1,ltr,Digital Humanities,STRUCTURAL_ABSENCE,true
ⵜⵓⵙⵙⵏⵉⵡⵉⵏ ⵜⵓⵎⵥⵉⵏⵉⵏ,zg,1,ltr,Digital Humanities,TRANSMOGRIFICATION,true
kebudayaan sains digital,zmi,1,ltr,Digital Humanities,STRUCTURAL_ABSENCE,true
ezezibhangqiwe zoluntu,zu,1,ltr,Digital Humanities,PRODUCTIVE_DISAGREEMENT,true
ubuciko bedijithali,zu,1,ltr,Digital Humanities,PRODUCTIVE_DISAGREEMENT,true
ezobuntu zedijithali,zu,1,ltr,Digital Humanities,PRODUCTIVE_DISAGREEMENT,true
izifundo zobuntu ezidijithali,zu,1,ltr,Digital Humanities,PRODUCTIVE_DISAGREEMENT,true
ubuntu lobuchwepheshe bedijithali,zu,1,ltr,Digital Humanities,PRODUCTIVE_DISAGREEMENT,true
izindaba zokudla,zu,1,ltr,Digital Humanities,PRODUCTIVE_DISAGREEMENT,true
ubuhumane bemfashini,zu,1,ltr,Digital Humanities,PRODUCTIVE_DISAGREEMENT,true
izinhlobo ezithuthuzo eziphendula,zu,1,ltr,Digital Humanities,PRODUCTIVE_DISAGREEMENT,true
ingubo ephambanjeni,zu,1,ltr,Digital Humanities,PRODUCTIVE_DISAGREEMENT,true
dijital insaniyet,zza,1,ltr,Digital Humanities,TRANSMOGRIFICATION,true
beşerî zanistê dijital,zza,1,ltr,Digital Humanities,TRANSMOGRIFICATION,true
ღანდი მოხელურე,zza,1,ltr,Digital Humanities,TRANSMOGRIFICATION,true
ⵜⴰⵎⴰⵣⵉⵖⵜ ⵜⴰⴷⵉⵊⵉⵜⴰⵍⵉⵜ,zg,1,ltr,Digital Humanities,TRANSMOGRIFICATION,true
ⴰⵣⴳⴳⵯⴰⵍ ⵏ ⵓⵎⵙⵙⵓⵏⵏⵉⵏ,zg,1,ltr,Digital Humanities,TRANSMOGRIFICATION,true
u nojil xookil digitalil máako'ob,yua,1,ltr,Digital Humanities,STRUCTURAL_ABSENCE,true
tlaxiwinikalli tlahtolli,zap,1,ltr,Digital Humanities,TRANSMOGRIFICATION,true
máaxo'ob digital,yua,1,ltr,Digital Humanities,STRUCTURAL_ABSENCE,true
maya k'uchma'ik,yua,1,ltr,Digital Humanities,STRUCTURAL_ABSENCE,true
k'a'am-yuumtsil-no'el-il-ts'íib-k'áak,yua,1,ltr,Digital Humanities,STRUCTURAL_ABSENCE,true
xa'ank'in chʼokob,yua,1,ltr,Digital Humanities,STRUCTURAL_ABSENCE,true
tecnologías digitales en humanidades,yua,1,ltr,Digital Humanities,STRUCTURAL_ABSENCE,true
sujwz yinzven,za,1,ltr,Digital Humanities,TRANSMOGRIFICATION,true
swhgungh vwnzhoh,za,1,ltr,Digital Humanities,TRANSMOGRIFICATION,true
sawloih saehleix,za,1,ltr,Digital Humanities,TRANSMOGRIFICATION,true
vjauq vajvz,za,1,ltr,Digital Humanities,TRANSMOGRIFICATION,true
𐡱𐡶𐡾𐡯𐡱𐡴 𐡪𐡭𐡯𐡱𐡴𐡯𐡱𐡴,za,1,ltr,Digital Humanities,TRANSMOGRIFICATION,true
zhuāngzì kèjī,za,1,ltr,Digital Humanities,TRANSMOGRIFICATION,true
dizhsa digitaal,zap,1,ltr,Digital Humanities,TRANSMOGRIFICATION,true
naa' guendaranzhii' ne' guendabiaani',zap,1,ltr,Digital Humanities,TRANSMOGRIFICATION,true
kool joo'il yaa joo'il,zap,1,ltr,Digital Humanities,TRANSMOGRIFICATION,true
talbi fi ḥadīθ,zen,1,rtl,Digital Humanities,TRANSMOGRIFICATION,true
xanájwe'e ñudje'e,zap,1,ltr,Digital Humanities,TRANSMOGRIFICATION,true
tlacuilolli humanidades,zap,1,ltr,Digital Humanities,TRANSMOGRIFICATION,true
sayansi ya kidijitali ya ubinadamu,zdj,1,rtl,Digital Humanities,TRANSMOGRIFICATION,true
makala ya kifasihi,zdj,1,rtl,Digital Humanities,TRANSMOGRIFICATION,true
ufumbiro wa dijitali,zdj,1,rtl,Digital Humanities,TRANSMOGRIFICATION,true
muanjinjamuji dijitilalini,zdj,1,rtl,Digital Humanities,TRANSMOGRIFICATION,true
digitale geestesweiteschappen,zea,1,ltr,Digital Humanities,TRANSMOGRIFICATION,true
digitaale humanistiese,zea,1,ltr,Digital Humanities,TRANSMOGRIFICATION,true
tənəssənin n təmassanin tizəggʷaɣin,zen,1,rtl,Digital Humanities,TRANSMOGRIFICATION,true
ⵜⴰⵎⴰⵣⵉⵖⵜ ⵜⴰⵎⴰⵢⵏⵓⵜ ⵏ ⵓⵎⴰⵣⵉⵖ ⴰⵎⴰⵢⵏⵓ,zen,1,rtl,Digital Humanities,TRANSMOGRIFICATION,true
ⴷⵉⴳⵉⵜⴰⵍ ⵉⵏⵙⴰⵏⵏⴰⵏ,zen,1,rtl,Digital Humanities,TRANSMOGRIFICATION,true
tiwɛlɛmɛn tɔgɣa,zen,1,rtl,Digital Humanities,TRANSMOGRIFICATION,true
ŋaŋa ŋaŋa ŋiŋ,zen,1,rtl,Digital Humanities,TRANSMOGRIFICATION,true
dhikrī khaṇḍ,xnr,1,ltr,Digital Humanities,TRANSMOGRIFICATION,true
डिजिटल मानवी,xnr,1,ltr,Digital Humanities,TRANSMOGRIFICATION,true
𐭥𐭢𐭣𐭥𐭠𐭥𐭧𐭥𐭨𐭥𐭫𐭥𐭩𐭥𐭪𐭥𐭦𐭥𐭧𐭥𐭨𐭥𐭬,xmn,1,ltr,Digital Humanities,TRANSMOGRIFICATION,true
digitali humanitäät,wae,1,ltr,Digital Humanities,STRUCTURAL_ABSENCE,true
digitaalsõt humanitaartiedüs,vro,1,ltr,Digital Humanities,TRANSMOGRIFICATION,true
digitaalsõ humanitaartiidüse,vro,1,ltr,Digital Humanities,TRANSMOGRIFICATION,true
digitaalsed inimpeetsused,vro,1,ltr,Digital Humanities,TRANSMOGRIFICATION,true
digitaal humanitood,vro,1,ltr,Digital Humanities,TRANSMOGRIFICATION,true
ufundi wa kidijitali,vun,1,ltr,Digital Humanities,STRUCTURAL_ABSENCE,true
obuhabuzi bwa digital,vun,1,ltr,Digital Humanities,STRUCTURAL_ABSENCE,true
tatizo la kielektroniki,vun,1,ltr,Digital Humanities,STRUCTURAL_ABSENCE,true
stafræd frumæli,vun,1,ltr,Digital Humanities,STRUCTURAL_ABSENCE,true
izwi lokuso ditswana,vun,1,ltr,Digital Humanities,STRUCTURAL_ABSENCE,true
vun-diga mane,vun,1,ltr,Digital Humanities,STRUCTURAL_ABSENCE,true
humanités numerikes,wa,1,ltr,Digital Humanities,TRANSMOGRIFICATION,true
sycince umanisse numerike,wa,1,ltr,Digital Humanities,TRANSMOGRIFICATION,true
djinsiaedjes umanisses,wa,1,ltr,Digital Humanities,TRANSMOGRIFICATION,true
digitali umanità,wae,1,ltr,Digital Humanities,STRUCTURAL_ABSENCE,true
digitla vaimustik,vot,1,ltr,Digital Humanities,TRANSMOGRIFICATION,true
digitaali geischteswisseschafte,wae,1,ltr,Digital Humanities,STRUCTURAL_ABSENCE,true
dütsch digitala humanitäta,wae,1,ltr,Digital Humanities,STRUCTURAL_ABSENCE,true
digitale mënschlichkäit,wae,1,ltr,Digital Humanities,STRUCTURAL_ABSENCE,true
däitgital menschlischt,wae,1,ltr,Digital Humanities,STRUCTURAL_ABSENCE,true
dijitaala namoota,wal,1,ltr,Digital Humanities,STRUCTURAL_ABSENCE,true
dijjitaala asa eratettaa,wal,1,ltr,Digital Humanities,STRUCTURAL_ABSENCE,true
digitaale humanities,wal,1,ltr,Digital Humanities,STRUCTURAL_ABSENCE,true
dijitaal asa xaafiyaa,wal,1,ltr,Digital Humanities,STRUCTURAL_ABSENCE,true
ድግጣህ አብር,wal,1,ltr,Digital Humanities,STRUCTURAL_ABSENCE,true
ዲጅታል ባህላዊ ምሁራዊ ጥናት,wal,1,ltr,Digital Humanities,STRUCTURAL_ABSENCE,true
ምልክትዎ ባህሪያ,wal,1,ltr,Digital Humanities,STRUCTURAL_ABSENCE,true
ባህል ክርስትያን መግለጫ,wal,1,ltr,Digital Humanities,STRUCTURAL_ABSENCE,true
digital nga katawhan,war,1,ltr,Digital Humanities,STRUCTURAL_ABSENCE,true
kiisilise inimesed,vot,1,ltr,Digital Humanities,TRANSMOGRIFICATION,true
digitaalõ inimiine,vot,1,ltr,Digital Humanities,TRANSMOGRIFICATION,true
mga hinumdum nga digital,war,1,ltr,Digital Humanities,STRUCTURAL_ABSENCE,true
ehuumanidhadhe dha dhijitale,vmw,1,ltr,Digital Humanities,STRUCTURAL_ABSENCE,true
khoa học nhân vật điện tử,vi,1,ltr,Digital Humanities,PRODUCTIVE_DISAGREEMENT,true
dijital hyumanitiz,vic,1,ltr,Digital Humanities,STRUCTURAL_ABSENCE,true
dijital yumaniti,vic,1,ltr,Digital Humanities,STRUCTURAL_ABSENCE,true
dijital humeniti,vic,1,ltr,Digital Humanities,STRUCTURAL_ABSENCE,true
digitil huniman,vic,1,ltr,Digital Humanities,STRUCTURAL_ABSENCE,true
dijital humansitiz,vic,1,ltr,Digital Humanities,STRUCTURAL_ABSENCE,true
digitoale geestesweetnschappn,vls,1,ltr,Digital Humanities,TRANSMOGRIFICATION,true
digitale humanistiese,vls,1,ltr,Digital Humanities,TRANSMOGRIFICATION,true
digitale geisteswissenschaftn,vmf,1,ltr,Digital Humanities,TRANSMOGRIFICATION,true
digidale humanitätn,vmf,1,ltr,Digital Humanities,TRANSMOGRIFICATION,true
digidale geischteswisseschafte,vmf,1,ltr,Digital Humanities,TRANSMOGRIFICATION,true
digitale menschawissenschaften,vmf,1,ltr,Digital Humanities,TRANSMOGRIFICATION,true
diguwale menschgeschicht,vmf,1,ltr,Digital Humanities,TRANSMOGRIFICATION,true
ikhumi yo ukhala ni ukhala ya digitali,vmw,1,ltr,Digital Humanities,STRUCTURAL_ABSENCE,true
digitaalizet humanitaarizet,vot,1,ltr,Digital Humanities,TRANSMOGRIFICATION,true
tivumbuva za digital,vmw,1,ltr,Digital Humanities,STRUCTURAL_ABSENCE,true
mukhulupi digital,vmw,1,ltr,Digital Humanities,STRUCTURAL_ABSENCE,true
makondesano ya makhuwa,vmw,1,ltr,Digital Humanities,STRUCTURAL_ABSENCE,true
digitäl-humanitets,vo,1,ltr,Digital Humanities,TRANSMOGRIFICATION,true
nümädanav,vo,1,ltr,Digital Humanities,TRANSMOGRIFICATION,true
numatavolapük,vo,1,ltr,Digital Humanities,TRANSMOGRIFICATION,true
dijital menäds,vo,1,ltr,Digital Humanities,TRANSMOGRIFICATION,true
digitaik humänitäs,vo,1,ltr,Digital Humanities,TRANSMOGRIFICATION,true
humanitäl digitan,vo,1,ltr,Digital Humanities,TRANSMOGRIFICATION,true
digitil hiumenwisselis,vo,1,ltr,Digital Humanities,TRANSMOGRIFICATION,true
dzivil-humanitait,vo,1,ltr,Digital Humanities,TRANSMOGRIFICATION,true
digitaalizet inehmüzet,vot,1,ltr,Digital Humanities,TRANSMOGRIFICATION,true
digitaalsõd humanitaaritietod,vot,1,ltr,Digital Humanities,TRANSMOGRIFICATION,true
digital nga pagtuon han katawohan,war,1,ltr,Digital Humanities,STRUCTURAL_ABSENCE,true
digityal nga kultura,war,1,ltr,Digital Humanities,STRUCTURAL_ABSENCE,true
digi-humani,xmn,1,ltr,Digital Humanities,TRANSMOGRIFICATION,true
ubuntu lwedijithali,xh,1,ltr,Digital Humanities,STRUCTURAL_ABSENCE,true
цифрин хүмүүнлгин ухана,xal,1,ltr,Digital Humanities,TRANSMOGRIFICATION,true
дигитал хуманитарийн,xal,1,ltr,Digital Humanities,TRANSMOGRIFICATION,true
цифрови хүнийлэгзн,xal,1,ltr,Digital Humanities,TRANSMOGRIFICATION,true
диджиталдагы үлгүлөр,xal,1,ltr,Digital Humanities,TRANSMOGRIFICATION,true
дигитал хүмэнэт,xal,1,ltr,Digital Humanities,TRANSMOGRIFICATION,true
xcr digitaal humaniora,xcr,1,ltr,Digital Humanities,STRUCTURAL_ABSENCE,true
𐊠𐊵𐊭𐊲𐊣𐊫𐊰𐊭𐊲𐊪𐊫𐊰 𐊴𐊠𐊦𐊫𐊰,xcr,1,ltr,Digital Humanities,STRUCTURAL_ABSENCE,true
ku-šar-ku-ri-ya-ti,xcr,1,ltr,Digital Humanities,STRUCTURAL_ABSENCE,true
internet insanları,xcr,1,ltr,Digital Humanities,STRUCTURAL_ABSENCE,true
uluntu lwedijithali,xh,1,ltr,Digital Humanities,STRUCTURAL_ABSENCE,true
ubuntu bamanani,xh,1,ltr,Digital Humanities,STRUCTURAL_ABSENCE,true
ubunzululwazi bezenkcubeko ngeedigithali,xh,1,ltr,Digital Humanities,STRUCTURAL_ABSENCE,true
ulwazi lwedijithali lwezobuntu,xh,1,ltr,Digital Humanities,STRUCTURAL_ABSENCE,true
iingxaxhebe zomthetho wezindaba,xh,1,ltr,Digital Humanities,STRUCTURAL_ABSENCE,true
дигитальн хүмүнлһн,xal,1,ltr,Digital Humanities,TRANSMOGRIFICATION,true
imiyalobhalo yedijithali,xh,1,ltr,Digital Humanities,STRUCTURAL_ABSENCE,true
izinhumunzi digital,xh,1,ltr,Digital Humanities,STRUCTURAL_ABSENCE,true
digitaal-humanities,xld,1,rtl,Digital Humanities,STRUCTURAL_ABSENCE,true
ŋɨlɛmɛtɔ,xld,1,rtl,Digital Humanities,STRUCTURAL_ABSENCE,true
ციფრული ჰუმანიტარული მეცნიერებეფი,xmf,1,ltr,Digital Humanities,TRANSMOGRIFICATION,true
საინფორმაციო ხელოვნება,xmf,1,ltr,Digital Humanities,TRANSMOGRIFICATION,true
დიჯიტალური კულტურული მემკვიდრეობა,xmf,1,ltr,Digital Humanities,TRANSMOGRIFICATION,true
დიტაქტური გვერდობა,xmf,1,ltr,Digital Humanities,TRANSMOGRIFICATION,true
დიგიტალურ-ხელოვნები,xmf,1,ltr,Digital Humanities,TRANSMOGRIFICATION,true
𐰴𐰃𐰆𐰤𐰀𐰢𐰃𐰤 𐰸𐰆𐰤𐰀𐰢𐰃𐰤,xmn,1,ltr,Digital Humanities,TRANSMOGRIFICATION,true
ᠳ᠋ᠢᠵᠢᠲ᠋ᠠᠯ ᠬᠦᠮᠦᠨ ᠤ ᠰᠢᠨᠵᠢᠯᠡᠬᠦ ᠤᠬᠠᠭᠠᠨ,xmn,1,ltr,Digital Humanities,TRANSMOGRIFICATION,true
دِجِتال هومَنِتاس,xmn,1,ltr,Digital Humanities,TRANSMOGRIFICATION,true
dīgālīh mānawīšn,xmn,1,ltr,Digital Humanities,TRANSMOGRIFICATION,true
цахим хүмүүнлэгийн ухаан,xal,1,ltr,Digital Humanities,TRANSMOGRIFICATION,true
цахим хүмүүнлэг,xal,1,ltr,Digital Humanities,TRANSMOGRIFICATION,true
yapa-kurlangu karnta-kurlangu-patu yirrarnu-manu kompyuta-kurlu,wbp,1,ltr,Digital Humanities,STRUCTURAL_ABSENCE,true
fakaʻatamai numela,wls,1,ltr,Digital Humanities,STRUCTURAL_ABSENCE,true
kuja-kuja yimi-kari-kari manu kuja-kuja yimi-kari-kari manu kuja-kuja yimi-kari-kari manu,wbp,1,ltr,Digital Humanities,STRUCTURAL_ABSENCE,true
ngurra-kurlangu kurdu walytja,wbp,1,ltr,Digital Humanities,STRUCTURAL_ABSENCE,true
ngalyirrkurrpa wirrinytjarrpa,wbp,1,ltr,Digital Humanities,STRUCTURAL_ABSENCE,true
wawuwarri jukurrpa,wbp,1,ltr,Digital Humanities,STRUCTURAL_ABSENCE,true
ngapartji-jukurrpa nyinku-jukurrpa,wbp,1,ltr,Digital Humanities,STRUCTURAL_ABSENCE,true
ਡੀਜੀਟਲ ਮਾਨਵਤਾ,wbq,1,ltr,Digital Humanities,STRUCTURAL_ABSENCE,true
𐓟𐓙𐓛𐓙𐓛 𐓟𐓛𐓣𐓙𐓛𐓣𐓙𐓛,wbq,1,ltr,Digital Humanities,STRUCTURAL_ABSENCE,true
دیجیټل هنسیم,wbq,1,ltr,Digital Humanities,STRUCTURAL_ABSENCE,true
yalang-wurrk miriyan,wbq,1,ltr,Digital Humanities,STRUCTURAL_ABSENCE,true
ŋɔmɛrɛ wɩlɩtɩ,wbr,1,ltr,Digital Humanities,TRANSMOGRIFICATION,true
digitaal mānava-shāstra,wbr,1,ltr,Digital Humanities,TRANSMOGRIFICATION,true
دیجیټل هانومنیز,wbr,1,ltr,Digital Humanities,TRANSMOGRIFICATION,true
teki fakalotu,wls,1,ltr,Digital Humanities,STRUCTURAL_ABSENCE,true
fakamālie faʻahinga tohi fakaʻeleʻele,wls,1,ltr,Digital Humanities,STRUCTURAL_ABSENCE,true
平窗会公司,wuu,1,ltr,Digital Humanities,TRANSMOGRIFICATION,true
tāpui fakataha,wls,1,ltr,Digital Humanities,STRUCTURAL_ABSENCE,true
faka-numera'i 'ua faka-ātau,wls,1,ltr,Digital Humanities,STRUCTURAL_ABSENCE,true
takamoa digitale,wls,1,ltr,Digital Humanities,STRUCTURAL_ABSENCE,true
teknologi mo sikolagi digita,wls,1,ltr,Digital Humanities,STRUCTURAL_ABSENCE,true
ubumwanjaro wa dijitali,wni,1,rtl,Digital Humanities,TRANSMOGRIFICATION,true
muanjinjamu imanisi digitini,wni,1,rtl,Digital Humanities,TRANSMOGRIFICATION,true
xam-xam yu dijital,wo,1,ltr,Digital Humanities,TRANSMOGRIFICATION,true
xam-xam yu nimre,wo,1,ltr,Digital Humanities,TRANSMOGRIFICATION,true
xam-xam ak jàngin ci wàllu numbër,wo,1,ltr,Digital Humanities,TRANSMOGRIFICATION,true
xam-xamu mbindum jëmm,wo,1,ltr,Digital Humanities,TRANSMOGRIFICATION,true
tëneemoojumbeenam,wo,1,ltr,Digital Humanities,TRANSMOGRIFICATION,true
dhimmiyat dijitil,wo,1,ltr,Digital Humanities,TRANSMOGRIFICATION,true
数字人文学科,wuu,1,ltr,Digital Humanities,TRANSMOGRIFICATION,true
digital sanawy ýnsanitarhan,tk,1,ltr,Digital Humanities,STRUCTURAL_ABSENCE,true
sanly ynsanperwerlik ylymlary,tk,1,ltr,Digital Humanities,STRUCTURAL_ABSENCE,true
sanly gumanitarlygy,tk,1,ltr,Digital Humanities,STRUCTURAL_ABSENCE,true
sanly ynsanperwer ylymlary,tk,1,ltr,Digital Humanities,STRUCTURAL_ABSENCE,true
digitali kɔrɔbɔɔ,sef,1,ltr,Digital Humanities,STRUCTURAL_ABSENCE,true
kɔlɔjɛlɛ kɛlɛkɛlɛ,sef,1,ltr,Digital Humanities,STRUCTURAL_ABSENCE,true
tamaɲi tereɖo,sef,1,ltr,Digital Humanities,STRUCTURAL_ABSENCE,true
gbo'n gbo'n ŋɔɔŋɔɔ lɛɛŋ lɛɛŋ,sef,1,ltr,Digital Humanities,STRUCTURAL_ABSENCE,true
ditigili yàmàfua,sef,1,ltr,Digital Humanities,STRUCTURAL_ABSENCE,true
senoufo digital humanitiz,sef,1,ltr,Digital Humanities,STRUCTURAL_ABSENCE,true
sayansi ya anthu ya dijito,seh,1,ltr,Digital Humanities,STRUCTURAL_ABSENCE,true
sayansi ya dhijitau,seh,1,ltr,Digital Humanities,STRUCTURAL_ABSENCE,true
tidital hiumanities,seh,1,ltr,Digital Humanities,STRUCTURAL_ABSENCE,true
sena digital,seh,1,ltr,Digital Humanities,STRUCTURAL_ABSENCE,true
mupfumbi wetekhnoroji,seh,1,ltr,Digital Humanities,STRUCTURAL_ABSENCE,true
dijital sanatlar,seh,1,ltr,Digital Humanities,STRUCTURAL_ABSENCE,true
taa'a xapaj,sei,1,ltr,Digital Humanities,STRUCTURAL_ABSENCE,true
hant ihiip hac caaixaj cöquih,sei,1,ltr,Digital Humanities,STRUCTURAL_ABSENCE,true
tɨnɔ́kʷa tɛ́mɛ,sei,1,ltr,Digital Humanities,STRUCTURAL_ABSENCE,true
kó'o-kó'o-hóo-hóo-hóo,sei,1,ltr,Digital Humanities,STRUCTURAL_ABSENCE,true
teknologi manusia digital,sei,1,ltr,Digital Humanities,STRUCTURAL_ABSENCE,true
ordinater zankey-izey,ses,1,ltr,Digital Humanities,STRUCTURAL_ABSENCE,true
dijitali adamizey ciney,ses,1,ltr,Digital Humanities,STRUCTURAL_ABSENCE,true
teeɓeɗɛɓeɗeɓe,ses,1,ltr,Digital Humanities,STRUCTURAL_ABSENCE,true
digitaal ŋɔɔŋɔɔ,ses,1,ltr,Digital Humanities,STRUCTURAL_ABSENCE,true
ni-tin-yi-digitali ni-humanitii,ses,1,ltr,Digital Humanities,STRUCTURAL_ABSENCE,true
gi ti duti na aye mingi ape na yâ ti fini ti mo,sg,1,ltr,Digital Humanities,STRUCTURAL_ABSENCE,true
maïngo ti teknoloji na nzönî,sg,1,ltr,Digital Humanities,STRUCTURAL_ABSENCE,true
sango tî mbênî-terê,sg,1,ltr,Digital Humanities,STRUCTURAL_ABSENCE,true
mabumbe ya digital,sg,1,ltr,Digital Humanities,STRUCTURAL_ABSENCE,true
sêndâkodë tî nëngö-mbëtï na wärängö-mbëtï,sg,1,ltr,Digital Humanities,STRUCTURAL_ABSENCE,true
kɔmputa fasitó,sg,1,ltr,Digital Humanities,STRUCTURAL_ABSENCE,true
mabanga ya dijitala,sg,1,ltr,Digital Humanities,STRUCTURAL_ABSENCE,true
nùmɛrɔ kàranna,sef,1,ltr,Digital Humanities,STRUCTURAL_ABSENCE,true
humanitas digitalis,see,1,ltr,Digital Humanities,STRUCTURAL_ABSENCE,true
litterarum artificium digitale,see,1,ltr,Digital Humanities,STRUCTURAL_ABSENCE,true
زانستە دیجیتاڵەکان,sdh,1,rtl,Digital Humanities,TRANSMOGRIFICATION,true
humanitā digitali,scn,1,ltr,Digital Humanities,TRANSMOGRIFICATION,true
digitals leidenschafts,sco,1,ltr,Digital Humanities,STRUCTURAL_ABSENCE,true
digitale huimescinscais,sco,1,ltr,Digital Humanities,STRUCTURAL_ABSENCE,true
digtal humaunistis,sco,1,ltr,Digital Humanities,STRUCTURAL_ABSENCE,true
dǫ nę́hdı k'e įłaedı,scs,1,ltr,Digital Humanities,STRUCTURAL_ABSENCE,true
dene ts'ílií k'eh ts'ílií,scs,1,ltr,Digital Humanities,STRUCTURAL_ABSENCE,true
k’èhts’èdı̀ k’èàgǫht’ę,scs,1,ltr,Digital Humanities,STRUCTURAL_ABSENCE,true
ŋiłįįtłı̨k tłı̨chǫ,scs,1,ltr,Digital Humanities,STRUCTURAL_ABSENCE,true
dı̀dhı̀ gowı̀k’ehtseh,scs,1,ltr,Digital Humanities,STRUCTURAL_ABSENCE,true
dekitahausiniyut,scs,1,ltr,Digital Humanities,STRUCTURAL_ABSENCE,true
k'ehtsi dene zho,scs,1,ltr,Digital Humanities,STRUCTURAL_ABSENCE,true
ڊجيٽل هيومنٽيز,sd,1,rtl,Digital Humanities,TRANSMOGRIFICATION,true
دیجیټل هنسنمنډس,sd,1,rtl,Digital Humanities,TRANSMOGRIFICATION,true
زانستە دیجیتاڵییەکان,sdh,1,rtl,Digital Humanities,TRANSMOGRIFICATION,true
matswiri ya digital,see,1,ltr,Digital Humanities,STRUCTURAL_ABSENCE,true
مرۆڤایەتی دیجیتاڵ,sdh,1,rtl,Digital Humanities,TRANSMOGRIFICATION,true
bingehê dîjîtî,sdh,1,rtl,Digital Humanities,TRANSMOGRIFICATION,true
هۆمیالیک ڕایزمانی,sdh,1,rtl,Digital Humanities,TRANSMOGRIFICATION,true
ماشینه‌ی دیجیتالی بنویسه‌ی بشتی,sdh,1,rtl,Digital Humanities,TRANSMOGRIFICATION,true
digitála humanisttalaš dieđat,se,1,ltr,Digital Humanities,TRANSMOGRIFICATION,true
digitála humanitáradieđat,se,1,ltr,Digital Humanities,TRANSMOGRIFICATION,true
digitála humanitehtat,se,1,ltr,Digital Humanities,TRANSMOGRIFICATION,true
digitálalaččelaččat,se,1,ltr,Digital Humanities,TRANSMOGRIFICATION,true
digiitali vabbiidjat,se,1,ltr,Digital Humanities,TRANSMOGRIFICATION,true
diguilalus sámiid bannan,se,1,ltr,Digital Humanities,TRANSMOGRIFICATION,true
kayę́hsra'kó:wa' onöhsahkwá:tsherake',see,1,ltr,Digital Humanities,STRUCTURAL_ABSENCE,true
oshá:de' gayáhsǫh hadí:yoh,see,1,ltr,Digital Humanities,STRUCTURAL_ABSENCE,true
gëjöhgwë’ö’ gëjöhgwë’öh,see,1,ltr,Digital Humanities,STRUCTURAL_ABSENCE,true
mwntamunika digital,sg,1,ltr,Digital Humanities,STRUCTURAL_ABSENCE,true
nyamata yi digitál,sg,1,ltr,Digital Humanities,STRUCTURAL_ABSENCE,true
díghaltraí daonna,sga,1,ltr,Digital Humanities,TRANSMOGRIFICATION,true
cyfrowŏ humanistyka,sli,1,ltr,Digital Humanities,TRANSMOGRIFICATION,true
digitálne umenia,sk,1,ltr,Digital Humanities,TRANSMOGRIFICATION,true
digitálne humanitné viedy,sk,1,ltr,Digital Humanities,TRANSMOGRIFICATION,true
دیجیټل هنسینٹس,skr,1,rtl,Digital Humanities,TRANSMOGRIFICATION,true
دیجیٹل انسانوں کے محققات,skr,1,rtl,Digital Humanities,TRANSMOGRIFICATION,true
digitalne umanosti,sl,1,ltr,Digital Humanities,PRODUCTIVE_DISAGREEMENT,true
ʔəs-ʔibəš ti syəyəhub,slh,1,ltr,Digital Humanities,STRUCTURAL_ABSENCE,true
sʔəx̌ʷəɬəbəɬ ʔə tiʔəɬ qʷəɬqʷəɬ,slh,1,ltr,Digital Humanities,STRUCTURAL_ABSENCE,true
ʔəy̓aləxʷ sʔəɬədəb,slh,1,ltr,Digital Humanities,STRUCTURAL_ABSENCE,true
sdxʷqʷel qʷi sqilš,slh,1,ltr,Digital Humanities,STRUCTURAL_ABSENCE,true
łəxʷədiƛəxʷ ʔəɬ,slh,1,ltr,Digital Humanities,STRUCTURAL_ABSENCE,true
xwešxʷ șáaʔtəm,slh,1,ltr,Digital Humanities,STRUCTURAL_ABSENCE,true
xʷəbəq-əb-šəlsh,slh,1,ltr,Digital Humanities,STRUCTURAL_ABSENCE,true
digitalne humanistyczne,sli,1,ltr,Digital Humanities,TRANSMOGRIFICATION,true
dyjitalnaja umawnost',sli,1,ltr,Digital Humanities,TRANSMOGRIFICATION,true
digitálne humanitné vedy,sk,1,ltr,Digital Humanities,TRANSMOGRIFICATION,true
dygtalne humanistyki,sli,1,ltr,Digital Humanities,TRANSMOGRIFICATION,true
hulas matanika digital,sly,1,ltr,Digital Humanities,STRUCTURAL_ABSENCE,true
digitála humanistihkka,sma,1,ltr,Digital Humanities,TRANSMOGRIFICATION,true
digitaale humanitaara,sma,1,ltr,Digital Humanities,TRANSMOGRIFICATION,true
digitale humanistihke,sma,1,ltr,Digital Humanities,TRANSMOGRIFICATION,true
dagoggiebálggi,sma,1,ltr,Digital Humanities,TRANSMOGRIFICATION,true
digitála ealáhámis,sma,1,ltr,Digital Humanities,TRANSMOGRIFICATION,true
digitale vittuvaemi,sma,1,ltr,Digital Humanities,TRANSMOGRIFICATION,true
"digaal-gielasat, digaal-giellasearvi",sma,1,ltr,Digital Humanities,TRANSMOGRIFICATION,true
digitála humanitáradieđa,smj,1,ltr,Digital Humanities,TRANSMOGRIFICATION,true
digiálodat vuolitavallu,smj,1,ltr,Digital Humanities,TRANSMOGRIFICATION,true
digtačielmammeárbupmihtti,smj,1,ltr,Digital Humanities,TRANSMOGRIFICATION,true
digitale vânaláš,smj,1,ltr,Digital Humanities,TRANSMOGRIFICATION,true
digitálne humanitné štúdium,sk,1,ltr,Digital Humanities,TRANSMOGRIFICATION,true
ባህል ኤፕሮጎራዊ,sid,1,ltr,Digital Humanities,TRANSMOGRIFICATION,true
dánae digitacha,sga,1,ltr,Digital Humanities,TRANSMOGRIFICATION,true
ⵜⴰⵙⵙⵏⵉⵡⵉⵏ ⵜⵓⵎⵥⴰⵢⵉⵏ ⵏ ⵓⴼⴳⴰⵏ,shi,1,rtl,Digital Humanities,TRANSMOGRIFICATION,true
digiteach daonnachtaí,sga,1,ltr,Digital Humanities,TRANSMOGRIFICATION,true
dígitail dóenacht,sga,1,ltr,Digital Humanities,TRANSMOGRIFICATION,true
dligtheacht na daonnachtaí,sga,1,ltr,Digital Humanities,TRANSMOGRIFICATION,true
comhfhionnachtanaí digiteach,sga,1,ltr,Digital Humanities,TRANSMOGRIFICATION,true
díthromantúlacht,sga,1,ltr,Digital Humanities,TRANSMOGRIFICATION,true
éscana dígitil,sga,1,ltr,Digital Humanities,TRANSMOGRIFICATION,true
dėgitalė humanitarė,sgs,1,ltr,Digital Humanities,TRANSMOGRIFICATION,true
skaitmenė humanė,sgs,1,ltr,Digital Humanities,TRANSMOGRIFICATION,true
dėgėtalėnē mokslē,sgs,1,ltr,Digital Humanities,TRANSMOGRIFICATION,true
skaitmeniuomenės žmogu,sgs,1,ltr,Digital Humanities,TRANSMOGRIFICATION,true
tinktinės humanitarijos,sgs,1,ltr,Digital Humanities,TRANSMOGRIFICATION,true
dijigitalne humanistike,sh,1,ltr,Digital Humanities,PRODUCTIVE_DISAGREEMENT,true
ⴰⵙⵉⵏⴰⵡⵏ ⵏ ⵓⵎⵙⵙⵏⵏ,shi,1,rtl,Digital Humanities,TRANSMOGRIFICATION,true
ⵜⵉⵣⵔⴰⵡⵉⵏ ⵜⵉⵏⵎⵓⵔⵉⵏ,shi,1,rtl,Digital Humanities,TRANSMOGRIFICATION,true
digitala wulasa,sid,1,ltr,Digital Humanities,TRANSMOGRIFICATION,true
tamaẓart n usṭṭiq,shi,1,rtl,Digital Humanities,TRANSMOGRIFICATION,true
tighatut n umuḍaw n numrud,shi,1,rtl,Digital Humanities,TRANSMOGRIFICATION,true
itnān l-tutlil,shi,1,rtl,Digital Humanities,TRANSMOGRIFICATION,true
الهنسنة الرقمية,shu,1,rtl,Digital Humanities,TRANSMOGRIFICATION,true
ඩිජිටල් මානව ශාස්ත්‍ර,si,1,ltr,Digital Humanities,STRUCTURAL_ABSENCE,true
ඩිජිටල් මානව ශාස්ත්ර,si,1,ltr,Digital Humanities,STRUCTURAL_ABSENCE,true
දිගිතල මනසෝපිකය,si,1,ltr,Digital Humanities,STRUCTURAL_ABSENCE,true
dijitaal hiyumaanitiis,sid,1,ltr,Digital Humanities,TRANSMOGRIFICATION,true
dijitaala seena-namaa,sid,1,ltr,Digital Humanities,TRANSMOGRIFICATION,true
dijiitaali mannu,sid,1,ltr,Digital Humanities,TRANSMOGRIFICATION,true
dijitaala humaaniitii,sid,1,ltr,Digital Humanities,TRANSMOGRIFICATION,true
dagimtii gadaa,sid,1,ltr,Digital Humanities,TRANSMOGRIFICATION,true
harkawaa daddabsiisa,sid,1,ltr,Digital Humanities,TRANSMOGRIFICATION,true
umanistichi digitali,scn,1,ltr,Digital Humanities,TRANSMOGRIFICATION,true
umanitati digitali,scn,1,ltr,Digital Humanities,TRANSMOGRIFICATION,true
scienzi umanistichi diggitali,scn,1,ltr,Digital Humanities,TRANSMOGRIFICATION,true
umuhumeni y'igihinsho digitale,rw,1,ltr,Digital Humanities,STRUCTURAL_ABSENCE,true
ranu haezi,rug,1,ltr,Digital Humanities,STRUCTURAL_ABSENCE,true
ngalu'u digital,rug,1,ltr,Digital Humanities,STRUCTURAL_ABSENCE,true
talava digitale,rug,1,ltr,Digital Humanities,STRUCTURAL_ABSENCE,true
humana sapot na digitale,rug,1,ltr,Digital Humanities,STRUCTURAL_ABSENCE,true
umanistici digitali,rup,1,ltr,Digital Humanities,TRANSMOGRIFICATION,true
umanitãts digitale,rup,1,ltr,Digital Humanities,TRANSMOGRIFICATION,true
umanistigi digitali,rup,1,ltr,Digital Humanities,TRANSMOGRIFICATION,true
umanitate digjitale,rup,1,ltr,Digital Humanities,TRANSMOGRIFICATION,true
ubwoko bw'abantu,rw,1,ltr,Digital Humanities,STRUCTURAL_ABSENCE,true
ubumuntu bwa dijitali,rw,1,ltr,Digital Humanities,STRUCTURAL_ABSENCE,true
ubumenyi bwa digitale bw'ubumanuko,rw,1,ltr,Digital Humanities,STRUCTURAL_ABSENCE,true
ubumenyi bw'ikoranabuhanga mu bumenyi bw'abantu,rw,1,ltr,Digital Humanities,STRUCTURAL_ABSENCE,true
ubushakashatsi bw'umuvugizi wa nyumburu,rw,1,ltr,Digital Humanities,STRUCTURAL_ABSENCE,true
ingabo cy'inka y'amahoro,rw,1,ltr,Digital Humanities,STRUCTURAL_ABSENCE,true
цифровы́ гуманита́рни науки́,rue,1,ltr,Digital Humanities,TRANSMOGRIFICATION,true
ubunyamuntu bwa dijitali,rwk,1,ltr,Digital Humanities,TRANSMOGRIFICATION,true
eby'obuntu by'omu kidijitali,rwk,1,ltr,Digital Humanities,TRANSMOGRIFICATION,true
muziki wa dijitali wa ufundi,rwk,1,ltr,Digital Humanities,TRANSMOGRIFICATION,true
umkushisha ulayo,rwk,1,ltr,Digital Humanities,TRANSMOGRIFICATION,true
ingabo y'ibirunga cy'intarahamwe,rwk,1,ltr,Digital Humanities,TRANSMOGRIFICATION,true
ryūjin bungaku,ryu,1,ltr,Digital Humanities,TRANSMOGRIFICATION,true
デジタルの人道学,ryu,1,ltr,Digital Humanities,TRANSMOGRIFICATION,true
デジタルヒューマニティ,ryu,1,ltr,Digital Humanities,TRANSMOGRIFICATION,true
सङ्गणकमानविकी,sa,1,ltr,Digital Humanities,TRANSMOGRIFICATION,true
आङ्गिकमानविकी,sa,1,ltr,Digital Humanities,TRANSMOGRIFICATION,true
अङ्कीयमानविकी,sa,1,ltr,Digital Humanities,TRANSMOGRIFICATION,true
डिजिटलमानविकी,sa,1,ltr,Digital Humanities,TRANSMOGRIFICATION,true
दिगितला मानवशास्त्र,sa,1,ltr,Digital Humanities,TRANSMOGRIFICATION,true
digitálne umienie,rue,1,ltr,Digital Humanities,TRANSMOGRIFICATION,true
дігітална гуманітарія,rue,1,ltr,Digital Humanities,TRANSMOGRIFICATION,true
दीजितल ह्यूमनाइट्स,sa,1,ltr,Digital Humanities,TRANSMOGRIFICATION,true
džipalų manuš,rom,1,ltr,Digital Humanities,STRUCTURAL_ABSENCE,true
umanitati digitale,roa-rup,1,ltr,Digital Humanities,STRUCTURAL_ABSENCE,true
umanistigi digitale,roa-rup,1,ltr,Digital Humanities,STRUCTURAL_ABSENCE,true
umanitate digitale,roa-rup,1,ltr,Digital Humanities,STRUCTURAL_ABSENCE,true
elimu ya kidijitali ya kibinadamu,rof,1,ltr,Digital Humanities,STRUCTURAL_ABSENCE,true
ulimi wa kidijitali,rof,1,ltr,Digital Humanities,STRUCTURAL_ABSENCE,true
uhumano wa dijiti,rof,1,ltr,Digital Humanities,STRUCTURAL_ABSENCE,true
tivuwa kikwetu,rof,1,ltr,Digital Humanities,STRUCTURAL_ABSENCE,true
huministiko dijitala,rof,1,ltr,Digital Humanities,STRUCTURAL_ABSENCE,true
difirantši hwnanti,rof,1,ltr,Digital Humanities,STRUCTURAL_ABSENCE,true
tahina-tsara ny andriana,rof,1,ltr,Digital Humanities,STRUCTURAL_ABSENCE,true
digitalno manushipen,rom,1,ltr,Digital Humanities,STRUCTURAL_ABSENCE,true
digitalno manušikano džaniben,rom,1,ltr,Digital Humanities,STRUCTURAL_ABSENCE,true
digitali manushikane,rom,1,ltr,Digital Humanities,STRUCTURAL_ABSENCE,true
ḍigitala xerd,rom,1,ltr,Digital Humanities,STRUCTURAL_ABSENCE,true
діґіталны гуманітны наукы,rue,1,ltr,Digital Humanities,TRANSMOGRIFICATION,true
дигитални гуманитарии,rom,1,ltr,Digital Humanities,STRUCTURAL_ABSENCE,true
hạnisi fakteknolosi,rtm,1,ltr,Digital Humanities,TRANSMOGRIFICATION,true
faka'ese fakatekinolosi 'o te gagana ma te 'aso,rtm,1,ltr,Digital Humanities,TRANSMOGRIFICATION,true
fäega ma fäega ta,rtm,1,ltr,Digital Humanities,TRANSMOGRIFICATION,true
kai vavalagi,rtm,1,ltr,Digital Humanities,TRANSMOGRIFICATION,true
felu'a numeral,rtm,1,ltr,Digital Humanities,TRANSMOGRIFICATION,true
faifai ʻōnohi,rtm,1,ltr,Digital Humanities,TRANSMOGRIFICATION,true
humana na digitale,rtm,1,ltr,Digital Humanities,TRANSMOGRIFICATION,true
дискурсивные гуманитарные науки,ru,1,ltr,Digital Humanities,PRODUCTIVE_DISAGREEMENT,true
дигитальная гуманитарная наука,ru,1,ltr,Digital Humanities,PRODUCTIVE_DISAGREEMENT,true
цифровы гуманітарны науки,rue,1,ltr,Digital Humanities,TRANSMOGRIFICATION,true
ціфрови гуманітарны науки,rue,1,ltr,Digital Humanities,TRANSMOGRIFICATION,true
діджітална гуманістіка,rue,1,ltr,Digital Humanities,TRANSMOGRIFICATION,true
अन्वेषणम् डिजिटलम्,sa,1,ltr,Digital Humanities,TRANSMOGRIFICATION,true
विज्ञान-वर्तमान विग्यान,sa,1,ltr,Digital Humanities,TRANSMOGRIFICATION,true
umanitatis digitales,sc,1,ltr,Digital Humanities,TRANSMOGRIFICATION,true
ડીજિટલ મનસ્કૃતિ,saz,1,ltr,Digital Humanities,TRANSMOGRIFICATION,true
kultur komputer,sas,1,ltr,Digital Humanities,STRUCTURAL_ABSENCE,true
bantu ya dijitali,lua,1,ltr,Digital Humanities,TRANSMOGRIFICATION,true
keteknologi digital,sas,1,ltr,Digital Humanities,STRUCTURAL_ABSENCE,true
ᱰᱤᱡᱤᱴᱟᱞ ᱦᱭᱩᱢᱮᱱᱤᱴᱤᱡᱽ,sat,1,ltr,Digital Humanities,STRUCTURAL_ABSENCE,true
ᱫᱤᱡᱤᱛᱟᱞ ᱦᱩᱢᱟᱱᱤᱛᱤ,sat,1,ltr,Digital Humanities,STRUCTURAL_ABSENCE,true
ᱰᱤᱡᱤᱴᱟᱞ ᱢᱟᱹᱱᱣᱟᱹ ᱥᱟᱬᱮᱥ,sat,1,ltr,Digital Humanities,STRUCTURAL_ABSENCE,true
ଡିଜିଟାଲ୍ ହ୍ୟୁମାନିଟିଜ୍,sat,1,ltr,Digital Humanities,STRUCTURAL_ABSENCE,true
ᱰᱤᱡᱤᱴᱟᱞ ᱢᱟᱱᱣᱟ ᱥᱟᱬᱮᱥ,sat,1,ltr,Digital Humanities,STRUCTURAL_ABSENCE,true
dharmat bhasa digital,sat,1,ltr,Digital Humanities,STRUCTURAL_ABSENCE,true
छोटा-बड़ा विज्ञान,sat,1,ltr,Digital Humanities,STRUCTURAL_ABSENCE,true
ଡିଜିଟାଲ୍ ହ୍ୟୁମାନିଟିସ୍,saz,1,ltr,Digital Humanities,TRANSMOGRIFICATION,true
ḍiṭijāl mānavītya,saz,1,ltr,Digital Humanities,TRANSMOGRIFICATION,true
દીજિટાલ મનવિયતા,saz,1,ltr,Digital Humanities,TRANSMOGRIFICATION,true
mbàngri nùmèrìk,sba,1,ltr,Digital Humanities,STRUCTURAL_ABSENCE,true
kujiunga wa maarifa na diguili,saq,1,ltr,Digital Humanities,STRUCTURAL_ABSENCE,true
dital humani,sba,1,ltr,Digital Humanities,STRUCTURAL_ABSENCE,true
kɔlɔ nɛ tɛ̰ kɛ̰rɛ̰ mɛ̰nɛ̰,sba,1,ltr,Digital Humanities,STRUCTURAL_ABSENCE,true
ŋgambay kɛyɔmɛtɛ,sba,1,ltr,Digital Humanities,STRUCTURAL_ABSENCE,true
gbere-ngbay-dii-ngu-dii,sba,1,ltr,Digital Humanities,STRUCTURAL_ABSENCE,true
ngambe djalugurru,sba,1,ltr,Digital Humanities,STRUCTURAL_ABSENCE,true
teknoloji digitale humanitas,sba,1,ltr,Digital Humanities,STRUCTURAL_ABSENCE,true
sayansi ya kidijitali ya vunhu,sbp,1,ltr,Digital Humanities,TRANSMOGRIFICATION,true
kigitala kyelezo,sbp,1,ltr,Digital Humanities,TRANSMOGRIFICATION,true
ubutumwa bwa digitali,sbp,1,ltr,Digital Humanities,TRANSMOGRIFICATION,true
kha'zhi tivu'khu,sbp,1,ltr,Digital Humanities,TRANSMOGRIFICATION,true
dʒɪˈdɪtəl ˈhjuːməniːtiːz,sbp,1,ltr,Digital Humanities,TRANSMOGRIFICATION,true
teknoloji ya bashara wa dunia digitali,sbp,1,ltr,Digital Humanities,TRANSMOGRIFICATION,true
umanidades digitales,sc,1,ltr,Digital Humanities,TRANSMOGRIFICATION,true
bhuwitan manusia,sas,1,ltr,Digital Humanities,STRUCTURAL_ABSENCE,true
eng'etokonu nchumuri,saq,1,ltr,Digital Humanities,STRUCTURAL_ABSENCE,true
dijitali humaani,sad,1,ltr,Digital Humanities,STRUCTURAL_ABSENCE,true
санаатын гуманитарнай үөрэхтэрэ,sah,1,ltr,Digital Humanities,TRANSMOGRIFICATION,true
dijitali mbinu za kihistoria,sad,1,ltr,Digital Humanities,STRUCTURAL_ABSENCE,true
kusanduka kwemanyanga,sad,1,ltr,Digital Humanities,STRUCTURAL_ABSENCE,true
mvulume digital,sad,1,ltr,Digital Humanities,STRUCTURAL_ABSENCE,true
husika ya dhigaitali ya bashara,sad,1,ltr,Digital Humanities,STRUCTURAL_ABSENCE,true
dijitali ninsaali baŋsim,saf,1,ltr,Digital Humanities,STRUCTURAL_ABSENCE,true
safaliba digitali/safaliba kikokotoo cha utamaduni,saf,1,ltr,Digital Humanities,STRUCTURAL_ABSENCE,true
nalika-nalika a'a,saf,1,ltr,Digital Humanities,STRUCTURAL_ABSENCE,true
dhātivādavidyā,saf,1,ltr,Digital Humanities,STRUCTURAL_ABSENCE,true
teknoloji ya insanit wa afya,saf,1,ltr,Digital Humanities,STRUCTURAL_ABSENCE,true
цифровой гуманитарнай наукалар,sah,1,ltr,Digital Humanities,TRANSMOGRIFICATION,true
саннык гуманитарнай наука,sah,1,ltr,Digital Humanities,TRANSMOGRIFICATION,true
санаарый гуманитар үөрэхтэр,sah,1,ltr,Digital Humanities,TRANSMOGRIFICATION,true
цифрoвoй гуманитарнай билии,sah,1,ltr,Digital Humanities,TRANSMOGRIFICATION,true
дьиккыр культура,sah,1,ltr,Digital Humanities,TRANSMOGRIFICATION,true
samburu: aitikiria ya digital,saq,1,ltr,Digital Humanities,STRUCTURAL_ABSENCE,true
дигитал гуманитарнайа,sah,1,ltr,Digital Humanities,TRANSMOGRIFICATION,true
диджиталысын көрсөтүлгөн умумиятуулук,sah,1,ltr,Digital Humanities,TRANSMOGRIFICATION,true
дигитал өлкөнүлүк,sah,1,ltr,Digital Humanities,TRANSMOGRIFICATION,true
𐤃𐤉𐤂𐤉𐤕𐤀𐤋 𐤇𐤌𐤍𐤉𐤌𐤉𐤌,sam,1,ltr,Digital Humanities,TRANSMOGRIFICATION,true
ܐܘܡܢܘܬܐ ܐܢܫܝܬܐ ܕܝܓܝܛܠܝܬܐ,sam,1,ltr,Digital Humanities,TRANSMOGRIFICATION,true
הומניא דיגיטליא,sam,1,ltr,Digital Humanities,TRANSMOGRIFICATION,true
ܐܢܫܘܬܐ ܕܝܓܝܛܠ,sam,1,ltr,Digital Humanities,TRANSMOGRIFICATION,true
ܡܟܬܒܐ ܕܠܘܚܢܐ ܕܫܪܝܥܐ,sam,1,ltr,Digital Humanities,TRANSMOGRIFICATION,true
ܕְהוܿܝܿܘܬ݂ ܩܿܛܿܪ݂ܣܿܝܿܢ,sam,1,ltr,Digital Humanities,TRANSMOGRIFICATION,true
מְצוּרָף חכמה בנים,sam,1,ltr,Digital Humanities,TRANSMOGRIFICATION,true
nkishoroto le digital,saq,1,ltr,Digital Humanities,STRUCTURAL_ABSENCE,true
ngerenoi e nkolong'u e lkewan,saq,1,ltr,Digital Humanities,STRUCTURAL_ABSENCE,true
lkishu oo nkishu naataa nkishu,saq,1,ltr,Digital Humanities,STRUCTURAL_ABSENCE,true
digitaliluoddon tieteet,smj,1,ltr,Digital Humanities,TRANSMOGRIFICATION,true
digitála humanistih,smn,1,ltr,Digital Humanities,TRANSMOGRIFICATION,true
digitaal humaniistlâš tiäđuh,smn,1,ltr,Digital Humanities,TRANSMOGRIFICATION,true
teknolohiya ng digital na tinuhan,tbw,1,ltr,Digital Humanities,STRUCTURAL_ABSENCE,true
цифрадин гуманитария,tab,1,ltr,Digital Humanities,TRANSMOGRIFICATION,true
цифровой гуманитарный илим,tab,1,ltr,Digital Humanities,TRANSMOGRIFICATION,true
дигиталлар хуманитарий,tab,1,ltr,Digital Humanities,TRANSMOGRIFICATION,true
цифро́й инсанвият,tab,1,ltr,Digital Humanities,TRANSMOGRIFICATION,true
диджиталы түштүк-маданиyat,tab,1,ltr,Digital Humanities,TRANSMOGRIFICATION,true
ماشینه دیجیتال علوم بشری,tab,1,ltr,Digital Humanities,TRANSMOGRIFICATION,true
dhagyalai gyanapariyog,taj,1,ltr,Digital Humanities,STRUCTURAL_ABSENCE,true
digitāl jhumtral,taj,1,ltr,Digital Humanities,STRUCTURAL_ABSENCE,true
digital na pag-adal sa katawhan,tbw,1,ltr,Digital Humanities,STRUCTURAL_ABSENCE,true
pag-aaral ng digital na tao,tbw,1,ltr,Digital Humanities,STRUCTURAL_ABSENCE,true
talikasan a kultura,tbw,1,ltr,Digital Humanities,STRUCTURAL_ABSENCE,true
pang-digital na kasaysayan at kultura,tbw,1,ltr,Digital Humanities,STRUCTURAL_ABSENCE,true
digiital huwantiyas,tbw,1,ltr,Digital Humanities,STRUCTURAL_ABSENCE,true
ಡಿಜಿಟಲ್ ಮಾನವಿಕತೆಲು,tcy,1,ltr,Digital Humanities,TRANSMOGRIFICATION,true
திசையன் மக்களாதிக்கலம்,ta,1,ltr,Digital Humanities,PRODUCTIVE_DISAGREEMENT,true
digitali humanitiyadi,tcy,1,ltr,Digital Humanities,TRANSMOGRIFICATION,true
ಡಿಜಿಟಲ್ ಮನಸ್ಸ್ಯಾಟಿಕ್ಸ್,tcy,1,ltr,Digital Humanities,TRANSMOGRIFICATION,true
ᥖᥭᥰᥘᥫᥴ ᥛᥫᥒᥰᥘᥫᥴ,tdd,1,ltr,Digital Humanities,STRUCTURAL_ABSENCE,true
ᥝᥤᥴᥖᥣᥲᥰ ᥘᥤᥒᥰ ᥖᥦᥒᥰᥘᥣᥢᥲ,tdd,1,ltr,Digital Humanities,STRUCTURAL_ABSENCE,true
วิชาการดิจิทัลมนุษยศาสตร์,tdd,1,ltr,Digital Humanities,STRUCTURAL_ABSENCE,true
ᥖᥣᥱ ᥘᥤᥐ ᥔᥣᥱ ᥛᥣᥰ ᥘᥣᥱ ᥑᥣᥛᥰ,tdd,1,ltr,Digital Humanities,STRUCTURAL_ABSENCE,true
nyoej hūa-khāi-khū-khāi,tdd,1,ltr,Digital Humanities,STRUCTURAL_ABSENCE,true
म्याग्री काला साहित्य,tdg,1,ltr,Digital Humanities,STRUCTURAL_ABSENCE,true
ḍigital manāwī,tdg,1,ltr,Digital Humanities,STRUCTURAL_ABSENCE,true
digitāl hūmaņaiti,tdg,1,ltr,Digital Humanities,STRUCTURAL_ABSENCE,true
dhigalai khabarikha,tdh,1,ltr,Digital Humanities,TRANSMOGRIFICATION,true
黢llu黢,tdh,1,ltr,Digital Humanities,TRANSMOGRIFICATION,true
khali-digitali adhunikata,tdh,1,ltr,Digital Humanities,TRANSMOGRIFICATION,true
ஜிடிடல் மனவியக்கு,ta,1,ltr,Digital Humanities,PRODUCTIVE_DISAGREEMENT,true
மின்னிவியல் மனிதநேயம்,ta,1,ltr,Digital Humanities,PRODUCTIVE_DISAGREEMENT,true
డిజిటల్ మానవిక శాస్త్రాలు,te,1,ltr,Digital Humanities,TRANSMOGRIFICATION,true
ডিজিটাল ম্যানসপ্রফেকশন,syl,1,ltr,Digital Humanities,TRANSMOGRIFICATION,true
tambu sipat tunggal,sxn,1,ltr,Digital Humanities,STRUCTURAL_ABSENCE,true
huminiora digital,sxn,1,ltr,Digital Humanities,STRUCTURAL_ABSENCE,true
talise'e digitale,sxn,1,ltr,Digital Humanities,STRUCTURAL_ABSENCE,true
tidak tersedia,sxn,1,ltr,Digital Humanities,STRUCTURAL_ABSENCE,true
ܐܢܬܪܣܘܬܐ ܕܝܓܝܛܠܝܬܐ,syc,1,ltr,Digital Humanities,STRUCTURAL_ABSENCE,true
ܠܘܚܢܐ ܕܡܟܬܒܐ ܕܫܪܝܥܐ,syc,1,ltr,Digital Humanities,STRUCTURAL_ABSENCE,true
ܗܘܼܝܕܰܐ ܣܝ̈ܡܝ̈ܢܰܐ,syc,1,ltr,Digital Humanities,STRUCTURAL_ABSENCE,true
kagami-no-hito-no-gakumon,syi,1,ltr,Digital Humanities,STRUCTURAL_ABSENCE,true
ŋumɛnɔmɛ,syi,1,ltr,Digital Humanities,STRUCTURAL_ABSENCE,true
ŋàà-dii-tɔɔ̀-màà,syi,1,ltr,Digital Humanities,STRUCTURAL_ABSENCE,true
seki-digitalisitikku humanitaria,syi,1,ltr,Digital Humanities,STRUCTURAL_ABSENCE,true
ꠒꠤꠎꠤꠐꠣꠟ ꠝꠣꠘꠛꠤꠇ꠆ꠇꠣ,syl,1,ltr,Digital Humanities,TRANSMOGRIFICATION,true
ডিজিটাল মানুয়াল্যাস্টি,syl,1,ltr,Digital Humanities,TRANSMOGRIFICATION,true
ܐܢܬܪܣܘܦܝܐ ܕܝܓܝܛܠܝܐ,syr,1,rtl,Digital Humanities,TRANSMOGRIFICATION,true
எண்ணிம மாந்தவியல்,ta,1,ltr,Digital Humanities,PRODUCTIVE_DISAGREEMENT,true
ܡܕ̈ܥܐ ܪ̈ܩܡܝܐ ܕܐܢܫܘܬܐ,syr,1,rtl,Digital Humanities,TRANSMOGRIFICATION,true
ܠܘܚܢܐ ܕܡܟܬܒܐ ܕܫܪܝܗ,syr,1,rtl,Digital Humanities,TRANSMOGRIFICATION,true
ܗܘܿܢܰܪܐ ܩܰܕܡܝܼܝܬܵܐ ܕܡܰܦܘܼܬܵܐ,syr,1,rtl,Digital Humanities,TRANSMOGRIFICATION,true
新浪财经,syr,1,rtl,Digital Humanities,TRANSMOGRIFICATION,true
ܕܝܫܘܩܝܐ ܕܠܚܝܬܐ,syr,1,rtl,Digital Humanities,TRANSMOGRIFICATION,true
cyfrowe nauki humanistyczne,szl,1,ltr,Digital Humanities,TRANSMOGRIFICATION,true
digitalne humanistyki,szl,1,ltr,Digital Humanities,TRANSMOGRIFICATION,true
cyfrowa humanistyka,szl,1,ltr,Digital Humanities,TRANSMOGRIFICATION,true
dygtalne humanyjistyka,szl,1,ltr,Digital Humanities,TRANSMOGRIFICATION,true
எண்ணிம மனிதவியல்,ta,1,ltr,Digital Humanities,PRODUCTIVE_DISAGREEMENT,true
டிஜிட்டல் மானுடவியல்,ta,1,ltr,Digital Humanities,PRODUCTIVE_DISAGREEMENT,true
டிஜிட்டல் மனிதநேயம்,ta,1,ltr,Digital Humanities,PRODUCTIVE_DISAGREEMENT,true
மின்னணு மனிதவியல்,ta,1,ltr,Digital Humanities,PRODUCTIVE_DISAGREEMENT,true
డిజిటల్ హ్యుమానిటీస్,te,1,ltr,Digital Humanities,TRANSMOGRIFICATION,true
డిజిటల్ మానవీయ శాస్త్రాలు,te,1,ltr,Digital Humanities,TRANSMOGRIFICATION,true
ડિજિટલ મુદ્રાશસ્ત્ર,swv,1,ltr,Digital Humanities,STRUCTURAL_ABSENCE,true
ዲጂታል ሰብኣዊ ምሁራን,tig,1,ltr,Digital Humanities,TRANSMOGRIFICATION,true
घरेलू विज्ञान,thq,1,ltr,Digital Humanities,TRANSMOGRIFICATION,true
dhāyālīk sāhitya,thr,1,ltr,Digital Humanities,TRANSMOGRIFICATION,true
ዲጂታል ሰብኣዊ ስነፍልጠት,ti,1,ltr,Digital Humanities,STRUCTURAL_ABSENCE,true
ሰብኣዊ ባህርያት,ti,1,ltr,Digital Humanities,STRUCTURAL_ABSENCE,true
ዲጂታል ሰብኣዊ ሳይንስ,ti,1,ltr,Digital Humanities,STRUCTURAL_ABSENCE,true
ዲጂታላዊ ሰብኣዊ ጥንቃቐታት,ti,1,ltr,Digital Humanities,STRUCTURAL_ABSENCE,true
ዲጂታላዊ ሰብኣውነት,ti,1,ltr,Digital Humanities,STRUCTURAL_ABSENCE,true
ዲጂታል ሰብኣዊ ስነ-ፍልጠት,ti,1,ltr,Digital Humanities,STRUCTURAL_ABSENCE,true
ድህነት ግንቦት,ti,1,ltr,Digital Humanities,STRUCTURAL_ABSENCE,true
ሃሳብ ጽባሕ ዲጂታል,ti,1,ltr,Digital Humanities,STRUCTURAL_ABSENCE,true
መዝግ መረሲክ,ti,1,ltr,Digital Humanities,STRUCTURAL_ABSENCE,true
ልዕሊ ሰብኣዊ ስነ ስርዓት,tig,1,ltr,Digital Humanities,TRANSMOGRIFICATION,true
ዲጂታል ሰብኣውነት,tig,1,ltr,Digital Humanities,TRANSMOGRIFICATION,true
ስዕተ አጥፊነት,tig,1,ltr,Digital Humanities,TRANSMOGRIFICATION,true
dhimmāyik bhāshākosh,thl,1,ltr,Digital Humanities,TRANSMOGRIFICATION,true
ocrin ḥamāl,tig,1,ltr,Digital Humanities,TRANSMOGRIFICATION,true
መዝግበሪ ኤኮሊክሲያል,tig,1,ltr,Digital Humanities,TRANSMOGRIFICATION,true
uumace mba sha ahumbe,tiv,1,ltr,Digital Humanities,STRUCTURAL_ABSENCE,true
akaa a uumace ve eren yô,tiv,1,ltr,Digital Humanities,STRUCTURAL_ABSENCE,true
mbakombo u ityôkômbul,tiv,1,ltr,Digital Humanities,STRUCTURAL_ABSENCE,true
ikyegh u dijital,tiv,1,ltr,Digital Humanities,STRUCTURAL_ABSENCE,true
inyaregh ki digital man,tiv,1,ltr,Digital Humanities,STRUCTURAL_ABSENCE,true
ityom-ityom a iyange,tiv,1,ltr,Digital Humanities,STRUCTURAL_ABSENCE,true
mmɛn kpaŋkpaa,tiv,1,ltr,Digital Humanities,STRUCTURAL_ABSENCE,true
i gbagwa ŋwegh di ŋkpaan-i gbaam,tiv,1,ltr,Digital Humanities,STRUCTURAL_ABSENCE,true
idanu yanjirin soniyan,tiv,1,ltr,Digital Humanities,STRUCTURAL_ABSENCE,true
sanly ynsanperwerlik,tk,1,ltr,Digital Humanities,STRUCTURAL_ABSENCE,true
sanly gumanitar ylymlar,tk,1,ltr,Digital Humanities,STRUCTURAL_ABSENCE,true
dhigalaiya manusya vigyana,thq,1,ltr,Digital Humanities,TRANSMOGRIFICATION,true
dijidital hjuwanitixi,tgx,1,ltr,Digital Humanities,STRUCTURAL_ABSENCE,true
డిజిటల్ మానవ శాస్త్రం,te,1,ltr,Digital Humanities,TRANSMOGRIFICATION,true
humanidades dijitál,tet,1,ltr,Digital Humanities,STRUCTURAL_ABSENCE,true
డిజిటల్ హెమ్నైటీక్స్,te,1,ltr,Digital Humanities,TRANSMOGRIFICATION,true
dijital hümanitiler,tem,1,ltr,Digital Humanities,STRUCTURAL_ABSENCE,true
ⵜⴰⴷⴷⵉⵔⵜ ⵏ ⵓⵃⵓⵎⴰⵏⵉⵜ,tem,1,ltr,Digital Humanities,STRUCTURAL_ABSENCE,true
ekitabo ky'ikisomo ky'ikisomo,teo,1,ltr,Digital Humanities,TRANSMOGRIFICATION,true
ejokanut ka itunganan ka kompyuta,teo,1,ltr,Digital Humanities,TRANSMOGRIFICATION,true
ekomolimo l'ainerikoni,teo,1,ltr,Digital Humanities,TRANSMOGRIFICATION,true
aijukineta a ikasubwa a ikomom,teo,1,ltr,Digital Humanities,TRANSMOGRIFICATION,true
omweso ogumu,teo,1,ltr,Digital Humanities,TRANSMOGRIFICATION,true
enyimuke enyimuke,teo,1,ltr,Digital Humanities,TRANSMOGRIFICATION,true
kutaki kifumi digitali,teo,1,ltr,Digital Humanities,TRANSMOGRIFICATION,true
okur-ekitabo ya kisasi,teo,1,ltr,Digital Humanities,TRANSMOGRIFICATION,true
tjita teku,ter,1,ltr,Digital Humanities,STRUCTURAL_ABSENCE,true
umanidade dijitál,tet,1,ltr,Digital Humanities,STRUCTURAL_ABSENCE,true
humanidade digitál,tet,1,ltr,Digital Humanities,STRUCTURAL_ABSENCE,true
dèk'ù gùnàx'ù,tgx,1,ltr,Digital Humanities,STRUCTURAL_ABSENCE,true
humanidades diġital,tet,1,ltr,Digital Humanities,STRUCTURAL_ABSENCE,true
humanitáis digitál,tet,1,ltr,Digital Humanities,STRUCTURAL_ABSENCE,true
гуманитаризми рақамӣ,tg,1,ltr,Digital Humanities,TRANSMOGRIFICATION,true
гуманитарии рақамӣ,tg,1,ltr,Digital Humanities,TRANSMOGRIFICATION,true
гуманитарияи рақамӣ,tg,1,ltr,Digital Humanities,TRANSMOGRIFICATION,true
рақамии гуманитарӣ,tg,1,ltr,Digital Humanities,TRANSMOGRIFICATION,true
технологияҳои адабӣ,tg,1,ltr,Digital Humanities,TRANSMOGRIFICATION,true
раqамӣ инсоншуносӣ,tg,1,ltr,Digital Humanities,TRANSMOGRIFICATION,true
дигиталӣ муҳимматаҳо,tg,1,ltr,Digital Humanities,TRANSMOGRIFICATION,true
худфармани товархона,tg,1,ltr,Digital Humanities,TRANSMOGRIFICATION,true
nàtsʼàw hùyàtʼì,tgx,1,ltr,Digital Humanities,STRUCTURAL_ABSENCE,true
kʼáa kʼe kʼáa kʼe kʼáa kʼe,tgx,1,ltr,Digital Humanities,STRUCTURAL_ABSENCE,true
ch'iidaa k'aahgwaan,tgx,1,ltr,Digital Humanities,STRUCTURAL_ABSENCE,true
pahawuan digital,sxn,1,ltr,Digital Humanities,STRUCTURAL_ABSENCE,true
dëggitali mänschawissenskapt,swg,1,ltr,Digital Humanities,TRANSMOGRIFICATION,true
digitálâš humaniteetâ,smn,1,ltr,Digital Humanities,TRANSMOGRIFICATION,true
xam-xam diital ak nit,srr,1,ltr,Digital Humanities,STRUCTURAL_ABSENCE,true
shkenca humane dixhitale,sq,1,ltr,Digital Humanities,TRANSMOGRIFICATION,true
shkencat humane digjitale,sq,1,ltr,Digital Humanities,TRANSMOGRIFICATION,true
humanitete dixhitale,sq,1,ltr,Digital Humanities,TRANSMOGRIFICATION,true
dijitala njerëzoritë,sq,1,ltr,Digital Humanities,TRANSMOGRIFICATION,true
humanitët digjital,sq,1,ltr,Digital Humanities,TRANSMOGRIFICATION,true
дигиталне хуманистичке,sr,1,ltr,Digital Humanities,PRODUCTIVE_DISAGREEMENT,true
digitalne umjetnosti,sr,1,ltr,Digital Humanities,PRODUCTIVE_DISAGREEMENT,true
dijitow leri,srn,1,ltr,Digital Humanities,STRUCTURAL_ABSENCE,true
digitali sabi fu meti,srn,1,ltr,Digital Humanities,STRUCTURAL_ABSENCE,true
dijitali fasi fu sabi,srn,1,ltr,Digital Humanities,STRUCTURAL_ABSENCE,true
digidal humaniti,srn,1,ltr,Digital Humanities,STRUCTURAL_ABSENCE,true
digitaal menslikheid,srn,1,ltr,Digital Humanities,STRUCTURAL_ABSENCE,true
saayeen yu njiit,srr,1,ltr,Digital Humanities,STRUCTURAL_ABSENCE,true
xam-xam bu dijitaal bi,srr,1,ltr,Digital Humanities,STRUCTURAL_ABSENCE,true
ดิจิทัล ฮูมันนีตส์,sou,1,ltr,Digital Humanities,TRANSMOGRIFICATION,true
ngalganeenamoo,srr,1,ltr,Digital Humanities,STRUCTURAL_ABSENCE,true
jant biiñ tekk,srr,1,ltr,Digital Humanities,STRUCTURAL_ABSENCE,true
xam-duniyaa,srr,1,ltr,Digital Humanities,STRUCTURAL_ABSENCE,true
ਡੀਜੀਟਲ ਮਾਨਵਿਕਤਾ,srx,1,ltr,Digital Humanities,STRUCTURAL_ABSENCE,true
ḍigital manav-śāstra,srx,1,ltr,Digital Humanities,STRUCTURAL_ABSENCE,true
औटोमेटिक मानव विज्ञान,srx,1,ltr,Digital Humanities,STRUCTURAL_ABSENCE,true
tifundvo tebantfu tedijithali,ss,1,ltr,Digital Humanities,TRANSMOGRIFICATION,true
imibono lemayelana nendzawo tabantfu,ss,1,ltr,Digital Humanities,TRANSMOGRIFICATION,true
ubuntfu bedijithali,ss,1,ltr,Digital Humanities,TRANSMOGRIFICATION,true
tibalo tetidijithali,ss,1,ltr,Digital Humanities,TRANSMOGRIFICATION,true
buntfu betfu bedijithali,ss,1,ltr,Digital Humanities,TRANSMOGRIFICATION,true
emasiko e-digital,ss,1,ltr,Digital Humanities,TRANSMOGRIFICATION,true
ibhodi zokudigital,ss,1,ltr,Digital Humanities,TRANSMOGRIFICATION,true
humanitetet dixhitale,sq,1,ltr,Digital Humanities,TRANSMOGRIFICATION,true
khwam khwamsuk khrang thi,sou,1,ltr,Digital Humanities,TRANSMOGRIFICATION,true
ዲጂታል ሕማማት,ssy,1,ltr,Digital Humanities,STRUCTURAL_ABSENCE,true
vanhu vanogutsikana,sn,1,ltr,Digital Humanities,STRUCTURAL_ABSENCE,true
digitálâš olmooštiätu,smn,1,ltr,Digital Humanities,TRANSMOGRIFICATION,true
digitale duodanis,smn,1,ltr,Digital Humanities,TRANSMOGRIFICATION,true
duodahusat bahasa digitale,smn,1,ltr,Digital Humanities,TRANSMOGRIFICATION,true
ꮧꮝꮖꮒꮝꮧ ꭰᏸꮅꮝꭹ,smp,1,ltr,Digital Humanities,TRANSMOGRIFICATION,true
הומאנויות דיגיטליות,smp,1,ltr,Digital Humanities,TRANSMOGRIFICATION,true
dijital umaniti,smp,1,ltr,Digital Humanities,TRANSMOGRIFICATION,true
numera humanaĵoj,smp,1,ltr,Digital Humanities,TRANSMOGRIFICATION,true
digihtalaš humaanus,sms,1,ltr,Digital Humanities,TRANSMOGRIFICATION,true
digitaallaž mättʼtieʹtted,sms,1,ltr,Digital Humanities,TRANSMOGRIFICATION,true
digitálʼlâš humaniteet,sms,1,ltr,Digital Humanities,TRANSMOGRIFICATION,true
digitáál humanitaar,sms,1,ltr,Digital Humanities,TRANSMOGRIFICATION,true
digitale huolimiologia,sms,1,ltr,Digital Humanities,TRANSMOGRIFICATION,true
hunhu hwedigital,sn,1,ltr,Digital Humanities,STRUCTURAL_ABSENCE,true
dzidzo yedhijitari yevanhu,sn,1,ltr,Digital Humanities,STRUCTURAL_ABSENCE,true
dijitigal yulubuwansi,snk,1,ltr,Digital Humanities,STRUCTURAL_ABSENCE,true
zvemagetsi zvedzidzo dzevanhu,sn,1,ltr,Digital Humanities,STRUCTURAL_ABSENCE,true
unyanzvi hwevanhu hwedigita,sn,1,ltr,Digital Humanities,STRUCTURAL_ABSENCE,true
dhidhijitari hunhu,sn,1,ltr,Digital Humanities,STRUCTURAL_ABSENCE,true
tinotaurwa ne mhando dzvimbo,sn,1,ltr,Digital Humanities,STRUCTURAL_ABSENCE,true
hunhu hemitero,sn,1,ltr,Digital Humanities,STRUCTURAL_ABSENCE,true
umunhu-ndiwe digitale,sn,1,ltr,Digital Humanities,STRUCTURAL_ABSENCE,true
i cannot provide a translation,snf,1,ltr,Digital Humanities,STRUCTURAL_ABSENCE,true
nyaamɗe dijital,snf,1,ltr,Digital Humanities,STRUCTURAL_ABSENCE,true
digidal humenitis,snf,1,ltr,Digital Humanities,STRUCTURAL_ABSENCE,true
kaŋen haalanxanne,snk,1,ltr,Digital Humanities,STRUCTURAL_ABSENCE,true
aɲaŋaŋ kɛrɛnɛn,snk,1,ltr,Digital Humanities,STRUCTURAL_ABSENCE,true
teregu jigina,snk,1,ltr,Digital Humanities,STRUCTURAL_ABSENCE,true
diggalɗal ŋaawɗuɗu,snk,1,ltr,Digital Humanities,STRUCTURAL_ABSENCE,true
imihlabelelo yeendlovini zemfashini,ss,1,ltr,Digital Humanities,TRANSMOGRIFICATION,true
dijital insaaniyya,ssy,1,ltr,Digital Humanities,STRUCTURAL_ABSENCE,true
digitali menschlichkeitsforsching,swg,1,ltr,Digital Humanities,TRANSMOGRIFICATION,true
binadamu dijiti,sw,1,ltr,Digital Humanities,TRANSMOGRIFICATION,true
𒁹𒉺𒀀𒀭𒈾𒀀𒀭𒈾𒀀𒀭𒈾,sux,1,ltr,Digital Humanities,TRANSMOGRIFICATION,true
nam-lú-ulu₃ ḫa-za-ar,sux,1,ltr,Digital Humanities,TRANSMOGRIFICATION,true
dub-sar-ra-an-na-ki-a,sux,1,ltr,Digital Humanities,TRANSMOGRIFICATION,true
dub-sar-ĝeš-šu-ak,sux,1,ltr,Digital Humanities,TRANSMOGRIFICATION,true
šum-ma-di-ku₆-gal,sux,1,ltr,Digital Humanities,TRANSMOGRIFICATION,true
ĝiš-ĝiš-sag₂-ga₂-zu,sux,1,ltr,Digital Humanities,TRANSMOGRIFICATION,true
𒈹𒉣𒂵𒆠𒅕𒇻,sux,1,ltr,Digital Humanities,TRANSMOGRIFICATION,true
dhagāyākā bhāvishyā,suz,1,ltr,Digital Humanities,TRANSMOGRIFICATION,true
džigitalū humanitarė,suz,1,ltr,Digital Humanities,TRANSMOGRIFICATION,true
digitiko janaj jnanma,suz,1,ltr,Digital Humanities,TRANSMOGRIFICATION,true
komputerik humaniyatik,suz,1,ltr,Digital Humanities,TRANSMOGRIFICATION,true
binadamu dijitali,sw,1,ltr,Digital Humanities,TRANSMOGRIFICATION,true
viasili vya kielektroni,sw,1,ltr,Digital Humanities,TRANSMOGRIFICATION,true
sayansi za kidijitali za kibinadamu,sw,1,ltr,Digital Humanities,TRANSMOGRIFICATION,true
ŋɔɔm-kpaa-tɔɔŋ,sus,1,ltr,Digital Humanities,STRUCTURAL_ABSENCE,true
ubinadamu dijitali,sw,1,ltr,Digital Humanities,TRANSMOGRIFICATION,true
uhandisi wa kielektroniki,sw,1,ltr,Digital Humanities,TRANSMOGRIFICATION,true
ustaarabu wa dijitali,sw,1,ltr,Digital Humanities,TRANSMOGRIFICATION,true
ufanisi wa jamii digitali,sw,1,ltr,Digital Humanities,TRANSMOGRIFICATION,true
husika wa maoni na umani,sw,1,ltr,Digital Humanities,TRANSMOGRIFICATION,true
sayansi za kidijitali,swb,1,rtl,Digital Humanities,TRANSMOGRIFICATION,true
humanité ya dijital,swb,1,rtl,Digital Humanities,TRANSMOGRIFICATION,true
sayansi ya binadamu ya dijitali,swb,1,rtl,Digital Humanities,TRANSMOGRIFICATION,true
sanaa za kielektroniki,swb,1,rtl,Digital Humanities,TRANSMOGRIFICATION,true
muanjinidro mifanampiana ny fihavanana,swb,1,rtl,Digital Humanities,TRANSMOGRIFICATION,true
digitale geisteswissenschafta,swg,1,ltr,Digital Humanities,TRANSMOGRIFICATION,true
digidale humaniora,swg,1,ltr,Digital Humanities,TRANSMOGRIFICATION,true
digitale geischteswisseschafte,swg,1,ltr,Digital Humanities,TRANSMOGRIFICATION,true
komputasija ningi kanko,sus,1,ltr,Digital Humanities,STRUCTURAL_ABSENCE,true
tɔmɔnɛ tɔrɔ,sus,1,ltr,Digital Humanities,STRUCTURAL_ABSENCE,true
dijitaal insaaniyya,ssy,1,ltr,Digital Humanities,STRUCTURAL_ABSENCE,true
dytsjeallemoanske skriuwkeunst,stq,1,ltr,Digital Humanities,TRANSMOGRIFICATION,true
ድግጣህ አካዳሚ,ssy,1,ltr,Digital Humanities,STRUCTURAL_ABSENCE,true
dìgìtàl ìnùmanítì,ssy,1,ltr,Digital Humanities,STRUCTURAL_ABSENCE,true
dijital xumanistik,ssy,1,ltr,Digital Humanities,STRUCTURAL_ABSENCE,true
digaalada markaanadda,ssy,1,ltr,Digital Humanities,STRUCTURAL_ABSENCE,true
botho ba dijithale,st,1,ltr,Digital Humanities,STRUCTURAL_ABSENCE,true
lik'hemik'hale tseo batho ba li hlokang,st,1,ltr,Digital Humanities,STRUCTURAL_ABSENCE,true
ditheknoloji tsa botho,st,1,ltr,Digital Humanities,STRUCTURAL_ABSENCE,true
bokgoni ba botho ba dijithale,st,1,ltr,Digital Humanities,STRUCTURAL_ABSENCE,true
mabola ea dijithale,st,1,ltr,Digital Humanities,STRUCTURAL_ABSENCE,true
motsoaledi ya ditsonga,st,1,ltr,Digital Humanities,STRUCTURAL_ABSENCE,true
digitoale gäistesweetenskuppen,stq,1,ltr,Digital Humanities,TRANSMOGRIFICATION,true
digitoale humaniora,stq,1,ltr,Digital Humanities,TRANSMOGRIFICATION,true
digitale humanistieke,stq,1,ltr,Digital Humanities,TRANSMOGRIFICATION,true
digitaal minskweskunde,stq,1,ltr,Digital Humanities,TRANSMOGRIFICATION,true
dijitali adamuɲɛ,sus,1,ltr,Digital Humanities,STRUCTURAL_ABSENCE,true
digitale jantlegjengen,stq,1,ltr,Digital Humanities,TRANSMOGRIFICATION,true
stu-t'u-man-t'u,stu,1,ltr,Digital Humanities,STRUCTURAL_ABSENCE,true
ta'ikai vatai,stu,1,ltr,Digital Humanities,STRUCTURAL_ABSENCE,true
សាស្រ្តជំនុំដែលមានទឹកជ្រូក,stu,1,ltr,Digital Humanities,STRUCTURAL_ABSENCE,true
sabit adat,stu,1,ltr,Digital Humanities,STRUCTURAL_ABSENCE,true
élmu kamanusaan digital,su,1,ltr,Digital Humanities,STRUCTURAL_ABSENCE,true
jenengan elektronik,su,1,ltr,Digital Humanities,STRUCTURAL_ABSENCE,true
buhumaniti bwa kidijitali,suk,1,ltr,Digital Humanities,STRUCTURAL_ABSENCE,true
ubumanyi bwa kidijitali,suk,1,ltr,Digital Humanities,STRUCTURAL_ABSENCE,true
ujifunza wa teknolojia ya dijitali,suk,1,ltr,Digital Humanities,STRUCTURAL_ABSENCE,true
kifungu kilimo digitali,suk,1,ltr,Digital Humanities,STRUCTURAL_ABSENCE,true
umwana wa digitale,suk,1,ltr,Digital Humanities,STRUCTURAL_ABSENCE,true
karamɔgɔya nɔmɛriki,sus,1,ltr,Digital Humanities,STRUCTURAL_ABSENCE,true
malu a bantu a dijitale,lua,1,ltr,Digital Humanities,TRANSMOGRIFICATION,true
eby'omutimbagano eby'obuwangwa,lg,1,ltr,Digital Humanities,STRUCTURAL_ABSENCE,true
bitupa bia mubidi wa bantu,lua,1,ltr,Digital Humanities,TRANSMOGRIFICATION,true
humantitey sifika,crs,1,ltr,Digital Humanities,TRANSMOGRIFICATION,true
ᐦᐃᐦᑖᐏᐣ ᐦᐃᐦᑖᐏᐣ,crm,1,ltr,Digital Humanities,TRANSMOGRIFICATION,true
ᐅᑎᐦᐃᑲᓂᐢᑭᐣ ᐃᓯᐦᑖᑭᓯᐧᐃᓐ,crm,1,ltr,Digital Humanities,TRANSMOGRIFICATION,true
mashkikwadigamowin,crm,1,ltr,Digital Humanities,TRANSMOGRIFICATION,true
gidizhiwewin gizhawenimin,crm,1,ltr,Digital Humanities,TRANSMOGRIFICATION,true
niskawewikamikw atimowinakon,crm,1,ltr,Digital Humanities,TRANSMOGRIFICATION,true
numernačke humanitete,crn,1,ltr,Digital Humanities,TRANSMOGRIFICATION,true
fer sir ki zot maryaz i ganny fer,crs,1,ltr,Digital Humanities,TRANSMOGRIFICATION,true
imin dital,crs,1,ltr,Digital Humanities,TRANSMOGRIFICATION,true
limanite nimerik,crs,1,ltr,Digital Humanities,TRANSMOGRIFICATION,true
limannite numerik,crs,1,ltr,Digital Humanities,TRANSMOGRIFICATION,true
lizimante imen nimerik,crs,1,ltr,Digital Humanities,TRANSMOGRIFICATION,true
limaginasyon pou langaj,crs,1,ltr,Digital Humanities,TRANSMOGRIFICATION,true
letanm digitèl pou zistwar e kiltir,crs,1,ltr,Digital Humanities,TRANSMOGRIFICATION,true
informatik nan litiatur,crs,1,ltr,Digital Humanities,TRANSMOGRIFICATION,true
ᓀᐦᒋᑲᓂᕿᐊᐱᐃᐧᐃᐣ,csw,1,ltr,Digital Humanities,TRANSMOGRIFICATION,true
digitální humanitní vědy,cs,1,ltr,Digital Humanities,PRODUCTIVE_DISAGREEMENT,true
digitální humanity,cs,1,ltr,Digital Humanities,PRODUCTIVE_DISAGREEMENT,true
digitální umění kultury,cs,1,ltr,Digital Humanities,PRODUCTIVE_DISAGREEMENT,true
cyfrowé humanistëka,csb,1,ltr,Digital Humanities,TRANSMOGRIFICATION,true
cyfrowi humanistika,csb,1,ltr,Digital Humanities,TRANSMOGRIFICATION,true
cyfrowô humanistika,csb,1,ltr,Digital Humanities,TRANSMOGRIFICATION,true
digitôlné lëdzczé nôùczi,csb,1,ltr,Digital Humanities,TRANSMOGRIFICATION,true
humanistyka digitalna,csb,1,ltr,Digital Humanities,TRANSMOGRIFICATION,true
digitalné humanitné,csb,1,ltr,Digital Humanities,TRANSMOGRIFICATION,true
digitalnaja humanistyka,csb,1,ltr,Digital Humanities,TRANSMOGRIFICATION,true
dygitálne humanistyka,csb,1,ltr,Digital Humanities,TRANSMOGRIFICATION,true
ᑲᐦᑭᔭᐤ ᐃᓂᑯᐦᑖᐣ,csw,1,ltr,Digital Humanities,TRANSMOGRIFICATION,true
ᒪᒪᐤ ᐊᔨᒧᐎᓐ ᑭᔅᑭᓄᐊᒪᑫᐎᓐ,csw,1,ltr,Digital Humanities,TRANSMOGRIFICATION,true
ᑎᒋᑕᓪ ᐊᔨᒧᐎᓐ ᑭᔅᑫᓕᑕᒧᐎᓐ,crm,1,ltr,Digital Humanities,TRANSMOGRIFICATION,true
ᑲᓇᑕᐠ ᐃᔨᔨᐤᐦᑖᐃᐧᐣ,crm,1,ltr,Digital Humanities,TRANSMOGRIFICATION,true
kiskinowak miyomahk,crl,1,ltr,Digital Humanities,TRANSMOGRIFICATION,true
mistiskwewitâskwašinu,crl,1,ltr,Digital Humanities,TRANSMOGRIFICATION,true
diyetik mihnohtowin,crg,1,ltr,Digital Humanities,STRUCTURAL_ABSENCE,true
ракъамлы гуманитар фенлер,crh,1,ltr,Digital Humanities,TRANSMOGRIFICATION,true
dijital gumanitar bilimler,crh,1,ltr,Digital Humanities,TRANSMOGRIFICATION,true
raqamlı insaniyat,crh,1,ltr,Digital Humanities,TRANSMOGRIFICATION,true
sayısal beşeriyat,crh,1,ltr,Digital Humanities,TRANSMOGRIFICATION,true
raqamlı beşeriy ilimler,crh,1,ltr,Digital Humanities,TRANSMOGRIFICATION,true
raqamlı insaniterlik,crh,1,ltr,Digital Humanities,TRANSMOGRIFICATION,true
dijital dilalich,crh,1,ltr,Digital Humanities,TRANSMOGRIFICATION,true
ᑎᒥᔅᑭᓂᐦᐃᑲᓂᐦᐄᑭᓂᒃ ᐊᔨᒧᐎᓐ,crj,1,ltr,Digital Humanities,TRANSMOGRIFICATION,true
ᑎᒋᑕᓪ ᐊᔨᒧᐎᓐ,crj,1,ltr,Digital Humanities,TRANSMOGRIFICATION,true
ᑎᑎᐸᔨᐦᐄᑭᓂᑲᓐ ᐃᔨᔨᐤ ᐊᔨᒥᐦᐄᑭᓂᑲᓐ,crj,1,ltr,Digital Humanities,TRANSMOGRIFICATION,true
kīwīnawak pimâtisiwin,crj,1,ltr,Digital Humanities,TRANSMOGRIFICATION,true
mâci-nîhci-akwê-nîhci-wânikâw,crj,1,ltr,Digital Humanities,TRANSMOGRIFICATION,true
tsidäkwa tsmuunistawewitikanik,crj,1,ltr,Digital Humanities,TRANSMOGRIFICATION,true
iskutiniyiw-ininiw-akimowin,crj,1,ltr,Digital Humanities,TRANSMOGRIFICATION,true
ᑲᐦᑭᐦᑖᐃᐧᐣ ᐊᐢᑭᓈᐦᐃᑲᐣ,crk,1,ltr,Digital Humanities,TRANSMOGRIFICATION,true
ᒪᒪᐗᐃ ᐱᑯᐢᑭᐃᐧᐣ ᑭᐢᑭᓄᐊᒪᑫᐃᐧᐣ,crk,1,ltr,Digital Humanities,TRANSMOGRIFICATION,true
ᑭᐢᑫᓯᐣ ᐊᐢᑭᐩ ᐅᑭᒫᐏᐣ,crk,1,ltr,Digital Humanities,TRANSMOGRIFICATION,true
nēhiyawak pimatisiwin nāpewin,crk,1,ltr,Digital Humanities,TRANSMOGRIFICATION,true
mātisi-akwēk,crk,1,ltr,Digital Humanities,TRANSMOGRIFICATION,true
mistêciksiyaniyiniwak,crk,1,ltr,Digital Humanities,TRANSMOGRIFICATION,true
kisiskāciwaw iyiniw oma istowikamik,crk,1,ltr,Digital Humanities,TRANSMOGRIFICATION,true
ᑎᒥᓯᓂᒃ ᐃᓕᓐᓂᐗᐱᒻ,crl,1,ltr,Digital Humanities,TRANSMOGRIFICATION,true
ᑎᔨᑕᓪ ᐊᔨᒧᐎᓐ,crl,1,ltr,Digital Humanities,TRANSMOGRIFICATION,true
ᑎᑎᐸᔨᐦᐄᑭᓐ ᐃᔨᔨᐤ ᐊᔨᒥᐦᐄᑭᓐ,crl,1,ltr,Digital Humanities,TRANSMOGRIFICATION,true
kakivisitcimowin itewiniw,crl,1,ltr,Digital Humanities,TRANSMOGRIFICATION,true
mâci-nîhciwâcihk,crl,1,ltr,Digital Humanities,TRANSMOGRIFICATION,true
ᑭᐢᑫᔭᐦᑕᒧᐏᓇ ᐅᑭᒫᐏᐣ,csw,1,ltr,Digital Humanities,TRANSMOGRIFICATION,true
waabishkamik-nîhîm-akwew,csw,1,ltr,Digital Humanities,TRANSMOGRIFICATION,true
ciɛl yïkë thɛɛr,din,1,ltr,Digital Humanities,STRUCTURAL_ABSENCE,true
ḍiṭijāl mānavaśāstra,dcc,1,rtl,Digital Humanities,TRANSMOGRIFICATION,true
mako oceti wacipi oyate,dak,1,ltr,Digital Humanities,STRUCTURAL_ABSENCE,true
oyúȟa wašíčala čhaŋté,dak,1,ltr,Digital Humanities,STRUCTURAL_ABSENCE,true
wa<article>ni wa<mniyapi wáhantowapi,dak,1,ltr,Digital Humanities,STRUCTURAL_ABSENCE,true
wičháša wakhótiyapi oyate,dak,1,ltr,Digital Humanities,STRUCTURAL_ABSENCE,true
цифрала гуманитарла илмуби,dar,1,ltr,Digital Humanities,TRANSMOGRIFICATION,true
циферу дихъа-хъишэу,dar,1,ltr,Digital Humanities,TRANSMOGRIFICATION,true
даргвальдзийн цифрийн урсгал,dar,1,ltr,Digital Humanities,TRANSMOGRIFICATION,true
ديجيتال انسانيات,dar,1,ltr,Digital Humanities,TRANSMOGRIFICATION,true
ughanga wa dijiti,dav,1,ltr,Digital Humanities,STRUCTURAL_ABSENCE,true
hivutsi ya ng'omano,dav,1,ltr,Digital Humanities,STRUCTURAL_ABSENCE,true
kihifadhiyaji digitali,dav,1,ltr,Digital Humanities,STRUCTURAL_ABSENCE,true
diguili maendeleo wa watu,dav,1,ltr,Digital Humanities,STRUCTURAL_ABSENCE,true
ದಿಜಿಟಲ್ ಮಾನವಶಾಸ್ತ್ರ,dcc,1,rtl,Digital Humanities,TRANSMOGRIFICATION,true
digitala vishwabudhyayan,dcc,1,rtl,Digital Humanities,TRANSMOGRIFICATION,true
miskwewak kiskinowiniwin,csw,1,ltr,Digital Humanities,TRANSMOGRIFICATION,true
ಪ್ರಾಚಿನ ಮನವಾದವಾದ,dcc,1,rtl,Digital Humanities,TRANSMOGRIFICATION,true
digitale philologie,de,1,ltr,Digital Humanities,PRODUCTIVE_DISAGREEMENT,true
k’áwodi nánéht’e k’e k’áwodi nánéht’e,den,1,ltr,Digital Humanities,STRUCTURAL_ABSENCE,true
dɛgital ɔmɔnɩtɩs,den,1,ltr,Digital Humanities,STRUCTURAL_ABSENCE,true
bets'ǫ̀ įłèe k'è gots'ǫ nàowoò,dgr,1,ltr,Digital Humanities,STRUCTURAL_ABSENCE,true
tłı̨chǫ nı̨dı̨ı̨łı̨,dgr,1,ltr,Digital Humanities,STRUCTURAL_ABSENCE,true
k’àowo k’èèhchìì nàowo t’à k’èèhchìì,dgr,1,ltr,Digital Humanities,STRUCTURAL_ABSENCE,true
tłįchǫ kųę̀hı̄̀tì,dgr,1,ltr,Digital Humanities,STRUCTURAL_ABSENCE,true
dèè gùòììtìì,dgr,1,ltr,Digital Humanities,STRUCTURAL_ABSENCE,true
tsątsizík dáahtáawoosín,dgr,1,ltr,Digital Humanities,STRUCTURAL_ABSENCE,true
not available,dgr,1,ltr,Digital Humanities,STRUCTURAL_ABSENCE,true
käke raan ke dijital,din,1,ltr,Digital Humanities,STRUCTURAL_ABSENCE,true
thïn ye dijitaal,din,1,ltr,Digital Humanities,STRUCTURAL_ABSENCE,true
wóuŋspe kiŋ tȟaŋíčhiya wóuŋspe,dak,1,ltr,Digital Humanities,STRUCTURAL_ABSENCE,true
wóuŋspe tȟaŋka digital,dak,1,ltr,Digital Humanities,STRUCTURAL_ABSENCE,true
wowapi okaȟnige wičoȟ'aŋ,dak,1,ltr,Digital Humanities,STRUCTURAL_ABSENCE,true
wíyukha wóuŋspe,dak,1,ltr,Digital Humanities,STRUCTURAL_ABSENCE,true
ininiw-iskwewina-matiwinawiyik,csw,1,ltr,Digital Humanities,TRANSMOGRIFICATION,true
digital mimalte’ khensatehna,ctd,1,ltr,Digital Humanities,STRUCTURAL_ABSENCE,true
ziin hrangkai,ctd,1,ltr,Digital Humanities,STRUCTURAL_ABSENCE,true
hman-hruai-hnawm-hnan-thluh-hnawm,ctd,1,ltr,Digital Humanities,STRUCTURAL_ABSENCE,true
zihinlar tıbilisi,ctd,1,ltr,Digital Humanities,STRUCTURAL_ABSENCE,true
цифрьнаѧ человѣчьскаѧ наука,cu,1,ltr,Digital Humanities,TRANSMOGRIFICATION,true
цифровꙑ҄ѧ гоуманитарнꙑ҄ѧ наоукꙑ,cu,1,ltr,Digital Humanities,TRANSMOGRIFICATION,true
цифрьнѣ чловѣчьскы наукы,cu,1,ltr,Digital Humanities,TRANSMOGRIFICATION,true
цифровьнаѧ чловѣчьскаѧ мѫдрость,cu,1,ltr,Digital Humanities,TRANSMOGRIFICATION,true
дигиталныя людські науки,cu,1,ltr,Digital Humanities,TRANSMOGRIFICATION,true
дигиталниѧ ѥ̇сти,cu,1,ltr,Digital Humanities,TRANSMOGRIFICATION,true
дигитална гуманитарна наука,cu,1,ltr,Digital Humanities,TRANSMOGRIFICATION,true
цифра гуманитари,cv,1,ltr,Digital Humanities,TRANSMOGRIFICATION,true
цифрави гуманитарий,cv,1,ltr,Digital Humanities,TRANSMOGRIFICATION,true
цифрлă гуманитари ăслăлăхĕсем,cv,1,ltr,Digital Humanities,TRANSMOGRIFICATION,true
цифрăллă гуманитари ăслăхĕсем,cv,1,ltr,Digital Humanities,TRANSMOGRIFICATION,true
цифрăллă гуманитаристика,cv,1,ltr,Digital Humanities,TRANSMOGRIFICATION,true
диджитал түркмәл элдик маданият,cv,1,ltr,Digital Humanities,TRANSMOGRIFICATION,true
хыпарна хумланы,cv,1,ltr,Digital Humanities,TRANSMOGRIFICATION,true
ᑲᐦᑭᐘᐚᐣ ᐃᔨᔨᐤᐦᑲᐣ,cwd,1,ltr,Digital Humanities,TRANSMOGRIFICATION,true
ᒪᒪᐗᐤ ᐊᔨᒧᐎᓇ ᑭᓯᑫᔨᐦᑕᒧᐎᓇ,cwd,1,ltr,Digital Humanities,TRANSMOGRIFICATION,true
mīkwanihk ispatināwāw,cwd,1,ltr,Digital Humanities,TRANSMOGRIFICATION,true
ᑭᐢᑫᓯᐣ ᐅᐦᒋ ᐊᐢᑭᐩ ᐊᔭᒥᐦᐁᐏᐣ,cwd,1,ltr,Digital Humanities,TRANSMOGRIFICATION,true
nēpīyakwātowinikewin,cwd,1,ltr,Digital Humanities,TRANSMOGRIFICATION,true
nêhêw ê-kî-pê-têw ê-tê-têw,cwd,1,ltr,Digital Humanities,TRANSMOGRIFICATION,true
miskwewcihtowininiwak,cwd,1,ltr,Digital Humanities,TRANSMOGRIFICATION,true
nēhinaw ikwewak iskwewak kisikaw,cwd,1,ltr,Digital Humanities,TRANSMOGRIFICATION,true
l’istwar digital-a,crg,1,ltr,Digital Humanities,STRUCTURAL_ABSENCE,true
pisimwâcîkâtikôhk,crg,1,ltr,Digital Humanities,STRUCTURAL_ABSENCE,true
numériques aenishinowin,crg,1,ltr,Digital Humanities,STRUCTURAL_ABSENCE,true
rongorong me leenien kewe,chk,1,ltr,Digital Humanities,STRUCTURAL_ABSENCE,true
humanidådes dihetåt,ch,1,ltr,Digital Humanities,STRUCTURAL_ABSENCE,true
humantidades digitales,ch,1,ltr,Digital Humanities,STRUCTURAL_ABSENCE,true
humañå-åddison digital,ch,1,ltr,Digital Humanities,STRUCTURAL_ABSENCE,true
tumamaihi tinketeketan,ch,1,ltr,Digital Humanities,STRUCTURAL_ABSENCE,true
ديجيتال ئىنسانىيەت,chg,1,ltr,Digital Humanities,TRANSMOGRIFICATION,true
رقملیق علوم انسانیه,chg,1,ltr,Digital Humanities,TRANSMOGRIFICATION,true
رقملیق انسانیات,chg,1,ltr,Digital Humanities,TRANSMOGRIFICATION,true
talimlik tazminat,chg,1,ltr,Digital Humanities,TRANSMOGRIFICATION,true
teknoloqiyaviy insaniyatlar,chg,1,ltr,Digital Humanities,TRANSMOGRIFICATION,true
aramas mi digital,chk,1,ltr,Digital Humanities,STRUCTURAL_ABSENCE,true
kopwe tongeni süföliti aramas,chk,1,ltr,Digital Humanities,STRUCTURAL_ABSENCE,true
tekinolojia me aninis,chk,1,ltr,Digital Humanities,STRUCTURAL_ABSENCE,true
mwichen kompyuter me aramas,chk,1,ltr,Digital Humanities,STRUCTURAL_ABSENCE,true
mwanei mwitin,chk,1,ltr,Digital Humanities,STRUCTURAL_ABSENCE,true
li savwaar dijitaal dii moun,crg,1,ltr,Digital Humanities,STRUCTURAL_ABSENCE,true
manamwāni ĩlāpī,chk,1,ltr,Digital Humanities,STRUCTURAL_ABSENCE,true
tetekut kultural digital,chk,1,ltr,Digital Humanities,STRUCTURAL_ABSENCE,true
цифровой гуманитарный науко,chm,1,ltr,Digital Humanities,TRANSMOGRIFICATION,true
цифр гуманитар наукывлак,chm,1,ltr,Digital Humanities,TRANSMOGRIFICATION,true
цифр гуманитарлык шанче,chm,1,ltr,Digital Humanities,TRANSMOGRIFICATION,true
кодымаште культура,chm,1,ltr,Digital Humanities,TRANSMOGRIFICATION,true
hūmānī-tū-dī-dʒi-tāl,chm,1,ltr,Digital Humanities,TRANSMOGRIFICATION,true
диджиталдик тилдикlik,chm,1,ltr,Digital Humanities,TRANSMOGRIFICATION,true
humanitäsääteteknoloogia,chm,1,ltr,Digital Humanities,TRANSMOGRIFICATION,true
boston illahee mamook kʰapa tzum,chn,1,ltr,Digital Humanities,STRUCTURAL_ABSENCE,true
saghalie tlus kaltus,chn,1,ltr,Digital Humanities,STRUCTURAL_ABSENCE,true
miməlus tənəs təmtəm pus kəmtəks,chn,1,ltr,Digital Humanities,STRUCTURAL_ABSENCE,true
nexwáys sxʷalbəl,chn,1,ltr,Digital Humanities,STRUCTURAL_ABSENCE,true
humanidåt digitåt,ch,1,ltr,Digital Humanities,STRUCTURAL_ABSENCE,true
humanidåt siha na teknolohia,ch,1,ltr,Digital Humanities,STRUCTURAL_ABSENCE,true
okusoma ya kuchuki (ku) na okulabirizibwa,cgg,1,ltr,Digital Humanities,STRUCTURAL_ABSENCE,true
idimu ya kimutecani,cgg,1,ltr,Digital Humanities,STRUCTURAL_ABSENCE,true
gá:yohs ga'ná:yo's ʔyohs,cay,1,ltr,Digital Humanities,TRANSMOGRIFICATION,true
tsiiononhkaiohkwennontarho,cay,1,ltr,Digital Humanities,TRANSMOGRIFICATION,true
ohwá:ri-gà:ta-wahta,cay,1,ltr,Digital Humanities,TRANSMOGRIFICATION,true
dijital humantiyiz,cch,1,ltr,Digital Humanities,STRUCTURAL_ABSENCE,true
tɔmɛŋa tɔrɔ,cch,1,ltr,Digital Humanities,STRUCTURAL_ABSENCE,true
ʔəɬ ɬəxʷəɬ ʔəɬ ɬəxʷəɬ ɬəxʷəɬ,cch,1,ltr,Digital Humanities,STRUCTURAL_ABSENCE,true
ditigil huaminxue,cch,1,ltr,Digital Humanities,STRUCTURAL_ABSENCE,true
nyoho-teki n'atsam,cch,1,ltr,Digital Humanities,STRUCTURAL_ABSENCE,true
𑄓𑄨𑄎𑄨𑄑𑄬𑄣𑄴 𑄟𑄚𑄪𑄌𑄴𑄌𑄧𑄢𑄴𑄌𑄚𑄴,ccp,1,ltr,Digital Humanities,TRANSMOGRIFICATION,true
𑄓𑄨𑄎𑄨𑄑𑄣𑄴 𑄦𑄪𑄟𑄚𑄨𑄑𑄩𑄥𑄴,ccp,1,ltr,Digital Humanities,TRANSMOGRIFICATION,true
ডিজিটাল মানুষ্যিক বিদ্যা,ccp,1,ltr,Digital Humanities,TRANSMOGRIFICATION,true
digitil ḥumānītēs,ccp,1,ltr,Digital Humanities,TRANSMOGRIFICATION,true
ডিজিটাল ম্যানসকর,ccp,1,ltr,Digital Humanities,TRANSMOGRIFICATION,true
dìng shí kē xué,cdo,1,ltr,Digital Humanities,TRANSMOGRIFICATION,true
терахьийн гуманитаран ӏилманаш,ce,1,ltr,Digital Humanities,TRANSMOGRIFICATION,true
цифран дешар,ce,1,ltr,Digital Humanities,TRANSMOGRIFICATION,true
цифран гуманитарийн ӏилманаш,ce,1,ltr,Digital Humanities,TRANSMOGRIFICATION,true
дигиталла цӏийбар,ce,1,ltr,Digital Humanities,TRANSMOGRIFICATION,true
цифройн гуманитарш,ce,1,ltr,Digital Humanities,TRANSMOGRIFICATION,true
дигиталнә археология,ce,1,ltr,Digital Humanities,TRANSMOGRIFICATION,true
хъасан ӏумайтлар,ce,1,ltr,Digital Humanities,TRANSMOGRIFICATION,true
obuntu bwa digito,cgg,1,ltr,Digital Humanities,STRUCTURAL_ABSENCE,true
eby'obuhangwa eby'omutindigye,cgg,1,ltr,Digital Humanities,STRUCTURAL_ABSENCE,true
ebyobugabe bya dijito,cgg,1,ltr,Digital Humanities,STRUCTURAL_ABSENCE,true
eby'obwengye bya digital,cgg,1,ltr,Digital Humanities,STRUCTURAL_ABSENCE,true
obuhanga bw'omukono n'obumanyirizo,cgg,1,ltr,Digital Humanities,STRUCTURAL_ABSENCE,true
kigirabana cha digital,cgg,1,ltr,Digital Humanities,STRUCTURAL_ABSENCE,true
waykwaʔ ɬəxʷiʔnə,chn,1,ltr,Digital Humanities,STRUCTURAL_ABSENCE,true
ḵxʷəmʌθc̕ șəhč',chn,1,ltr,Digital Humanities,STRUCTURAL_ABSENCE,true
skilx lahal,chn,1,ltr,Digital Humanities,STRUCTURAL_ABSENCE,true
مرۆڤایەتییە دیجیتاڵییەکان,ckb,1,rtl,Digital Humanities,TRANSMOGRIFICATION,true
هมนوازی دیجیتال,ckb,1,rtl,Digital Humanities,TRANSMOGRIFICATION,true
مجالهای نوجوانی شناسایی,ckb,1,rtl,Digital Humanities,TRANSMOGRIFICATION,true
цифровой гуманитарной науки,ckt,1,ltr,Digital Humanities,TRANSMOGRIFICATION,true
iŋgiyaktaqtaŋaŋ,ckt,1,ltr,Digital Humanities,TRANSMOGRIFICATION,true
нэпкэҥнэр дигитэл ӱҥкӱ,ckt,1,ltr,Digital Humanities,TRANSMOGRIFICATION,true
куутчам кынкуналарын диджиталдык чагылдырмачылыгы,ckt,1,ltr,Digital Humanities,TRANSMOGRIFICATION,true
электронная людская наука,ckt,1,ltr,Digital Humanities,TRANSMOGRIFICATION,true
numeričke humanitete,cnr,1,ltr,Digital Humanities,TRANSMOGRIFICATION,true
ⲛⲉⲩⲛⲟⲩⲧⲉ ⲙⲡⲓⲇⲓⲅⲓⲧⲁⲗ,cop,1,ltr,Digital Humanities,TRANSMOGRIFICATION,true
ⲛⲓⲙⲁⲑⲏⲙⲁ ⲛ̀ⲇⲓⲅⲓⲧⲁⲗ,cop,1,ltr,Digital Humanities,TRANSMOGRIFICATION,true
ⲧⲉⲭⲛⲏ ⲛⲧⲉ ⲛⲓⲁⲛⲧⲣⲱⲡⲟⲥ ⲛⲧⲉ ⲧⲉⲭⲛⲟⲗⲟⲅⲓⲁ,cop,1,ltr,Digital Humanities,TRANSMOGRIFICATION,true
ⲛⲓⲣⲱⲙⲉⲓⲟⲛ ⲛ̀ⲧⲉ ⲡⲓⲙⲉⲧⲣⲉϥⲉⲣⲭⲣⲁⲥⲑⲁⲓ ⲛ̀ⲧⲉ ⲡⲓⲥⲁϫⲓ,cop,1,ltr,Digital Humanities,TRANSMOGRIFICATION,true
ⲧⲁⲅⲣⲓⲕ ⲧⲏⲃⲱⲧⲉ,cop,1,ltr,Digital Humanities,TRANSMOGRIFICATION,true
ϩϫϭϫ ϫⲓϭϫⲓ ⲡⲉⲣⲟⲥ,cop,1,ltr,Digital Humanities,TRANSMOGRIFICATION,true
ⲡⲉⲓⲁⲛⲧⲱⲩⲛⲓⲥⲥⲉⲙⲉ ⲕⲓⲛⲉⲧⲏⲅⲉ,cop,1,ltr,Digital Humanities,TRANSMOGRIFICATION,true
ⲧⲉⲓⲣⲏⲧ ⲛⲏⲧⲉⲙⲉⲛⲇⲣⲟⲥ,cop,1,ltr,Digital Humanities,TRANSMOGRIFICATION,true
digital nga mga humanidades,cps,1,ltr,Digital Humanities,STRUCTURAL_ABSENCE,true
dyigitala humantaydas,cps,1,ltr,Digital Humanities,STRUCTURAL_ABSENCE,true
mga taligsúk sang digital nga pagpangultura,cps,1,ltr,Digital Humanities,STRUCTURAL_ABSENCE,true
digitnal humanties,cps,1,ltr,Digital Humanities,STRUCTURAL_ABSENCE,true
ᑲᓇᑕᐚᐸᐦᑕᐦᐃᑲᐣ ᐃᓂᑯᐦᑕᒫᑯᐦᑖᐣ,cr,1,ltr,Digital Humanities,TRANSMOGRIFICATION,true
ᒪᒪᐗᐤ ᑭᐢᑫᔨᐦᑕᒧᐎᓇ,cr,1,ltr,Digital Humanities,TRANSMOGRIFICATION,true
kiskinwahamātowin ācimowinihk,cr,1,ltr,Digital Humanities,TRANSMOGRIFICATION,true
mistahi-kikinohamatowin,cr,1,ltr,Digital Humanities,TRANSMOGRIFICATION,true
akākihtāw kihewātisiwāt,cr,1,ltr,Digital Humanities,TRANSMOGRIFICATION,true
mistahi saskawewak kisiskaciwani-kahkewistawicik,cr,1,ltr,Digital Humanities,TRANSMOGRIFICATION,true
kisiskāciwaw iyiniw-iskwēwaniwak,cr,1,ltr,Digital Humanities,TRANSMOGRIFICATION,true
دکالە برایارە خانيثرە,ckb,1,rtl,Digital Humanities,TRANSMOGRIFICATION,true
زانستە مرۆییە دیجیتاڵەکان,ckb,1,rtl,Digital Humanities,TRANSMOGRIFICATION,true
nashoba holissochi,cho,1,ltr,Digital Humanities,TRANSMOGRIFICATION,true
kwaši iláskila,cic,1,ltr,Digital Humanities,TRANSMOGRIFICATION,true
tusholi holisso nan ithana,cho,1,ltr,Digital Humanities,TRANSMOGRIFICATION,true
holisso pīsa imma chihowa,cho,1,ltr,Digital Humanities,TRANSMOGRIFICATION,true
anumpa apesa hosh holisso,cho,1,ltr,Digital Humanities,TRANSMOGRIFICATION,true
okla pili okchi,cho,1,ltr,Digital Humanities,TRANSMOGRIFICATION,true
apachapna inpóki chito,cho,1,ltr,Digital Humanities,TRANSMOGRIFICATION,true
tahokvi okla mvna,cho,1,ltr,Digital Humanities,TRANSMOGRIFICATION,true
humla bilaski ishkina,cho,1,ltr,Digital Humanities,TRANSMOGRIFICATION,true
deneyu̜ łį́į́ k'e bets'ǫ nįdhé,chp,1,ltr,Digital Humanities,STRUCTURAL_ABSENCE,true
dene ts'ēdāh hı̄lı̄,chp,1,ltr,Digital Humanities,STRUCTURAL_ABSENCE,true
dene k’ę́nę́h yati k’ę́nę́h,chp,1,ltr,Digital Humanities,STRUCTURAL_ABSENCE,true
ᓂᐦᒃᑲᓂᐊᕈᐃᔭᐊᓂᐊᐸᐱᐊᐧᐃᐤ,chp,1,ltr,Digital Humanities,STRUCTURAL_ABSENCE,true
dè-k'è-tì-nè-nè-tì,chp,1,ltr,Digital Humanities,STRUCTURAL_ABSENCE,true
kwēdātīkweh ṭōnīsīwin,chp,1,ltr,Digital Humanities,STRUCTURAL_ABSENCE,true
ꮧꭷꮓꭹꮝꮧ ꭰᏸꮅ,chr,1,ltr,Digital Humanities,TRANSMOGRIFICATION,true
ꮧꮞꮝꮧ ꭰꮒᏼꮻꮿ,chr,1,ltr,Digital Humanities,TRANSMOGRIFICATION,true
ꮧ지털 ᏼꮻ,chr,1,ltr,Digital Humanities,TRANSMOGRIFICATION,true
ꮧꮅꮵꮤꮅ ꭰꮒᏼꮻ ꭰꮄ ꭰꮒꮓꭾꮝꭹ ꭰꮒꮣꮝꮣᏼꮂꮝꭹ,chr,1,ltr,Digital Humanities,TRANSMOGRIFICATION,true
ꮧꮎꮣᏹ ꭴꮥꮆꮝꭹ,chr,1,ltr,Digital Humanities,TRANSMOGRIFICATION,true
ꭰꮣꮒꭷꮅꮝꮤꮑꮧ ꭴꮥꮅꮫ,chr,1,ltr,Digital Humanities,TRANSMOGRIFICATION,true
ꮳꮃꭹ ꮳꮒꭿꮂ,chr,1,ltr,Digital Humanities,TRANSMOGRIFICATION,true
iti' chikashsha holisso'chi',cic,1,ltr,Digital Humanities,TRANSMOGRIFICATION,true
talhipa' holisso ithana,cic,1,ltr,Digital Humanities,TRANSMOGRIFICATION,true
falammi' ikbi' toli' chokma' anumpa',cic,1,ltr,Digital Humanities,TRANSMOGRIFICATION,true
anumpa aaimpa' ishtayya,cic,1,ltr,Digital Humanities,TRANSMOGRIFICATION,true
chikasha hoksholapi,cic,1,ltr,Digital Humanities,TRANSMOGRIFICATION,true
apalahtachkila huchapokni,cic,1,ltr,Digital Humanities,TRANSMOGRIFICATION,true
tsalagi tsioggi okla mvna,cic,1,ltr,Digital Humanities,TRANSMOGRIFICATION,true
jang piny ku dhuk piny,din,1,ltr,Digital Humanities,STRUCTURAL_ABSENCE,true
ŋuny aloor ku biet,din,1,ltr,Digital Humanities,STRUCTURAL_ABSENCE,true
gayę:gwa' gęhę́:nyǫ',cay,1,ltr,Digital Humanities,TRANSMOGRIFICATION,true
ndwom a ɔyɛ nsɛm a ɛfa nkɔsoɔ ho,fat,1,ltr,Digital Humanities,TRANSMOGRIFICATION,true
humanidadis digitalis,ext,1,ltr,Digital Humanities,TRANSMOGRIFICATION,true
humanidades digitaus,ext,1,ltr,Digital Humanities,TRANSMOGRIFICATION,true
مطالعات دیجیتال در علوم انسانی,fa,1,rtl,Digital Humanities,PRODUCTIVE_DISAGREEMENT,true
mekɔŋ mɛnɛ a nnam,fan,1,ltr,Digital Humanities,STRUCTURAL_ABSENCE,true
minkukh mi nnem ye digital,fan,1,ltr,Digital Humanities,STRUCTURAL_ABSENCE,true
bia'a ya digital,fan,1,ltr,Digital Humanities,STRUCTURAL_ABSENCE,true
mvôl mvôl ntanga,fan,1,ltr,Digital Humanities,STRUCTURAL_ABSENCE,true
mbumu ya nkolo ya dijitaal,fan,1,ltr,Digital Humanities,STRUCTURAL_ABSENCE,true
ŋɔɔŋ ŋɔɔŋ ŋɔɔŋ ŋɔɔŋ,fan,1,ltr,Digital Humanities,STRUCTURAL_ABSENCE,true
人工智能文学,fan,1,ltr,Digital Humanities,STRUCTURAL_ABSENCE,true
dijital nnyansa,fat,1,ltr,Digital Humanities,TRANSMOGRIFICATION,true
nwoma ne nyansa a ɛfa dijital ho,fat,1,ltr,Digital Humanities,TRANSMOGRIFICATION,true
nkyerɛkyerɛmu ne mfitiatwa a wɔde kɔmputa yɛ,fat,1,ltr,Digital Humanities,TRANSMOGRIFICATION,true
mmúrùn a mmea,fat,1,ltr,Digital Humanities,TRANSMOGRIFICATION,true
tereɓeɗoɓe fulɓe,ffm,1,ltr,Digital Humanities,TRANSMOGRIFICATION,true
ɛnsan dwumadie,fat,1,ltr,Digital Humanities,TRANSMOGRIFICATION,true
digitale huàrénxué,fat,1,ltr,Digital Humanities,TRANSMOGRIFICATION,true
nkabom nkotiafofo,fat,1,ltr,Digital Humanities,TRANSMOGRIFICATION,true
neɗɗaŋke dijital,ff,1,ltr,Digital Humanities,STRUCTURAL_ABSENCE,true
cilol nguurndam,ff,1,ltr,Digital Humanities,STRUCTURAL_ABSENCE,true
humpito noddito,ff,1,ltr,Digital Humanities,STRUCTURAL_ABSENCE,true
ganndal neɗɗaŋkeewal dijital,ff,1,ltr,Digital Humanities,STRUCTURAL_ABSENCE,true
jaaɓiɗe dijital,ff,1,ltr,Digital Humanities,STRUCTURAL_ABSENCE,true
tëddëgɛlɛmɛndɔrɔ,ff,1,ltr,Digital Humanities,STRUCTURAL_ABSENCE,true
n'dimaandu hummaane,ff,1,ltr,Digital Humanities,STRUCTURAL_ABSENCE,true
dunyaro digital,ff,1,ltr,Digital Humanities,STRUCTURAL_ABSENCE,true
humtorde dijital,ffm,1,ltr,Digital Humanities,TRANSMOGRIFICATION,true
ganndal neɗɗaagu dijital,ffm,1,ltr,Digital Humanities,TRANSMOGRIFICATION,true
humanidáis digitalis,ext,1,ltr,Digital Humanities,TRANSMOGRIFICATION,true
humanidais digitalis,ext,1,ltr,Digital Humanities,TRANSMOGRIFICATION,true
humanidaes dixitalis,ext,1,ltr,Digital Humanities,TRANSMOGRIFICATION,true
нигильэн хамаалыгыт,evn,1,ltr,Digital Humanities,TRANSMOGRIFICATION,true
ciferecaj homsciencoj,eo,1,ltr,Digital Humanities,TRANSMOGRIFICATION,true
digiĝintaj humanistikoj,eo,1,ltr,Digital Humanities,TRANSMOGRIFICATION,true
cifraj humanitaroj,eo,1,ltr,Digital Humanities,TRANSMOGRIFICATION,true
digitaj umanoj sciencoj,eo,1,ltr,Digital Humanities,TRANSMOGRIFICATION,true
tekitralallret yupiit qanruyutet,esu,1,ltr,Digital Humanities,STRUCTURAL_ABSENCE,true
yuuyaraq-llu ellamta-llu qanemcit ikayuutet,esu,1,ltr,Digital Humanities,STRUCTURAL_ABSENCE,true
digital humanistat,esu,1,ltr,Digital Humanities,STRUCTURAL_ABSENCE,true
kass'at yup'igcestun qaneryaraat,esu,1,ltr,Digital Humanities,STRUCTURAL_ABSENCE,true
sivuniq igluaq,esu,1,ltr,Digital Humanities,STRUCTURAL_ABSENCE,true
angyaviik qanrayaciirqaaq,esu,1,ltr,Digital Humanities,STRUCTURAL_ABSENCE,true
tungasergluyup igiuliget,esu,1,ltr,Digital Humanities,STRUCTURAL_ABSENCE,true
digihumanitaaria,et,1,ltr,Digital Humanities,PRODUCTIVE_DISAGREEMENT,true
digitaalsed humanitaarteadused,et,1,ltr,Digital Humanities,PRODUCTIVE_DISAGREEMENT,true
digitaalsed inimeteadused,et,1,ltr,Digital Humanities,PRODUCTIVE_DISAGREEMENT,true
digitaalne humanistika,et,1,ltr,Digital Humanities,PRODUCTIVE_DISAGREEMENT,true
digitaalne humanitood,et,1,ltr,Digital Humanities,PRODUCTIVE_DISAGREEMENT,true
humanitate digitalak,eu,1,ltr,Digital Humanities,PRODUCTIVE_DISAGREEMENT,true
gizatasun digitalak,eu,1,ltr,Digital Humanities,PRODUCTIVE_DISAGREEMENT,true
giza zientzien informatika,eu,1,ltr,Digital Humanities,PRODUCTIVE_DISAGREEMENT,true
giza zientzia digitalak,eu,1,ltr,Digital Humanities,PRODUCTIVE_DISAGREEMENT,true
arte digitalak,eu,1,ltr,Digital Humanities,PRODUCTIVE_DISAGREEMENT,true
digitale humanismoa,eu,1,ltr,Digital Humanities,PRODUCTIVE_DISAGREEMENT,true
hizkuntzarik digital humanitariak,eu,1,ltr,Digital Humanities,PRODUCTIVE_DISAGREEMENT,true
цифровой гуманитарной наукар,evn,1,ltr,Digital Humanities,TRANSMOGRIFICATION,true
сахаан дэбтэр хэлхий,evn,1,ltr,Digital Humanities,TRANSMOGRIFICATION,true
дигитал хадалаа,evn,1,ltr,Digital Humanities,TRANSMOGRIFICATION,true
диджитал дүрсөлдүүлүк,evn,1,ltr,Digital Humanities,TRANSMOGRIFICATION,true
huuɓnude anndal dijitaal,ffm,1,ltr,Digital Humanities,TRANSMOGRIFICATION,true
hukuumɓe ɗiitali,ffm,1,ltr,Digital Humanities,TRANSMOGRIFICATION,true
rëc-ciëc-muot-ëëk,din,1,ltr,Digital Humanities,STRUCTURAL_ABSENCE,true
èwé àwọn èmí àgbọ́yè,fon,1,ltr,Digital Humanities,TRANSMOGRIFICATION,true
talvísindi,fo,1,ltr,Digital Humanities,STRUCTURAL_ABSENCE,true
stafræn mannvísindi,fo,1,ltr,Digital Humanities,STRUCTURAL_ABSENCE,true
talfrøðilig humaniora,fo,1,ltr,Digital Humanities,STRUCTURAL_ABSENCE,true
døgumálfrøði,fo,1,ltr,Digital Humanities,STRUCTURAL_ABSENCE,true
digital mannarvitjum,fo,1,ltr,Digital Humanities,STRUCTURAL_ABSENCE,true
talaverkanir af deilum,fo,1,ltr,Digital Humanities,STRUCTURAL_ABSENCE,true
teknisk menniskuforskning,fo,1,ltr,Digital Humanities,STRUCTURAL_ABSENCE,true
gbɛtɔ́ dijitalu,fon,1,ltr,Digital Humanities,TRANSMOGRIFICATION,true
àsìkò àtòkpò lɔ́,fon,1,ltr,Digital Humanities,TRANSMOGRIFICATION,true
nùkúnmɛ̀ sínú amɔ̀,fon,1,ltr,Digital Humanities,TRANSMOGRIFICATION,true
gbɛtɔ kplɔ́ gbɛtɔ tɛ́ntɛn,fon,1,ltr,Digital Humanities,TRANSMOGRIFICATION,true
gbigbɔ tɔn ɖo nukɔnyiyi mɛ,fon,1,ltr,Digital Humanities,TRANSMOGRIFICATION,true
tɔŋgbɛ tɔŋgbɛ,fon,1,ltr,Digital Humanities,TRANSMOGRIFICATION,true
mwàntà àmúlẹ́-ìdájọ́,fon,1,ltr,Digital Humanities,TRANSMOGRIFICATION,true
digiital xumanities,ffm,1,ltr,Digital Humanities,TRANSMOGRIFICATION,true
sé n'yɔkpɛ,fon,1,ltr,Digital Humanities,TRANSMOGRIFICATION,true
les humanités numériques,frc,1,ltr,Digital Humanities,TRANSMOGRIFICATION,true
lumanités dijital,frc,1,ltr,Digital Humanities,TRANSMOGRIFICATION,true
humanitez digitales,frm,1,ltr,Digital Humanities,TRANSMOGRIFICATION,true
artes digitales,frm,1,ltr,Digital Humanities,TRANSMOGRIFICATION,true
arz numeraus,fro,1,ltr,Digital Humanities,STRUCTURAL_ABSENCE,true
humainz digitál,fro,1,ltr,Digital Humanities,STRUCTURAL_ABSENCE,true
sciences numériques de l'humanité,fro,1,ltr,Digital Humanities,STRUCTURAL_ABSENCE,true
humanitâts digitâles,frp,1,ltr,Digital Humanities,TRANSMOGRIFICATION,true
humanitâts numeriques,frp,1,ltr,Digital Humanities,TRANSMOGRIFICATION,true
humanitâts numèriques,frp,1,ltr,Digital Humanities,TRANSMOGRIFICATION,true
umanitè digitâles,frp,1,ltr,Digital Humanities,TRANSMOGRIFICATION,true
humanités numeriques,frp,1,ltr,Digital Humanities,TRANSMOGRIFICATION,true
talgild hugvísindi,fo,1,ltr,Digital Humanities,STRUCTURAL_ABSENCE,true
viri vaka e-sega,fj,1,ltr,Digital Humanities,TRANSMOGRIFICATION,true
tautokanikona ni digitimala,fj,1,ltr,Digital Humanities,TRANSMOGRIFICATION,true
talatala numunika ni qiqima ni vakaivakarai,fj,1,ltr,Digital Humanities,TRANSMOGRIFICATION,true
digitaaliset ihmistieteet,fi,1,ltr,Digital Humanities,PRODUCTIVE_DISAGREEMENT,true
digitaaliset humanistiset tieteet,fi,1,ltr,Digital Humanities,PRODUCTIVE_DISAGREEMENT,true
digitaalisen humanistikan,fi,1,ltr,Digital Humanities,PRODUCTIVE_DISAGREEMENT,true
digitaleen kulttuurikasvatukseen,fi,1,ltr,Digital Humanities,PRODUCTIVE_DISAGREEMENT,true
dijital ngiim,fia,1,rtl,Digital Humanities,TRANSMOGRIFICATION,true
dijitaal insaaniyaat ilim,fia,1,rtl,Digital Humanities,TRANSMOGRIFICATION,true
tɛmɛtɛrɛ tɔnɔ,fia,1,rtl,Digital Humanities,TRANSMOGRIFICATION,true
تِركِيبْ دِيجِيتَالْ,fia,1,rtl,Digital Humanities,TRANSMOGRIFICATION,true
humanitaita digitaala,fia,1,rtl,Digital Humanities,TRANSMOGRIFICATION,true
kasaysayan ng digitasyon,fil,1,ltr,Digital Humanities,STRUCTURAL_ABSENCE,true
teknolohiya ng mga tinagalan na tao,fil,1,ltr,Digital Humanities,STRUCTURAL_ABSENCE,true
digitaaliset humanistiset tietheet,fit,1,ltr,Digital Humanities,TRANSMOGRIFICATION,true
digitaalinen humanistii,fit,1,ltr,Digital Humanities,TRANSMOGRIFICATION,true
digitaalihumanistiset tiijot,fit,1,ltr,Digital Humanities,TRANSMOGRIFICATION,true
digiåldusmänniskor,fit,1,ltr,Digital Humanities,TRANSMOGRIFICATION,true
digitale huumeet,fit,1,ltr,Digital Humanities,TRANSMOGRIFICATION,true
digitaalsõd humanitaarõpõ,fiu-vro,1,ltr,Digital Humanities,TRANSMOGRIFICATION,true
digitaalsõ humanitaartiidüs,fiu-vro,1,ltr,Digital Humanities,TRANSMOGRIFICATION,true
digitaalnõ humanitaartiidüs,fiu-vro,1,ltr,Digital Humanities,TRANSMOGRIFICATION,true
digitaalõ inimistehõtüs,fiu-vro,1,ltr,Digital Humanities,TRANSMOGRIFICATION,true
digitaki ni tamata,fj,1,ltr,Digital Humanities,TRANSMOGRIFICATION,true
cata na itovo ni tamata,fj,1,ltr,Digital Humanities,TRANSMOGRIFICATION,true
vakaibalebale ni vakatagi ni komipiuta,fj,1,ltr,Digital Humanities,TRANSMOGRIFICATION,true
vakadidijitali na ivola kei na bula tamata,fj,1,ltr,Digital Humanities,TRANSMOGRIFICATION,true
vuli digitaki ni tamata,fj,1,ltr,Digital Humanities,TRANSMOGRIFICATION,true
vuku vakadigital ni tamata,fj,1,ltr,Digital Humanities,TRANSMOGRIFICATION,true
na digitale vakabula,fj,1,ltr,Digital Humanities,TRANSMOGRIFICATION,true
ciferecaj humanaj sciencoj,eo,1,ltr,Digital Humanities,TRANSMOGRIFICATION,true
ciferecaj homaroj,eo,1,ltr,Digital Humanities,TRANSMOGRIFICATION,true
ciferecaj homoj,eo,1,ltr,Digital Humanities,TRANSMOGRIFICATION,true
ye sikili bokoto,dua,1,ltr,Digital Humanities,STRUCTURAL_ABSENCE,true
"noma yiri n'digitali, noma yiri n'humaniti",dtm,1,ltr,Digital Humanities,STRUCTURAL_ABSENCE,true
koinsanaan dijital,dtp,1,ltr,Digital Humanities,STRUCTURAL_ABSENCE,true
ponginsanatan digital,dtp,1,ltr,Digital Humanities,STRUCTURAL_ABSENCE,true
teknoloji kabihanan,dtp,1,ltr,Digital Humanities,STRUCTURAL_ABSENCE,true
puruk komputer kultural,dtp,1,ltr,Digital Humanities,STRUCTURAL_ABSENCE,true
tiŋkɛlɛrɛ kʊmɔnɪkɛsɩ,dty,1,ltr,Digital Humanities,TRANSMOGRIFICATION,true
dījitāla cilvēciska,dty,1,ltr,Digital Humanities,TRANSMOGRIFICATION,true
mambɛnɛ ma bɔtɔ ma numériki,dua,1,ltr,Digital Humanities,STRUCTURAL_ABSENCE,true
bato ba digital,dua,1,ltr,Digital Humanities,STRUCTURAL_ABSENCE,true
mɛndɛ́ ma bɛlɛ́di ma dijita,dua,1,ltr,Digital Humanities,STRUCTURAL_ABSENCE,true
mɔ́kɛ̀ndi mɛ́tɛ̀,dua,1,ltr,Digital Humanities,STRUCTURAL_ABSENCE,true
ewusi dijital,dua,1,ltr,Digital Humanities,STRUCTURAL_ABSENCE,true
mbindzilé ebiyembelembe,dua,1,ltr,Digital Humanities,STRUCTURAL_ABSENCE,true
digitale consten,dum,1,ltr,Digital Humanities,TRANSMOGRIFICATION,true
ciferecaj homstudoj,eo,1,ltr,Digital Humanities,TRANSMOGRIFICATION,true
digitale menscheit,dum,1,ltr,Digital Humanities,TRANSMOGRIFICATION,true
digitale kunsten,dum,1,ltr,Digital Humanities,TRANSMOGRIFICATION,true
digitale huylant,dum,1,ltr,Digital Humanities,TRANSMOGRIFICATION,true
ދިރާގު ހިއުމަނިޓީސް އެވެ,dv,1,rtl,Digital Humanities,STRUCTURAL_ABSENCE,true
ޑިޖިޓަލް ހިއުލާންތައް,dv,1,rtl,Digital Humanities,STRUCTURAL_ABSENCE,true
ޑިޖިޓަލް އިންސާނީ ޢިލްމުތައް,dv,1,rtl,Digital Humanities,STRUCTURAL_ABSENCE,true
ޑިޖިޓަލް ހިއުމެނިޓީޒް,dv,1,rtl,Digital Humanities,STRUCTURAL_ABSENCE,true
ޑިޖިޓަލް ހިއުމަނިޓީޒް,dv,1,rtl,Digital Humanities,STRUCTURAL_ABSENCE,true
දිගිටල් මානව විද්‍යා,dv,1,rtl,Digital Humanities,STRUCTURAL_ABSENCE,true
ޑިޖިޓަލް މަދުނީއް,dv,1,rtl,Digital Humanities,STRUCTURAL_ABSENCE,true
ප්‍රධාතික මනසෝපය,dv,1,rtl,Digital Humanities,STRUCTURAL_ABSENCE,true
adamadenw ka lɔnniya,dyu,1,ltr,Digital Humanities,STRUCTURAL_ABSENCE,true
numɛriki kɛndɛya,dyu,1,ltr,Digital Humanities,STRUCTURAL_ABSENCE,true
kɛlɛn-tɔgɔ dɔgɔn,dtm,1,ltr,Digital Humanities,STRUCTURAL_ABSENCE,true
tomo kanaa jigi,dtm,1,ltr,Digital Humanities,STRUCTURAL_ABSENCE,true
dijitali yaanu kɛnɛ,dtm,1,ltr,Digital Humanities,STRUCTURAL_ABSENCE,true
dìjìtálì húmánítì,dtm,1,ltr,Digital Humanities,STRUCTURAL_ABSENCE,true
dhufudhiyada digilti,din,1,ltr,Digital Humanities,STRUCTURAL_ABSENCE,true
dhuk sudan nhialic,din,1,ltr,Digital Humanities,STRUCTURAL_ABSENCE,true
insani dijital,diq,1,ltr,Digital Humanities,TRANSMOGRIFICATION,true
înformatikayê mîtolojiyên,diq,1,ltr,Digital Humanities,TRANSMOGRIFICATION,true
digitilal dil hên,diq,1,ltr,Digital Humanities,TRANSMOGRIFICATION,true
humanitil digitali,diq,1,ltr,Digital Humanities,TRANSMOGRIFICATION,true
dijital koyra,dje,1,ltr,Digital Humanities,STRUCTURAL_ABSENCE,true
boŋ-izey kaŋ ga goy ordinateer ra,dje,1,ltr,Digital Humanities,STRUCTURAL_ABSENCE,true
fooni-diiji,dje,1,ltr,Digital Humanities,STRUCTURAL_ABSENCE,true
baytarey dijital,dje,1,ltr,Digital Humanities,STRUCTURAL_ABSENCE,true
téyoriya digitál,dje,1,ltr,Digital Humanities,STRUCTURAL_ABSENCE,true
ilmuu ɗin dijital,dje,1,ltr,Digital Humanities,STRUCTURAL_ABSENCE,true
dunumafarīn al-ḫilāfa,dje,1,ltr,Digital Humanities,STRUCTURAL_ABSENCE,true
humanitini digitaali,dje,1,ltr,Digital Humanities,STRUCTURAL_ABSENCE,true
щүзы жынвын,dng,1,ltr,Digital Humanities,TRANSMOGRIFICATION,true
数码人文,dng,1,ltr,Digital Humanities,TRANSMOGRIFICATION,true
дигитал тилләр,dng,1,ltr,Digital Humanities,TRANSMOGRIFICATION,true
диҗитал инсанлик,dng,1,ltr,Digital Humanities,TRANSMOGRIFICATION,true
дигиталдун хуманитарлук,dng,1,ltr,Digital Humanities,TRANSMOGRIFICATION,true
дигитал әндиләрлик,dng,1,ltr,Digital Humanities,TRANSMOGRIFICATION,true
dijital yumanitɛ,dnj,1,ltr,Digital Humanities,STRUCTURAL_ABSENCE,true
цифровий гуманітарний,dnj,1,ltr,Digital Humanities,STRUCTURAL_ABSENCE,true
digitalmæssige humanites,dnj,1,ltr,Digital Humanities,STRUCTURAL_ABSENCE,true
digitalne humanistiske wědomnosće,dsb,1,ltr,Digital Humanities,TRANSMOGRIFICATION,true
cyberhumanistika,dsb,1,ltr,Digital Humanities,TRANSMOGRIFICATION,true
zywědna humanistyka,dsb,1,ltr,Digital Humanities,TRANSMOGRIFICATION,true
kɔmpitɛrɛ kɛ adama yɛ,dtm,1,ltr,Digital Humanities,STRUCTURAL_ABSENCE,true
nɔmɔrɔya kunnafoniw,dyu,1,ltr,Digital Humanities,STRUCTURAL_ABSENCE,true
kɔmputa siyɛnsi,dyu,1,ltr,Digital Humanities,STRUCTURAL_ABSENCE,true
zungera bɛtɔŋbaŋ,dyu,1,ltr,Digital Humanities,STRUCTURAL_ABSENCE,true
ñwed ufọk ke dijital,efi,1,ltr,Digital Humanities,STRUCTURAL_ABSENCE,true
edikọt n̄kpọ n̄kọri,efi,1,ltr,Digital Humanities,STRUCTURAL_ABSENCE,true
imabari ime-ekpreeye,efi,1,ltr,Digital Humanities,STRUCTURAL_ABSENCE,true
ndem ọkparakpụrakpu,efi,1,ltr,Digital Humanities,STRUCTURAL_ABSENCE,true
umanitê digitàli,egl,1,ltr,Digital Humanities,STRUCTURAL_ABSENCE,true
umanistici digitàl,egl,1,ltr,Digital Humanities,STRUCTURAL_ABSENCE,true
umanitê digitâl,egl,1,ltr,Digital Humanities,STRUCTURAL_ABSENCE,true
digitale umanistika,egl,1,ltr,Digital Humanities,STRUCTURAL_ABSENCE,true
ǹwɛ̀t ɛ̀dídíɛ̀t digital,eka,1,ltr,Digital Humanities,STRUCTURAL_ABSENCE,true
ọmụmụ ihe gbasara dijitalụ,eka,1,ltr,Digital Humanities,STRUCTURAL_ABSENCE,true
n̄kwa-akwa n̄kwa-akwa,eka,1,ltr,Digital Humanities,STRUCTURAL_ABSENCE,true
kamapla bilong bokis,eka,1,ltr,Digital Humanities,STRUCTURAL_ABSENCE,true
tukutek-inngit,eka,1,ltr,Digital Humanities,STRUCTURAL_ABSENCE,true
ujenzi wa kifanaji digitali,eka,1,ltr,Digital Humanities,STRUCTURAL_ABSENCE,true
ဒေဂျီတယ်လူ့ဘာသာရပ်,eky,1,ltr,Digital Humanities,STRUCTURAL_ABSENCE,true
ၾကႈ ၿိတႉႇႄႅ,eky,1,ltr,Digital Humanities,STRUCTURAL_ABSENCE,true
hwa ree gwaa hpaa gwaa,eky,1,ltr,Digital Humanities,STRUCTURAL_ABSENCE,true
dkaw hnaing thitgyi,eky,1,ltr,Digital Humanities,STRUCTURAL_ABSENCE,true
διγλωσσσοιックές ανθρωπιστικές επιστήμες,el,1,ltr,Digital Humanities,PRODUCTIVE_DISAGREEMENT,true
διαδυτικές χρηματοδότηση,el,1,ltr,Digital Humanities,PRODUCTIVE_DISAGREEMENT,true
numismatiki kybernetika,el,1,ltr,Digital Humanities,PRODUCTIVE_DISAGREEMENT,true
digital humanities,en,1,ltr,Digital Humanities,PRODUCTIVE_DISAGREEMENT,true
digitale humanitees,enm,1,ltr,Digital Humanities,TRANSMOGRIFICATION,true
digitale humanytee,enm,1,ltr,Digital Humanities,TRANSMOGRIFICATION,true
lettre of nummys,enm,1,ltr,Digital Humanities,TRANSMOGRIFICATION,true
digne scrifte & newe wisedom,enm,1,ltr,Digital Humanities,TRANSMOGRIFICATION,true
digitale hominologies,enm,1,ltr,Digital Humanities,TRANSMOGRIFICATION,true
digtal humaynesse,enm,1,ltr,Digital Humanities,TRANSMOGRIFICATION,true
n̄wed-mbụk n̄kpọntịbe ke kọmputa,efi,1,ltr,Digital Humanities,STRUCTURAL_ABSENCE,true
ikọt ekpeme,efi,1,ltr,Digital Humanities,STRUCTURAL_ABSENCE,true
dyuluhun dunyeewa,dyu,1,ltr,Digital Humanities,STRUCTURAL_ABSENCE,true
digital obio ubọn̄ owo,efi,1,ltr,Digital Humanities,STRUCTURAL_ABSENCE,true
séwulénim digitál,dyu,1,ltr,Digital Humanities,STRUCTURAL_ABSENCE,true
དྲ་རྒྱའི་མི་རིགས།,dz,1,ltr,Digital Humanities,TRANSMOGRIFICATION,true
གཟའ་རིགས་གཞི་བཙུགས།,dz,1,ltr,Digital Humanities,TRANSMOGRIFICATION,true
ཨང་རྟགས་མི་རིགས་རིག་གནས།,dz,1,ltr,Digital Humanities,TRANSMOGRIFICATION,true
དྲ་རྒྱའི་མིའི་རིག་གནས།,dz,1,ltr,Digital Humanities,TRANSMOGRIFICATION,true
tshod-pa'i rig-sku,dz,1,ltr,Digital Humanities,TRANSMOGRIFICATION,true
རྗོད་བྱེད་རིག་པའི་དམ་འཛིན་གླིང་།,dz,1,ltr,Digital Humanities,TRANSMOGRIFICATION,true
ཐམས་ཅད་ལོངས་སྤྱོད་བཞིན་གྱི་རིགས་པ,dz,1,ltr,Digital Humanities,TRANSMOGRIFICATION,true
kɔmputəra nəmməna,dzg,1,ltr,Digital Humanities,STRUCTURAL_ABSENCE,true
tinɣaɣu zaɣ,dzg,1,ltr,Digital Humanities,STRUCTURAL_ABSENCE,true
diji-nsa humaanika,dzg,1,ltr,Digital Humanities,STRUCTURAL_ABSENCE,true
dzilwit hwnitmsn,dzg,1,ltr,Digital Humanities,STRUCTURAL_ABSENCE,true
ũũgĩ wa mariko ma kĩrĩndĩ,ebu,1,ltr,Digital Humanities,STRUCTURAL_ABSENCE,true
umenyelelo wa kĩmũthĩrĩrĩko,ebu,1,ltr,Digital Humanities,STRUCTURAL_ABSENCE,true
ũthũgũri wa andũ na tekinorojĩ,ebu,1,ltr,Digital Humanities,STRUCTURAL_ABSENCE,true
muthamaki wa digital,ebu,1,ltr,Digital Humanities,STRUCTURAL_ABSENCE,true
kĩthaka ũrĩa ĩngĩrĩrĩre,ebu,1,ltr,Digital Humanities,STRUCTURAL_ABSENCE,true
mvumbi yakelemuka,ebu,1,ltr,Digital Humanities,STRUCTURAL_ABSENCE,true
husika na mwizi wa digitali,ebu,1,ltr,Digital Humanities,STRUCTURAL_ABSENCE,true
digitál amegbetɔŋutinunya,ee,1,ltr,Digital Humanities,STRUCTURAL_ABSENCE,true
internet dzi nu siwo gbɔ míaƒe ŋutete ŋu tsoe,ee,1,ltr,Digital Humanities,STRUCTURAL_ABSENCE,true
nusɔlɔ̃madzudzɔ ƒe teknɔlɔdzi,ee,1,ltr,Digital Humanities,STRUCTURAL_ABSENCE,true
dijitɔl amegbetɔƒomenyawo,ee,1,ltr,Digital Humanities,STRUCTURAL_ABSENCE,true
amegbetɔ ƒe nudɔdɔ dzesiwo ŋuti nusɔsrɔ̃,ee,1,ltr,Digital Humanities,STRUCTURAL_ABSENCE,true
ŋɔkpɛkpɛ kpɔkpɔ,ee,1,ltr,Digital Humanities,STRUCTURAL_ABSENCE,true
ŋmeʋu ɖɔɖɔ ŋkɔ digital,ee,1,ltr,Digital Humanities,STRUCTURAL_ABSENCE,true
munsumu asiwu digital,ee,1,ltr,Digital Humanities,STRUCTURAL_ABSENCE,true
dha-ga-noh-da-go-wah,cay,1,ltr,Digital Humanities,TRANSMOGRIFICATION,true
onǫhsaˀdę́ˀshʌˀ gahsʌ́hsda̱ˀ,cay,1,ltr,Digital Humanities,TRANSMOGRIFICATION,true
digitaal geisteswetenschaften,frr,1,ltr,Digital Humanities,TRANSMOGRIFICATION,true
niitsitapiisini-makosiiksiksiyapi,arp,1,ltr,Digital Humanities,TRANSMOGRIFICATION,true
kimün digital,arn,1,ltr,Digital Humanities,STRUCTURAL_ABSENCE,true
wirintukun küzaw,arn,1,ltr,Digital Humanities,STRUCTURAL_ABSENCE,true
küllün kallampiwe,arn,1,ltr,Digital Humanities,STRUCTURAL_ABSENCE,true
rüngu newentu mayantün,arn,1,ltr,Digital Humanities,STRUCTURAL_ABSENCE,true
huantilmapuweken,arn,1,ltr,Digital Humanities,STRUCTURAL_ABSENCE,true
winkul tuki ngüillatun,arn,1,ltr,Digital Humanities,STRUCTURAL_ABSENCE,true
nii'ooke'ei3i' nii'ooke'ei3i',arp,1,ltr,Digital Humanities,TRANSMOGRIFICATION,true
hoowuuniitee niiciiheihii,arp,1,ltr,Digital Humanities,TRANSMOGRIFICATION,true
nii'eihiiho' nii'eihiiho'oe,arp,1,ltr,Digital Humanities,TRANSMOGRIFICATION,true
nih’oo3oo’ biiho’oowu’ hineniitehe’eino’,arp,1,ltr,Digital Humanities,TRANSMOGRIFICATION,true
ŋiits'éé'ooóó'e,arp,1,ltr,Digital Humanities,TRANSMOGRIFICATION,true
hénoyéwé he'éne,arp,1,ltr,Digital Humanities,TRANSMOGRIFICATION,true
níkíhewí ahasínahééh,arp,1,ltr,Digital Humanities,TRANSMOGRIFICATION,true
الادب الرقمي,arq,1,rtl,Digital Humanities,TRANSMOGRIFICATION,true
digtiguli huumaniyogi,asa,1,ltr,Digital Humanities,TRANSMOGRIFICATION,true
karina karaiñe karaiñe,arw,1,ltr,Digital Humanities,STRUCTURAL_ABSENCE,true
kamana kaiwa,arw,1,ltr,Digital Humanities,STRUCTURAL_ABSENCE,true
tainó-ñurá-reka-wara,arw,1,ltr,Digital Humanities,STRUCTURAL_ABSENCE,true
humenistis digitales,arw,1,ltr,Digital Humanities,STRUCTURAL_ABSENCE,true
الآداب الدجيتالية,ary,1,rtl,Digital Humanities,TRANSMOGRIFICATION,true
ডিজিটেল মানৱীয় বিজ্ঞান,as,1,ltr,Digital Humanities,TRANSMOGRIFICATION,true
ডিজিটেল মানৱবিদ্যা,as,1,ltr,Digital Humanities,TRANSMOGRIFICATION,true
ডিজিটাল মানৱিক বিদ্যা,as,1,ltr,Digital Humanities,TRANSMOGRIFICATION,true
ধাৰ্মিক ডিজাইন,as,1,ltr,Digital Humanities,TRANSMOGRIFICATION,true
elimu ya dijitali,asa,1,ltr,Digital Humanities,TRANSMOGRIFICATION,true
àkpàrà-òkìkí ìmọ̀-èdè,asa,1,ltr,Digital Humanities,TRANSMOGRIFICATION,true
ufundishaji wa kiteknolojia wa binadamu,asa,1,ltr,Digital Humanities,TRANSMOGRIFICATION,true
mɔŋɛtɔ́r,asa,1,ltr,Digital Humanities,TRANSMOGRIFICATION,true
taiñ kimün ka taiñ rakizuam ñi digital ruka,arn,1,ltr,Digital Humanities,STRUCTURAL_ABSENCE,true
כתובים דגיטליים,arc,1,rtl,Digital Humanities,TRANSMOGRIFICATION,true
ܐܠܦܝܣ ܕܣܘܪܝܝܐ ܩܘܠܝܠܝܬܐ,arc,1,rtl,Digital Humanities,TRANSMOGRIFICATION,true
ܠܘܚܢܐ ܕܡܟܬܒܐ,arc,1,rtl,Digital Humanities,TRANSMOGRIFICATION,true
dīġitol mannlicnesse,ang,1,ltr,Digital Humanities,TRANSMOGRIFICATION,true
cræftlicu mennisc-lār,ang,1,ltr,Digital Humanities,TRANSMOGRIFICATION,true
digel hæfnes,ang,1,ltr,Digital Humanities,TRANSMOGRIFICATION,true
ġetælcræft menniscnes,ang,1,ltr,Digital Humanities,TRANSMOGRIFICATION,true
dīgitala hūmānitas,ang,1,ltr,Digital Humanities,TRANSMOGRIFICATION,true
bēc-cræftig mann-wīsdom,ang,1,ltr,Digital Humanities,TRANSMOGRIFICATION,true
dædalra giedwisan,ang,1,ltr,Digital Humanities,TRANSMOGRIFICATION,true
digeatlice menschliht,ang,1,ltr,Digital Humanities,TRANSMOGRIFICATION,true
ụ̀fọ́k ọ̀rọ̀ íkpè ékérésiṭ,ann,1,ltr,Digital Humanities,STRUCTURAL_ABSENCE,true
ọfọn ọbọkọ ọnọ,ann,1,ltr,Digital Humanities,STRUCTURAL_ABSENCE,true
ogbe ọmọ ụwa,ann,1,ltr,Digital Humanities,STRUCTURAL_ABSENCE,true
ọdịmma nsọpụrụ nke-elekwa,ann,1,ltr,Digital Humanities,STRUCTURAL_ABSENCE,true
ndị ọbọlọ digital,ann,1,ltr,Digital Humanities,STRUCTURAL_ABSENCE,true
teknoloji insanlar bilimleri,ann,1,ltr,Digital Humanities,STRUCTURAL_ABSENCE,true
ধার্মিক ডিজিটাল,anp,1,ltr,Digital Humanities,TRANSMOGRIFICATION,true
atoni pah neno dijital,aoz,1,ltr,Digital Humanities,STRUCTURAL_ABSENCE,true
humanidade dijital,aoz,1,ltr,Digital Humanities,STRUCTURAL_ABSENCE,true
tataf manusian digital,aoz,1,ltr,Digital Humanities,STRUCTURAL_ABSENCE,true
mɛtɔmɛnɛ,aoz,1,ltr,Digital Humanities,STRUCTURAL_ABSENCE,true
ŋa’a-ŋa’a-diiŋa-ŋa’a-tɔŋɔŋ,aoz,1,ltr,Digital Humanities,STRUCTURAL_ABSENCE,true
ditigala dimanuadisi,aoz,1,ltr,Digital Humanities,STRUCTURAL_ABSENCE,true
komputerika humanistika,aoz,1,ltr,Digital Humanities,STRUCTURAL_ABSENCE,true
الادب الالكتروني,apc,1,rtl,Digital Humanities,TRANSMOGRIFICATION,true
الهنسية الرقمية,apd,1,rtl,Digital Humanities,TRANSMOGRIFICATION,true
إنسانيات رقمية,ar,1,rtl,Digital Humanities,PRODUCTIVE_DISAGREEMENT,true
العلوم البشرية,ar,1,rtl,Digital Humanities,PRODUCTIVE_DISAGREEMENT,true
ܐܢܬܪܣܘܦܝܐ ܕܝܓܝܛܠܝܬܐ,arc,1,rtl,Digital Humanities,TRANSMOGRIFICATION,true
ŋa'aŋŋa ŋa'aŋŋa,asa,1,ltr,Digital Humanities,TRANSMOGRIFICATION,true
digital-tech humanities,ase,1,ltr,Digital Humanities,STRUCTURAL_ABSENCE,true
dėgtalė žmuogėškuma,bat-smg,1,ltr,Digital Humanities,TRANSMOGRIFICATION,true
ڈیجیٹل انسانی زانت,bal,1,rtl,Digital Humanities,TRANSMOGRIFICATION,true
qamyaqta suyutiq,ay,1,ltr,Digital Humanities,STRUCTURAL_ABSENCE,true
tinkay pacha k'intsiyriyki,ay,1,ltr,Digital Humanities,STRUCTURAL_ABSENCE,true
rəqəmsal humanitar elmlər,az,1,ltr,Digital Humanities,PRODUCTIVE_DISAGREEMENT,true
insaniyyətləri,az,1,ltr,Digital Humanities,PRODUCTIVE_DISAGREEMENT,true
dijital insani elmlər,az,1,ltr,Digital Humanities,PRODUCTIVE_DISAGREEMENT,true
dijital ilimler,az,1,ltr,Digital Humanities,PRODUCTIVE_DISAGREEMENT,true
dəyiq insanlar,az,1,ltr,Digital Humanities,PRODUCTIVE_DISAGREEMENT,true
һанлы гуманитар фәндәр,ba,1,ltr,Digital Humanities,TRANSMOGRIFICATION,true
цифрлы гуманитар фәндәр,ba,1,ltr,Digital Humanities,TRANSMOGRIFICATION,true
санлы гуманитар фәндәр,ba,1,ltr,Digital Humanities,TRANSMOGRIFICATION,true
дигиталь башҡортостан фәндәре,ba,1,ltr,Digital Humanities,TRANSMOGRIFICATION,true
диджиталдык археология,ba,1,ltr,Digital Humanities,TRANSMOGRIFICATION,true
дигитал әнсамлык,ba,1,ltr,Digital Humanities,TRANSMOGRIFICATION,true
رێكخستني زانست و تكنولوجي دجيتال,bal,1,rtl,Digital Humanities,TRANSMOGRIFICATION,true
디지털 히우먼티즈,ase,1,ltr,Digital Humanities,STRUCTURAL_ABSENCE,true
kahayunan digital,ban,1,ltr,Digital Humanities,STRUCTURAL_ABSENCE,true
kultural digital,ban,1,ltr,Digital Humanities,STRUCTURAL_ABSENCE,true
bhāsā digitala manusya vidyā,bap,1,ltr,Digital Humanities,TRANSMOGRIFICATION,true
di-ji-ta-la ma-na-bi-sa,bap,1,ltr,Digital Humanities,TRANSMOGRIFICATION,true
dzidziyomuva komunita,bap,1,ltr,Digital Humanities,TRANSMOGRIFICATION,true
hamwali digitale,bap,1,ltr,Digital Humanities,TRANSMOGRIFICATION,true
digitale geisteswissnschoftn,bar,1,ltr,Digital Humanities,TRANSMOGRIFICATION,true
digitale geisteswissnschaft,bar,1,ltr,Digital Humanities,TRANSMOGRIFICATION,true
bìkàŋ bi ńlèm i kompyuta,bas,1,ltr,Digital Humanities,STRUCTURAL_ABSENCE,true
minkana ya digital,bas,1,ltr,Digital Humanities,STRUCTURAL_ABSENCE,true
bɔ́ŋgɔ́lɔ́ bwa mɛ́dɛ́nɛ́,bas,1,ltr,Digital Humanities,STRUCTURAL_ABSENCE,true
mɔ́kɛ̀lɛ̀ tɛ̂ mɛ̀nɛ̀,bas,1,ltr,Digital Humanities,STRUCTURAL_ABSENCE,true
ŋwɛŋŋ-kwaa ŋgɔɔsɔŋ,bas,1,ltr,Digital Humanities,STRUCTURAL_ABSENCE,true
yachay puktin yachay,ay,1,ltr,Digital Humanities,STRUCTURAL_ABSENCE,true
wakcha pacha kamasqa,ay,1,ltr,Digital Humanities,STRUCTURAL_ABSENCE,true
yatiñakana uñt'awi,ay,1,ltr,Digital Humanities,STRUCTURAL_ABSENCE,true
jach'a yatiñanaka uñakipawi,ay,1,ltr,Digital Humanities,STRUCTURAL_ABSENCE,true
humanidaes dixitales,ast,1,ltr,Digital Humanities,TRANSMOGRIFICATION,true
humanidaes digitales,ast,1,ltr,Digital Humanities,TRANSMOGRIFICATION,true
tipatcimo anicinape,atj,1,ltr,Digital Humanities,TRANSMOGRIFICATION,true
kitci otciparik e ici nakatakaniwok,atj,1,ltr,Digital Humanities,TRANSMOGRIFICATION,true
tipatshimowin ka-ishi-kishkikateki,atj,1,ltr,Digital Humanities,TRANSMOGRIFICATION,true
masinahikanicic e ici matce akositcik,atj,1,ltr,Digital Humanities,TRANSMOGRIFICATION,true
nakonâtewinâtciwok,atj,1,ltr,Digital Humanities,TRANSMOGRIFICATION,true
wapimahtiw nepiri,atj,1,ltr,Digital Humanities,TRANSMOGRIFICATION,true
tshishkawiskawiski tikinakwet,atj,1,ltr,Digital Humanities,TRANSMOGRIFICATION,true
inini-manitowik kiskewakan,atj,1,ltr,Digital Humanities,TRANSMOGRIFICATION,true
цифралъулал гуманитариялин абулел,av,1,ltr,Digital Humanities,TRANSMOGRIFICATION,true
цифралъул гiумру,av,1,ltr,Digital Humanities,TRANSMOGRIFICATION,true
цифроваял гуманитариял гiелмаби,av,1,ltr,Digital Humanities,TRANSMOGRIFICATION,true
цифраяб гӏадамалъул гӏелмаби,av,1,ltr,Digital Humanities,TRANSMOGRIFICATION,true
дигиталцӏамиш,av,1,ltr,Digital Humanities,TRANSMOGRIFICATION,true
дигиталнай билингвистик,av,1,ltr,Digital Humanities,TRANSMOGRIFICATION,true
khali-humanitats,av,1,ltr,Digital Humanities,TRANSMOGRIFICATION,true
digitala humani,avk,1,ltr,Digital Humanities,TRANSMOGRIFICATION,true
geltakirafa,avk,1,ltr,Digital Humanities,TRANSMOGRIFICATION,true
digitale suterot,avk,1,ltr,Digital Humanities,TRANSMOGRIFICATION,true
sugdavafa ayoparva,avk,1,ltr,Digital Humanities,TRANSMOGRIFICATION,true
tecsevrupeleem,avk,1,ltr,Digital Humanities,TRANSMOGRIFICATION,true
digitaalisen liiketoiminnan tutkimus,avk,1,ltr,Digital Humanities,TRANSMOGRIFICATION,true
digitalis humanistika,avk,1,ltr,Digital Humanities,TRANSMOGRIFICATION,true
विज्ञान कोंप्यूटर,awa,1,ltr,Digital Humanities,TRANSMOGRIFICATION,true
humanidades digitales uka tuqit yatxataña,ay,1,ltr,Digital Humanities,STRUCTURAL_ABSENCE,true
yatiqañanaka digitala,ay,1,ltr,Digital Humanities,STRUCTURAL_ABSENCE,true
humanidatz digitals,an,1,ltr,Digital Humanities,STRUCTURAL_ABSENCE,true
humanidatz dixitals,an,1,ltr,Digital Humanities,STRUCTURAL_ABSENCE,true
humanidatz dichitals,an,1,ltr,Digital Humanities,STRUCTURAL_ABSENCE,true
адыгэм ишъхьа,ady,1,ltr,Digital Humanities,TRANSMOGRIFICATION,true
ŋwɔmɛrɛ tɛŋɛ,ach,1,ltr,Digital Humanities,STRUCTURAL_ABSENCE,true
héé-tse'é-yéé-tse'é-yéé-yéé-tse'é,ach,1,ltr,Digital Humanities,STRUCTURAL_ABSENCE,true
dital humaniti,ach,1,ltr,Digital Humanities,STRUCTURAL_ABSENCE,true
omwoyo okwang'om,ach,1,ltr,Digital Humanities,STRUCTURAL_ABSENCE,true
dijitɛɛ nitsɔɔ kɛ ŋmɛɔyɔɔ,ada,1,ltr,Digital Humanities,STRUCTURAL_ABSENCE,true
adesaa miimɛ kɛ nɔ́ nɔ́ kɛ hɛnɔmi,ada,1,ltr,Digital Humanities,STRUCTURAL_ABSENCE,true
mɛtɔ́lɛ wɔ́tɔ́,ada,1,ltr,Digital Humanities,STRUCTURAL_ABSENCE,true
nuumo ŋɔɔi ŋleshie,ada,1,ltr,Digital Humanities,STRUCTURAL_ABSENCE,true
digitla hwnimanses,ada,1,ltr,Digital Humanities,STRUCTURAL_ABSENCE,true
nyansapo ne nyansapomaa,ada,1,ltr,Digital Humanities,STRUCTURAL_ABSENCE,true
цифровэ гуманитар iэщiагъэхэр,ady,1,ltr,Digital Humanities,TRANSMOGRIFICATION,true
цифрэрэ гуманитарнэ лъэныкъуэхэмрэ,ady,1,ltr,Digital Humanities,TRANSMOGRIFICATION,true
цифрэ гуманитарнэ шiэныгъэхэр,ady,1,ltr,Digital Humanities,TRANSMOGRIFICATION,true
дигитал гуманитори,ady,1,ltr,Digital Humanities,TRANSMOGRIFICATION,true
ditigilu kumanistisi,amo,1,ltr,Digital Humanities,STRUCTURAL_ABSENCE,true
диджиталдз хумантиз,ady,1,ltr,Digital Humanities,TRANSMOGRIFICATION,true
дигиталны хуманитари,ady,1,ltr,Digital Humanities,TRANSMOGRIFICATION,true
المنظور الرقمي للإنسانيات,aeb,1,rtl,Digital Humanities,TRANSMOGRIFICATION,true
digitale geesteswetenskappe,af,1,ltr,Digital Humanities,TRANSMOGRIFICATION,true
digitale menslikhede,af,1,ltr,Digital Humanities,TRANSMOGRIFICATION,true
digitale mensenwetenskappe,af,1,ltr,Digital Humanities,TRANSMOGRIFICATION,true
digitale menslike wetenskap,af,1,ltr,Digital Humanities,TRANSMOGRIFICATION,true
dijitali ubinadamu,afh,1,ltr,Digital Humanities,TRANSMOGRIFICATION,true
humanitashe digitale,afh,1,ltr,Digital Humanities,TRANSMOGRIFICATION,true
nkɔsoɔ nsɛm kakraba,afh,1,ltr,Digital Humanities,TRANSMOGRIFICATION,true
dilitig humaniti,afh,1,ltr,Digital Humanities,TRANSMOGRIFICATION,true
digitali humanistika,afh,1,ltr,Digital Humanities,TRANSMOGRIFICATION,true
ndzə̀ŋə̀ŋə̀ nə̀ mə̀kə̀ŋə̀ mə̀ nə̀ŋə̀ŋə̀,agq,1,ltr,Digital Humanities,STRUCTURAL_ABSENCE,true
dijitaal dhan-dhan pa winyo,ach,1,ltr,Digital Humanities,STRUCTURAL_ABSENCE,true
jamiro me digital,ach,1,ltr,Digital Humanities,STRUCTURAL_ABSENCE,true
ngeyo me dano ma ki komputa,ach,1,ltr,Digital Humanities,STRUCTURAL_ABSENCE,true
teknologi me yore me dano,ach,1,ltr,Digital Humanities,STRUCTURAL_ABSENCE,true
dijital insaanummata,aa,1,ltr,Digital Humanities,TRANSMOGRIFICATION,true
qandali digitaal,aa,1,ltr,Digital Humanities,TRANSMOGRIFICATION,true
dijitaal af-ka taariikhda,aa,1,ltr,Digital Humanities,TRANSMOGRIFICATION,true
dagmajiin dhaqameed,aa,1,ltr,Digital Humanities,TRANSMOGRIFICATION,true
qorri-dhamaa qajeelaa,aa,1,ltr,Digital Humanities,TRANSMOGRIFICATION,true
xidiska soomaaliga,aa,1,ltr,Digital Humanities,TRANSMOGRIFICATION,true
ацифратә гуманитартә ҵарақәа,ab,1,ltr,Digital Humanities,TRANSMOGRIFICATION,true
ацифратә гуманитартә наукақәа,ab,1,ltr,Digital Humanities,TRANSMOGRIFICATION,true
ацифратә хуманитартә ҭҵаарадырратә шьҭахқәа,ab,1,ltr,Digital Humanities,TRANSMOGRIFICATION,true
ацифралырра агуманитарра,ab,1,ltr,Digital Humanities,TRANSMOGRIFICATION,true
адигиталтә гуманитартә зҵаарақәа,ab,1,ltr,Digital Humanities,TRANSMOGRIFICATION,true
аҳәынҭқар ашәышыҟәи,ab,1,ltr,Digital Humanities,TRANSMOGRIFICATION,true
цифралл техникааблаахъуеи,ab,1,ltr,Digital Humanities,TRANSMOGRIFICATION,true
диджиталдык исламтывышы,ab,1,ltr,Digital Humanities,TRANSMOGRIFICATION,true
цифрахь гуманитартә наукақәа,abq,1,ltr,Digital Humanities,TRANSMOGRIFICATION,true
цифровой гуманитарла ӏилмӏла,abq,1,ltr,Digital Humanities,TRANSMOGRIFICATION,true
диджитал гуманитар,abq,1,ltr,Digital Humanities,TRANSMOGRIFICATION,true
цифровой гуманитарлыгьа,abq,1,ltr,Digital Humanities,TRANSMOGRIFICATION,true
абаджыртхэм,abq,1,ltr,Digital Humanities,TRANSMOGRIFICATION,true
дигитал гуманитардикæй,abq,1,ltr,Digital Humanities,TRANSMOGRIFICATION,true
дигитал ӡахьымлар,abq,1,ltr,Digital Humanities,TRANSMOGRIFICATION,true
numérique kɛ humanités,abr,1,ltr,Digital Humanities,STRUCTURAL_ABSENCE,true
kɛlɛmɔnɛ kpɛlɛ,abr,1,ltr,Digital Humanities,STRUCTURAL_ABSENCE,true
ɛbɛn nhyiamu,abr,1,ltr,Digital Humanities,STRUCTURAL_ABSENCE,true
nyansa teknoloji yenni,abr,1,ltr,Digital Humanities,STRUCTURAL_ABSENCE,true
tadabbur digital,ace,1,ltr,Digital Humanities,STRUCTURAL_ABSENCE,true
komputer sastra,ace,1,ltr,Digital Humanities,STRUCTURAL_ABSENCE,true
ndzwiŋ ŋgàŋ ŋwà'à,agq,1,ltr,Digital Humanities,STRUCTURAL_ABSENCE,true
mɔyɛŋ mɛtɛ,agq,1,ltr,Digital Humanities,STRUCTURAL_ABSENCE,true
ŋwɛŋwɛŋ ŋgɔɔm,agq,1,ltr,Digital Humanities,STRUCTURAL_ABSENCE,true
cimiĝanax̂ aĝaludax̂,ale,1,ltr,Digital Humanities,STRUCTURAL_ABSENCE,true
kadugin agitaadax̂,ale,1,ltr,Digital Humanities,STRUCTURAL_ABSENCE,true
tunugaq qanruq,ale,1,ltr,Digital Humanities,STRUCTURAL_ABSENCE,true
angyag ałigmaxĝigx̂,ale,1,ltr,Digital Humanities,STRUCTURAL_ABSENCE,true
tunulilliq ilihiliigviian,ale,1,ltr,Digital Humanities,STRUCTURAL_ABSENCE,true
kablusiak digital,ale,1,ltr,Digital Humanities,STRUCTURAL_ABSENCE,true
shkencat njerëzore digjitale,aln,1,ltr,Digital Humanities,TRANSMOGRIFICATION,true
shkencat digjitale njerëzore,aln,1,ltr,Digital Humanities,TRANSMOGRIFICATION,true
dijitala njerëzorija,aln,1,ltr,Digital Humanities,TRANSMOGRIFICATION,true
dyntikë kulturasha,aln,1,ltr,Digital Humanities,TRANSMOGRIFICATION,true
humane të digjitale,aln,1,ltr,Digital Humanities,TRANSMOGRIFICATION,true
digitale humanitäärwidusschaft,als,1,ltr,Digital Humanities,TRANSMOGRIFICATION,true
digitale menschwiss,als,1,ltr,Digital Humanities,TRANSMOGRIFICATION,true
санарлу гуманитарлу билимдер,alt,1,ltr,Digital Humanities,TRANSMOGRIFICATION,true
сандык гуманитарлык билим,alt,1,ltr,Digital Humanities,TRANSMOGRIFICATION,true
цифрлык гуманитарлык билимдер,alt,1,ltr,Digital Humanities,TRANSMOGRIFICATION,true
kööküngürüngün kül'dür,alt,1,ltr,Digital Humanities,TRANSMOGRIFICATION,true
туруг-аачынар бичии-хуу,alt,1,ltr,Digital Humanities,TRANSMOGRIFICATION,true
диджиталдик дүйнөлүк,alt,1,ltr,Digital Humanities,TRANSMOGRIFICATION,true
дигиталны әдәләр,alt,1,ltr,Digital Humanities,TRANSMOGRIFICATION,true
ዲጂታል ሰውነት,am,1,ltr,Digital Humanities,STRUCTURAL_ABSENCE,true
ዲጂታል ሰብአዊ ጥናቶች,am,1,ltr,Digital Humanities,STRUCTURAL_ABSENCE,true
ᵟኸ ᇂሐሧኚ,am,1,ltr,Digital Humanities,STRUCTURAL_ABSENCE,true
ዲጂታል ባህላዊ ጥናት,am,1,ltr,Digital Humanities,STRUCTURAL_ABSENCE,true
digital minignawonah,am,1,ltr,Digital Humanities,STRUCTURAL_ABSENCE,true
ዲግራል ሓላቢት,am,1,ltr,Digital Humanities,STRUCTURAL_ABSENCE,true
pangdigitong sining,amo,1,ltr,Digital Humanities,STRUCTURAL_ABSENCE,true
humanaĵoj numeralaj,amo,1,ltr,Digital Humanities,STRUCTURAL_ABSENCE,true
aanax̂tux̂ aleutiiĝii digital-aa,ale,1,ltr,Digital Humanities,STRUCTURAL_ABSENCE,true
humanistika digitale,akz,1,ltr,Digital Humanities,STRUCTURAL_ABSENCE,true
mvog gufaamologii,agq,1,ltr,Digital Humanities,STRUCTURAL_ABSENCE,true
dijital damas,akz,1,ltr,Digital Humanities,STRUCTURAL_ABSENCE,true
ܐܢܬܪܢܝܬܐ ܕܝܓܝܛܠܝܬܐ,aii,1,ltr,Digital Humanities,TRANSMOGRIFICATION,true
ܝܘܼܠܦܵܢܹ̈ܐ ܐ̱ܢܵܫܵܝܹ̈ܐ ܕܸܓ݂ܝܼܛܵܠܵܝܹ̈ܐ,aii,1,ltr,Digital Humanities,TRANSMOGRIFICATION,true
ܡܕܥܢܘܬܐ ܕܓܝܛܠܝܬܐ,aii,1,ltr,Digital Humanities,TRANSMOGRIFICATION,true
ܟܬܒܐ ܕܡܚܘܙܝܐ,aii,1,ltr,Digital Humanities,TRANSMOGRIFICATION,true
ܣܝ̈ܘܬܐ ܕܡܕܢܝ̈ܐ ܘܣܝ̈ܘܬܐ ܕܐܢܫܘܬܐ,aii,1,ltr,Digital Humanities,TRANSMOGRIFICATION,true
ܕܝܠܝܚܐ ܢܘܪܝܢ,aii,1,ltr,Digital Humanities,TRANSMOGRIFICATION,true
デジタル ウタㇱマチ,ain,1,ltr,Digital Humanities,TRANSMOGRIFICATION,true
テキタ アイヌイタㇰ,ain,1,ltr,Digital Humanities,TRANSMOGRIFICATION,true
カンピソシ イランカラㇷ゚ アエㇷ゚カㇱ,ain,1,ltr,Digital Humanities,TRANSMOGRIFICATION,true
kunukay iyay,ain,1,ltr,Digital Humanities,TRANSMOGRIFICATION,true
ペーシ・イナ・イナ・ウニ・ケ・シウ,ain,1,ltr,Digital Humanities,TRANSMOGRIFICATION,true
dkara usaamrra,ain,1,ltr,Digital Humanities,TRANSMOGRIFICATION,true
dijita abasobɔdeɛ,ak,1,ltr,Digital Humanities,STRUCTURAL_ABSENCE,true
digital nnipa ho adesua,ak,1,ltr,Digital Humanities,STRUCTURAL_ABSENCE,true
nnipa nsɛm ho adesua a ɛfa nkɔsoɔ mfiridwuma ho,ak,1,ltr,Digital Humanities,STRUCTURAL_ABSENCE,true
humenisi digital,ak,1,ltr,Digital Humanities,STRUCTURAL_ABSENCE,true
nkabom nti kwakuasafo nkwantanansa,ak,1,ltr,Digital Humanities,STRUCTURAL_ABSENCE,true
𒁹𒄿𒈾𒀀𒈾𒄿𒈾𒀀,akk,1,ltr,Digital Humanities,TRANSMOGRIFICATION,true
ḫisbu ša ṣibitti,akk,1,ltr,Digital Humanities,TRANSMOGRIFICATION,true
ṭupšarrūtu ša qāt mê,akk,1,ltr,Digital Humanities,TRANSMOGRIFICATION,true
awīlūtu ṣalmānu,akk,1,ltr,Digital Humanities,TRANSMOGRIFICATION,true
tārītum ša dīgir,akk,1,ltr,Digital Humanities,TRANSMOGRIFICATION,true
dìm-ma-aḫḫē-e šu-ú,akk,1,ltr,Digital Humanities,TRANSMOGRIFICATION,true
tabletsūtu numāḫu,akk,1,ltr,Digital Humanities,TRANSMOGRIFICATION,true
marduṭi šamānu šarrūti,akk,1,ltr,Digital Humanities,TRANSMOGRIFICATION,true
bakbakbi chokma isht aabachi,akz,1,ltr,Digital Humanities,STRUCTURAL_ABSENCE,true
tayka p'unchay,akz,1,ltr,Digital Humanities,STRUCTURAL_ABSENCE,true
mwariwari huini,bas,1,ltr,Digital Humanities,STRUCTURAL_ABSENCE,true
skaitmenė humanėstėka,bat-smg,1,ltr,Digital Humanities,TRANSMOGRIFICATION,true
humano-digitali,car,1,ltr,Digital Humanities,STRUCTURAL_ABSENCE,true
ډیجیټل انساني علوم,brh,1,rtl,Digital Humanities,TRANSMOGRIFICATION,true
ditigal huamini,bqv,1,ltr,Digital Humanities,STRUCTURAL_ABSENCE,true
humanitá digitália,bqv,1,ltr,Digital Humanities,STRUCTURAL_ABSENCE,true
skiantoù mab-den niverel,br,1,ltr,Digital Humanities,TRANSMOGRIFICATION,true
arzoù dizital,br,1,ltr,Digital Humanities,TRANSMOGRIFICATION,true
lennegiezh niverel,br,1,ltr,Digital Humanities,TRANSMOGRIFICATION,true
denelouriezh niverel,br,1,ltr,Digital Humanities,TRANSMOGRIFICATION,true
ardivinklizerezhioù digitel,br,1,ltr,Digital Humanities,TRANSMOGRIFICATION,true
mammennoù degemerel,br,1,ltr,Digital Humanities,TRANSMOGRIFICATION,true
dyreiniad digitaleg,br,1,ltr,Digital Humanities,TRANSMOGRIFICATION,true
kevit-matematig ar sonjaouern,br,1,ltr,Digital Humanities,TRANSMOGRIFICATION,true
dharmik sanskriti digital,bra,1,ltr,Digital Humanities,STRUCTURAL_ABSENCE,true
विराट मानव विज्ञान,bra,1,ltr,Digital Humanities,STRUCTURAL_ABSENCE,true
ڈیجیٹل انسانیاتی,brh,1,rtl,Digital Humanities,TRANSMOGRIFICATION,true
ڕێگەی دەزگەیی زانست و ئەدیباتی ئەلیکترونی,brh,1,rtl,Digital Humanities,TRANSMOGRIFICATION,true
teknoloji digitál humanitaria,bsq,1,ltr,Digital Humanities,STRUCTURAL_ABSENCE,true
دیجیٹل بشریوں کا معلوماتی حقوق,brh,1,rtl,Digital Humanities,TRANSMOGRIFICATION,true
डिजिटल मानाबिज्ञान,brx,1,ltr,Digital Humanities,STRUCTURAL_ABSENCE,true
डिजिटेल मानबिथिं,brx,1,ltr,Digital Humanities,STRUCTURAL_ABSENCE,true
डिजिटल ह्युमानिटिज,brx,1,ltr,Digital Humanities,STRUCTURAL_ABSENCE,true
ডিজিটাল মানৱীয় বিদ্যা,brx,1,ltr,Digital Humanities,STRUCTURAL_ABSENCE,true
ɔ-ɗiŋgital ɔ-nɛɛr,bsc,1,ltr,Digital Humanities,STRUCTURAL_ABSENCE,true
kɔmputa sɛnɛtɩ,bsc,1,ltr,Digital Humanities,STRUCTURAL_ABSENCE,true
bààssi ŋààndìi ŋààndìi,bsc,1,ltr,Digital Humanities,STRUCTURAL_ABSENCE,true
dijitale dëkkfònt,bsc,1,ltr,Digital Humanities,STRUCTURAL_ABSENCE,true
baasiri digitaal humaaniitii,bsc,1,ltr,Digital Humanities,STRUCTURAL_ABSENCE,true
kpɔn-ɖo-ŋmɛnɛ,bsq,1,ltr,Digital Humanities,STRUCTURAL_ABSENCE,true
dijitaal humanities,bsq,1,ltr,Digital Humanities,STRUCTURAL_ABSENCE,true
ŋgɔɔsɔɔ ŋcɛŋkɛŋ,bsq,1,ltr,Digital Humanities,STRUCTURAL_ABSENCE,true
wáŋgá-wáŋgá-kóŋó-wáŋgá-kóŋó,bqv,1,ltr,Digital Humanities,STRUCTURAL_ABSENCE,true
korokai tivakal,bqv,1,ltr,Digital Humanities,STRUCTURAL_ABSENCE,true
دیجیتال علوم بشریت,bqi,1,rtl,Digital Humanities,TRANSMOGRIFICATION,true
هندسه دیجیتال,bqi,1,rtl,Digital Humanities,TRANSMOGRIFICATION,true
hakilitigiw ni mɔgɔw ka kunnafoniw,bm,1,ltr,Digital Humanities,STRUCTURAL_ABSENCE,true
hadama fanga ni digital,bm,1,ltr,Digital Humanities,STRUCTURAL_ABSENCE,true
terejji niɔni,bm,1,ltr,Digital Humanities,STRUCTURAL_ABSENCE,true
digitaru mansa,bm,1,ltr,Digital Humanities,STRUCTURAL_ABSENCE,true
soroma sigiya,bm,1,ltr,Digital Humanities,STRUCTURAL_ABSENCE,true
yimidisibi na yirima,bm,1,ltr,Digital Humanities,STRUCTURAL_ABSENCE,true
dijitali humane,bmq,1,ltr,Digital Humanities,STRUCTURAL_ABSENCE,true
kɛmɛnɔŋ kpɛlɛ,bmq,1,ltr,Digital Humanities,STRUCTURAL_ABSENCE,true
dijital-humanita,bmq,1,ltr,Digital Humanities,STRUCTURAL_ABSENCE,true
digitale huiminjie,bmq,1,ltr,Digital Humanities,STRUCTURAL_ABSENCE,true
nyansa-twafo nkabom,bmq,1,ltr,Digital Humanities,STRUCTURAL_ABSENCE,true
ডিজিটাল মানবিক,bn,1,ltr,Digital Humanities,TRANSMOGRIFICATION,true
ডিজিটাল মানবিকী,bn,1,ltr,Digital Humanities,TRANSMOGRIFICATION,true
ডিজিটাল মানবিক শিক্ষা,bn,1,ltr,Digital Humanities,TRANSMOGRIFICATION,true
ধ数নীয় বিজ্ঞান,bn,1,ltr,Digital Humanities,TRANSMOGRIFICATION,true
ডিজিটাল ম্যানসকর্তা,bn,1,ltr,Digital Humanities,TRANSMOGRIFICATION,true
གཟའ་རིགས་གྲུབ་བརྒྱུད,bo,1,ltr,Digital Humanities,TRANSMOGRIFICATION,true
གློག་ཀླད་མི་རིགས་རིག་གནས།,bo,1,ltr,Digital Humanities,TRANSMOGRIFICATION,true
གྲངས་འཛིན་མིའི་རིག་གནས།,bo,1,ltr,Digital Humanities,TRANSMOGRIFICATION,true
དྲ་རྒྱའི་མིའི་རིག་གཞུང་།,bo,1,ltr,Digital Humanities,TRANSMOGRIFICATION,true
dpe skad rig gnas,bo,1,ltr,Digital Humanities,TRANSMOGRIFICATION,true
སྒྱུ་རྩིས་མི་འབྲས་ཡུལ་,bo,1,ltr,Digital Humanities,TRANSMOGRIFICATION,true
ཡིག་སྒོམ་པའི་བྱང་ཆུབ,bo,1,ltr,Digital Humanities,TRANSMOGRIFICATION,true
digitika ḥumānyat,bpy,1,ltr,Digital Humanities,TRANSMOGRIFICATION,true
উইডিয়াল মানব শিক্ষা,bpy,1,ltr,Digital Humanities,TRANSMOGRIFICATION,true
بومدنی علوم انسانی,bqi,1,rtl,Digital Humanities,TRANSMOGRIFICATION,true
رێزه‌ڵگه‌یه‌که‌یه‌که‌ ئه‌دیجیتال و مه‌رده‌که‌,bqi,1,rtl,Digital Humanities,TRANSMOGRIFICATION,true
dijital kultur,bsq,1,ltr,Digital Humanities,STRUCTURAL_ABSENCE,true
mbɛ́d mə́ bɛsɔ́ŋ bə kɔ́mpyútə,bss,1,ltr,Digital Humanities,STRUCTURAL_ABSENCE,true
dėdėkuomenių mokslā,bat-smg,1,ltr,Digital Humanities,TRANSMOGRIFICATION,true
ewondong ndu,byv,1,ltr,Digital Humanities,STRUCTURAL_ABSENCE,true
дэлхийн бүтээгдэхүүний уран зориулалт,bxr,1,ltr,Digital Humanities,TRANSMOGRIFICATION,true
дижитал нюутаатан,bxr,1,ltr,Digital Humanities,TRANSMOGRIFICATION,true
диджитал дүрсэлснээр эмчилгээн,bxr,1,ltr,Digital Humanities,TRANSMOGRIFICATION,true
хөдөлмөрийн хэрхэн,bxr,1,ltr,Digital Humanities,TRANSMOGRIFICATION,true
ብሊን ስነ ስርዓት ውህብቶታት,byn,1,ltr,Digital Humanities,TRANSMOGRIFICATION,true
ዲጂታል ሰብአዊ ምሁርነት,byn,1,ltr,Digital Humanities,TRANSMOGRIFICATION,true
kʉlɛmɛnɪtɪkɪ tɪmɪdɪjɪ,byn,1,ltr,Digital Humanities,TRANSMOGRIFICATION,true
tëru-dëgë-tëŋ-dëŋ,byn,1,ltr,Digital Humanities,TRANSMOGRIFICATION,true
digtiga huumaintsi,byn,1,ltr,Digital Humanities,TRANSMOGRIFICATION,true
humanitaitis digitale,byn,1,ltr,Digital Humanities,TRANSMOGRIFICATION,true
mbə̀ŋ nɨ̀ndàʼ njɨ̀ŋ,byv,1,ltr,Digital Humanities,STRUCTURAL_ABSENCE,true
mɛdʉmʉg mɛdʉmʉg mɛdʉmʉg,byv,1,ltr,Digital Humanities,STRUCTURAL_ABSENCE,true
mɛ̀yɔ́mɛ̀nɛ̀ tɛ̂kɛ̀,byv,1,ltr,Digital Humanities,STRUCTURAL_ABSENCE,true
digitale huwaministerei,byv,1,ltr,Digital Humanities,STRUCTURAL_ABSENCE,true
nììtì kììtì,bss,1,ltr,Digital Humanities,STRUCTURAL_ABSENCE,true
tulkas-telcontar ar-estelar,byv,1,ltr,Digital Humanities,STRUCTURAL_ABSENCE,true
kaaɲa tiɲɛ,bze,1,ltr,Digital Humanities,STRUCTURAL_ABSENCE,true
kalan-ɲɛfɔli ni kalan-ɲɛfɔli-kɛcogo,bze,1,ltr,Digital Humanities,STRUCTURAL_ABSENCE,true
dijitali hanuman,bze,1,ltr,Digital Humanities,STRUCTURAL_ABSENCE,true
tumanduɗoɓeɓe,bze,1,ltr,Digital Humanities,STRUCTURAL_ABSENCE,true
bɛɛdɛɛn ŋun ŋun ŋɔɔsɔɔ,bze,1,ltr,Digital Humanities,STRUCTURAL_ABSENCE,true
dijitali dimanta,bze,1,ltr,Digital Humanities,STRUCTURAL_ABSENCE,true
no exact translation available,bze,1,ltr,Digital Humanities,STRUCTURAL_ABSENCE,true
yukatan kamanari,car,1,ltr,Digital Humanities,STRUCTURAL_ABSENCE,true
karìna auran digital,car,1,ltr,Digital Humanities,STRUCTURAL_ABSENCE,true
kamɛnɛ wɔtɛrɛ,car,1,ltr,Digital Humanities,STRUCTURAL_ABSENCE,true
lèsman dijital,car,1,ltr,Digital Humanities,STRUCTURAL_ABSENCE,true
fanm santi,car,1,ltr,Digital Humanities,STRUCTURAL_ABSENCE,true
диджитал хьюманитис,bxr,1,ltr,Digital Humanities,TRANSMOGRIFICATION,true
тоон гуманитарна эрдэмүүд,bxr,1,ltr,Digital Humanities,TRANSMOGRIFICATION,true
digitaal mensweete,bvb,1,ltr,Digital Humanities,STRUCTURAL_ABSENCE,true
kɛlɛmɛnɔŋɛ kpɛlɛ,bvb,1,ltr,Digital Humanities,STRUCTURAL_ABSENCE,true
bɔ́ŋgɔ́lɔ́ bá mɛ́dɛ́nɛ́ mɛ́ ákɔ́ɔ́sɛ́,bss,1,ltr,Digital Humanities,STRUCTURAL_ABSENCE,true
mwanga' mbili ya kifalsafa,bss,1,ltr,Digital Humanities,STRUCTURAL_ABSENCE,true
ŋɔɔŋ-kɔɔŋ-bɛɛŋ-dɔŋ-ŋɔɔŋ,bss,1,ltr,Digital Humanities,STRUCTURAL_ABSENCE,true
digiital nigiti,bss,1,ltr,Digital Humanities,STRUCTURAL_ABSENCE,true
humanitaji digitale,bss,1,ltr,Digital Humanities,STRUCTURAL_ABSENCE,true
pag-aaral nin digital na kagadanan,bto,1,ltr,Digital Humanities,STRUCTURAL_ABSENCE,true
bàtì-dígìtāl,btv,1,ltr,Digital Humanities,STRUCTURAL_ABSENCE,true
sotuf siyences,btv,1,ltr,Digital Humanities,STRUCTURAL_ABSENCE,true
тоон хүнэй эрдэм ухаан,bua,1,ltr,Digital Humanities,TRANSMOGRIFICATION,true
дижитал хүмүүнлиг,bua,1,ltr,Digital Humanities,TRANSMOGRIFICATION,true
диджитал хүмүүнлиг,bua,1,ltr,Digital Humanities,TRANSMOGRIFICATION,true
дигитал хүмүүн зүй,bua,1,ltr,Digital Humanities,TRANSMOGRIFICATION,true
дижитал нюутаг уулал,bua,1,ltr,Digital Humanities,TRANSMOGRIFICATION,true
хэрэглэх энциклопедий,bua,1,ltr,Digital Humanities,TRANSMOGRIFICATION,true
wababa wawewe,buc,1,ltr,Digital Humanities,STRUCTURAL_ABSENCE,true
bushi: kambinga bilengi,buc,1,ltr,Digital Humanities,STRUCTURAL_ABSENCE,true
ŋaŋaŋa ŋaŋaŋaŋ,buc,1,ltr,Digital Humanities,STRUCTURAL_ABSENCE,true
yūjitsu ningen kagaku,buc,1,ltr,Digital Humanities,STRUCTURAL_ABSENCE,true
ᨀᨗᨑᨗᨈᨗ ᨕᨔᨙᨂᨙ,bug,1,ltr,Digital Humanities,STRUCTURAL_ABSENCE,true
kulturni digital,bug,1,ltr,Digital Humanities,STRUCTURAL_ABSENCE,true
minkukuma mi nkɔbɔ mi ntɛnɛ,bum,1,ltr,Digital Humanities,STRUCTURAL_ABSENCE,true
bikôkôlô bidi digital,bum,1,ltr,Digital Humanities,STRUCTURAL_ABSENCE,true
mvom a nlôk a nkôb a nnem,bum,1,ltr,Digital Humanities,STRUCTURAL_ABSENCE,true
ŋɔmɛrɛ kpaɣa,bum,1,ltr,Digital Humanities,STRUCTURAL_ABSENCE,true
bòtánnɛ́ bɛ́ rìbótò,bvb,1,ltr,Digital Humanities,STRUCTURAL_ABSENCE,true
bwanga bwa digital,bvb,1,ltr,Digital Humanities,STRUCTURAL_ABSENCE,true
bóólo bóólo la nkóró,bvb,1,ltr,Digital Humanities,STRUCTURAL_ABSENCE,true
dijitalu cɛninw,bm,1,ltr,Digital Humanities,STRUCTURAL_ABSENCE,true
hadamadenw ka dɔnniya nimɔrɔma,bm,1,ltr,Digital Humanities,STRUCTURAL_ABSENCE,true
văn học điện tử,blt,1,ltr,Digital Humanities,TRANSMOGRIFICATION,true
seni budaya digital,bew,1,ltr,Digital Humanities,STRUCTURAL_ABSENCE,true
dijitaal insaaniyat,bej,1,rtl,Digital Humanities,TRANSMOGRIFICATION,true
ናይ ምግባህስ ሰዲሆም,bej,1,rtl,Digital Humanities,TRANSMOGRIFICATION,true
numerek humanita,bej,1,rtl,Digital Humanities,TRANSMOGRIFICATION,true
ditigla nutsieni,bej,1,rtl,Digital Humanities,TRANSMOGRIFICATION,true
ubuntunse bwa citabo,bem,1,ltr,Digital Humanities,STRUCTURAL_ABSENCE,true
ukwiba abantu,bem,1,ltr,Digital Humanities,STRUCTURAL_ABSENCE,true
ubuntungwa bwa pa intaneti,bem,1,ltr,Digital Humanities,STRUCTURAL_ABSENCE,true
ubuntungwa bwa dijitolo,bem,1,ltr,Digital Humanities,STRUCTURAL_ABSENCE,true
umunthu wa digital,bem,1,ltr,Digital Humanities,STRUCTURAL_ABSENCE,true
mukhuku wa digital,bem,1,ltr,Digital Humanities,STRUCTURAL_ABSENCE,true
ubupindula bwa dijitali,bem,1,ltr,Digital Humanities,STRUCTURAL_ABSENCE,true
mufundishu digitaali,bem,1,ltr,Digital Humanities,STRUCTURAL_ABSENCE,true
ilmu manusia digital,bew,1,ltr,Digital Humanities,STRUCTURAL_ABSENCE,true
kɛlɛmɛnɔŋ kɛ kɩsɛrɛ,bez,1,ltr,Digital Humanities,STRUCTURAL_ABSENCE,true
dkawm laj,blt,1,ltr,Digital Humanities,TRANSMOGRIFICATION,true
bena ŋɔɔm dii,bez,1,ltr,Digital Humanities,STRUCTURAL_ABSENCE,true
digi talabtawer,bez,1,ltr,Digital Humanities,STRUCTURAL_ABSENCE,true
hamisho ya digitale mifunguni,bez,1,ltr,Digital Humanities,STRUCTURAL_ABSENCE,true
டிஜிட்டல் மனிதவியல்,bfq,1,ltr,Digital Humanities,TRANSMOGRIFICATION,true
kōḍiṭuḷa vāḻkai,bfq,1,ltr,Digital Humanities,TRANSMOGRIFICATION,true
digita manavavijñāna,bfq,1,ltr,Digital Humanities,TRANSMOGRIFICATION,true
திசைப்பு மனிதகாலை,bfq,1,ltr,Digital Humanities,TRANSMOGRIFICATION,true
ಬೆಡಿಗಲ್ ಮನವಾದ ಹಿಂಸ್ಕರಿ,bfq,1,ltr,Digital Humanities,TRANSMOGRIFICATION,true
གནས་སྐབས་གཞིས་གཞུང་དང་འབྲེལ་བའི་དངོས་གྲུབ།,bft,1,rtl,Digital Humanities,TRANSMOGRIFICATION,true
dijitāl mānuskrīt,bft,1,rtl,Digital Humanities,TRANSMOGRIFICATION,true
dijitāl vidyāvidyā,bfy,1,ltr,Digital Humanities,TRANSMOGRIFICATION,true
dʒiɗal ɗumana,bfy,1,ltr,Digital Humanities,TRANSMOGRIFICATION,true
teknoloji ya insanu wa diguwali,bfy,1,ltr,Digital Humanities,TRANSMOGRIFICATION,true
ديجتال تِمرتاي,bej,1,rtl,Digital Humanities,TRANSMOGRIFICATION,true
ترجمة غير متوفرة,bej,1,rtl,Digital Humanities,TRANSMOGRIFICATION,true
дзэйтэрыйны кантык,be-x-old,1,ltr,Digital Humanities,TRANSMOGRIFICATION,true
дыгітальная гуманістыка,be-x-old,1,ltr,Digital Humanities,TRANSMOGRIFICATION,true
skaitmeniuomenės žmogūstėškė,bat-smg,1,ltr,Digital Humanities,TRANSMOGRIFICATION,true
tinktinė humanitarijos,bat-smg,1,ltr,Digital Humanities,TRANSMOGRIFICATION,true
ɔ̀sɔ̀ŋ ŋgɔ̀mɔ̀m,bax,1,ltr,Digital Humanities,STRUCTURAL_ABSENCE,true
njǔ nshɨ̀ nùmnkɨ̀,bax,1,ltr,Digital Humanities,STRUCTURAL_ABSENCE,true
ꚳꚫꚳꚫꚳꚫ ꚳꚫꚳꚫꚳꚫ,bax,1,ltr,Digital Humanities,STRUCTURAL_ABSENCE,true
mɛyɔŋ mɛtɛlɛ,bax,1,ltr,Digital Humanities,STRUCTURAL_ABSENCE,true
ŋgwan-ŋgwan ŋwun-ŋwun,bax,1,ltr,Digital Humanities,STRUCTURAL_ABSENCE,true
mundem njedelem dimbellela digital,bax,1,ltr,Digital Humanities,STRUCTURAL_ABSENCE,true
mbonge mbonwe ya mbonge,bax,1,ltr,Digital Humanities,STRUCTURAL_ABSENCE,true
ilmu pengetahuan digital ni jolma,bbc,1,ltr,Digital Humanities,STRUCTURAL_ABSENCE,true
uran data parsaungan,bbc,1,ltr,Digital Humanities,STRUCTURAL_ABSENCE,true
purba digital,bbc,1,ltr,Digital Humanities,STRUCTURAL_ABSENCE,true
humanaite digita,bbc,1,ltr,Digital Humanities,STRUCTURAL_ABSENCE,true
sran’m be su like suanlɛ,bci,1,ltr,Digital Humanities,STRUCTURAL_ABSENCE,true
nwêlê nnɔlɔ kɔtɔn,bci,1,ltr,Digital Humanities,STRUCTURAL_ABSENCE,true
numérique nin humanités,bci,1,ltr,Digital Humanities,STRUCTURAL_ABSENCE,true
akiliɛnɛnɛ kɛ digital,bci,1,ltr,Digital Humanities,STRUCTURAL_ABSENCE,true
nglɛlɛ kpɛnngbɛn sɔ,bci,1,ltr,Digital Humanities,STRUCTURAL_ABSENCE,true
kɔmputa fàsò,bci,1,ltr,Digital Humanities,STRUCTURAL_ABSENCE,true
kpakpàn ŋgblɛ ŋgblɛ,bci,1,ltr,Digital Humanities,STRUCTURAL_ABSENCE,true
ditanilo dihumaniti,bci,1,ltr,Digital Humanities,STRUCTURAL_ABSENCE,true
mga pag - eksister nin tawo,bcl,1,ltr,Digital Humanities,STRUCTURAL_ABSENCE,true
digital na humanidad,bcl,1,ltr,Digital Humanities,STRUCTURAL_ABSENCE,true
mga humanidades digital,bcl,1,ltr,Digital Humanities,STRUCTURAL_ABSENCE,true
дыджітальныя гуманітарыі,be,1,ltr,Digital Humanities,TRANSMOGRIFICATION,true
дыгітальная гуманітарыстыка,be,1,ltr,Digital Humanities,TRANSMOGRIFICATION,true
дзэйтэрыйн гуманістыка,be,1,ltr,Digital Humanities,TRANSMOGRIFICATION,true
дигитални хуманитарни науки,bg,1,ltr,Digital Humanities,TRANSMOGRIFICATION,true
дигитални хуманитаристики,bg,1,ltr,Digital Humanities,TRANSMOGRIFICATION,true
дигитални човешки науки,bg,1,ltr,Digital Humanities,TRANSMOGRIFICATION,true
nkɨŋ ghɔ ndu nɨ kɔmpyuta,bkm,1,ltr,Digital Humanities,STRUCTURAL_ABSENCE,true
téyók tètè,bkm,1,ltr,Digital Humanities,STRUCTURAL_ABSENCE,true
ŋɔɔm diɛmɛŋ,bkm,1,ltr,Digital Humanities,STRUCTURAL_ABSENCE,true
digiitala mwathinazini,bkm,1,ltr,Digital Humanities,STRUCTURAL_ABSENCE,true
kɔ́mɔ̀ tʃɛ́n wɔ́ ɲɔ́ kɔ́mɔ̀ tʃɛ́n tʃɛ́n,bkm,1,ltr,Digital Humanities,STRUCTURAL_ABSENCE,true
digital na pag-aaral ng tao,bku,1,ltr,Digital Humanities,STRUCTURAL_ABSENCE,true
ᝆᝒᝇᝓᝑᝒ ᝆᝓᝇᝓᝑᝓᝇᝓ,bku,1,ltr,Digital Humanities,STRUCTURAL_ABSENCE,true
kasaysayan sa digital,bku,1,ltr,Digital Humanities,STRUCTURAL_ABSENCE,true
pangdigital nga kahumanag,bku,1,ltr,Digital Humanities,STRUCTURAL_ABSENCE,true
tudyo sa digitala,bku,1,ltr,Digital Humanities,STRUCTURAL_ABSENCE,true
makina panitikan,bku,1,ltr,Digital Humanities,STRUCTURAL_ABSENCE,true
iksikáí'pii niitsitapiiksi,bla,1,ltr,Digital Humanities,STRUCTURAL_ABSENCE,true
nitsikaistsi'tsimaan iiksstakioyiiksi,bla,1,ltr,Digital Humanities,STRUCTURAL_ABSENCE,true
áísínai’pi omiiksi’tsi’p,bla,1,ltr,Digital Humanities,STRUCTURAL_ABSENCE,true
akihkiksiwakihkamâtisiwin,bla,1,ltr,Digital Humanities,STRUCTURAL_ABSENCE,true
iniksuwátsima niitsitsíkwahsi,bla,1,ltr,Digital Humanities,STRUCTURAL_ABSENCE,true
napi kahkwa:mihska:tiwin,bla,1,ltr,Digital Humanities,STRUCTURAL_ABSENCE,true
kinipihtowinaan-iskwewakawin awasisikowinaan,bla,1,ltr,Digital Humanities,STRUCTURAL_ABSENCE,true
kɔmpita mɛ ɖenɖe ɖɔhun,blo,1,ltr,Digital Humanities,STRUCTURAL_ABSENCE,true
agbọ́-ìwé-àti-ìwádìí-àgbékalẹ̀,blo,1,ltr,Digital Humanities,STRUCTURAL_ABSENCE,true
aŋmɛɛnɩ kɩtɛɛnɩ yɛlɩm,blo,1,ltr,Digital Humanities,STRUCTURAL_ABSENCE,true
ŋiɣaʔaɬiʔaɬ,blo,1,ltr,Digital Humanities,STRUCTURAL_ABSENCE,true
kʷáʔaʔ ʔúʔúʔ ʔúʔúʔ ʔúʔúʔ,blo,1,ltr,Digital Humanities,STRUCTURAL_ABSENCE,true
ວິທະຍາສາດດິຈິຕອນ,blt,1,ltr,Digital Humanities,TRANSMOGRIFICATION,true
ꪫꪸꪀꪕꪱꪫꪀꪱꪣ ꪀꪱꪣꪣꪱꪕꪮꪣ,blt,1,ltr,Digital Humanities,TRANSMOGRIFICATION,true
ວິທະຍາສາດມະນຸດດິຈິຕອນ,blt,1,ltr,Digital Humanities,TRANSMOGRIFICATION,true
ʔɛeːm kʰaːm lɯŋ,blt,1,ltr,Digital Humanities,TRANSMOGRIFICATION,true
lèe-khɔ̀ɔ-sʉ̀ʉ-dɔɔ-hɔɔ-sʉ̀ʉ,blt,1,ltr,Digital Humanities,TRANSMOGRIFICATION,true
ndzəŋ ŋwà' ŋkùm,bkm,1,ltr,Digital Humanities,STRUCTURAL_ABSENCE,true
dijitāl mānviyata,bjj,1,ltr,Digital Humanities,TRANSMOGRIFICATION,true
дигитални хуманитаристика,bg,1,ltr,Digital Humanities,TRANSMOGRIFICATION,true
teknoloji digitali n'ingwomansa,bin,1,ltr,Digital Humanities,STRUCTURAL_ABSENCE,true
ડિજિટલ મનેજમેન્ટ,bgc,1,ltr,Digital Humanities,TRANSMOGRIFICATION,true
دجیتل مہارتون,bgn,1,rtl,Digital Humanities,TRANSMOGRIFICATION,true
رێكخوازه‌ي ديجيتال,bgn,1,rtl,Digital Humanities,TRANSMOGRIFICATION,true
دیجیتال بشهریوت,bgn,1,rtl,Digital Humanities,TRANSMOGRIFICATION,true
dijital insaniyetler,bgx,1,ltr,Digital Humanities,STRUCTURAL_ABSENCE,true
sayısal insanlık bilimleri,bgx,1,ltr,Digital Humanities,STRUCTURAL_ABSENCE,true
диджитал хуманитарлык,bgx,1,ltr,Digital Humanities,STRUCTURAL_ABSENCE,true
sanat ve insanat iletişimi,bgx,1,ltr,Digital Humanities,STRUCTURAL_ABSENCE,true
dijital dilbilim,bgx,1,ltr,Digital Humanities,STRUCTURAL_ABSENCE,true
ḍijiṭal manav-śastr,bhb,1,ltr,Digital Humanities,TRANSMOGRIFICATION,true
छापत मानव विज्ञान,bhb,1,ltr,Digital Humanities,TRANSMOGRIFICATION,true
ḍigital manunā,bhi,1,ltr,Digital Humanities,STRUCTURAL_ABSENCE,true
दिलिटल ह्यूमनाइटीज,bhi,1,ltr,Digital Humanities,STRUCTURAL_ABSENCE,true
ol fasin blong man we oli no isi,bi,1,ltr,Digital Humanities,STRUCTURAL_ABSENCE,true
saed blong humaniti we i yusum digital teknoloji,bi,1,ltr,Digital Humanities,STRUCTURAL_ABSENCE,true
humanties bilokal,bi,1,ltr,Digital Humanities,STRUCTURAL_ABSENCE,true
im humanities digital,bi,1,ltr,Digital Humanities,STRUCTURAL_ABSENCE,true
digitim huamini,bi,1,ltr,Digital Humanities,STRUCTURAL_ABSENCE,true
humana ol sembeti,bi,1,ltr,Digital Humanities,STRUCTURAL_ABSENCE,true
sarong humanidad digital,bik,1,ltr,Digital Humanities,STRUCTURAL_ABSENCE,true
mga pag-aaral sa digital na pagkatao,bik,1,ltr,Digital Humanities,STRUCTURAL_ABSENCE,true
ọghe ẹmwi ọkpa komputa,bin,1,ltr,Digital Humanities,STRUCTURAL_ABSENCE,true
ẹ̀kọ́ àgbáyé tí a fi ẹ̀rọ̀ ṣe,bin,1,ltr,Digital Humanities,STRUCTURAL_ABSENCE,true
ọmwan-ẹdo nọ ọkọkọ,bin,1,ltr,Digital Humanities,STRUCTURAL_ABSENCE,true
ọnọ̀ ọmọnẹ́ ọ̀hẹnẹ̀,bin,1,ltr,Digital Humanities,STRUCTURAL_ABSENCE,true
ìgìgìọ́ ẹ̀kún,bin,1,ltr,Digital Humanities,STRUCTURAL_ABSENCE,true
dijital dilbilimleri,bin,1,ltr,Digital Humanities,STRUCTURAL_ABSENCE,true
digitale humanistiken,frr,1,ltr,Digital Humanities,TRANSMOGRIFICATION,true
digitaal humaniteeten,frr,1,ltr,Digital Humanities,TRANSMOGRIFICATION,true
malu a bantu a ku enternete,lua,1,ltr,Digital Humanities,TRANSMOGRIFICATION,true
цифровӧй гуманитарнӧй наукаэз,koi,1,ltr,Digital Humanities,TRANSMOGRIFICATION,true
ಡಿಜಿಟಲ್ ಹ್ಯುಮಾನಿಟೀಸ್,kn,1,ltr,Digital Humanities,TRANSMOGRIFICATION,true
ಡಿಜಿಟಲ್ ಮಾನವಿಕ ಶಾಸ್ತ್ರಗಳು,kn,1,ltr,Digital Humanities,TRANSMOGRIFICATION,true
ಸಂಕೇತೀಯ ಮಾನವಿಕ学,kn,1,ltr,Digital Humanities,TRANSMOGRIFICATION,true
ಡಿಜಿಟಲ್ ಮನಸ್ಸ್ವಿನಿಕೆ,kn,1,ltr,Digital Humanities,TRANSMOGRIFICATION,true
dijital humano,knf,1,ltr,Digital Humanities,STRUCTURAL_ABSENCE,true
kuɗumɛŋɔ kɔlɔmɛ,knf,1,ltr,Digital Humanities,STRUCTURAL_ABSENCE,true
dijital ʔɨnani,knf,1,ltr,Digital Humanities,STRUCTURAL_ABSENCE,true
muhumani digitana,knf,1,ltr,Digital Humanities,STRUCTURAL_ABSENCE,true
humanitats digil,knf,1,ltr,Digital Humanities,STRUCTURAL_ABSENCE,true
digtal bhumika,knn,1,ltr,Digital Humanities,TRANSMOGRIFICATION,true
ಡಿಜಿಟಲ್ ಮನಸ್ಕರ್ಷಿಕ,knn,1,ltr,Digital Humanities,TRANSMOGRIFICATION,true
디지털 인문학,ko,1,ltr,Digital Humanities,PRODUCTIVE_DISAGREEMENT,true
호백 총울을 사시침,ko,1,ltr,Digital Humanities,PRODUCTIVE_DISAGREEMENT,true
цифраӧн гуманитарӧн,koi,1,ltr,Digital Humanities,TRANSMOGRIFICATION,true
gbiyaa luyan-dunyea,kpe,1,ltr,Digital Humanities,STRUCTURAL_ABSENCE,true
цифраа гуманитарнӧй наукаэз,koi,1,ltr,Digital Humanities,TRANSMOGRIFICATION,true
дигитальные гуманитарии,koi,1,ltr,Digital Humanities,TRANSMOGRIFICATION,true
дигитальны жанарылама,koi,1,ltr,Digital Humanities,TRANSMOGRIFICATION,true
digtitala manushyavishva vignan,kok,1,ltr,Digital Humanities,TRANSMOGRIFICATION,true
ಜಿಡಿಟಲ್ ಮನವಾದತೆ,kok,1,ltr,Digital Humanities,TRANSMOGRIFICATION,true
mwet luti ke kompyuta,kos,1,ltr,Digital Humanities,STRUCTURAL_ABSENCE,true
sikrihk pahpah met,kos,1,ltr,Digital Humanities,STRUCTURAL_ABSENCE,true
kamalit kastom bilong teknoloji,kos,1,ltr,Digital Humanities,STRUCTURAL_ABSENCE,true
mwan'wun e-lōk,kos,1,ltr,Digital Humanities,STRUCTURAL_ABSENCE,true
digitale huumaniyatu,kos,1,ltr,Digital Humanities,STRUCTURAL_ABSENCE,true
kɔmputa-kɛ́ɣá pɔ́lɔ ɓelai,kpe,1,ltr,Digital Humanities,STRUCTURAL_ABSENCE,true
kɔlɔŋ kpɛlɛɛ kpɛlɛɛ,kpe,1,ltr,Digital Humanities,STRUCTURAL_ABSENCE,true
kpɛlɛɛ kpɔŋ kɔlɔŋ kɛɛ,kpe,1,ltr,Digital Humanities,STRUCTURAL_ABSENCE,true
ಡಿಜಿಟಲ್ ಮಾನವಿಕಗಳು,kn,1,ltr,Digital Humanities,TRANSMOGRIFICATION,true
kukanda ya dijitáli,kmb,1,ltr,Digital Humanities,STRUCTURAL_ABSENCE,true
muxima wa tekinologia ya kimbundu,kmb,1,ltr,Digital Humanities,STRUCTURAL_ABSENCE,true
mahamba a dijitale,kmb,1,ltr,Digital Humanities,STRUCTURAL_ABSENCE,true
цифрлық гуманитаристика,kk,1,ltr,Digital Humanities,TRANSMOGRIFICATION,true
цифрлық гуманитарлық зерттеулер,kk,1,ltr,Digital Humanities,TRANSMOGRIFICATION,true
диджиталдық ғылымдар,kk,1,ltr,Digital Humanities,TRANSMOGRIFICATION,true
дигитальные гуманитарные науки,kk,1,ltr,Digital Humanities,TRANSMOGRIFICATION,true
mɛndɛ́ŋ ɛ́ mɛkɔ́ŋ ɛ́ bɛ́lɛ́,kkj,1,ltr,Digital Humanities,STRUCTURAL_ABSENCE,true
kakɔmɛnɛtɩkɩ ɖɔmɛnɛsɩ,kkj,1,ltr,Digital Humanities,STRUCTURAL_ABSENCE,true
dhigitali nanu,kkj,1,ltr,Digital Humanities,STRUCTURAL_ABSENCE,true
digitalimik inuussutissarsiorneq,kl,1,ltr,Digital Humanities,TRANSMOGRIFICATION,true
digitalimik inuiaqatigiinnik ilisimatusarneq,kl,1,ltr,Digital Humanities,TRANSMOGRIFICATION,true
inuiaqqat ilinniartitaanerat digitaliusut,kl,1,ltr,Digital Humanities,TRANSMOGRIFICATION,true
digitaliusi humaniora,kl,1,ltr,Digital Humanities,TRANSMOGRIFICATION,true
atuakkiortut inuiaqatigiit,kl,1,ltr,Digital Humanities,TRANSMOGRIFICATION,true
nukissut atuakkiaq,kl,1,ltr,Digital Humanities,TRANSMOGRIFICATION,true
ileqqortuunikuut,kl,1,ltr,Digital Humanities,TRANSMOGRIFICATION,true
digitale mímanngittiteqatigiissuseqatigissarneqqutit,kl,1,ltr,Digital Humanities,TRANSMOGRIFICATION,true
sinendet ak teknolojisiek,kln,1,ltr,Digital Humanities,STRUCTURAL_ABSENCE,true
nyakaloliatab kibindab kompyuta,kln,1,ltr,Digital Humanities,STRUCTURAL_ABSENCE,true
kibendo ne biktaab,kln,1,ltr,Digital Humanities,STRUCTURAL_ABSENCE,true
tunaweza kijamii,kln,1,ltr,Digital Humanities,STRUCTURAL_ABSENCE,true
koomosik kitala,kln,1,ltr,Digital Humanities,STRUCTURAL_ABSENCE,true
kipinyezi ya kimutaa digital,kln,1,ltr,Digital Humanities,STRUCTURAL_ABSENCE,true
មនុស្សធម៌ឌីជីថល។,km,1,ltr,Digital Humanities,STRUCTURAL_ABSENCE,true
មនុស្សវិទ្យាឌីជីថល,km,1,ltr,Digital Humanities,STRUCTURAL_ABSENCE,true
មនុស្ससាស្ត្រឌីជីថល,km,1,ltr,Digital Humanities,STRUCTURAL_ABSENCE,true
វិទ្យាសាស្ត្រដែលមានប្រព័ន្ធ,km,1,ltr,Digital Humanities,STRUCTURAL_ABSENCE,true
វិជ្ជាជីវៈឌីជីថល,km,1,ltr,Digital Humanities,STRUCTURAL_ABSENCE,true
សាម្ពរទីធំដិផ្នែក,km,1,ltr,Digital Humanities,STRUCTURAL_ABSENCE,true
gbe'e ŋbɔŋ ŋbɔŋ,kpe,1,ltr,Digital Humanities,STRUCTURAL_ABSENCE,true
libertye digitali,kpe,1,ltr,Digital Humanities,STRUCTURAL_ABSENCE,true
санлы гуманитар билимлер,kum,1,ltr,Digital Humanities,TRANSMOGRIFICATION,true
ndiŋgɛl ŋgɛl-ŋgɛl,ksf,1,ltr,Digital Humanities,STRUCTURAL_ABSENCE,true
digitali humanitietit,krl,1,ltr,Digital Humanities,TRANSMOGRIFICATION,true
திக்கு மென் அறிவியல்,kru,1,ltr,Digital Humanities,STRUCTURAL_ABSENCE,true
ḍigital manush ḍiŋga,kru,1,ltr,Digital Humanities,STRUCTURAL_ABSENCE,true
మాద్యమిక మనవసీయతలు,kru,1,ltr,Digital Humanities,STRUCTURAL_ABSENCE,true
ڈِجِٹَل اِنسانیات,ks,1,rtl,Digital Humanities,TRANSMOGRIFICATION,true
ufundi wa kibinadamu wa dijiti,ksb,1,ltr,Digital Humanities,TRANSMOGRIFICATION,true
zhilakai tivuwa,ksb,1,ltr,Digital Humanities,TRANSMOGRIFICATION,true
𐓛𐓘𐓛𐓙𐓛 𐓛𐓘𐓛𐓙𐓛𐓣𐓛𐓘𐓛𐓙𐓛,ksb,1,ltr,Digital Humanities,TRANSMOGRIFICATION,true
dzindabandabu,ksb,1,ltr,Digital Humanities,TRANSMOGRIFICATION,true
kompyuta-ingisani njinga,ksb,1,ltr,Digital Humanities,TRANSMOGRIFICATION,true
bɨ́kàŋ bí ǹtɛ̀ŋ bí digital,ksf,1,ltr,Digital Humanities,STRUCTURAL_ABSENCE,true
bɛ́ɛ́ mɛ́nɛ́ nkɔ́ŋ nkɔ́ŋ,ksf,1,ltr,Digital Humanities,STRUCTURAL_ABSENCE,true
mɛ̀yɔ́mɛ̀nɛ̀ tɛ̂kɛ̀lɛ́,ksf,1,ltr,Digital Humanities,STRUCTURAL_ABSENCE,true
ndipet ọkpa afiọwet,ksf,1,ltr,Digital Humanities,STRUCTURAL_ABSENCE,true
ilmu adamganabe zamanbe,kr,1,ltr,Digital Humanities,STRUCTURAL_ABSENCE,true
digital huhmannaade,ksh,1,ltr,Digital Humanities,STRUCTURAL_ABSENCE,true
dijjitahl jeisteswesseschaffe,ksh,1,ltr,Digital Humanities,STRUCTURAL_ABSENCE,true
digitaal minscheweßeschaffte,ksh,1,ltr,Digital Humanities,STRUCTURAL_ABSENCE,true
digitaal humaniß,ksh,1,ltr,Digital Humanities,STRUCTURAL_ABSENCE,true
digitale humaneetik,ksh,1,ltr,Digital Humanities,STRUCTURAL_ABSENCE,true
mirovahiyên dîjîtal,ku,1,ltr,Digital Humanities,STRUCTURAL_ABSENCE,true
humanities dîjîtal,ku,1,ltr,Digital Humanities,STRUCTURAL_ABSENCE,true
زانستە مرۆڤییە دیجیتاڵەکان,ku,1,ltr,Digital Humanities,STRUCTURAL_ABSENCE,true
زانستە دیجیتاڵییەکانی مرۆڤایەتی,ku,1,ltr,Digital Humanities,STRUCTURAL_ABSENCE,true
mirovnasîya dîjîtal,ku,1,ltr,Digital Humanities,STRUCTURAL_ABSENCE,true
bingehînên dijîtî,ku,1,ltr,Digital Humanities,STRUCTURAL_ABSENCE,true
nermalîya dijîtal,ku,1,ltr,Digital Humanities,STRUCTURAL_ABSENCE,true
humanî digital,ku,1,ltr,Digital Humanities,STRUCTURAL_ABSENCE,true
digitaalihumanistika,krl,1,ltr,Digital Humanities,TRANSMOGRIFICATION,true
digitaalhumanistinen tiento,krl,1,ltr,Digital Humanities,TRANSMOGRIFICATION,true
digitaaline humanitarižed tiedotehtendat,krl,1,ltr,Digital Humanities,TRANSMOGRIFICATION,true
digitaalizet humanitariet,krl,1,ltr,Digital Humanities,TRANSMOGRIFICATION,true
dijital mutanen duniya,kr,1,ltr,Digital Humanities,STRUCTURAL_ABSENCE,true
dijital kəltuwa,kr,1,ltr,Digital Humanities,STRUCTURAL_ABSENCE,true
dijital danƙwai,kr,1,ltr,Digital Humanities,STRUCTURAL_ABSENCE,true
tɔmɛrɛnɛ dɪjɪtɑl,kr,1,ltr,Digital Humanities,STRUCTURAL_ABSENCE,true
dìjital ìyàlàm,kr,1,ltr,Digital Humanities,STRUCTURAL_ABSENCE,true
digitaj ḥamānyar,kr,1,ltr,Digital Humanities,STRUCTURAL_ABSENCE,true
humanitisi digitaal,kr,1,ltr,Digital Humanities,STRUCTURAL_ABSENCE,true
санлы гуманитар илмула,krc,1,ltr,Digital Humanities,TRANSMOGRIFICATION,true
санлы адамны игилиги,krc,1,ltr,Digital Humanities,TRANSMOGRIFICATION,true
цифра гуманитар билимле,krc,1,ltr,Digital Humanities,TRANSMOGRIFICATION,true
digitalniy insanitar,krc,1,ltr,Digital Humanities,TRANSMOGRIFICATION,true
дигитал къуллугъат,krc,1,ltr,Digital Humanities,TRANSMOGRIFICATION,true
диджиталдик гуманитарлык,krc,1,ltr,Digital Humanities,TRANSMOGRIFICATION,true
хэл һызылык,krc,1,ltr,Digital Humanities,TRANSMOGRIFICATION,true
dijital yumantis,kri,1,ltr,Digital Humanities,STRUCTURAL_ABSENCE,true
di digital humanitis,kri,1,ltr,Digital Humanities,STRUCTURAL_ABSENCE,true
dijital yumanti,kri,1,ltr,Digital Humanities,STRUCTURAL_ABSENCE,true
digidal huminaitis,kri,1,ltr,Digital Humanities,STRUCTURAL_ABSENCE,true
demɔri humɔniti,kri,1,ltr,Digital Humanities,STRUCTURAL_ABSENCE,true
digitale humanistike,kri,1,ltr,Digital Humanities,STRUCTURAL_ABSENCE,true
diguil humanitizem,kri,1,ltr,Digital Humanities,STRUCTURAL_ABSENCE,true
mga kaalamhan digital,krj,1,ltr,Digital Humanities,STRUCTURAL_ABSENCE,true
mga pag-aram hin sang digital nga kasaysayan,krj,1,ltr,Digital Humanities,STRUCTURAL_ABSENCE,true
kilalang digital,krj,1,ltr,Digital Humanities,STRUCTURAL_ABSENCE,true
digitaaline humanistiikka,krl,1,ltr,Digital Humanities,TRANSMOGRIFICATION,true
digitualini humanitarni tieteh,krl,1,ltr,Digital Humanities,TRANSMOGRIFICATION,true
digitaalizet humanitiedot,krl,1,ltr,Digital Humanities,TRANSMOGRIFICATION,true
цифрлық гуманитарлық ғылымдар,kk,1,ltr,Digital Humanities,TRANSMOGRIFICATION,true
сандық гуманитарлық ғылымдар,kk,1,ltr,Digital Humanities,TRANSMOGRIFICATION,true
диджиталдүл хуманитарыялык дамуулар,kjh,1,ltr,Digital Humanities,STRUCTURAL_ABSENCE,true
mvuto wa simu,kde,1,ltr,Digital Humanities,STRUCTURAL_ABSENCE,true
a̱lyiat a̱di̱ji̱ta,kcg,1,ltr,Digital Humanities,STRUCTURAL_ABSENCE,true
kwiakwop akaan,kcg,1,ltr,Digital Humanities,STRUCTURAL_ABSENCE,true
kwanbuɗi ɗi-jannu,kcg,1,ltr,Digital Humanities,STRUCTURAL_ABSENCE,true
дигиталні хуманітарныя,kcg,1,ltr,Digital Humanities,STRUCTURAL_ABSENCE,true
budijitali bwe vunhu,kck,1,ltr,Digital Humanities,STRUCTURAL_ABSENCE,true
vunhu hwedhijithali,kck,1,ltr,Digital Humanities,STRUCTURAL_ABSENCE,true
bwando bwa dijitari,kck,1,ltr,Digital Humanities,STRUCTURAL_ABSENCE,true
tlhakanelo la digital,kck,1,ltr,Digital Humanities,STRUCTURAL_ABSENCE,true
buhali bya dijithale,kck,1,ltr,Digital Humanities,STRUCTURAL_ABSENCE,true
muhumhatshwanhu tichitsoyezwe,kck,1,ltr,Digital Humanities,STRUCTURAL_ABSENCE,true
ingubo yomhlope,kck,1,ltr,Digital Humanities,STRUCTURAL_ABSENCE,true
uhimu wa dijiti,kde,1,ltr,Digital Humanities,STRUCTURAL_ABSENCE,true
makala ya kifasihi cha digitali,kde,1,ltr,Digital Humanities,STRUCTURAL_ABSENCE,true
ingawa na teknolojia ya dhiki,kde,1,ltr,Digital Humanities,STRUCTURAL_ABSENCE,true
цифрен хальмг улус,kjh,1,ltr,Digital Humanities,STRUCTURAL_ABSENCE,true
kʼaɬaʔ tʰiɣaʔ,kdt,1,ltr,Digital Humanities,STRUCTURAL_ABSENCE,true
dijitaal hümäni'tii,kdt,1,ltr,Digital Humanities,STRUCTURAL_ABSENCE,true
digiital nātive studējumi,kdt,1,ltr,Digital Humanities,STRUCTURAL_ABSENCE,true
komik digitale humaniteto,kdt,1,ltr,Digital Humanities,STRUCTURAL_ABSENCE,true
umanidadis dijital,kea,1,ltr,Digital Humanities,STRUCTURAL_ABSENCE,true
umanidadi dijital,kea,1,ltr,Digital Humanities,STRUCTURAL_ABSENCE,true
humanidadis digital,kea,1,ltr,Digital Humanities,STRUCTURAL_ABSENCE,true
humanidades dijital,kea,1,ltr,Digital Humanities,STRUCTURAL_ABSENCE,true
bɛ́tɛ́kɛ́nɛ́ bɛ́sɔ́ŋ bɛ́kɛ́nɛ́,ken,1,ltr,Digital Humanities,STRUCTURAL_ABSENCE,true
kĩbaini cha digital,ken,1,ltr,Digital Humanities,STRUCTURAL_ABSENCE,true
këngë-digjitale,ken,1,ltr,Digital Humanities,STRUCTURAL_ABSENCE,true
विज्ञान को डिजिटल,kfy,1,ltr,Digital Humanities,TRANSMOGRIFICATION,true
bantu ya dijital,kg,1,ltr,Digital Humanities,STRUCTURAL_ABSENCE,true
a̱humanities a̱digital,kcg,1,ltr,Digital Humanities,STRUCTURAL_ABSENCE,true
a̱lyiat a̱tso,kcg,1,ltr,Digital Humanities,STRUCTURAL_ABSENCE,true
кырым энэт,kca,1,ltr,Digital Humanities,TRANSMOGRIFICATION,true
дигиталы дүнөмий,kca,1,ltr,Digital Humanities,TRANSMOGRIFICATION,true
mvulana yasimu,kam,1,ltr,Digital Humanities,STRUCTURAL_ABSENCE,true
husika na uchaguzi digitali,kam,1,ltr,Digital Humanities,STRUCTURAL_ABSENCE,true
intlangano zokuphepha kwesinye,kao,1,ltr,Digital Humanities,STRUCTURAL_ABSENCE,true
diĝita humaĵeco,kao,1,ltr,Digital Humanities,STRUCTURAL_ABSENCE,true
digiitali himnainsi,kao,1,ltr,Digital Humanities,STRUCTURAL_ABSENCE,true
ᬤᬶᬚᬶᬢ᭄ᬮ᭄ ᬳᬸᬫᬦ᭄ᬢ,kaw,1,ltr,Digital Humanities,STRUCTURAL_ABSENCE,true
saṅkhyāṅka mānuṣaśāstra,kaw,1,ltr,Digital Humanities,STRUCTURAL_ABSENCE,true
dijital manuṣaśāstra,kaw,1,ltr,Digital Humanities,STRUCTURAL_ABSENCE,true
kawi: dhātumāyādhikāra,kaw,1,ltr,Digital Humanities,STRUCTURAL_ABSENCE,true
bhuwita manusa,kaw,1,ltr,Digital Humanities,STRUCTURAL_ABSENCE,true
wimang'u mwanafasi nyota,kaw,1,ltr,Digital Humanities,STRUCTURAL_ABSENCE,true
wangsa sastra manusia,kaw,1,ltr,Digital Humanities,STRUCTURAL_ABSENCE,true
цифровэ гуманитар щiэныгъэхэр,kbd,1,ltr,Digital Humanities,TRANSMOGRIFICATION,true
цифрэрэ гуманитарнэ лъэпкъыгъуэхэр,kbd,1,ltr,Digital Humanities,TRANSMOGRIFICATION,true
цифрэ гуманитарнэ щӏэныгъэхэр,kbd,1,ltr,Digital Humanities,TRANSMOGRIFICATION,true
адыгэм хьэрыпс,kbd,1,ltr,Digital Humanities,TRANSMOGRIFICATION,true
дигитал щӏыбцӏэр,kbd,1,ltr,Digital Humanities,TRANSMOGRIFICATION,true
дигиталны адыгэхэр,kbd,1,ltr,Digital Humanities,TRANSMOGRIFICATION,true
kəlmə dijital,kbl,1,ltr,Digital Humanities,TRANSMOGRIFICATION,true
tɔmɛnɛ dɛ wɔrɔ,kbl,1,ltr,Digital Humanities,TRANSMOGRIFICATION,true
dijiital ìyàl,kbl,1,ltr,Digital Humanities,TRANSMOGRIFICATION,true
nrwàk n ìtérèndà díjìlòk,kbl,1,ltr,Digital Humanities,TRANSMOGRIFICATION,true
teknoloji ya njambi,kbl,1,ltr,Digital Humanities,TRANSMOGRIFICATION,true
цифровой гуманитарный наукаяӈ,kca,1,ltr,Digital Humanities,TRANSMOGRIFICATION,true
цифра юнтас,kca,1,ltr,Digital Humanities,TRANSMOGRIFICATION,true
köpäkäšaŋiŋ külä,kca,1,ltr,Digital Humanities,TRANSMOGRIFICATION,true
дигиталлы гуманитарлы пакăр,kca,1,ltr,Digital Humanities,TRANSMOGRIFICATION,true
mambu ya mfunu yina bantu ketudilaka ntima,kg,1,ltr,Digital Humanities,STRUCTURAL_ABSENCE,true
bantu ya mambu ya kimvuka ya dijitali,kg,1,ltr,Digital Humanities,STRUCTURAL_ABSENCE,true
malongi ma nkembo ya dizhitale,kg,1,ltr,Digital Humanities,STRUCTURAL_ABSENCE,true
ũhoro wa dijitali,ki,1,ltr,Digital Humanities,TRANSMOGRIFICATION,true
ũhoro wa andũ na tekinorojĩ,ki,1,ltr,Digital Humanities,TRANSMOGRIFICATION,true
muthamaki wa digitali,ki,1,ltr,Digital Humanities,TRANSMOGRIFICATION,true
gĩthaka ũrĩa rĩa kĩmũtĩrĩ na ng'ondu,ki,1,ltr,Digital Humanities,TRANSMOGRIFICATION,true
muhimmiyani digitini,ki,1,ltr,Digital Humanities,TRANSMOGRIFICATION,true
husika wa diguita,ki,1,ltr,Digital Humanities,TRANSMOGRIFICATION,true
humanîteyê dîjîtalî,kiu,1,ltr,Digital Humanities,TRANSMOGRIFICATION,true
zanistên mirovî yên dîjîtal,kiu,1,ltr,Digital Humanities,TRANSMOGRIFICATION,true
rêjînara hunerya dîjîtal,kiu,1,ltr,Digital Humanities,TRANSMOGRIFICATION,true
هۆکمەتی چوورکانار,kiu,1,ltr,Digital Humanities,TRANSMOGRIFICATION,true
kala u na etaleko liwa li na sha novanhu,kj,1,ltr,Digital Humanities,STRUCTURAL_ABSENCE,true
omahulumenta gadigital,kj,1,ltr,Digital Humanities,STRUCTURAL_ABSENCE,true
oundjolowele dhomapangelo,kj,1,ltr,Digital Humanities,STRUCTURAL_ABSENCE,true
omandjelelo gopadigital,kj,1,ltr,Digital Humanities,STRUCTURAL_ABSENCE,true
ouhamba wondjokonona yokutunga,kj,1,ltr,Digital Humanities,STRUCTURAL_ABSENCE,true
tjihoka ya digital,kj,1,ltr,Digital Humanities,STRUCTURAL_ABSENCE,true
maaŋi-ŋuŋi ŋwē,kj,1,ltr,Digital Humanities,STRUCTURAL_ABSENCE,true
ການຮຽນຮູ້ດ້ານມະນຸດສາດດິຈິຕອນ,kjg,1,ltr,Digital Humanities,STRUCTURAL_ABSENCE,true
ວິທະຍາສາດມະນຸດສາດດິຈິຕອລ,kjg,1,ltr,Digital Humanities,STRUCTURAL_ABSENCE,true
ດິຈິຕອນ ມະນຸດສາດ,kjg,1,ltr,Digital Humanities,STRUCTURAL_ABSENCE,true
ʔɛm kʰuːm tɕiˈkʰaːn,kjg,1,ltr,Digital Humanities,STRUCTURAL_ABSENCE,true
nvam laj huaet,kjg,1,ltr,Digital Humanities,STRUCTURAL_ABSENCE,true
ເດັດຕິດຕະລາຍຄອນ,kjg,1,ltr,Digital Humanities,STRUCTURAL_ABSENCE,true
цифралығ гуманитарлық,kjh,1,ltr,Digital Humanities,STRUCTURAL_ABSENCE,true
санал гуманитар наукалар,kjh,1,ltr,Digital Humanities,STRUCTURAL_ABSENCE,true
цифралығ гуманитарлығ наукалар,kjh,1,ltr,Digital Humanities,STRUCTURAL_ABSENCE,true
санлы гуманитарлығ ӱгреніглер,kjh,1,ltr,Digital Humanities,STRUCTURAL_ABSENCE,true
köksüü khelengi digital,kjh,1,ltr,Digital Humanities,STRUCTURAL_ABSENCE,true
ũmũndũ wa kĩĩtaratara,ki,1,ltr,Digital Humanities,TRANSMOGRIFICATION,true
mawīra ma gĩkaro kĩa mĩtambo,ki,1,ltr,Digital Humanities,TRANSMOGRIFICATION,true
humanités za digital,kg,1,ltr,Digital Humanities,STRUCTURAL_ABSENCE,true
حیوانتک دیجیٹل,khw,1,rtl,Digital Humanities,TRANSMOGRIFICATION,true
mambu ya nsiku ya kintu ya mbanza,kg,1,ltr,Digital Humanities,STRUCTURAL_ABSENCE,true
mbumi ya nkisi,kg,1,ltr,Digital Humanities,STRUCTURAL_ABSENCE,true
mabanga ya zongisa,kg,1,ltr,Digital Humanities,STRUCTURAL_ABSENCE,true
sikristelemba ya-intanbi,kg,1,ltr,Digital Humanities,STRUCTURAL_ABSENCE,true
mbongo ya digitali,kg,1,ltr,Digital Humanities,STRUCTURAL_ABSENCE,true
tỹ vẽnh kar ag tỹ,kgp,1,ltr,Digital Humanities,STRUCTURAL_ABSENCE,true
kanhgág nén ga vãnh kỹ,kgp,1,ltr,Digital Humanities,STRUCTURAL_ABSENCE,true
vĩnh mũnh mũnh vĩnh kãnhrã,kgp,1,ltr,Digital Humanities,STRUCTURAL_ABSENCE,true
kâñĩwĩ ĩrõwĩ,kgp,1,ltr,Digital Humanities,STRUCTURAL_ABSENCE,true
xwesuva ñi pevakupi,kgp,1,ltr,Digital Humanities,STRUCTURAL_ABSENCE,true
ᦑᦸᧂᦑᦸᧃᦑᦸᧄᦑᦸᧅ,khb,1,ltr,Digital Humanities,TRANSMOGRIFICATION,true
ᦡᦲᦈᦲᧆᦷᦎᦟᦉᦲᧃᦓᦱᦉᦱᦉᧆ,khb,1,ltr,Digital Humanities,TRANSMOGRIFICATION,true
ᦵᦣᧆᦉᦱᧂᧉᦡᦲᦈᦲᧆᦵᦟᧅᦎᦱᦡᦲᦞᦲᧉᦋᦱᧂᧈ,khb,1,ltr,Digital Humanities,TRANSMOGRIFICATION,true
ᥖᥫᥒ᥎ᥕ ᥛᥝᥢᥨ,khb,1,ltr,Digital Humanities,TRANSMOGRIFICATION,true
laakali boŋ-izayyaŋ,khq,1,ltr,Digital Humanities,STRUCTURAL_ABSENCE,true
dijitali adamay kaaru,khq,1,ltr,Digital Humanities,STRUCTURAL_ABSENCE,true
tiwɛrɛtɛnɛ tɔmɔrɛ,khq,1,ltr,Digital Humanities,STRUCTURAL_ABSENCE,true
dijital ŋaamŋ,khq,1,ltr,Digital Humanities,STRUCTURAL_ABSENCE,true
digiital xumanitiyaa,khq,1,ltr,Digital Humanities,STRUCTURAL_ABSENCE,true
taasikka jilaabu,khq,1,ltr,Digital Humanities,STRUCTURAL_ABSENCE,true
ဒီဂျီတယ် မနုဿပညာ,kht,1,ltr,Digital Humanities,STRUCTURAL_ABSENCE,true
ดิจิทัลฮิวแมนนิตี้,kht,1,ltr,Digital Humanities,STRUCTURAL_ABSENCE,true
ၽိၼ်ႇ ၸဝ်ႈ ၶူပ်,kht,1,ltr,Digital Humanities,STRUCTURAL_ABSENCE,true
ၼႃႉၵၢၼ်ၵႂၢမ်းဢၼ်ၵျႅၵ်ႉၵျႅၵ်ႉ,kht,1,ltr,Digital Humanities,STRUCTURAL_ABSENCE,true
ဒီဇိုင်ဘဝနည်းပညာ,kht,1,ltr,Digital Humanities,STRUCTURAL_ABSENCE,true
دیجیٹل انسانيات,khw,1,rtl,Digital Humanities,TRANSMOGRIFICATION,true
دیجیټل هنسنۍ,khw,1,rtl,Digital Humanities,TRANSMOGRIFICATION,true
مدیریتی نوعی های دیجیتال,ku,1,ltr,Digital Humanities,STRUCTURAL_ABSENCE,true
санатлы гуманитар илимлер,kum,1,ltr,Digital Humanities,TRANSMOGRIFICATION,true
makala ya digital,kam,1,ltr,Digital Humanities,STRUCTURAL_ABSENCE,true
wiciyeyapi wašáši,lkt,1,ltr,Digital Humanities,TRANSMOGRIFICATION,true
digiitilise adamiteed,liv,1,ltr,Digital Humanities,STRUCTURAL_ABSENCE,true
teknologi digital manusia,ljp,1,ltr,Digital Humanities,STRUCTURAL_ABSENCE,true
دیجیتاڵ مرۆڤایەتی,lki,1,rtl,Digital Humanities,TRANSMOGRIFICATION,true
ŋiŋgirrųmala,lki,1,rtl,Digital Humanities,TRANSMOGRIFICATION,true
tēnuma tangata,lki,1,rtl,Digital Humanities,TRANSMOGRIFICATION,true
mafutadigitali,lki,1,rtl,Digital Humanities,TRANSMOGRIFICATION,true
humanitaitud digitaalselt,lki,1,rtl,Digital Humanities,TRANSMOGRIFICATION,true
wíyukčaŋ owáŋkaŋkapi,lkt,1,ltr,Digital Humanities,TRANSMOGRIFICATION,true
wíčhožaŋžaŋ wóuŋspe,lkt,1,ltr,Digital Humanities,TRANSMOGRIFICATION,true
wóuŋspe tȟáŋka wičhóuŋspe tȟáŋka,lkt,1,ltr,Digital Humanities,TRANSMOGRIFICATION,true
wóuŋspe tȟokáheya wóuŋspe,lkt,1,ltr,Digital Humanities,TRANSMOGRIFICATION,true
wakíčhaye wiŋ-okíyapi,lkt,1,ltr,Digital Humanities,TRANSMOGRIFICATION,true
oyúȟaŋpi óglála,lkt,1,ltr,Digital Humanities,TRANSMOGRIFICATION,true
wičháša wakȟáŋya wóžuŋtká wičháša,lkt,1,ltr,Digital Humanities,TRANSMOGRIFICATION,true
umanità digitàl,lmo,1,ltr,Digital Humanities,PRODUCTIVE_DISAGREEMENT,true
umanistiches digiteles,lld,1,ltr,Digital Humanities,STRUCTURAL_ABSENCE,true
umanistics digitales,lld,1,ltr,Digital Humanities,STRUCTURAL_ABSENCE,true
umanitês digitela,lld,1,ltr,Digital Humanities,STRUCTURAL_ABSENCE,true
umanitàs digitalis,lld,1,ltr,Digital Humanities,STRUCTURAL_ABSENCE,true
dinèrtal humànt,lld,1,ltr,Digital Humanities,STRUCTURAL_ABSENCE,true
డిజిటల్ మానవశాస్త్రం,lmn,1,ltr,Digital Humanities,TRANSMOGRIFICATION,true
డిజిటల్ మానవత్వం,lmn,1,ltr,Digital Humanities,TRANSMOGRIFICATION,true
డిజిటల్ మానవీయ శాస్త్రం,lmn,1,ltr,Digital Humanities,TRANSMOGRIFICATION,true
digitala humanitaayi,lmn,1,ltr,Digital Humanities,TRANSMOGRIFICATION,true
ज्ञान वा संस्कृति,lmn,1,ltr,Digital Humanities,TRANSMOGRIFICATION,true
informatega umanistega,lmo,1,ltr,Digital Humanities,PRODUCTIVE_DISAGREEMENT,true
scienzi umanistich digitai,lmo,1,ltr,Digital Humanities,PRODUCTIVE_DISAGREEMENT,true
umanistega digitai,lmo,1,ltr,Digital Humanities,PRODUCTIVE_DISAGREEMENT,true
džiɡitarl humanūlas,liv,1,ltr,Digital Humanities,STRUCTURAL_ABSENCE,true
digitaalõ humaanõtõldüs,liv,1,ltr,Digital Humanities,STRUCTURAL_ABSENCE,true
digiālaisa kultūras moksls,liv,1,ltr,Digital Humanities,STRUCTURAL_ABSENCE,true
dikītāl humānitāt,liv,1,ltr,Digital Humanities,STRUCTURAL_ABSENCE,true
digitale geestesweitesjappe,li,1,ltr,Digital Humanities,TRANSMOGRIFICATION,true
digitaal geisteswetenschafte,li,1,ltr,Digital Humanities,TRANSMOGRIFICATION,true
digitaal geisteswetensjappe,li,1,ltr,Digital Humanities,TRANSMOGRIFICATION,true
digitaal gesjiedenis,li,1,ltr,Digital Humanities,TRANSMOGRIFICATION,true
digitale menschawetenschap,li,1,ltr,Digital Humanities,TRANSMOGRIFICATION,true
digitale menswetenskapen,li,1,ltr,Digital Humanities,TRANSMOGRIFICATION,true
अङ्किय मानविकी,lif,1,ltr,Digital Humanities,STRUCTURAL_ABSENCE,true
དིག་སྤུངས་མཛོད་ཀྱི་རིག་པ,lif,1,ltr,Digital Humanities,STRUCTURAL_ABSENCE,true
sciense umañe digitale,lij,1,ltr,Digital Humanities,TRANSMOGRIFICATION,true
umanitæ digitali,lij,1,ltr,Digital Humanities,TRANSMOGRIFICATION,true
umanistiche digitâ,lij,1,ltr,Digital Humanities,TRANSMOGRIFICATION,true
umanitæ digitæ,lij,1,ltr,Digital Humanities,TRANSMOGRIFICATION,true
umanitæ dìgitali,lij,1,ltr,Digital Humanities,TRANSMOGRIFICATION,true
digitali umanistiche,lij,1,ltr,Digital Humanities,TRANSMOGRIFICATION,true
s7íx̱en̓ ḵal̓ s7íx̱en̓ ḵal̓ s7íx̱en̓,lil,1,ltr,Digital Humanities,STRUCTURAL_ABSENCE,true
sx̌íswa7məxw t'axw,lil,1,ltr,Digital Humanities,STRUCTURAL_ABSENCE,true
ʔəyəw ɬəxʷəyəɬ ɬəxʷəyəɬ ʔəyəw,lil,1,ltr,Digital Humanities,STRUCTURAL_ABSENCE,true
xwelilthinuxw dihwa7in,lil,1,ltr,Digital Humanities,STRUCTURAL_ABSENCE,true
sxwíxwéy sq'áwats'elh,lil,1,ltr,Digital Humanities,STRUCTURAL_ABSENCE,true
ꓷꓲꓔꓲꓡ ꓧꓱꓲꓠꓬꓲꓢ,lis,1,ltr,Digital Humanities,TRANSMOGRIFICATION,true
ꓓꓲꓽꓔꓬꓻ ꓐꓬꓽꓡꓳ ꓢꓲꓼꓑꓬ,lis,1,ltr,Digital Humanities,TRANSMOGRIFICATION,true
ၾကႏ ၿို႔ ၽႃႇ,lis,1,ltr,Digital Humanities,TRANSMOGRIFICATION,true
hlih-hlih-khu-khu-hnawm-hnawm-khu-khu-hnawm,lis,1,ltr,Digital Humanities,TRANSMOGRIFICATION,true
ျမန္းစာအသင်း,lis,1,ltr,Digital Humanities,TRANSMOGRIFICATION,true
dīģitālõd īnimesõd,liv,1,ltr,Digital Humanities,STRUCTURAL_ABSENCE,true
digitāļ humanitārtiēd,liv,1,ltr,Digital Humanities,STRUCTURAL_ABSENCE,true
digitālõ humanitiek,liv,1,ltr,Digital Humanities,STRUCTURAL_ABSENCE,true
umanità digitai,lmo,1,ltr,Digital Humanities,PRODUCTIVE_DISAGREEMENT,true
umanitade digital,lmo,1,ltr,Digital Humanities,PRODUCTIVE_DISAGREEMENT,true
дигитал тарих,kum,1,ltr,Digital Humanities,TRANSMOGRIFICATION,true
skaitmeninės humanitarinės mokslai,lt,1,ltr,Digital Humanities,TRANSMOGRIFICATION,true
بومناسخه دیجیتالی,lrc,1,rtl,Digital Humanities,TRANSMOGRIFICATION,true
رێگەی ئەدیجیتالێ بۆ ئەدەبیات و مێژوو,lrc,1,rtl,Digital Humanities,TRANSMOGRIFICATION,true
هندسه ديجيتال,lrc,1,rtl,Digital Humanities,TRANSMOGRIFICATION,true
مجسمات دیجیتالی بنویسه,lrc,1,rtl,Digital Humanities,TRANSMOGRIFICATION,true
obuhanga bwa dijitali mu by'obuntu,lsm,1,ltr,Digital Humanities,STRUCTURAL_ABSENCE,true
utafiti wa kidijitali wa binadamu,lsm,1,ltr,Digital Humanities,STRUCTURAL_ABSENCE,true
obumanyi bwa dijitaali,lsm,1,ltr,Digital Humanities,STRUCTURAL_ABSENCE,true
dáláidit báhccála,lsm,1,ltr,Digital Humanities,STRUCTURAL_ABSENCE,true
digitaal ŋaam,lsm,1,ltr,Digital Humanities,STRUCTURAL_ABSENCE,true
الانسانيات الرقمية,lsm,1,ltr,Digital Humanities,STRUCTURAL_ABSENCE,true
humanitádigi digitaal,lsm,1,ltr,Digital Humanities,STRUCTURAL_ABSENCE,true
skaitmeniniai humanitariniai mokslai,lt,1,ltr,Digital Humanities,TRANSMOGRIFICATION,true
skaitmeninės humanitarikos,lt,1,ltr,Digital Humanities,TRANSMOGRIFICATION,true
skaitmeninė humanitarika,lt,1,ltr,Digital Humanities,TRANSMOGRIFICATION,true
biloko oyo bato bazali na yango,ln,1,ltr,Digital Humanities,STRUCTURAL_ABSENCE,true
dėsinių mokslai,lt,1,ltr,Digital Humanities,TRANSMOGRIFICATION,true
skaitmeninė humanitaristika,lt,1,ltr,Digital Humanities,TRANSMOGRIFICATION,true
digitalinė humanistika,lt,1,ltr,Digital Humanities,TRANSMOGRIFICATION,true
numatytosios humanitarijos,lt,1,ltr,Digital Humanities,TRANSMOGRIFICATION,true
digitaluos humanitaruos zynuotnis,ltg,1,ltr,Digital Humanities,TRANSMOGRIFICATION,true
cyberhumānitārisms,ltg,1,ltr,Digital Humanities,TRANSMOGRIFICATION,true
cifrovuos humanitarūs zynuotnis,ltg,1,ltr,Digital Humanities,TRANSMOGRIFICATION,true
digitaluo humanitaruo zynuotne,ltg,1,ltr,Digital Humanities,TRANSMOGRIFICATION,true
digitaluo humanitare,ltg,1,ltr,Digital Humanities,TRANSMOGRIFICATION,true
dzelzsa māksla,ltg,1,ltr,Digital Humanities,TRANSMOGRIFICATION,true
cipari cilvēku zinātnes,ltg,1,ltr,Digital Humanities,TRANSMOGRIFICATION,true
dyjiklums vïrudzijos,ltg,1,ltr,Digital Humanities,TRANSMOGRIFICATION,true
digitālā humanitāte,ltg,1,ltr,Digital Humanities,TRANSMOGRIFICATION,true
ingwelela ya teknoloji ya masiyane,loz,1,ltr,Digital Humanities,STRUCTURAL_ABSENCE,true
muhumulimi yadigi,loz,1,ltr,Digital Humanities,STRUCTURAL_ABSENCE,true
bung'a ya dijitali,loz,1,ltr,Digital Humanities,STRUCTURAL_ABSENCE,true
mambo a mabuku,loz,1,ltr,Digital Humanities,STRUCTURAL_ABSENCE,true
bato ya mayele na makambo ya digitali,ln,1,ltr,Digital Humanities,STRUCTURAL_ABSENCE,true
bomanɛli ya nimero,ln,1,ltr,Digital Humanities,STRUCTURAL_ABSENCE,true
bato ya mayele ya digital,ln,1,ltr,Digital Humanities,STRUCTURAL_ABSENCE,true
bomoto ya makambo ya nkasa,ln,1,ltr,Digital Humanities,STRUCTURAL_ABSENCE,true
mabisi ya kudumu,ln,1,ltr,Digital Humanities,STRUCTURAL_ABSENCE,true
mabanga ya mbilé,ln,1,ltr,Digital Humanities,STRUCTURAL_ABSENCE,true
mudubantu bokola,ln,1,ltr,Digital Humanities,STRUCTURAL_ABSENCE,true
ມະນຸດສາດດິຈິຕອນ,lo,1,ltr,Digital Humanities,STRUCTURAL_ABSENCE,true
ມະນຸດສາດດິຈິທັລ,lo,1,ltr,Digital Humanities,STRUCTURAL_ABSENCE,true
ป่สวัดล้านเกระ่ม,lo,1,ltr,Digital Humanities,STRUCTURAL_ABSENCE,true
ພັດທະນາອື່ນປະເທດ,lo,1,ltr,Digital Humanities,STRUCTURAL_ABSENCE,true
ປະເພດຕິດລວບຄຳດັງ,lo,1,ltr,Digital Humanities,STRUCTURAL_ABSENCE,true
ᠳ᠋ᠢᠵᠢᠲ᠋ᠠᠯ ᠬᠦᠮᠦᠨ ᠤ ᠤᠬᠠᠭᠠᠨ,lol,1,ltr,Digital Humanities,STRUCTURAL_ABSENCE,true
mpúlí mpúlí ya búkú,lol,1,ltr,Digital Humanities,STRUCTURAL_ABSENCE,true
дигитал бүтээл,lol,1,ltr,Digital Humanities,STRUCTURAL_ABSENCE,true
numérisk menneskjevitskap,lol,1,ltr,Digital Humanities,STRUCTURAL_ABSENCE,true
digtial huumunnis,lol,1,ltr,Digital Humanities,STRUCTURAL_ABSENCE,true
iminité dijital,lou,1,ltr,Digital Humanities,TRANSMOGRIFICATION,true
limenite dijital,lou,1,ltr,Digital Humanities,TRANSMOGRIFICATION,true
lèspri imèn nimerik,lou,1,ltr,Digital Humanities,TRANSMOGRIFICATION,true
dijitèl umànités,lou,1,ltr,Digital Humanities,TRANSMOGRIFICATION,true
lizinm dijital,lou,1,ltr,Digital Humanities,TRANSMOGRIFICATION,true
ditèl hooministis,lou,1,ltr,Digital Humanities,TRANSMOGRIFICATION,true
informatika nan lwen dlo,lou,1,ltr,Digital Humanities,TRANSMOGRIFICATION,true
butalwa bwa diijitala,loz,1,ltr,Digital Humanities,STRUCTURAL_ABSENCE,true
litaba za digitali ni za butu,loz,1,ltr,Digital Humanities,STRUCTURAL_ABSENCE,true
bupilo bwa mubala wa mubala,loz,1,ltr,Digital Humanities,STRUCTURAL_ABSENCE,true
e-bulesasi ya basoga,lg,1,ltr,Digital Humanities,STRUCTURAL_ABSENCE,true
kibalekezo digitali,lg,1,ltr,Digital Humanities,STRUCTURAL_ABSENCE,true
e-nsiinyi y'ebihugu,lg,1,ltr,Digital Humanities,STRUCTURAL_ABSENCE,true
ၾကႈ ၿိမႃႉ,kyu,1,ltr,Digital Humanities,TRANSMOGRIFICATION,true
សាកលិកា ជន្រួម,kxm,1,ltr,Digital Humanities,TRANSMOGRIFICATION,true
डिजिटल मानुसकी,kxp,1,rtl,Digital Humanities,TRANSMOGRIFICATION,true
dhārmiya digitala vidyā,kxp,1,rtl,Digital Humanities,TRANSMOGRIFICATION,true
digita manavashastra,kxp,1,rtl,Digital Humanities,TRANSMOGRIFICATION,true
dijital inimaniyati,kxp,1,rtl,Digital Humanities,TRANSMOGRIFICATION,true
санариптик гуманитардык илимдер,ky,1,ltr,Digital Humanities,TRANSMOGRIFICATION,true
сандык гуманитардык илимдер,ky,1,ltr,Digital Humanities,TRANSMOGRIFICATION,true
дигиталдык адабийят,ky,1,ltr,Digital Humanities,TRANSMOGRIFICATION,true
цифролук гуманитардык илимдер,ky,1,ltr,Digital Humanities,TRANSMOGRIFICATION,true
диджиталдык маданий тилдикlik,ky,1,ltr,Digital Humanities,TRANSMOGRIFICATION,true
дигитал калдырмалары,ky,1,ltr,Digital Humanities,TRANSMOGRIFICATION,true
လေဝ်သၢင်ၥ်ကလုာ်လီၤ,kyu,1,ltr,Digital Humanities,TRANSMOGRIFICATION,true
ဒိဂျိတလ် လူ့ဘာသာရပ်,kyu,1,ltr,Digital Humanities,TRANSMOGRIFICATION,true
hwa ree hwa gaa gwaa,kyu,1,ltr,Digital Humanities,TRANSMOGRIFICATION,true
ezimwe mu nsinda za digital,lg,1,ltr,Digital Humanities,STRUCTURAL_ABSENCE,true
ဒီဇိုင်ဘက်အမျိုးသားစွန်းရည်,kyu,1,ltr,Digital Humanities,TRANSMOGRIFICATION,true
studia humaniora digitalia,la,1,ltr,Digital Humanities,PRODUCTIVE_DISAGREEMENT,true
umanidades dijitales,lad,1,rtl,Digital Humanities,TRANSMOGRIFICATION,true
dyigital haumanistía,lad,1,rtl,Digital Humanities,TRANSMOGRIFICATION,true
obumanyirivu bwa dijito,lag,1,ltr,Digital Humanities,STRUCTURAL_ABSENCE,true
humanities ki digital,lag,1,ltr,Digital Humanities,STRUCTURAL_ABSENCE,true
obuhumane bwa dijitaali,lag,1,ltr,Digital Humanities,STRUCTURAL_ABSENCE,true
tiwala kalamu digital,lag,1,ltr,Digital Humanities,STRUCTURAL_ABSENCE,true
langi: ŋuun-dii-ŋa-ŋa,lag,1,ltr,Digital Humanities,STRUCTURAL_ABSENCE,true
dijital bilimler,lag,1,ltr,Digital Humanities,STRUCTURAL_ABSENCE,true
humanitia digitale,lag,1,ltr,Digital Humanities,STRUCTURAL_ABSENCE,true
digital insān-itikās,lah,1,rtl,Digital Humanities,STRUCTURAL_ABSENCE,true
ਦੀਜਿਟਲ ਮਾਨਵਾਦ,lah,1,rtl,Digital Humanities,STRUCTURAL_ABSENCE,true
លំហរឌីជីថលសិក្សា,kxm,1,ltr,Digital Humanities,TRANSMOGRIFICATION,true
សារព័តវិទ្យា,kxm,1,ltr,Digital Humanities,TRANSMOGRIFICATION,true
វិទ្យាសាស្ត្រមនុស្សឌីជីថល,kxm,1,ltr,Digital Humanities,TRANSMOGRIFICATION,true
sxwelíyexw lákwala,kwk,1,ltr,Digital Humanities,TRANSMOGRIFICATION,true
дигитал инсанлушлуг,kum,1,ltr,Digital Humanities,TRANSMOGRIFICATION,true
диджиталджа гуманитариялар,kum,1,ltr,Digital Humanities,TRANSMOGRIFICATION,true
dijital adamliklar,kum,1,ltr,Digital Humanities,TRANSMOGRIFICATION,true
цифрӧвӧй гуманитарнӧй наукаяс,kv,1,ltr,Digital Humanities,TRANSMOGRIFICATION,true
цифровӧй гуманитарнӧй наукаяс,kv,1,ltr,Digital Humanities,TRANSMOGRIFICATION,true
цифра войтырлысь тӧдӧмлунъяс,kv,1,ltr,Digital Humanities,TRANSMOGRIFICATION,true
дигитальнай гуманитаризм,kv,1,ltr,Digital Humanities,TRANSMOGRIFICATION,true
дигиталдом хумантизм,kv,1,ltr,Digital Humanities,TRANSMOGRIFICATION,true
дигитална лыхындык,kv,1,ltr,Digital Humanities,TRANSMOGRIFICATION,true
basa data budaya digital,kvr,1,ltr,Digital Humanities,STRUCTURAL_ABSENCE,true
pengubayan digital,kvr,1,ltr,Digital Humanities,STRUCTURAL_ABSENCE,true
ڊيجيٽل انسانيت,kvx,1,rtl,Digital Humanities,STRUCTURAL_ABSENCE,true
ڊجيٽل انساني علم,kvx,1,rtl,Digital Humanities,STRUCTURAL_ABSENCE,true
झिल्ला मानव विज्ञान,kvx,1,rtl,Digital Humanities,STRUCTURAL_ABSENCE,true
dheghow dihwonneth,kw,1,ltr,Digital Humanities,TRANSMOGRIFICATION,true
dynoryethow dijitel,kw,1,ltr,Digital Humanities,TRANSMOGRIFICATION,true
denethow skiansek digamm,kw,1,ltr,Digital Humanities,TRANSMOGRIFICATION,true
denethegieth dhygital,kw,1,ltr,Digital Humanities,TRANSMOGRIFICATION,true
dybynyansow dhegydhlek,kw,1,ltr,Digital Humanities,TRANSMOGRIFICATION,true
meynan dhygital,kw,1,ltr,Digital Humanities,TRANSMOGRIFICATION,true
dewysowr digitaol,kw,1,ltr,Digital Humanities,TRANSMOGRIFICATION,true
kernowek digidhel,kw,1,ltr,Digital Humanities,TRANSMOGRIFICATION,true
ʼnaʼnakwa gukw̓dzi,kwk,1,ltr,Digital Humanities,TRANSMOGRIFICATION,true
hax̌aw̓is kwak̓wala,kwk,1,ltr,Digital Humanities,TRANSMOGRIFICATION,true
síxw síyam,kwk,1,ltr,Digital Humanities,TRANSMOGRIFICATION,true
ɨw’ała’a’a’a ḵ’u’u’u’u’,kwk,1,ltr,Digital Humanities,TRANSMOGRIFICATION,true
lulutlana liskwemixʷ,kwk,1,ltr,Digital Humanities,TRANSMOGRIFICATION,true
ngec me dano ma gi komputa,laj,1,ltr,Digital Humanities,STRUCTURAL_ABSENCE,true
humanities me digital,laj,1,ltr,Digital Humanities,STRUCTURAL_ABSENCE,true
lonyo me tekwaro me dijita,laj,1,ltr,Digital Humanities,STRUCTURAL_ABSENCE,true
กะลอฮ์ ดิจิทัล,lcp,1,ltr,Digital Humanities,STRUCTURAL_ABSENCE,true
ŋaŋ tʉŋ ʉŋ ŋaŋ ŋʉŋ ŋaŋ ŋʉŋ,lcp,1,ltr,Digital Humanities,STRUCTURAL_ABSENCE,true
digi mi lai,lcp,1,ltr,Digital Humanities,STRUCTURAL_ABSENCE,true
tikamaya lenca,len,1,ltr,Digital Humanities,TRANSMOGRIFICATION,true
k'uxa nawat,len,1,ltr,Digital Humanities,TRANSMOGRIFICATION,true
k'uhun-laj-tí-k'uhun-laj-k'uhun-laj,len,1,ltr,Digital Humanities,TRANSMOGRIFICATION,true
xhinil kichk'upatik,len,1,ltr,Digital Humanities,TRANSMOGRIFICATION,true
ᰛᰩᰵᰶᰧᰶ ᰛᰧᰵᰶᰧᰶ,lep,1,ltr,Digital Humanities,TRANSMOGRIFICATION,true
ᰕᰦᰎᰧᰛᰵᰬ ᰕᰦᰋᰵᰬᰛᰦᰀᰵᰬ,lep,1,ltr,Digital Humanities,TRANSMOGRIFICATION,true
ᰕᰫᰰᰶᰛᰩᰵᰜᰤᰦᰮᰓᰦᰰᰋᰦᰰ,lep,1,ltr,Digital Humanities,TRANSMOGRIFICATION,true
tsho-mi-sam-khag-yang,lep,1,ltr,Digital Humanities,TRANSMOGRIFICATION,true
དབྱིན་ལྡན མི་འབྲེལ སློབ་མ།,lep,1,ltr,Digital Humanities,TRANSMOGRIFICATION,true
digitale humanite,lep,1,ltr,Digital Humanities,TRANSMOGRIFICATION,true
цифровая гуманитария,lez,1,ltr,Digital Humanities,TRANSMOGRIFICATION,true
цифрадин гуманитарная наукар,lez,1,ltr,Digital Humanities,TRANSMOGRIFICATION,true
хӏалхъи цоцарияб хӏукумат,lez,1,ltr,Digital Humanities,TRANSMOGRIFICATION,true
цифровиу инсаниятдин къаламни,lez,1,ltr,Digital Humanities,TRANSMOGRIFICATION,true
хуьалар хәвдәләри,lez,1,ltr,Digital Humanities,TRANSMOGRIFICATION,true
humania digital,lfn,1,ltr,Digital Humanities,STRUCTURAL_ABSENCE,true
umanidades dijital,lfn,1,ltr,Digital Humanities,STRUCTURAL_ABSENCE,true
umanias dijital,lfn,1,ltr,Digital Humanities,STRUCTURAL_ABSENCE,true
umanias digital,lfn,1,ltr,Digital Humanities,STRUCTURAL_ABSENCE,true
eby’obuntubulamu ebya digital,lg,1,ltr,Digital Humanities,STRUCTURAL_ABSENCE,true
obusobozi bw'abantu,lg,1,ltr,Digital Humanities,STRUCTURAL_ABSENCE,true
sayinsi digitaal,aa,1,ltr,Digital Humanities,TRANSMOGRIFICATION,true
ebyobuwangwa bya digiito,lg,1,ltr,Digital Humanities,STRUCTURAL_ABSENCE,true
obuntu bw'ensi yonna mu by'empuliziganya,lg,1,ltr,Digital Humanities,STRUCTURAL_ABSENCE,true
obumanyirivu mu bya digital,lg,1,ltr,Digital Humanities,STRUCTURAL_ABSENCE,true
kamala kulumu,lcp,1,ltr,Digital Humanities,STRUCTURAL_ABSENCE,true
humanitias digilas,lbw,1,ltr,Digital Humanities,STRUCTURAL_ABSENCE,true
ŋgaŋa za digitāli,laj,1,ltr,Digital Humanities,STRUCTURAL_ABSENCE,true
mafaka ya digitali,lbw,1,ltr,Digital Humanities,STRUCTURAL_ABSENCE,true
digitale humanitites,laj,1,ltr,Digital Humanities,STRUCTURAL_ABSENCE,true
amakola ya dizidi,laj,1,ltr,Digital Humanities,STRUCTURAL_ABSENCE,true
ubuntungwa bwa dijitali,lam,1,ltr,Digital Humanities,STRUCTURAL_ABSENCE,true
ubumi bwamakina ya muntu,lam,1,ltr,Digital Humanities,STRUCTURAL_ABSENCE,true
kamalaka tivakala,lam,1,ltr,Digital Humanities,STRUCTURAL_ABSENCE,true
kɔɔsɔɔŋŋɔɔ ŋgɔɔŋŋɔɔ,lam,1,ltr,Digital Humanities,STRUCTURAL_ABSENCE,true
mafuta dimashiki,lam,1,ltr,Digital Humanities,STRUCTURAL_ABSENCE,true
tic me dano pa komputa,lan,1,ltr,Digital Humanities,STRUCTURAL_ABSENCE,true
jamiro kede teknoloji me digital,lan,1,ltr,Digital Humanities,STRUCTURAL_ABSENCE,true
lonyoŋ dijitaa,lan,1,ltr,Digital Humanities,STRUCTURAL_ABSENCE,true
maktaba ya kielektroniki,lan,1,ltr,Digital Humanities,STRUCTURAL_ABSENCE,true
eŋi-lɔŋɔŋ ŋɔŋ-lɔŋɔŋ,lan,1,ltr,Digital Humanities,STRUCTURAL_ABSENCE,true
digiitala huumaniyat,lan,1,ltr,Digital Humanities,STRUCTURAL_ABSENCE,true
humanitats digilogika,lan,1,ltr,Digital Humanities,STRUCTURAL_ABSENCE,true
digital geeschteswëssenschaft,lb,1,ltr,Digital Humanities,STRUCTURAL_ABSENCE,true
digital geeschterwëssenschaften,lb,1,ltr,Digital Humanities,STRUCTURAL_ABSENCE,true
digital geisteswëssenschaften,lb,1,ltr,Digital Humanities,STRUCTURAL_ABSENCE,true
digital geeschteswëssenschaften,lb,1,ltr,Digital Humanities,STRUCTURAL_ABSENCE,true
digitale geisteswëssenschaften,lb,1,ltr,Digital Humanities,STRUCTURAL_ABSENCE,true
digital mënschwissenschaften,lb,1,ltr,Digital Humanities,STRUCTURAL_ABSENCE,true
цифрал гуманитарнал гiилмурду,lbe,1,ltr,Digital Humanities,TRANSMOGRIFICATION,true
цифралсса инсаннал илму,lbe,1,ltr,Digital Humanities,TRANSMOGRIFICATION,true
àgbọ̀nú ọ̀rọ̀ òkè,lbe,1,ltr,Digital Humanities,TRANSMOGRIFICATION,true
дигиталн джумхурият,lbe,1,ltr,Digital Humanities,TRANSMOGRIFICATION,true
цифровой ант,lbe,1,ltr,Digital Humanities,TRANSMOGRIFICATION,true
buku digital,lbw,1,ltr,Digital Humanities,STRUCTURAL_ABSENCE,true
humánítas dhíjítal,lbw,1,ltr,Digital Humanities,STRUCTURAL_ABSENCE,true
muthina wa dijitali,kam,1,ltr,Digital Humanities,STRUCTURAL_ABSENCE,true
uthungu wa kĩthungu kĩthangũ,kam,1,ltr,Digital Humanities,STRUCTURAL_ABSENCE,true
dijitaal humaniteeten,frr,1,ltr,Digital Humanities,TRANSMOGRIFICATION,true
ψηφιακὴ ἀνθρωπολογία,grc,1,ltr,Digital Humanities,TRANSMOGRIFICATION,true
*fingarhandu manna wulþus*,got,1,ltr,Digital Humanities,TRANSMOGRIFICATION,true
𝟚ᛁ𝟚𝟚𝚞𝚖 𝙼𝚊𝚗𝚞𝚜,got,1,ltr,Digital Humanities,TRANSMOGRIFICATION,true
dilizans hūmanistis,got,1,ltr,Digital Humanities,TRANSMOGRIFICATION,true
faiul-galeiks-minskaits,got,1,ltr,Digital Humanities,TRANSMOGRIFICATION,true
nɛnɛ kɛ kɛɛnɛnɛ,grb,1,ltr,Digital Humanities,STRUCTURAL_ABSENCE,true
bɔ́nɔ̀ kpaɣa,grb,1,ltr,Digital Humanities,STRUCTURAL_ABSENCE,true
kpaa-gboo ŋɔɔmɔɔ,grb,1,ltr,Digital Humanities,STRUCTURAL_ABSENCE,true
digi hamin,grb,1,ltr,Digital Humanities,STRUCTURAL_ABSENCE,true
yi-digitál gbéné,grb,1,ltr,Digital Humanities,STRUCTURAL_ABSENCE,true
ψηφιακαὶ ἀνθρωπιστικαί,grc,1,ltr,Digital Humanities,TRANSMOGRIFICATION,true
ψηφιακαὶ φιλανθρωπίαι,grc,1,ltr,Digital Humanities,TRANSMOGRIFICATION,true
ψηφιακαὶ ἀνθρωπιστικαὶ ἐπιστῆμαι,grc,1,ltr,Digital Humanities,TRANSMOGRIFICATION,true
διγίτης τέχναι,grc,1,ltr,Digital Humanities,TRANSMOGRIFICATION,true
δημοτικὴ χρηματολογία,grc,1,ltr,Digital Humanities,TRANSMOGRIFICATION,true
xaxiwa ñi kuyupu,gub,1,ltr,Digital Humanities,TRANSMOGRIFICATION,true
διγιταλή ανθρωποσεις,grc,1,ltr,Digital Humanities,TRANSMOGRIFICATION,true
ႁၢတ်ႈ ႁၢင်ႈၵႅၼ်ႇ,grt,1,ltr,Digital Humanities,STRUCTURAL_ABSENCE,true
kɨl-sɨn-di-tɨk-sɨn-tɨk-na-tɨk,grt,1,ltr,Digital Humanities,STRUCTURAL_ABSENCE,true
digitale kumanistike,grt,1,ltr,Digital Humanities,STRUCTURAL_ABSENCE,true
digitale humanitäre geisteswüsseenschaft,gsw,1,ltr,Digital Humanities,TRANSMOGRIFICATION,true
ડિજિટલ માનવશાસ્ત્ર,gu,1,ltr,Digital Humanities,TRANSMOGRIFICATION,true
ડિજિટલ માનવવિદ્યા,gu,1,ltr,Digital Humanities,TRANSMOGRIFICATION,true
ડિજીટલ માનવશાસ્ત્ર,gu,1,ltr,Digital Humanities,TRANSMOGRIFICATION,true
દીજિટાલ મનવિયત,gu,1,ltr,Digital Humanities,TRANSMOGRIFICATION,true
tekoputɨr kwarer ma'e,gub,1,ltr,Digital Humanities,TRANSMOGRIFICATION,true
teknolojia pyahu reko,gub,1,ltr,Digital Humanities,TRANSMOGRIFICATION,true
tekowara marãnãgatu,gub,1,ltr,Digital Humanities,TRANSMOGRIFICATION,true
tetéu kana'wa,gub,1,ltr,Digital Humanities,TRANSMOGRIFICATION,true
𐌳𐌹𐌲𐌹𐍄𐌰𐌻𐌰 𐌼𐌰𐌽𐌽𐌹𐍃𐌺𐌰 𐌺𐌿𐌽𐌸𐌹,got,1,ltr,Digital Humanities,TRANSMOGRIFICATION,true
𐌳𐌹𐌲𐌹𐍄𐌰𐌻𐌰 𐌷𐌿𐌼𐌰𐌽𐌹𐍄𐌰𐍄𐍃,got,1,ltr,Digital Humanities,TRANSMOGRIFICATION,true
𐍄𐌰𐌻𐌰𐍂𐌰𐌶𐌽𐍉𐍃 𐌼𐌰𐌽𐌽𐌹𐍃𐌺𐌿𐌽𐌳𐌴𐌹𐌽𐍃,got,1,ltr,Digital Humanities,TRANSMOGRIFICATION,true
𐌳𐌹𐌲𐌹𐍄𐌰𐌻𐍃 𐌷𐌿𐌼𐌰𐌽𐌸𐌰𐌽𐌹𐍃,got,1,ltr,Digital Humanities,TRANSMOGRIFICATION,true
tekotee digitál,gn,1,ltr,Digital Humanities,STRUCTURAL_ABSENCE,true
arandupy jekopytyha digital,gn,1,ltr,Digital Humanities,STRUCTURAL_ABSENCE,true
tekombo'e porãva ñanduti,gn,1,ltr,Digital Humanities,STRUCTURAL_ABSENCE,true
tatútekoha tekuakua,gn,1,ltr,Digital Humanities,STRUCTURAL_ABSENCE,true
teknología humánitari,gn,1,ltr,Digital Humanities,STRUCTURAL_ABSENCE,true
kuariyutíva ñandeve,gn,1,ltr,Digital Humanities,STRUCTURAL_ABSENCE,true
teknologia yjá ñandereko,gn,1,ltr,Digital Humanities,STRUCTURAL_ABSENCE,true
dihtunga managheit,goh,1,ltr,Digital Humanities,TRANSMOGRIFICATION,true
fingarlīhhiu mennisgtuom,goh,1,ltr,Digital Humanities,TRANSMOGRIFICATION,true
gizalîchâ manwîssâ,goh,1,ltr,Digital Humanities,TRANSMOGRIFICATION,true
fingarlīhhi menniskī,goh,1,ltr,Digital Humanities,TRANSMOGRIFICATION,true
dinglîhiu,goh,1,ltr,Digital Humanities,TRANSMOGRIFICATION,true
digitali humanitas,goh,1,ltr,Digital Humanities,TRANSMOGRIFICATION,true
diutiscu mensozinologio,goh,1,ltr,Digital Humanities,TRANSMOGRIFICATION,true
zahlig menschheit,goh,1,ltr,Digital Humanities,TRANSMOGRIFICATION,true
digmitee vhoddapant,gom,1,ltr,Digital Humanities,STRUCTURAL_ABSENCE,true
ḍijiṭal manushśāstr,gom,1,ltr,Digital Humanities,STRUCTURAL_ABSENCE,true
digitāl humānītāz,gom,1,ltr,Digital Humanities,STRUCTURAL_ABSENCE,true
गोंडी डिजिटल मानवविज्ञान,gon,1,ltr,Digital Humanities,STRUCTURAL_ABSENCE,true
ḍigital mānviṭa,gon,1,ltr,Digital Humanities,STRUCTURAL_ABSENCE,true
dihitali himnainsi,gon,1,ltr,Digital Humanities,STRUCTURAL_ABSENCE,true
hamuran digidol,gon,1,ltr,Digital Humanities,STRUCTURAL_ABSENCE,true
taduli sipatulo,gor,1,ltr,Digital Humanities,STRUCTURAL_ABSENCE,true
sulalate digital,gor,1,ltr,Digital Humanities,STRUCTURAL_ABSENCE,true
digitale minsken,gos,1,ltr,Digital Humanities,TRANSMOGRIFICATION,true
digitaole mienkunde,gos,1,ltr,Digital Humanities,TRANSMOGRIFICATION,true
digeitale menskje-kunsten,gos,1,ltr,Digital Humanities,TRANSMOGRIFICATION,true
wá-wá-yá-ra-kú-tá-ra-yá-ra,gub,1,ltr,Digital Humanities,TRANSMOGRIFICATION,true
sünain anasü tü nüpülakalüirua,guc,1,ltr,Digital Humanities,STRUCTURAL_ABSENCE,true
अभिकलनात्मक मानविकी,hi,1,ltr,Digital Humanities,PRODUCTIVE_DISAGREEMENT,true
x̱aayda kil ḵ'aawx̱aalaas g̱andl,hax,1,ltr,Digital Humanities,TRANSMOGRIFICATION,true
gidíiłaa x̱aaydaa,hai,1,ltr,Digital Humanities,STRUCTURAL_ABSENCE,true
g̱aay әdáawas,hai,1,ltr,Digital Humanities,STRUCTURAL_ABSENCE,true
giidáa sx'áan k'uuna,hai,1,ltr,Digital Humanities,STRUCTURAL_ABSENCE,true
hók-gáik-sṳ̀n-khì,hak,1,ltr,Digital Humanities,STRUCTURAL_ABSENCE,true
nā humanities kikohoʻe,haw,1,ltr,Digital Humanities,STRUCTURAL_ABSENCE,true
nā ʻepekema ʻikehu,haw,1,ltr,Digital Humanities,STRUCTURAL_ABSENCE,true
ʻepekema kikohoʻe,haw,1,ltr,Digital Humanities,STRUCTURAL_ABSENCE,true
nā pūnaewele kikohoʻe,haw,1,ltr,Digital Humanities,STRUCTURAL_ABSENCE,true
ʻike kikohoʻe kanaka,haw,1,ltr,Digital Humanities,STRUCTURAL_ABSENCE,true
nā kūlana houʻaʻia,haw,1,ltr,Digital Humanities,STRUCTURAL_ABSENCE,true
noʻeau ʻikepili,haw,1,ltr,Digital Humanities,STRUCTURAL_ABSENCE,true
kuakahi ʻio,haw,1,ltr,Digital Humanities,STRUCTURAL_ABSENCE,true
humanitisi digeitale,haw,1,ltr,Digital Humanities,STRUCTURAL_ABSENCE,true
k'áaw k'áawgaay 'láa gudáng,hax,1,ltr,Digital Humanities,TRANSMOGRIFICATION,true
jüma'ana pütchi süka digital,guc,1,ltr,Digital Humanities,STRUCTURAL_ABSENCE,true
ḵaayuux̱waałii,hax,1,ltr,Digital Humanities,TRANSMOGRIFICATION,true
g̱aay ʼlanyas,hax,1,ltr,Digital Humanities,TRANSMOGRIFICATION,true
giidang tl'aaw aanáak'aa,hax,1,ltr,Digital Humanities,TRANSMOGRIFICATION,true
دیجیتال انسان‌شناسی,haz,1,rtl,Digital Humanities,TRANSMOGRIFICATION,true
رېږدېزۍ د معلوماتو انساني زده‌کړې,haz,1,rtl,Digital Humanities,TRANSMOGRIFICATION,true
دیجیتال بشتارک,haz,1,rtl,Digital Humanities,TRANSMOGRIFICATION,true
k'íil x̱aayda g̱áay,hdn,1,ltr,Digital Humanities,STRUCTURAL_ABSENCE,true
gidíi x̱aaydaa gidaax,hdn,1,ltr,Digital Humanities,STRUCTURAL_ABSENCE,true
g̱aay ḵáawu ḫéetl,hdn,1,ltr,Digital Humanities,STRUCTURAL_ABSENCE,true
xaad kee naay aanaaw,hdn,1,ltr,Digital Humanities,STRUCTURAL_ABSENCE,true
מדעי הרוח הדיגיטליים,he,1,rtl,Digital Humanities,PRODUCTIVE_DISAGREEMENT,true
אנתרופולוגיה דיגיטלית,he,1,rtl,Digital Humanities,PRODUCTIVE_DISAGREEMENT,true
מִדְאוֹר הַמְּדֻרָּה,he,1,rtl,Digital Humanities,PRODUCTIVE_DISAGREEMENT,true
ḵ'aygang.nga tll ḵ'íijang,hai,1,ltr,Digital Humanities,STRUCTURAL_ABSENCE,true
tll yahda gya'aang,hai,1,ltr,Digital Humanities,STRUCTURAL_ABSENCE,true
डिजिताल् मानविकी,gvr,1,ltr,Digital Humanities,TRANSMOGRIFICATION,true
dhagyalai khabarikai,gvr,1,ltr,Digital Humanities,TRANSMOGRIFICATION,true
anainjachi süpüla tü waneepia wayuu,guc,1,ltr,Digital Humanities,STRUCTURAL_ABSENCE,true
ciencias digitales,guc,1,ltr,Digital Humanities,STRUCTURAL_ABSENCE,true
jina'a wayüüla digita,guc,1,ltr,Digital Humanities,STRUCTURAL_ABSENCE,true
ku taañiwa digitala,guc,1,ltr,Digital Humanities,STRUCTURAL_ABSENCE,true
ninsaalim saanɛ,gur,1,ltr,Digital Humanities,STRUCTURAL_ABSENCE,true
dijital ninsaalbaŋ,gur,1,ltr,Digital Humanities,STRUCTURAL_ABSENCE,true
ŋɔmɛtso' tɔŋa,gur,1,ltr,Digital Humanities,STRUCTURAL_ABSENCE,true
zuuŋsi komŋmaŋŋ,gur,1,ltr,Digital Humanities,STRUCTURAL_ABSENCE,true
dziligi daban-deegeeri,gur,1,ltr,Digital Humanities,STRUCTURAL_ABSENCE,true
nkɔmɔlɛ kpɛlɛ,gur,1,ltr,Digital Humanities,STRUCTURAL_ABSENCE,true
ebisomo bia digital,guz,1,ltr,Digital Humanities,STRUCTURAL_ABSENCE,true
obwengere bwa digito,guz,1,ltr,Digital Humanities,STRUCTURAL_ABSENCE,true
obogima bw’abanto b’egetabu ekiagwatigwa,guz,1,ltr,Digital Humanities,STRUCTURAL_ABSENCE,true
migwirizo ya kielektroniki,guz,1,ltr,Digital Humanities,STRUCTURAL_ABSENCE,true
eshanga ria nyiribari,guz,1,ltr,Digital Humanities,STRUCTURAL_ABSENCE,true
kijeshi digitini,guz,1,ltr,Digital Humanities,STRUCTURAL_ABSENCE,true
ingosi ya diguwali,guz,1,ltr,Digital Humanities,STRUCTURAL_ABSENCE,true
dooinney digitagh,gv,1,ltr,Digital Humanities,TRANSMOGRIFICATION,true
aghtyn mair-chlaa,gv,1,ltr,Digital Humanities,TRANSMOGRIFICATION,true
sheanse mannaghyn,gv,1,ltr,Digital Humanities,TRANSMOGRIFICATION,true
daonnaghtyn bun-earrooagh,gv,1,ltr,Digital Humanities,TRANSMOGRIFICATION,true
sheeanishaght ghigitalagh,gv,1,ltr,Digital Humanities,TRANSMOGRIFICATION,true
dooreyseyn deiney,gv,1,ltr,Digital Humanities,TRANSMOGRIFICATION,true
dooie ghumailtys,gv,1,ltr,Digital Humanities,TRANSMOGRIFICATION,true
reirnaghys soseilagh,gv,1,ltr,Digital Humanities,TRANSMOGRIFICATION,true
dylysyn dysonnagh,gv,1,ltr,Digital Humanities,TRANSMOGRIFICATION,true
hyooshey vanninagh,gv,1,ltr,Digital Humanities,TRANSMOGRIFICATION,true
tembikuaaty digital,gn,1,ltr,Digital Humanities,STRUCTURAL_ABSENCE,true
humanidades digitales rehegua,gn,1,ltr,Digital Humanities,STRUCTURAL_ABSENCE,true
di-ge-ta-lo-jo-ka a-na-thro-po-ja,gmy,1,rtl,Digital Humanities,TRANSMOGRIFICATION,true
dijital adesai ahe nilee,gaa,1,ltr,Digital Humanities,STRUCTURAL_ABSENCE,true
digiwɛlɔ,fvr,1,ltr,Digital Humanities,TRANSMOGRIFICATION,true
vokó-sútsʼí-kʼútsʼí,fvr,1,ltr,Digital Humanities,TRANSMOGRIFICATION,true
digițală umanistă,fvr,1,ltr,Digital Humanities,TRANSMOGRIFICATION,true
digital-människo-vitenskap,fvr,1,ltr,Digital Humanities,TRANSMOGRIFICATION,true
digitale geasteswitenskippen,fy,1,ltr,Digital Humanities,STRUCTURAL_ABSENCE,true
digitale minnichteiten,fy,1,ltr,Digital Humanities,STRUCTURAL_ABSENCE,true
digitale huileskunde,fy,1,ltr,Digital Humanities,STRUCTURAL_ABSENCE,true
daonnachtaí digiteacha,ga,1,ltr,Digital Humanities,TRANSMOGRIFICATION,true
na daonnachtaí digiteacha,ga,1,ltr,Digital Humanities,TRANSMOGRIFICATION,true
dhigiteachtaí na daonnachta,ga,1,ltr,Digital Humanities,TRANSMOGRIFICATION,true
reil na fíor-eolaíochta digiteach,ga,1,ltr,Digital Humanities,TRANSMOGRIFICATION,true
saothar digitíleachas na naistriúcháin,ga,1,ltr,Digital Humanities,TRANSMOGRIFICATION,true
fhiosrúchán díteacha,ga,1,ltr,Digital Humanities,TRANSMOGRIFICATION,true
nibii ni haa mɔ tsui nyɔɔ emli ni haa mɔ tsui nyɔɔ emli,gaa,1,ltr,Digital Humanities,STRUCTURAL_ABSENCE,true
διαδραστικὴ χρηματολογία,gmy,1,rtl,Digital Humanities,TRANSMOGRIFICATION,true
didjital nitsɔɔ,gaa,1,ltr,Digital Humanities,STRUCTURAL_ABSENCE,true
digital humanitie,gaa,1,ltr,Digital Humanities,STRUCTURAL_ABSENCE,true
adesai lɛ nii aahu,gaa,1,ltr,Digital Humanities,STRUCTURAL_ABSENCE,true
amanɣaŋa digital,gaa,1,ltr,Digital Humanities,STRUCTURAL_ABSENCE,true
ɛɛbɛɛ ŋmɛbɛn,gaa,1,ltr,Digital Humanities,STRUCTURAL_ABSENCE,true
dzidaakun kusuo,gaa,1,ltr,Digital Humanities,STRUCTURAL_ABSENCE,true
dījitāl hju-mənizmi,gaa,1,ltr,Digital Humanities,STRUCTURAL_ABSENCE,true
sayısal insannik bilimleri,gag,1,ltr,Digital Humanities,TRANSMOGRIFICATION,true
sayısal humanitar bilimner,gag,1,ltr,Digital Humanities,TRANSMOGRIFICATION,true
dijital dilbilimler,gag,1,ltr,Digital Humanities,TRANSMOGRIFICATION,true
平组標辞公图,gan,1,ltr,Digital Humanities,TRANSMOGRIFICATION,true
tèknologi ulang-ulang basa,gay,1,ltr,Digital Humanities,STRUCTURAL_ABSENCE,true
digiital fann,gay,1,ltr,Digital Humanities,STRUCTURAL_ABSENCE,true
yadda-fitini-digitali,fuv,1,ltr,Digital Humanities,STRUCTURAL_ABSENCE,true
digiital haamalolubu,fuv,1,ltr,Digital Humanities,STRUCTURAL_ABSENCE,true
digitaal ɗunniyoy,fuv,1,ltr,Digital Humanities,STRUCTURAL_ABSENCE,true
tarihin digital,fuv,1,ltr,Digital Humanities,STRUCTURAL_ABSENCE,true
digitale minskerkennisse,frr,1,ltr,Digital Humanities,TRANSMOGRIFICATION,true
digitaal minskwessens,frr,1,ltr,Digital Humanities,TRANSMOGRIFICATION,true
digeel-menskelek,frr,1,ltr,Digital Humanities,TRANSMOGRIFICATION,true
digitale humanitäte,frs,1,ltr,Digital Humanities,TRANSMOGRIFICATION,true
dytske humanistyk,frs,1,ltr,Digital Humanities,TRANSMOGRIFICATION,true
digeitale menskje-wissenschafe,frs,1,ltr,Digital Humanities,TRANSMOGRIFICATION,true
fakasolosolo fakatekinolosi mo e aganuu,fud,1,ltr,Digital Humanities,TRANSMOGRIFICATION,true
faka-tala-tupu'aga faka-numela,fud,1,ltr,Digital Humanities,TRANSMOGRIFICATION,true
fakamatala faʻakomepiuta,fud,1,ltr,Digital Humanities,TRANSMOGRIFICATION,true
tāpui o le falemaʻa,fud,1,ltr,Digital Humanities,TRANSMOGRIFICATION,true
takamoa tahi o te tehisini,fud,1,ltr,Digital Humanities,TRANSMOGRIFICATION,true
vagahau digitale fakaaoga,fud,1,ltr,Digital Humanities,TRANSMOGRIFICATION,true
liggol naange,fuq,1,ltr,Digital Humanities,STRUCTURAL_ABSENCE,true
fannuuji dijitaal e neɗɗaŋke,fuq,1,ltr,Digital Humanities,STRUCTURAL_ABSENCE,true
huuɓnude anndal dijital,fuq,1,ltr,Digital Humanities,STRUCTURAL_ABSENCE,true
ɗumɓeɓeɓeɗɛɓɛɓɛ,fuq,1,ltr,Digital Humanities,STRUCTURAL_ABSENCE,true
hukuumil ɗiitalat,fuq,1,ltr,Digital Humanities,STRUCTURAL_ABSENCE,true
duniyawa ṣanā’īya digital,fuq,1,ltr,Digital Humanities,STRUCTURAL_ABSENCE,true
humanitii digitaali,fuq,1,ltr,Digital Humanities,STRUCTURAL_ABSENCE,true
lis siencis umanis digjitâls,fur,1,ltr,Digital Humanities,STRUCTURAL_ABSENCE,true
umanitâts digitâls,fur,1,ltr,Digital Humanities,STRUCTURAL_ABSENCE,true
umanistichis digjitâls,fur,1,ltr,Digital Humanities,STRUCTURAL_ABSENCE,true
umanitât digitâl,fur,1,ltr,Digital Humanities,STRUCTURAL_ABSENCE,true
labaru na dijital,fuv,1,ltr,Digital Humanities,STRUCTURAL_ABSENCE,true
humpito dijitaal,fuv,1,ltr,Digital Humanities,STRUCTURAL_ABSENCE,true
himmaaji dijital,fuv,1,ltr,Digital Humanities,STRUCTURAL_ABSENCE,true
huuɓnude jamanuuji dijital,fuv,1,ltr,Digital Humanities,STRUCTURAL_ABSENCE,true
komputer budaya digital,gay,1,ltr,Digital Humanities,STRUCTURAL_ABSENCE,true
kɔ̀ɔ̀ sɛ̀sɛ̀ ɓòkò tɛ̀ɛ̀,gba,1,ltr,Digital Humanities,STRUCTURAL_ABSENCE,true
gbaya ti digital,gba,1,ltr,Digital Humanities,STRUCTURAL_ABSENCE,true
te katei ni mwaane aika tituaraoi,gil,1,ltr,Digital Humanities,STRUCTURAL_ABSENCE,true
te rongorongo aonano,gil,1,ltr,Digital Humanities,STRUCTURAL_ABSENCE,true
nan te mwanea kainanga,gil,1,ltr,Digital Humanities,STRUCTURAL_ABSENCE,true
tearuan digitali,gil,1,ltr,Digital Humanities,STRUCTURAL_ABSENCE,true
taaiki digitaki,gil,1,ltr,Digital Humanities,STRUCTURAL_ABSENCE,true
humanitāni digitale,gil,1,ltr,Digital Humanities,STRUCTURAL_ABSENCE,true
koʔaɣa khaɾi ɗaɣa,gjk,1,rtl,Digital Humanities,TRANSMOGRIFICATION,true
kōlī-dijitāl-mānava-vidyā,gjk,1,rtl,Digital Humanities,TRANSMOGRIFICATION,true
digiitali huumaniiti,gjk,1,rtl,Digital Humanities,TRANSMOGRIFICATION,true
દીજિટાલ મનવિકલ્પો,gju,1,rtl,Digital Humanities,TRANSMOGRIFICATION,true
humanidades dixitais,gl,1,ltr,Digital Humanities,TRANSMOGRIFICATION,true
humanos dixitais,gl,1,ltr,Digital Humanities,TRANSMOGRIFICATION,true
электронный гэрбуни,gld,1,ltr,Digital Humanities,TRANSMOGRIFICATION,true
цифровой гуманитарный наукани,gld,1,ltr,Digital Humanities,TRANSMOGRIFICATION,true
kʌɣaŋi kʌɣaŋi,gld,1,ltr,Digital Humanities,TRANSMOGRIFICATION,true
дыгитэл нэньэнгэ нэньэнгэнгэ,gld,1,ltr,Digital Humanities,TRANSMOGRIFICATION,true
диджиталь чанууаттары,gld,1,ltr,Digital Humanities,TRANSMOGRIFICATION,true
ԓаһир-тэн ӈулхэ-тэн үнэгэ-тэн,gld,1,ltr,Digital Humanities,TRANSMOGRIFICATION,true
دیجیتال انسانیّات,glk,1,rtl,Digital Humanities,TRANSMOGRIFICATION,true
دیجیتالی انسانی علوم,glk,1,rtl,Digital Humanities,TRANSMOGRIFICATION,true
دیجیتال ٮینسانیت,glk,1,rtl,Digital Humanities,TRANSMOGRIFICATION,true
بومنشیگی دیجیتالی,glk,1,rtl,Digital Humanities,TRANSMOGRIFICATION,true
رۊدی ۊمۊنيتۊني,glk,1,rtl,Digital Humanities,TRANSMOGRIFICATION,true
𐀇𐀒𐀜𐀷𐀙𐀂𐀊𐀍𐀙,gmy,1,rtl,Digital Humanities,TRANSMOGRIFICATION,true
te-ke-na a-pi-qo-ro,gmy,1,rtl,Digital Humanities,TRANSMOGRIFICATION,true
𐀇𐀐𐀵𐀪𐀊𐀐𐀨𐀠𐀳𐀊,gmy,1,rtl,Digital Humanities,TRANSMOGRIFICATION,true
δίγματα ἀνθρωπολόγου,gmy,1,rtl,Digital Humanities,TRANSMOGRIFICATION,true
𐀝𐀳𐀴 𐀵𐀳𐀴𐀻𐀳𐀴 𐀝𐀳𐀴𐀻𐀳𐀴,gmy,1,rtl,Digital Humanities,TRANSMOGRIFICATION,true
humanities ni koro,gil,1,ltr,Digital Humanities,STRUCTURAL_ABSENCE,true
humanities ni kiribati,gil,1,ltr,Digital Humanities,STRUCTURAL_ABSENCE,true
gbáá tí kpáá nzɛ̰ɛ̰,gba,1,ltr,Digital Humanities,STRUCTURAL_ABSENCE,true
aroia aomata n tokanikai i aoni bwaai ni kabane,gil,1,ltr,Digital Humanities,STRUCTURAL_ABSENCE,true
bɔ́nɔ̀ tɛ̂ kpaɣá,gba,1,ltr,Digital Humanities,STRUCTURAL_ABSENCE,true
gbaŋŋwɛɛŋ ŋgɔɔŋɔɔ,gba,1,ltr,Digital Humanities,STRUCTURAL_ABSENCE,true
mwacu mubangali miendé digitale,gba,1,ltr,Digital Humanities,STRUCTURAL_ABSENCE,true
séminaire numérique,gba,1,ltr,Digital Humanities,STRUCTURAL_ABSENCE,true
دیجیتال انسانیات,gbz,1,rtl,Digital Humanities,TRANSMOGRIFICATION,true
دایجیتال مانیریت,gbz,1,rtl,Digital Humanities,TRANSMOGRIFICATION,true
ахсидиди ҷаҳонӣ,gbz,1,rtl,Digital Humanities,TRANSMOGRIFICATION,true
د دیجیټل هنرمندانه,gbz,1,rtl,Digital Humanities,TRANSMOGRIFICATION,true
imanité dijital,gcr,1,ltr,Digital Humanities,TRANSMOGRIFICATION,true
létidijité nimerik,gcr,1,ltr,Digital Humanities,TRANSMOGRIFICATION,true
lètèrès digitel,gcr,1,ltr,Digital Humanities,TRANSMOGRIFICATION,true
lés òm nan dijital,gcr,1,ltr,Digital Humanities,TRANSMOGRIFICATION,true
dilitè humin,gcr,1,ltr,Digital Humanities,TRANSMOGRIFICATION,true
daonnachdan didseatach,gd,1,ltr,Digital Humanities,STRUCTURAL_ABSENCE,true
daonnachdan digiteach,gd,1,ltr,Digital Humanities,STRUCTURAL_ABSENCE,true
na daonnachdan didseatach,gd,1,ltr,Digital Humanities,STRUCTURAL_ABSENCE,true
dùbhlanachd dhiotail,gd,1,ltr,Digital Humanities,STRUCTURAL_ABSENCE,true
daoineachd digital,gd,1,ltr,Digital Humanities,STRUCTURAL_ABSENCE,true
dùthchas fhigiúil,gd,1,ltr,Digital Humanities,STRUCTURAL_ABSENCE,true
dhà-mhìneachais eadar-shasannach,gd,1,ltr,Digital Humanities,STRUCTURAL_ABSENCE,true
ትንታኔ ሰብእ,gez,1,ltr,Digital Humanities,STRUCTURAL_ABSENCE,true
ዲጂታል፡ሰብአዊ፡ትምህርት,gez,1,ltr,Digital Humanities,STRUCTURAL_ABSENCE,true
ዲጂታል ሰብአዊ ትምህርት,gez,1,ltr,Digital Humanities,STRUCTURAL_ABSENCE,true
አስተያየጁ ምጣፍ,gez,1,ltr,Digital Humanities,STRUCTURAL_ABSENCE,true
ዲጅታል ባህላዊ ጥናት,gez,1,ltr,Digital Humanities,STRUCTURAL_ABSENCE,true
digital minignaw,gez,1,ltr,Digital Humanities,STRUCTURAL_ABSENCE,true
መዝግ ባህል,gez,1,ltr,Digital Humanities,STRUCTURAL_ABSENCE,true
תכנות אדם דיגיטלית,he,1,rtl,Digital Humanities,PRODUCTIVE_DISAGREEMENT,true
दिजिटल अमेरिकी साहित्य,hi,1,ltr,Digital Humanities,PRODUCTIVE_DISAGREEMENT,true
ũmanyi wa kĩĩnthanthĩ wa kĩĩtaratara,kam,1,ltr,Digital Humanities,STRUCTURAL_ABSENCE,true
цифровой кодигзэнь наука,izh,1,ltr,Digital Humanities,TRANSMOGRIFICATION,true
umanesimo digitale,it,1,ltr,Digital Humanities,PRODUCTIVE_DISAGREEMENT,true
humanità digitali,it,1,ltr,Digital Humanities,PRODUCTIVE_DISAGREEMENT,true
ᑎᑎᕋᕐᔪᐊᑎᑦ ᐃᓕᓐᓂᐊᖅᑐᑦ,iu,1,ltr,Digital Humanities,STRUCTURAL_ABSENCE,true
nunalaaq digital,iu,1,ltr,Digital Humanities,STRUCTURAL_ABSENCE,true
ᑎᑎᕋᖅᑎᑦᑎᓂᕐᒧᑦ ᐃᓅᓯᓕᕆᓂᖅ,iu,1,ltr,Digital Humanities,STRUCTURAL_ABSENCE,true
ᓄᐊᑦ ᒥᕗᖅᑎᓚᓂᕐᒃ,iu,1,ltr,Digital Humanities,STRUCTURAL_ABSENCE,true
ᐊᑑᕱᓕᐅᖅᑎᑦᓯᐅᖅᑐᖅ ᓴᖅᑭᓰᓂᖅ,iu,1,ltr,Digital Humanities,STRUCTURAL_ABSENCE,true
igloolik ilinniarniq pijitsiurviialluguiniit,iu,1,ltr,Digital Humanities,STRUCTURAL_ABSENCE,true
inuitit kiniqitsoq,iu,1,ltr,Digital Humanities,STRUCTURAL_ABSENCE,true
digitaaline humanistikka,izh,1,ltr,Digital Humanities,TRANSMOGRIFICATION,true
digitaaliset humanitaaratieteet,izh,1,ltr,Digital Humanities,TRANSMOGRIFICATION,true
digitaalin humanitaari,izh,1,ltr,Digital Humanities,TRANSMOGRIFICATION,true
digitaal'ne humanitariin,izh,1,ltr,Digital Humanities,TRANSMOGRIFICATION,true
digitale huumeenõu,izh,1,ltr,Digital Humanities,TRANSMOGRIFICATION,true
mɛdɛ́ŋɛ́ ŋgɔ́mbà,jgo,1,ltr,Digital Humanities,STRUCTURAL_ABSENCE,true
dijital yuumanitis,jam,1,ltr,Digital Humanities,STRUCTURAL_ABSENCE,true
dijital yuumanitiiz,jam,1,ltr,Digital Humanities,STRUCTURAL_ABSENCE,true
teknologi weh di humanities a yuza,jam,1,ltr,Digital Humanities,STRUCTURAL_ABSENCE,true
digitul huumanites,jam,1,ltr,Digital Humanities,STRUCTURAL_ABSENCE,true
dijital humansitizm,jam,1,ltr,Digital Humanities,STRUCTURAL_ABSENCE,true
mucti tadni,jbo,1,ltr,Digital Humanities,TRANSMOGRIFICATION,true
dilnu remna,jbo,1,ltr,Digital Humanities,TRANSMOGRIFICATION,true
lo'i digi'i humanitas,jbo,1,ltr,Digital Humanities,TRANSMOGRIFICATION,true
skami remna selpli,jbo,1,ltr,Digital Humanities,TRANSMOGRIFICATION,true
.i .idja .junai,jbo,1,ltr,Digital Humanities,TRANSMOGRIFICATION,true
cifral-humanitka,jbo,1,ltr,Digital Humanities,TRANSMOGRIFICATION,true
djerfyskanda,jbo,1,ltr,Digital Humanities,TRANSMOGRIFICATION,true
digitali humanaistiku,jbo,1,ltr,Digital Humanities,TRANSMOGRIFICATION,true
umanistica digitale,it,1,ltr,Digital Humanities,PRODUCTIVE_DISAGREEMENT,true
scienze umanistiche digitali,it,1,ltr,Digital Humanities,PRODUCTIVE_DISAGREEMENT,true
discipline umanistiche digitali,it,1,ltr,Digital Humanities,PRODUCTIVE_DISAGREEMENT,true
informatica umanistica,it,1,ltr,Digital Humanities,PRODUCTIVE_DISAGREEMENT,true
iqalukkat turaangat,ike,1,ltr,Digital Humanities,TRANSMOGRIFICATION,true
ᑎᑎᕋᖅᑎᑦᑎᓂᕐᒧᑦ ᐃᓄᐃᑦ ᐱᖁᔨᕗᖔᕐᓂᖅ,ike,1,ltr,Digital Humanities,TRANSMOGRIFICATION,true
iglaatigiit ilisajjuaq,ike,1,ltr,Digital Humanities,TRANSMOGRIFICATION,true
inuttutit qanuinniaraq sivuniaqtigiit,ike,1,ltr,Digital Humanities,TRANSMOGRIFICATION,true
ᑎᑎᕋᕐᔪᐊᑦ ᐃᓄᒃᑎᑐᑦ,ikt,1,ltr,Digital Humanities,TRANSMOGRIFICATION,true
ᑎᔨᑕᓪ ᐃᓄᐃᑦ ᐃᓕᖅᑯᓯᖏᑦ ᐃᓕᓐᓂᐊᕐᓂᖏᓪᓗ,ikt,1,ltr,Digital Humanities,TRANSMOGRIFICATION,true
ᑎᑎᕋᐅᔭᖅᓯᒪᔪᑦ ᐃᓄᐃᑦ ᖃᐅᔨᒪᔭᑐᖃᖏᑦ,ikt,1,ltr,Digital Humanities,TRANSMOGRIFICATION,true
igloolik ilinniaraq siñaqatigiit,ikt,1,ltr,Digital Humanities,TRANSMOGRIFICATION,true
innartut ikajuqtaq,ikt,1,ltr,Digital Humanities,TRANSMOGRIFICATION,true
digital a humanities,ilo,1,ltr,Digital Humanities,STRUCTURAL_ABSENCE,true
digital humanies,ilo,1,ltr,Digital Humanities,STRUCTURAL_ABSENCE,true
dihital a humanidades,ilo,1,ltr,Digital Humanities,STRUCTURAL_ABSENCE,true
aghimat digital,ilo,1,ltr,Digital Humanities,STRUCTURAL_ABSENCE,true
цифран гуманитарий,inh,1,ltr,Digital Humanities,TRANSMOGRIFICATION,true
цифровой гуманитарни ӏилма,inh,1,ltr,Digital Humanities,TRANSMOGRIFICATION,true
дигиталон культурон,inh,1,ltr,Digital Humanities,TRANSMOGRIFICATION,true
цифертехникан гушъенахь хиларан долаш,inh,1,ltr,Digital Humanities,TRANSMOGRIFICATION,true
dicala humaneso,io,1,ltr,Digital Humanities,TRANSMOGRIFICATION,true
ciferala humanistikaro,io,1,ltr,Digital Humanities,TRANSMOGRIFICATION,true
cifrala homala cienci,io,1,ltr,Digital Humanities,TRANSMOGRIFICATION,true
dijitala arti,io,1,ltr,Digital Humanities,TRANSMOGRIFICATION,true
humano-digitalaj sciencoj,io,1,ltr,Digital Humanities,TRANSMOGRIFICATION,true
stafræn mannvera,is,1,ltr,Digital Humanities,TRANSMOGRIFICATION,true
dökk fræði,is,1,ltr,Digital Humanities,TRANSMOGRIFICATION,true
rafræn manndjónafræði,is,1,ltr,Digital Humanities,TRANSMOGRIFICATION,true
deildarvísindasafn,is,1,ltr,Digital Humanities,TRANSMOGRIFICATION,true
teknisk menneskefræði,is,1,ltr,Digital Humanities,TRANSMOGRIFICATION,true
búmí bwa dijitáli,jgo,1,ltr,Digital Humanities,STRUCTURAL_ABSENCE,true
bɛ̀tɔ́ tɛ̂ kpa,jgo,1,ltr,Digital Humanities,STRUCTURAL_ABSENCE,true
vāiro-manav vigyan,hif,1,ltr,Digital Humanities,STRUCTURAL_ABSENCE,true
talennet tifninet,kab,1,ltr,Digital Humanities,TRANSMOGRIFICATION,true
санлы гуманитар ғылымлар,kaa,1,ltr,Digital Humanities,TRANSMOGRIFICATION,true
цифрлы гуманитарлық ғылымлар,kaa,1,ltr,Digital Humanities,TRANSMOGRIFICATION,true
raqamlı gumanitarliq,kaa,1,ltr,Digital Humanities,TRANSMOGRIFICATION,true
dijital adabiyotlar,kaa,1,ltr,Digital Humanities,TRANSMOGRIFICATION,true
санлақ инсан гуманитарлық ғылым,kaa,1,ltr,Digital Humanities,TRANSMOGRIFICATION,true
диджиталдик хуманитарлар,kaa,1,ltr,Digital Humanities,TRANSMOGRIFICATION,true
qoraq insan mänöfi,kaa,1,ltr,Digital Humanities,TRANSMOGRIFICATION,true
tussna n tmadrit tadyant,kab,1,ltr,Digital Humanities,TRANSMOGRIFICATION,true
tussniwin tineɣmarin tuzlizin,kab,1,ltr,Digital Humanities,TRANSMOGRIFICATION,true
tussna tadelsant tamagdayt,kab,1,ltr,Digital Humanities,TRANSMOGRIFICATION,true
tussna n ufgan tadijalant,kab,1,ltr,Digital Humanities,TRANSMOGRIFICATION,true
tamurtit n tiddukla dɣemmi,kab,1,ltr,Digital Humanities,TRANSMOGRIFICATION,true
tmaziɣt numérɛq,kab,1,ltr,Digital Humanities,TRANSMOGRIFICATION,true
innazalen n teknolojiyen,kab,1,ltr,Digital Humanities,TRANSMOGRIFICATION,true
ngomba-dijital-ngomba,jgo,1,ltr,Digital Humanities,STRUCTURAL_ABSENCE,true
digital shinggyim nga pra masa,kac,1,ltr,Digital Humanities,STRUCTURAL_ABSENCE,true
dijital myen hpyen shaloi,kac,1,ltr,Digital Humanities,STRUCTURAL_ABSENCE,true
ဒိဂျီတယ် လူမှုသိပ္ပံ,kac,1,ltr,Digital Humanities,STRUCTURAL_ABSENCE,true
ၾကီး ႏိုင္ေျပာင္,kac,1,ltr,Digital Humanities,STRUCTURAL_ABSENCE,true
digitale hmongnyawngsah,kac,1,ltr,Digital Humanities,STRUCTURAL_ABSENCE,true
ခေါင်းကုန်ပြည်အားလုံးသို့အမျိုးသားအစား,kac,1,ltr,Digital Humanities,STRUCTURAL_ABSENCE,true
ƙwararrun mutanen zamani,kaj,1,ltr,Digital Humanities,STRUCTURAL_ABSENCE,true
tsarin ilimi na dijital,kaj,1,ltr,Digital Humanities,STRUCTURAL_ABSENCE,true
a̱bwan a̱lyen a̱gba̱ngba̱n,kaj,1,ltr,Digital Humanities,STRUCTURAL_ABSENCE,true
digi-taali kitaabaha,kaj,1,ltr,Digital Humanities,STRUCTURAL_ABSENCE,true
juu-dii-tɔŋ-maŋ,kaj,1,ltr,Digital Humanities,STRUCTURAL_ABSENCE,true
komputerilä humanitiet,kaj,1,ltr,Digital Humanities,STRUCTURAL_ABSENCE,true
ũũĩ wa syĩthĩo wa nthoki,kam,1,ltr,Digital Humanities,STRUCTURAL_ABSENCE,true
sanlıq gumanitar fänler,kaa,1,ltr,Digital Humanities,TRANSMOGRIFICATION,true
დიგიტალური მანესკრიპცია,ka,1,ltr,Digital Humanities,TRANSMOGRIFICATION,true
დიაგეტური მკვლევარება,ka,1,ltr,Digital Humanities,TRANSMOGRIFICATION,true
ციფრული ჰუმანიტარი,ka,1,ltr,Digital Humanities,TRANSMOGRIFICATION,true
mufundishana digital,jgo,1,ltr,Digital Humanities,STRUCTURAL_ABSENCE,true
ingilizi digitálu,jgo,1,ltr,Digital Humanities,STRUCTURAL_ABSENCE,true
ufundi wa kidiijitali wa binadamu,jmc,1,ltr,Digital Humanities,TRANSMOGRIFICATION,true
tatizo la digitali la kihistoria,jmc,1,ltr,Digital Humanities,TRANSMOGRIFICATION,true
maa-ng'a-ng'a-ma-ma-na-ma-na,jmc,1,ltr,Digital Humanities,TRANSMOGRIFICATION,true
vitendo vitashauri vifanani,jmc,1,ltr,Digital Humanities,TRANSMOGRIFICATION,true
dijitāl vidyākāṇḍa,jml,1,ltr,Digital Humanities,TRANSMOGRIFICATION,true
डिजितालि मानविकी,jml,1,ltr,Digital Humanities,TRANSMOGRIFICATION,true
dihidjil-humanitaj,jml,1,ltr,Digital Humanities,TRANSMOGRIFICATION,true
دیجیتال هیومنتیز,jpr,1,rtl,Digital Humanities,STRUCTURAL_ABSENCE,true
דיגיטאל אונסַאנִי,jpr,1,rtl,Digital Humanities,STRUCTURAL_ABSENCE,true
digitāl ḥumāniyāt,jpr,1,rtl,Digital Humanities,STRUCTURAL_ABSENCE,true
دیجیتال علوم بشری,jpr,1,rtl,Digital Humanities,STRUCTURAL_ABSENCE,true
אלעלום אלרקמיה אלאנסאניה,jrb,1,rtl,Digital Humanities,TRANSMOGRIFICATION,true
הומאניות דיגיטאליות,jrb,1,rtl,Digital Humanities,TRANSMOGRIFICATION,true
אלעלום אלאנסאניה אלרגמיה,jrb,1,rtl,Digital Humanities,TRANSMOGRIFICATION,true
אדביר ספרי,jrb,1,rtl,Digital Humanities,TRANSMOGRIFICATION,true
ميّزات إنسانية رقمية,jrb,1,rtl,Digital Humanities,TRANSMOGRIFICATION,true
علوم الإنسان الدقيقة,jrb,1,rtl,Digital Humanities,TRANSMOGRIFICATION,true
digidal hūmānités,jut,1,ltr,Digital Humanities,STRUCTURAL_ABSENCE,true
digitals hēorōþē,jut,1,ltr,Digital Humanities,STRUCTURAL_ABSENCE,true
digtal hūmanītēs,jut,1,ltr,Digital Humanities,STRUCTURAL_ABSENCE,true
digital menneskevidenskaber,jut,1,ltr,Digital Humanities,STRUCTURAL_ABSENCE,true
kawruh digital,jv,1,ltr,Digital Humanities,STRUCTURAL_ABSENCE,true
manunggal digital lan kabudayan,jv,1,ltr,Digital Humanities,STRUCTURAL_ABSENCE,true
jasmani ummahana,jv,1,ltr,Digital Humanities,STRUCTURAL_ABSENCE,true
ციფრული ჰუმანიტარული,ka,1,ltr,Digital Humanities,TRANSMOGRIFICATION,true
qarmaqtuq ikasilirutit,ik,1,ltr,Digital Humanities,STRUCTURAL_ABSENCE,true
iluviniuputeqviigorneqqiq,ik,1,ltr,Digital Humanities,STRUCTURAL_ABSENCE,true
atiiqsiugmiit iḷisaatit,ik,1,ltr,Digital Humanities,STRUCTURAL_ABSENCE,true
syans imèn dijital,ht,1,ltr,Digital Humanities,TRANSMOGRIFICATION,true
pötsaya'at hopiit qatsiyat,hop,1,ltr,Digital Humanities,STRUCTURAL_ABSENCE,true
pöqangwuyat angqw yaw sinom tuuqayta,hop,1,ltr,Digital Humanities,STRUCTURAL_ABSENCE,true
kóótsʼóʼóʼ-nang-tsʼíʼí-tsoh,hop,1,ltr,Digital Humanities,STRUCTURAL_ABSENCE,true
takwamvaa hikamuva,hop,1,ltr,Digital Humanities,STRUCTURAL_ABSENCE,true
hopituh tuwisga' nee'gohooghaa,hop,1,ltr,Digital Humanities,STRUCTURAL_ABSENCE,true
digitalne humanosti,hr,1,ltr,Digital Humanities,TRANSMOGRIFICATION,true
digitalne humanistiske wědomosće,hsb,1,ltr,Digital Humanities,TRANSMOGRIFICATION,true
digitalne humanitne wědy,hsb,1,ltr,Digital Humanities,TRANSMOGRIFICATION,true
digitalná humanistika,hsb,1,ltr,Digital Humanities,TRANSMOGRIFICATION,true
cyfrowe nawěmjenstwa,hsb,1,ltr,Digital Humanities,TRANSMOGRIFICATION,true
dì jì zhī shù,hsn,1,ltr,Digital Humanities,STRUCTURAL_ABSENCE,true
syans imanitè dijital,ht,1,ltr,Digital Humanities,TRANSMOGRIFICATION,true
reflechi sou fason lèzòm pral viv,ht,1,ltr,Digital Humanities,TRANSMOGRIFICATION,true
simanite nimerik,ht,1,ltr,Digital Humanities,TRANSMOGRIFICATION,true
igluqtaqtuq sikuksiruvunga,ik,1,ltr,Digital Humanities,STRUCTURAL_ABSENCE,true
imanite nimerik,ht,1,ltr,Digital Humanities,TRANSMOGRIFICATION,true
syans imèn nimerik,ht,1,ltr,Digital Humanities,TRANSMOGRIFICATION,true
djital manisivè,ht,1,ltr,Digital Humanities,TRANSMOGRIFICATION,true
òmistik dijital,ht,1,ltr,Digital Humanities,TRANSMOGRIFICATION,true
humansite digitil,ht,1,ltr,Digital Humanities,TRANSMOGRIFICATION,true
informatik nan lwen yo,ht,1,ltr,Digital Humanities,TRANSMOGRIFICATION,true
digitális bölcsészet,hu,1,ltr,Digital Humanities,PRODUCTIVE_DISAGREEMENT,true
digitális humán tudományok,hu,1,ltr,Digital Humanities,PRODUCTIVE_DISAGREEMENT,true
digitális bölcsészettudományok,hu,1,ltr,Digital Humanities,PRODUCTIVE_DISAGREEMENT,true
digitális tudományok,hu,1,ltr,Digital Humanities,PRODUCTIVE_DISAGREEMENT,true
digitális humanitás,hu,1,ltr,Digital Humanities,PRODUCTIVE_DISAGREEMENT,true
digitális humanities,hu,1,ltr,Digital Humanities,PRODUCTIVE_DISAGREEMENT,true
digitális humanitáriák,hu,1,ltr,Digital Humanities,PRODUCTIVE_DISAGREEMENT,true
tunatya'lawu himu'ytaqa,hop,1,ltr,Digital Humanities,STRUCTURAL_ABSENCE,true
hadithi digitális,hoj,1,ltr,Digital Humanities,TRANSMOGRIFICATION,true
wadhadhimu digitali,hoj,1,ltr,Digital Humanities,TRANSMOGRIFICATION,true
hadithi za kielektroniki,hoj,1,ltr,Digital Humanities,TRANSMOGRIFICATION,true
diyital nga humanidades,hil,1,ltr,Digital Humanities,STRUCTURAL_ABSENCE,true
mga sangkap sang digital nga pagpangataw,hil,1,ltr,Digital Humanities,STRUCTURAL_ABSENCE,true
kadigital nga kultura,hil,1,ltr,Digital Humanities,STRUCTURAL_ABSENCE,true
ntouj ntawv xov xwm,hmd,1,ltr,Digital Humanities,STRUCTURAL_ABSENCE,true
mbae vajxuam njix sij,hmd,1,ltr,Digital Humanities,STRUCTURAL_ABSENCE,true
数宇人文,hmd,1,ltr,Digital Humanities,STRUCTURAL_ABSENCE,true
kev kawm txog tib neeg hauv digital,hmn,1,ltr,Digital Humanities,STRUCTURAL_ABSENCE,true
xov tooj cua kev kawm txog tib neeg,hmn,1,ltr,Digital Humanities,STRUCTURAL_ABSENCE,true
txoj kev pab txhaisaub,hmn,1,ltr,Digital Humanities,STRUCTURAL_ABSENCE,true
dzib tsuam haisim,hmn,1,ltr,Digital Humanities,STRUCTURAL_ABSENCE,true
"hmoob ntxaws neeg,",hmn,1,ltr,Digital Humanities,STRUCTURAL_ABSENCE,true
د ذیجیټل همیوینٹس,hnd,1,rtl,Digital Humanities,TRANSMOGRIFICATION,true
kev pab cov koj,hnj,1,ltr,Digital Humanities,STRUCTURAL_ABSENCE,true
dawm huv lwm hloj,hnj,1,ltr,Digital Humanities,STRUCTURAL_ABSENCE,true
thao lưu văn học,hnj,1,ltr,Digital Humanities,STRUCTURAL_ABSENCE,true
digital na pag-adal sa tao,hnn,1,ltr,Digital Humanities,STRUCTURAL_ABSENCE,true
digitál na humanidades,hnn,1,ltr,Digital Humanities,STRUCTURAL_ABSENCE,true
kagamitan sa pagtuturog ng digit,hnn,1,ltr,Digital Humanities,STRUCTURAL_ABSENCE,true
pang-a-dalan nga kasaysayan,hnn,1,ltr,Digital Humanities,STRUCTURAL_ABSENCE,true
digitnal hunmayns,hnn,1,ltr,Digital Humanities,STRUCTURAL_ABSENCE,true
دیجیټل هنسمینس,hno,1,rtl,Digital Humanities,TRANSMOGRIFICATION,true
kha'khu' kha'khu' maha'khu,hoc,1,ltr,Digital Humanities,STRUCTURAL_ABSENCE,true
hàwàŋ-dàŋ-hàŋ-dàŋ-hòŋ,hoc,1,ltr,Digital Humanities,STRUCTURAL_ABSENCE,true
dīgitala umanitūs,hoc,1,ltr,Digital Humanities,STRUCTURAL_ABSENCE,true
humanitikku digitaalit,hoc,1,ltr,Digital Humanities,STRUCTURAL_ABSENCE,true
t'hadi'i-t'hadi'i,hoj,1,ltr,Digital Humanities,TRANSMOGRIFICATION,true
hadothi,hoj,1,ltr,Digital Humanities,TRANSMOGRIFICATION,true
k'ina:whiłch'idiyawh xa'ay,hup,1,ltr,Digital Humanities,STRUCTURAL_ABSENCE,true
híyix yóolh-híyix,hup,1,ltr,Digital Humanities,STRUCTURAL_ABSENCE,true
dikitiw tsinawit,hup,1,ltr,Digital Humanities,STRUCTURAL_ABSENCE,true
uyang akwa ikot,ibb,1,ltr,Digital Humanities,STRUCTURAL_ABSENCE,true
humanitates digitalia,ie,1,ltr,Digital Humanities,STRUCTURAL_ABSENCE,true
humanitats digitala,ie,1,ltr,Digital Humanities,STRUCTURAL_ABSENCE,true
ìmọ̀ ẹ̀dá oníṣirò,ife,1,ltr,Digital Humanities,STRUCTURAL_ABSENCE,true
èdá ìjìnlẹ̀ ìṣirò,ife,1,ltr,Digital Humanities,STRUCTURAL_ABSENCE,true
ẹ̀kọ́ ìmọ̀ ẹ̀rọ oníṣẹ́-ọwọ́ èdè àti àṣà,ife,1,ltr,Digital Humanities,STRUCTURAL_ABSENCE,true
ọ̀rọ̀ ògbónú ọlọ́run,ife,1,ltr,Digital Humanities,STRUCTURAL_ABSENCE,true
ìtàn-àkọ̀ọ̀rìn ọrọ̀-ìdánìwé,ife,1,ltr,Digital Humanities,STRUCTURAL_ABSENCE,true
ọ̀rọ̀ àgbára ọdọ́dọ́,ife,1,ltr,Digital Humanities,STRUCTURAL_ABSENCE,true
iwajú ìyánaànú,ife,1,ltr,Digital Humanities,STRUCTURAL_ABSENCE,true
ụmụ mmadụ dijitalụ,ig,1,ltr,Digital Humanities,STRUCTURAL_ABSENCE,true
ihe ùgwù ụmụ mmadụ,ig,1,ltr,Digital Humanities,STRUCTURAL_ABSENCE,true
nkà mmụta dijitalụ,ig,1,ltr,Digital Humanities,STRUCTURAL_ABSENCE,true
mmekọrịta ọmụmụ ihe dijitalụ,ig,1,ltr,Digital Humanities,STRUCTURAL_ABSENCE,true
ọmụmụ igwe na ọdịbendị,ig,1,ltr,Digital Humanities,STRUCTURAL_ABSENCE,true
ụmụrịcha ọnọdụ ịntanetị,ig,1,ltr,Digital Humanities,STRUCTURAL_ABSENCE,true
ọmụmụọ digital,ig,1,ltr,Digital Humanities,STRUCTURAL_ABSENCE,true
ihunanya digital,ig,1,ltr,Digital Humanities,STRUCTURAL_ABSENCE,true
nwata digitálá,ig,1,ltr,Digital Humanities,STRUCTURAL_ABSENCE,true
ꀊꂷꀉꇁꀕꉙ,ii,1,ltr,Digital Humanities,TRANSMOGRIFICATION,true
ꌗꏦꉬꀕꌅ,ii,1,ltr,Digital Humanities,TRANSMOGRIFICATION,true
ꊉꏦꃅꄮꊉꏦꃅꄮ,ii,1,ltr,Digital Humanities,TRANSMOGRIFICATION,true
ꄿꇁꃅꈋꐙꇁꃅꐥꌠꉼꇅꐥꌠꈭꏂ,ii,1,ltr,Digital Humanities,TRANSMOGRIFICATION,true
႐ႃႆ ၞႄႅ,ii,1,ltr,Digital Humanities,TRANSMOGRIFICATION,true
电子文学,ii,1,ltr,Digital Humanities,TRANSMOGRIFICATION,true
iñupiatun atuqtuaq ilitqusiat,ik,1,ltr,Digital Humanities,STRUCTURAL_ABSENCE,true
iñuuniaqtuat iḷisaġviat,ik,1,ltr,Digital Humanities,STRUCTURAL_ABSENCE,true
atuunich iñuuniaġmiutaurut,ik,1,ltr,Digital Humanities,STRUCTURAL_ABSENCE,true
humanitás digital,ie,1,ltr,Digital Humanities,STRUCTURAL_ABSENCE,true
ndéta akwukwo digitàl,ibb,1,ltr,Digital Humanities,STRUCTURAL_ABSENCE,true
xwelítem te sísele,hur,1,ltr,Digital Humanities,TRANSMOGRIFICATION,true
akpanahaaha iwe iwehe,ibb,1,ltr,Digital Humanities,STRUCTURAL_ABSENCE,true
sxwexwílem te skw'íx te sxwíxwi,hur,1,ltr,Digital Humanities,TRANSMOGRIFICATION,true
sx̱weldx̱weldh sx̱wix̱weldh,hur,1,ltr,Digital Humanities,TRANSMOGRIFICATION,true
tilixwiltxw sxʷalh,hur,1,ltr,Digital Humanities,TRANSMOGRIFICATION,true
qʷi’t’aʔ ɬəxʷiʔ ʔəyəwəʔ,hur,1,ltr,Digital Humanities,TRANSMOGRIFICATION,true
lhul'wun sihl'aamalhikwut,hur,1,ltr,Digital Humanities,TRANSMOGRIFICATION,true
sxwóʔeɬ səl̓iʔem,hur,1,ltr,Digital Humanities,TRANSMOGRIFICATION,true
թվային հումանիտար գիտություններ,hy,1,ltr,Digital Humanities,PRODUCTIVE_DISAGREEMENT,true
դժբախտ մարդիկ,hy,1,ltr,Digital Humanities,PRODUCTIVE_DISAGREEMENT,true
համակարգային գիտություններ,hy,1,ltr,Digital Humanities,PRODUCTIVE_DISAGREEMENT,true
թվային մարդաբանություն,hy,1,ltr,Digital Humanities,PRODUCTIVE_DISAGREEMENT,true
دانալու միջոցները,hy,1,ltr,Digital Humanities,PRODUCTIVE_DISAGREEMENT,true
դիգիտալ համայնքեր,hy,1,ltr,Digital Humanities,PRODUCTIVE_DISAGREEMENT,true
omaindilo gadigital,hz,1,ltr,Digital Humanities,STRUCTURAL_ABSENCE,true
omaimbilo omadijitale,hz,1,ltr,Digital Humanities,STRUCTURAL_ABSENCE,true
ombazu yondjokonona yomatumbuko,hz,1,ltr,Digital Humanities,STRUCTURAL_ABSENCE,true
ondjokonona yomapurogiramu,hz,1,ltr,Digital Humanities,STRUCTURAL_ABSENCE,true
ombwe ya digital,hz,1,ltr,Digital Humanities,STRUCTURAL_ABSENCE,true
tjivaika-tjiire,hz,1,ltr,Digital Humanities,STRUCTURAL_ABSENCE,true
pemanah digital,iba,1,ltr,Digital Humanities,STRUCTURAL_ABSENCE,true
teknologi digital budaya,iba,1,ltr,Digital Humanities,STRUCTURAL_ABSENCE,true
pengelap data digital,iba,1,ltr,Digital Humanities,STRUCTURAL_ABSENCE,true
pengajian digital,iba,1,ltr,Digital Humanities,STRUCTURAL_ABSENCE,true
sains sosial dasar elektronik,iba,1,ltr,Digital Humanities,STRUCTURAL_ABSENCE,true
uwem isọn̄wọñ iko,ibb,1,ltr,Digital Humanities,STRUCTURAL_ABSENCE,true
ñwed ufọk ñkpọ digital,ibb,1,ltr,Digital Humanities,STRUCTURAL_ABSENCE,true
nka ufọk-n̄wed n̄kpọ-ndụn̄ọde eke kọmputa,ibb,1,ltr,Digital Humanities,STRUCTURAL_ABSENCE,true
nsio-ubọk n̄kpọ-ọfọn,ibb,1,ltr,Digital Humanities,STRUCTURAL_ABSENCE,true
dîjalî insanîyât,zza,1,ltr,Digital Humanities,TRANSMOGRIFICATION,true